Data księgowania;Data waluty;Nadawca / Odbiorca;Adres nadawcy / odbiorcy;Rachunek źródłowy;Rachunek docelowy;Tytułem;Kwota operacji;Waluta;Numer referencyjny;Typ operacji;Kategoria
03.08.2026;03.08.2026;FPLtransport Zbigniew Królikowski;;'23124015321111001044176713;'77109025900000000142409743;dok. nr ZK/16/FV/01/08/2026;-2 242,68;PLN;'0142683602405409;REALIZACJA PŁATNOŚCI PEOPAY;Bez kategorii
03.08.2026;03.08.2026;"PIEKARNIA ""PODSIADLY"" oLSZTYN";;'23124015321111001044176713;;*********3025639;-22,90;PLN;'C992621509444375;TRANSAKCJA KARTĄ PŁATNICZĄ;Artykuły spożywcze
02.08.2026;02.08.2026;ZABKA Z4419 K.1 OLSZTYN;;'23124015321111001044176713;;*********3025639;-6,00;PLN;'C992621419313307;TRANSAKCJA KARTĄ PŁATNICZĄ;Artykuły spożywcze
01.08.2026;01.08.2026;P24*PKP Intercity Spol Warszawa;;'23124015321111001044176713;;*********3025639;-37,44;PLN;'C992621320007917;TRANSAKCJA KARTĄ PŁATNICZĄ;Transport publiczny
01.08.2026;01.08.2026;ŁUCJA KARASEK VEL KARASIEWICZ;KAZAŃSKA 17/68  18-403 ŁOMŻA PL;'09124015321111001041567374;'23124015321111001044176713;Przelew na telefon 48502***789. Przelew na telefon;50,00;PLN;'0142681629701776;PRZELEW;Sprzedaż
01.08.2026;01.08.2026;key-soft.pl Myslenice;;'23124015321111001044176713;;*********3025639;-50,99;PLN;'C992621317999626;TRANSAKCJA KARTĄ PŁATNICZĄ;Bez kategorii
01.08.2026;01.08.2026;JMP S.A. BIEDRONKA 261 LOMZA;;'23124015321111001044176713;;*********3025639;-42,91;PLN;'C992621316934809;TRANSAKCJA KARTĄ PŁATNICZĄ;Artykuły spożywcze
01.08.2026;01.08.2026;TABAK POLSKA 093 Lomza;;'23124015321111001044176713;;*********3025639;-29,99;PLN;'C992621313815406;TRANSAKCJA KARTĄ PŁATNICZĄ;Gazety lub czasopisma
01.08.2026;01.08.2026;KAUFLAND 4560 LOMZA;;'23124015321111001044176713;;*********3025639;-26,47;PLN;'C992621312812336;TRANSAKCJA KARTĄ PŁATNICZĄ;Artykuły spożywcze
01.08.2026;01.08.2026;Lodolandia&Kolacz WARSZAWA;;'23124015321111001044176713;;*********3025639;-16,90;PLN;'C992621312796494;TRANSAKCJA KARTĄ PŁATNICZĄ;Restauracje i kawiarnie
01.08.2026;01.08.2026;ZABKA Z7070 K.2 LOMZA;;'23124015321111001044176713;;*********3025639;-4,00;PLN;'C992621311739701;TRANSAKCJA KARTĄ PŁATNICZĄ;Artykuły spożywcze
31.07.2026;31.07.2026;;;;'23124015321111001044176713;ODSETKI OD DEPOZYTU;0,09;PLN;'014267V98C000932;ODSETKI OD DEPOZYTU;Odsetki, zwrot z inwestycji
31.07.2026;31.07.2026;;;'23124015321111001044176713;;PODATEK POBRANY;-0,02;PLN;'014267V98C000931;PODATEK POBRANY;Podatki
31.07.2026;31.07.2026;P24*PKP Intercity Spol Warszawa;;'23124015321111001044176713;;*********3025639;-37,44;PLN;'C992621210984349;TRANSAKCJA KARTĄ PŁATNICZĄ;Transport publiczny
30.07.2026;30.07.2026;SKLEP LIDL 1701        OLSZTYN;;'23124015321111001044176713;;*********3025639;-87,75;PLN;'C992621120780171;TRANSAKCJA KARTĄ PŁATNICZĄ;Artykuły spożywcze
30.07.2026;30.07.2026;ANGELIKA PIETRUCHA     OLSZTYN;;'23124015321111001044176713;;*********3025639;-32,50;PLN;'C992621116657617;TRANSAKCJA KARTĄ PŁATNICZĄ;Restauracje i kawiarnie
30.07.2026;30.07.2026;PKP INTERCITY S.A.     WARSZAWA;;'23124015321111001044176713;;*********3025639;-80,00;PLN;'C992621114552015;TRANSAKCJA KARTĄ PŁATNICZĄ;Transport publiczny
30.07.2026;30.07.2026;LUX MED 08             WARSZAWA;;'23124015321111001044176713;;*********3025639;-1 715,00;PLN;'C992621113604524;TRANSAKCJA KARTĄ PŁATNICZĄ;Opieka medyczna
30.07.2026;30.07.2026;PROJEKT SMIALA  S.C.   WARSZAWA;;'23124015321111001044176713;;*********3025639;-25,77;PLN;'C992621110490268;TRANSAKCJA KARTĄ PŁATNICZĄ;Artykuły spożywcze
29.07.2026;29.07.2026;SKLEP CARREFOUR U      WARSZAWA;;'23124015321111001044176713;;*********3025639;-12,38;PLN;'C992621010809538;TRANSAKCJA KARTĄ PŁATNICZĄ;Artykuły spożywcze
29.07.2026;29.07.2026;ZABKA Z6605 K.1        WARSZAWA;;'23124015321111001044176713;;*********3025639;-17,96;PLN;'C992621018129395;TRANSAKCJA KARTĄ PŁATNICZĄ;Artykuły spożywcze
29.07.2026;29.07.2026;APPLE.COM/BILL         CORK;;'23124015321111001044176713;;*********3025639;-9,99;PLN;'C992621009867587;TRANSAKCJA KARTĄ PŁATNICZĄ;Bez kategorii
29.07.2026;28.07.2026;KACPER BANASIK;;'23124015321111001044176713;'69124060031111001048178711;Przelew na telefon 48724***340. Restauracja podwale;-71,50;PLN;'014267S624701588;REALIZACJA PŁATNOŚCI PEOPAY;Czynsz
28.07.2026;28.07.2026;RESTAURACJA POLKA      WARSZAWA;;'23124015321111001044176713;;*********3025639;-10,00;PLN;'C992620919604747;TRANSAKCJA KARTĄ PŁATNICZĄ;Restauracje i kawiarnie
28.07.2026;28.07.2026;MIKOŁAJ KLESZCZ;;'23124015321111001044176713;'93109017530000000117302362;Przelew na telefon 48510***644. Kawalerski;-120,00;PLN;'M042101455233719;PRZELEW BLIK WYCHODZĄCY;Internet, TV, telefon
28.07.2026;28.07.2026;MACHOP SP. Z O.O.      WARSZAWA;;'23124015321111001044176713;;*********3025639;-28,00;PLN;'C992620912440705;TRANSAKCJA KARTĄ PŁATNICZĄ;Restauracje i kawiarnie
28.07.2026;28.07.2026;ZABKA Z4419 K.2        OLSZTYN;;'23124015321111001044176713;;*********3025639;-21,97;PLN;'C992620906262103;TRANSAKCJA KARTĄ PŁATNICZĄ;Artykuły spożywcze
28.07.2026;27.07.2026;MIKOŁAJ KLESZCZ;;'93109017530000000117302362;'23124015321111001044176713;zwrot za lidla;710,00;PLN;'M042000265886463;PRZELEW BLIK PRZYCHODZĄCY;Inne
27.07.2026;27.07.2026;IWONA ZEMEJDA          OLSZTYN;;'23124015321111001044176713;;*********3025639;-20,00;PLN;'C992620815015122;TRANSAKCJA KARTĄ PŁATNICZĄ;Restauracje i kawiarnie
27.07.2026;27.07.2026;STOLOWKA WARMINSK08955 OLSZTYN;;'23124015321111001044176713;;*********3025639;-26,00;PLN;'C992620815995221;TRANSAKCJA KARTĄ PŁATNICZĄ;Restauracje i kawiarnie
27.07.2026;26.07.2026;ANGELIKA PIETRUCHA     OLSZTYN;;'23124015321111001044176713;;*********3025639;-32,50;PLN;'C992620720647963;TRANSAKCJA KARTĄ PŁATNICZĄ;Restauracje i kawiarnie
27.07.2026;26.07.2026;P24*PKP INTERCITY SPOL WARSZAWA;;'23124015321111001044176713;;*********3025639;-60,00;PLN;'C992620716561313;TRANSAKCJA KARTĄ PŁATNICZĄ;Transport publiczny
25.07.2026;25.07.2026;"SKLEP ""LIMONKA""        GRABOW SZLAC";;'23124015321111001044176713;;*********3025639;-33,89;PLN;'C992620615148772;TRANSAKCJA KARTĄ PŁATNICZĄ;Artykuły spożywcze
24.07.2026;24.07.2026;LIDL RODZIEWICZOWNY    WARSZAWA;;'23124015321111001044176713;;*********3025639;-786,55;PLN;'C992620516593689;TRANSAKCJA KARTĄ PŁATNICZĄ;Artykuły spożywcze
24.07.2026;24.07.2026;FIRMOWY OLSZTYN PKP    OLSZTYN;;'23124015321111001044176713;;*********3025639;-11,00;PLN;'C992620507233767;TRANSAKCJA KARTĄ PŁATNICZĄ;Transport publiczny
24.07.2026;24.07.2026;ZABKA Z4419 K.1        OLSZTYN;;'23124015321111001044176713;;*********3025639;-10,99;PLN;'C992620506056145;TRANSAKCJA KARTĄ PŁATNICZĄ;Artykuły spożywcze
24.07.2026;23.07.2026;P24*PKP INTERCITY SPOL WARSZAWA;;'23124015321111001044176713;;*********3025639;-61,00;PLN;'C992620422197068;TRANSAKCJA KARTĄ PŁATNICZĄ;Transport publiczny
23.07.2026;23.07.2026;ANGELIKA PIETRUCHA     OLSZTYN;;'23124015321111001044176713;;*********3025639;-32,00;PLN;'C992620415973334;TRANSAKCJA KARTĄ PŁATNICZĄ;Restauracje i kawiarnie
23.07.2026;23.07.2026;IWONA ZEMEJDA          OLSZTYN;;'23124015321111001044176713;;*********3025639;-20,00;PLN;'C992620409737412;TRANSAKCJA KARTĄ PŁATNICZĄ;Restauracje i kawiarnie
22.07.2026;22.07.2026;JMP S.A. BIEDRONKA 135 OLSZTYN;;'23124015321111001044176713;;*********3025639;-42,11;PLN;'C992620317499338;TRANSAKCJA KARTĄ PŁATNICZĄ;Artykuły spożywcze
22.07.2026;22.07.2026;FRYZJER;;'23124015321111001044176713;'62116022020000000707464920;Przelew na telefon 48510***145. Fryzjer combo;-140,00;PLN;'M042101450943542;PRZELEW BLIK WYCHODZĄCY;Internet, TV, telefon
22.07.2026;22.07.2026;"PIEKARNIA ""PODSIADLY""  OLSZTYN";;'23124015321111001044176713;;*********3025639;-13,34;PLN;'C992620308134522;TRANSAKCJA KARTĄ PŁATNICZĄ;Artykuły spożywcze
22.07.2026;21.07.2026;P24*PKP INTERCITY SPOL WARSZAWA;;'23124015321111001044176713;;*********3025639;-61,00;PLN;'C992620221866794;TRANSAKCJA KARTĄ PŁATNICZĄ;Transport publiczny
21.07.2026;21.07.2026;OLIMP AURA SP. Z O.O.  OLSZTYN;;'23124015321111001044176713;;*********3025639;-40,57;PLN;'C992620219997365;TRANSAKCJA KARTĄ PŁATNICZĄ;Restauracje i kawiarnie
21.07.2026;21.07.2026;JAKDOJADE.PL           POZNAN;;'23124015321111001044176713;;*********3025639;-20,00;PLN;'C992620214791069;TRANSAKCJA KARTĄ PŁATNICZĄ;Transport publiczny
21.07.2026;21.07.2026;P24*PKP INTERCITY SPOL WARSZAWA;;'23124015321111001044176713;;*********3025639;-61,00;PLN;'C992620213778804;TRANSAKCJA KARTĄ PŁATNICZĄ;Transport publiczny
21.07.2026;21.07.2026;RESTAURACJA KURA       WARSZAWA;;'23124015321111001044176713;;*********3025639;-55,00;PLN;'C992620213764591;TRANSAKCJA KARTĄ PŁATNICZĄ;Restauracje i kawiarnie
21.07.2026;21.07.2026;ZABKA Z4419 K.1        OLSZTYN;;'23124015321111001044176713;;*********3025639;-7,40;PLN;'C992620207554920;TRANSAKCJA KARTĄ PŁATNICZĄ;Artykuły spożywcze
20.07.2026;20.07.2026;JMP S.A. BIEDRONKA 548 OLSZTYN;;'23124015321111001044176713;;*********3025639;-20,80;PLN;'C992620119453559;TRANSAKCJA KARTĄ PŁATNICZĄ;Artykuły spożywcze
20.07.2026;20.07.2026;MIKOŁAJ KLESZCZ;;'23124015321111001044176713;'93109017530000000117302362;Przelew na telefon 48510***644. Nocleg domki;-410,00;PLN;'M042101449362857;PRZELEW BLIK WYCHODZĄCY;Internet, TV, telefon
20.07.2026;19.07.2026;MAGICZNE-PERFUMY.PL    SOSNOWIEC;;'23124015321111001044176713;;*********3025639;-219,97;PLN;'C992620018662535;TRANSAKCJA KARTĄ PŁATNICZĄ;Kosmetyki
20.07.2026;19.07.2026;OLSZTYNIAK             OLSZTYN;;'23124015321111001044176713;;*********3025639;-54,36;PLN;'C992620016622480;TRANSAKCJA KARTĄ PŁATNICZĄ;Puby i kluby
20.07.2026;19.07.2026;ZABKA Z4419 K.1        OLSZTYN;;'23124015321111001044176713;;*********3025639;-16,98;PLN;'C992620011721707;TRANSAKCJA KARTĄ PŁATNICZĄ;Artykuły spożywcze
18.07.2026;18.07.2026;ANGELIKA PIETRUCHA     OLSZTYN;;'23124015321111001044176713;;*********3025639;-35,00;PLN;'C992619917265601;TRANSAKCJA KARTĄ PŁATNICZĄ;Restauracje i kawiarnie
18.07.2026;18.07.2026;AUCHAN POLSKA SP. Z O. OLSZTYN;;'23124015321111001044176713;;*********3025639;-106,69;PLN;'C992619913342751;TRANSAKCJA KARTĄ PŁATNICZĄ;Artykuły spożywcze
18.07.2026;18.07.2026;A408 OLSZTYN           OLSZTYN;;'23124015321111001044176713;;*********3025639;-12,26;PLN;'C992619912296791;TRANSAKCJA KARTĄ PŁATNICZĄ;Bez kategorii
18.07.2026;18.07.2026;"PIEKARNIA ""PODSIADLY""  OLSZTYN";;'23124015321111001044176713;;*********3025639;-12,58;PLN;'C992619909158816;TRANSAKCJA KARTĄ PŁATNICZĄ;Artykuły spożywcze
17.07.2026;17.07.2026;OLIMP AURA SP. Z O.O.  OLSZTYN;;'23124015321111001044176713;;*********3025639;-47,79;PLN;'C992619819963702;TRANSAKCJA KARTĄ PŁATNICZĄ;Restauracje i kawiarnie
17.07.2026;17.07.2026;CASHBILL ECOMM;POLSKIEPREMIUM. SOBIESKIEGO 2,KATOWICE;'23124015321111001044176713;;BLIK REF       94511713034;-17,99;PLN;'C992619815559478;PŁATNOŚĆ BLIK;Zakupy przez internet
17.07.2026;17.07.2026;P24*PKP INTERCITY SPOL WARSZAWA;;'23124015321111001044176713;;*********3025639;-61,00;PLN;'C992619811371203;TRANSAKCJA KARTĄ PŁATNICZĄ;Transport publiczny
17.07.2026;16.07.2026;ALLEGRO                POZNAN;;'23124015321111001044176713;;*********3025639;-50,70;PLN;'C992619723434472;TRANSAKCJA KARTĄ PŁATNICZĄ;Zakupy przez internet
16.07.2026;16.07.2026;AUCHAN POLSKA SP. Z O. OLSZTYN;;'23124015321111001044176713;;*********3025639;-31,45;PLN;'C992619720390464;TRANSAKCJA KARTĄ PŁATNICZĄ;Artykuły spożywcze
16.07.2026;16.07.2026;IWONA ZEMEJDA          OLSZTYN;;'23124015321111001044176713;;*********3025639;-26,80;PLN;'C992619715947385;TRANSAKCJA KARTĄ PŁATNICZĄ;Restauracje i kawiarnie
16.07.2026;16.07.2026;STOLOWKA WARMINSK08955 OLSZTYN;;'23124015321111001044176713;;*********3025639;-26,00;PLN;'C992619715165674;TRANSAKCJA KARTĄ PŁATNICZĄ;Restauracje i kawiarnie
16.07.2026;16.07.2026;ALLEGRO                POZNAN;;'23124015321111001044176713;;*********3025639;-75,00;PLN;'C992619714881603;TRANSAKCJA KARTĄ PŁATNICZĄ;Zakupy przez internet
15.07.2026;14.07.2026;JMP S.A. BIEDRONKA 135 OLSZTYN;;'23124015321111001044176713;;*********3025639;-76,14;PLN;'C992619521212112;TRANSAKCJA KARTĄ PŁATNICZĄ;Artykuły spożywcze
15.07.2026;15.07.2026;ZABKA Z7181 K.2        WARSZAWA;;'23124015321111001044176713;;*********3025639;-14,00;PLN;'C992619619742234;TRANSAKCJA KARTĄ PŁATNICZĄ;Artykuły spożywcze
15.07.2026;15.07.2026;JMP S.A. BIEDRONKA 507 WARSZAWA (PR;;'23124015321111001044176713;;*********3025639;-12,88;PLN;'C992619618721703;TRANSAKCJA KARTĄ PŁATNICZĄ;Artykuły spożywcze
15.07.2026;15.07.2026;LUX MED 08             WARSZAWA;;'23124015321111001044176713;;*********3025639;-404,00;PLN;'C992619617422165;TRANSAKCJA KARTĄ PŁATNICZĄ;Opieka medyczna
15.07.2026;15.07.2026;LUX MED 08             WARSZAWA;;'23124015321111001044176713;;*********3025639;-56,00;PLN;'C992619617660163;TRANSAKCJA KARTĄ PŁATNICZĄ;Opieka medyczna
15.07.2026;15.07.2026;AUCHAN POLSKA SP. Z  0 WARSZAWA;;'23124015321111001044176713;;*********3025639;-14,80;PLN;'C992619614524125;TRANSAKCJA KARTĄ PŁATNICZĄ;Artykuły spożywcze
15.07.2026;15.07.2026;SALAM KEBAB            WARSZAWA;;'23124015321111001044176713;;*********3025639;-8,00;PLN;'C992619613244747;TRANSAKCJA KARTĄ PŁATNICZĄ;Restauracje i kawiarnie
15.07.2026;15.07.2026;SALAM KEBAB            WARSZAWA;;'23124015321111001044176713;;*********3025639;-25,00;PLN;'C992619613498857;TRANSAKCJA KARTĄ PŁATNICZĄ;Restauracje i kawiarnie
15.07.2026;15.07.2026;ZABKA Z6850 K.2        WARSZAWA;;'23124015321111001044176713;;*********3025639;-2,90;PLN;'C992619612466856;TRANSAKCJA KARTĄ PŁATNICZĄ;Artykuły spożywcze
15.07.2026;15.07.2026;ASSECO POLAND SA PŁACE;UL. OLCHOWA 14 35-322 RZESZÓW;'42124059181111000049090675;'23124015321111001044176713;PREMIA STANDBY **202607P7** 23119;1 109,22;PLN;'4910715987351116;PRZELEW;Premia, nagroda
15.07.2026;15.07.2026;;;'23124015321111001044176713;'92124020921362991111000000;Opłata za obsługę kartyMasterCard Debit*43025639 za miesiąc 07.2026;-1,00;PLN;'M0150QGG00160462;PROWIZJE AUT.;Opłaty bankowe
14.07.2026;14.07.2026;"PIEKARNIA ""PODSIADLY""  OLSZTYN";;'23124015321111001044176713;;*********3025639;-6,90;PLN;'C992619508716090;TRANSAKCJA KARTĄ PŁATNICZĄ;Artykuły spożywcze
14.07.2026;14.07.2026;IWONA ZEMEJDA          OLSZTYN;;'23124015321111001044176713;;*********3025639;-18,90;PLN;'C992619508440848;TRANSAKCJA KARTĄ PŁATNICZĄ;Restauracje i kawiarnie
14.07.2026;14.07.2026;1-GO MAJA 10           OLSZTYN;;'23124015321111001044176713;;*********3025639;-100,00;PLN;'C992619507417874;WYPŁATA KARTĄ;Wypłata z bankomatu
13.07.2026;13.07.2026;CYMES PIEKARNIA        OLSZTYN;;'23124015321111001044176713;;*********3025639;-9,00;PLN;'C992619410874779;TRANSAKCJA KARTĄ PŁATNICZĄ;Artykuły spożywcze
13.07.2026;13.07.2026;JMP S.A. BIEDRONKA 548 OLSZTYN;;'23124015321111001044176713;;*********3025639;-12,00;PLN;'C992619410869882;TRANSAKCJA KARTĄ PŁATNICZĄ;Artykuły spożywcze
13.07.2026;13.07.2026;STOLOWKA WARMINSK08955 OLSZTYN;;'23124015321111001044176713;;*********3025639;-26,00;PLN;'C992619415413658;TRANSAKCJA KARTĄ PŁATNICZĄ;Restauracje i kawiarnie
13.07.2026;12.07.2026;IWONA ZEMEJDA          OLSZTYN;;'23124015321111001044176713;;*********3025639;-57,00;PLN;'C992619313570986;TRANSAKCJA KARTĄ PŁATNICZĄ;Restauracje i kawiarnie
13.07.2026;12.07.2026;KACPER MACIEJ BANASIK;TARCZYŃSKA 22/9 02-023    WARSZAWA            PL;'69124060031111001048178711;'23124015321111001044176713;Multisport osoba towarzysząca;185,45;PLN;'503267C609009996;PRZELEW;Inne
11.07.2026;11.07.2026;IWONA ZEMEJDA          OLSZTYN;;'23124015321111001044176713;;*********3025639;-27,90;PLN;'C992619215526933;TRANSAKCJA KARTĄ PŁATNICZĄ;Restauracje i kawiarnie
11.07.2026;11.07.2026;OSIEDLOWY CONCEPT      OLSZTYN;;'23124015321111001044176713;;*********3025639;-36,00;PLN;'C992619214167837;TRANSAKCJA KARTĄ PŁATNICZĄ;Restauracje i kawiarnie
11.07.2026;11.07.2026;AUCHAN POLSKA SP. Z O. OLSZTYN;;'23124015321111001044176713;;*********3025639;-88,19;PLN;'C992619213134379;TRANSAKCJA KARTĄ PŁATNICZĄ;Artykuły spożywcze
11.07.2026;11.07.2026;PL KFC OLSZTYN GALERIA OLSZTYN;;'23124015321111001044176713;;*********3025639;-19,99;PLN;'C992619212079032;TRANSAKCJA KARTĄ PŁATNICZĄ;Restauracje i kawiarnie
11.07.2026;11.07.2026;SKLEP LIDL 1701        OLSZTYN;;'23124015321111001044176713;;*********3025639;-6,38;PLN;'C992619211320167;TRANSAKCJA KARTĄ PŁATNICZĄ;Artykuły spożywcze
11.07.2026;11.07.2026;KAFETERIA.MYBENEFIT.PL WARSZAWA;;'23124015321111001044176713;;*********3025639;-185,45;PLN;'C992619209901991;TRANSAKCJA KARTĄ PŁATNICZĄ;Sport
10.07.2026;10.07.2026;CUKIERNIA DELISSI      OLSZTYN;;'23124015321111001044176713;;*********3025639;-69,00;PLN;'C992619111633218;TRANSAKCJA KARTĄ PŁATNICZĄ;Artykuły spożywcze
09.07.2026;09.07.2026;SKLEP LIDL 1701        OLSZTYN;;'23124015321111001044176713;;*********3025639;-39,41;PLN;'C992619017280643;TRANSAKCJA KARTĄ PŁATNICZĄ;Artykuły spożywcze
09.07.2026;09.07.2026;ASSECO POLAND SA PŁACE;UL. OLCHOWA 14 35-322 RZESZÓW;'42124059181111000049090675;'23124015321111001044176713;WYNAGRODZENIE 6/2026 **202606U5** 23119;10 352,73;PLN;'4910709986852531;PRZELEW;Wynagrodzenie
08.07.2026;08.07.2026;JMP S.A. BIEDRONKA 548 OLSZTYN;;'23124015321111001044176713;;*********3025639;-23,44;PLN;'C992618918427597;TRANSAKCJA KARTĄ PŁATNICZĄ;Artykuły spożywcze
08.07.2026;08.07.2026;CARREFOUR SUPERMARKET  OLSZTYN;;'23124015321111001044176713;;*********3025639;-25,78;PLN;'C992618918732285;TRANSAKCJA KARTĄ PŁATNICZĄ;Artykuły spożywcze
08.07.2026;07.07.2026;MIKOŁAJ KLESZCZ;;'23124015321111001044176713;'93109017530000000117302362;Przelew na telefon 48510***644. Prezent Mariusz;-76,00;PLN;'M042101438844790;PRZELEW BLIK WYCHODZĄCY;Internet, TV, telefon
07.07.2026;07.07.2026;DOBRE PRECLE           WARSZAWA;;'23124015321111001044176713;;*********3025639;-28,00;PLN;'C992618817135087;TRANSAKCJA KARTĄ PŁATNICZĄ;Artykuły spożywcze
07.07.2026;07.07.2026;FADI KEBAB             WARSZAWA;;'23124015321111001044176713;;*********3025639;-32,00;PLN;'C992618813960452;TRANSAKCJA KARTĄ PŁATNICZĄ;Restauracje i kawiarnie
06.07.2026;05.07.2026;CUKIERNIA SLODKA 63070 OLSZTYN;;'23124015321111001044176713;;*********3025639;-43,00;PLN;'C992618615020677;TRANSAKCJA KARTĄ PŁATNICZĄ;Artykuły spożywcze
06.07.2026;06.07.2026;JMP S.A. BIEDRONKA 135 OLSZTYN;;'23124015321111001044176713;;*********3025639;-65,61;PLN;'C992618717603939;TRANSAKCJA KARTĄ PŁATNICZĄ;Artykuły spożywcze
06.07.2026;05.07.2026;REVOLUT**9494*         DUBLIN;;'23124015321111001044176713;;;-90,00;PLN;'C992618621138454;TRANSAKCJA KARTĄ PŁATNICZĄ;Bez kategorii
06.07.2026;06.07.2026;"PIEKARNIA ""PODSIADLY""  OLSZTYN";;'23124015321111001044176713;;*********3025639;-25,09;PLN;'C992618710281766;TRANSAKCJA KARTĄ PŁATNICZĄ;Artykuły spożywcze
06.07.2026;05.07.2026;DOLADOWANIA.PLAY.PL    POZNAN;;'23124015321111001044176713;;*********3025639;-30,00;PLN;'C992618621786743;TRANSAKCJA KARTĄ PŁATNICZĄ;Internet, TV, telefon
06.07.2026;06.07.2026;PAYPAL *PATRONITE      4029357733;;'23124015321111001044176713;;*********3025639;-7,00;PLN;'C992618712368932;TRANSAKCJA KARTĄ PŁATNICZĄ;Kino i teatr
06.07.2026;06.07.2026;P24*PKP INTERCITY SPOL WARSZAWA;;'23124015321111001044176713;;*********3025639;-122,00;PLN;'C992618711313795;TRANSAKCJA KARTĄ PŁATNICZĄ;Transport publiczny
06.07.2026;05.07.2026;ZABKA Z3812 K.1        BARTAG;;'23124015321111001044176713;;*********3025639;-22,89;PLN;'C992618614010620;TRANSAKCJA KARTĄ PŁATNICZĄ;Artykuły spożywcze
04.07.2026;04.07.2026;AUCHAN POLSKA SP. Z O. OLSZTYN;;'23124015321111001044176713;;*********3025639;-98,42;PLN;'C992618515292456;TRANSAKCJA KARTĄ PŁATNICZĄ;Artykuły spożywcze
03.07.2026;03.07.2026;"PIEKARNIA ""PODSIADLY""  OLSZTYN";;'23124015321111001044176713;;*********3025639;-16,00;PLN;'C992618408763052;TRANSAKCJA KARTĄ PŁATNICZĄ;Artykuły spożywcze
03.07.2026;03.07.2026;STOLOWKA WARMINSK08955 OLSZTYN;;'23124015321111001044176713;;*********3025639;-26,00;PLN;'C992618414649978;TRANSAKCJA KARTĄ PŁATNICZĄ;Restauracje i kawiarnie
03.07.2026;03.07.2026;JMP S.A. BIEDRONKA 135 OLSZTYN;;'23124015321111001044176713;;*********3025639;-48,78;PLN;'C992618417783276;TRANSAKCJA KARTĄ PŁATNICZĄ;Artykuły spożywcze
02.07.2026;02.07.2026;P24*PKP INTERCITY SPOL WARSZAWA;;'23124015321111001044176713;;*********3025639;-61,00;PLN;'C992618313326455;TRANSAKCJA KARTĄ PŁATNICZĄ;Transport publiczny
02.07.2026;02.07.2026;PEP*JOE GONZALEZ BISTR OLSZTYN;;'23124015321111001044176713;;*********3025639;-80,00;PLN;'C992618319608901;TRANSAKCJA KARTĄ PŁATNICZĄ;Restauracje i kawiarnie
02.07.2026;02.07.2026;P24*PKP INTERCITY SPOL WARSZAWA;;'23124015321111001044176713;;*********3025639;-61,00;PLN;'C992618313946052;TRANSAKCJA KARTĄ PŁATNICZĄ;Transport publiczny
02.07.2026;02.07.2026;FPLTRANSPORT ZBIGNIEW KRÓLIKOWSKI;;'23124015321111001044176713;'77109025900000000142409743;dok. nr ZK/15/FV/01/07/2026;-2 312,42;PLN;'0142672621807518;REALIZACJA PŁATNOŚCI PEOPAY;Bez kategorii
02.07.2026;02.07.2026;"PIEKARNIA ""PODSIADLY""  OLSZTYN";;'23124015321111001044176713;;*********3025639;-6,90;PLN;'C992618309194526;TRANSAKCJA KARTĄ PŁATNICZĄ;Artykuły spożywcze
01.07.2026;01.07.2026;OLIMP AURA SP. Z O.O.  OLSZTYN;;'23124015321111001044176713;;*********3025639;-37,62;PLN;'C992618219019819;TRANSAKCJA KARTĄ PŁATNICZĄ;Restauracje i kawiarnie
01.07.2026;01.07.2026;CARREFOUR SUPERMARKET  OLSZTYN;;'23124015321111001044176713;;*********3025639;-30,97;PLN;'C992618219017918;TRANSAKCJA KARTĄ PŁATNICZĄ;Artykuły spożywcze
01.07.2026;01.07.2026;JMP S.A. BIEDRONKA 548 OLSZTYN;;'23124015321111001044176713;;*********3025639;-66,57;PLN;'C992618213374447;TRANSAKCJA KARTĄ PŁATNICZĄ;Artykuły spożywcze
30.06.2026;30.06.2026;;;;'23124015321111001044176713;ODSETKI OD DEPOZYTU;0,05;PLN;'014266U98C000901;ODSETKI OD DEPOZYTU;Odsetki, zwrot z inwestycji
30.06.2026;30.06.2026;;;'23124015321111001044176713;;PODATEK POBRANY;-0,01;PLN;'014266U98C000900;PODATEK POBRANY;Podatki
30.06.2026;30.06.2026;ANGELIKA PIETRUCHA     OLSZTYN;;'23124015321111001044176713;;*********3025639;-32,50;PLN;'C992618120449310;TRANSAKCJA KARTĄ PŁATNICZĄ;Restauracje i kawiarnie
30.06.2026;30.06.2026;DOZ APTEKA DBAM O ZDRO OLSZTYN;;'23124015321111001044176713;;*********3025639;-135,37;PLN;'C992618111071097;TRANSAKCJA KARTĄ PŁATNICZĄ;Lekarstwa
30.06.2026;30.06.2026;CYMES PIEKARNIA        OLSZTYN;;'23124015321111001044176713;;*********3025639;-14,90;PLN;'C992618111067912;TRANSAKCJA KARTĄ PŁATNICZĄ;Artykuły spożywcze
29.06.2026;29.06.2026;ZABKA Z4419 K.1        OLSZTYN;;'23124015321111001044176713;;*********3025639;-6,40;PLN;'C992618019424610;TRANSAKCJA KARTĄ PŁATNICZĄ;Artykuły spożywcze
29.06.2026;29.06.2026;KACPER MACIEJ BANASIK;TARCZYŃSKA 22/9 02-023    WARSZAWA            PL;'69124060031111001048178711;'23124015321111001044176713;Zwrot kaucji za mieszkanie + rozliczenie split;1 526,25;PLN;'503266T604504596;PRZELEW;Przychody z najmu
29.06.2026;29.06.2026;"PIEKARNIA ""PODSIADLY""  OLSZTYN";;'23124015321111001044176713;;*********3025639;-14,90;PLN;'C992618009003163;TRANSAKCJA KARTĄ PŁATNICZĄ;Artykuły spożywcze
29.06.2026;28.06.2026;SKYCASH POLAND S.A.;;'23124015321111001044176713;'05124040960003000000000001;Normalny, 30-minutowy Olsztyn N 4,00 PLN 095ab51056;-4,00;PLN;'PEOREFT027138361;TRANSAKCJA PEOPAY;Inne
29.06.2026;28.06.2026;AUCHAN POLSKA SP. Z O. OLSZTYN;;'23124015321111001044176713;;*********3025639;-112,94;PLN;'C992617920307737;TRANSAKCJA KARTĄ PŁATNICZĄ;Artykuły spożywcze
29.06.2026;28.06.2026;SKYCASH POLAND S.A.;;'23124015321111001044176713;'05124040960003000000000001;Normalny, 30-minutowy Olsztyn N 4,00 PLN aa9eaefd8f;-4,00;PLN;'PEOREFT027137484;TRANSAKCJA PEOPAY;Inne
29.06.2026;28.06.2026;JMP S.A. BIEDRONKA 548 OLSZTYN;;'23124015321111001044176713;;*********3025639;-27,59;PLN;'C992617911644106;TRANSAKCJA KARTĄ PŁATNICZĄ;Artykuły spożywcze
29.06.2026;27.06.2026;ZABKA Z4754 K.1        WARSZAWA;;'23124015321111001044176713;;*********3025639;-15,79;PLN;'C992617821938477;TRANSAKCJA KARTĄ PŁATNICZĄ;Artykuły spożywcze
27.06.2026;27.06.2026;ZABKA Z6778 K.2        WARSZAWA;;'23124015321111001044176713;;*********3025639;-12,97;PLN;'C992617818863563;TRANSAKCJA KARTĄ PŁATNICZĄ;Artykuły spożywcze
27.06.2026;27.06.2026;RAMENOWNIA             WARSZAWA;;'23124015321111001044176713;;*********3025639;-131,00;PLN;'C992617818852691;TRANSAKCJA KARTĄ PŁATNICZĄ;Restauracje i kawiarnie
27.06.2026;27.06.2026;JOANNA BEZUBIK;;'98102047240000320200993535;'23124015321111001044176713;ŚniadankoOd: 48796934315 Do: 485*****789;60,00;PLN;'M042000259404023;PRZELEW BLIK PRZYCHODZĄCY;Inne
27.06.2026;27.06.2026;LA LUCY                WARSZAWA;;'23124015321111001044176713;;*********3025639;-129,50;PLN;'C992617814726788;TRANSAKCJA KARTĄ PŁATNICZĄ;Restauracje i kawiarnie
27.06.2026;27.06.2026;BARTOSZ ADAM SULIMA;UL. JANA KAZIMIERZA 21 M. 5 01-248    WARSZAWA            PL;'36195000012006000928060001;'23124015321111001044176713;Przelew na telefon 48502***789. zabilet;45,00;PLN;'668266R603401749;PRZELEW;Sprzedaż
27.06.2026;27.06.2026;P24*PKP INTERCITY SPOL WARSZAWA;;'23124015321111001044176713;;*********3025639;-61,00;PLN;'C992617801393555;TRANSAKCJA KARTĄ PŁATNICZĄ;Transport publiczny
27.06.2026;27.06.2026;BILETY.1944.PL         WARSZAWA;;'23124015321111001044176713;;*********3025639;-135,00;PLN;'C992617800951583;TRANSAKCJA KARTĄ PŁATNICZĄ;Podróże
26.06.2026;26.06.2026;ZABKA Z8955 K.1        WARSZAWA;;'23124015321111001044176713;;*********3025639;-7,48;PLN;'C992617713015832;TRANSAKCJA KARTĄ PŁATNICZĄ;Artykuły spożywcze
26.06.2026;26.06.2026;PAC BURGER             WARSZAWA;;'23124015321111001044176713;;*********3025639;-63,27;PLN;'C992617712983387;TRANSAKCJA KARTĄ PŁATNICZĄ;Restauracje i kawiarnie
26.06.2026;26.06.2026;PIEKARNIA OSKROBA      WARSZAWA;;'23124015321111001044176713;;*********3025639;-7,90;PLN;'C992617712976444;TRANSAKCJA KARTĄ PŁATNICZĄ;Artykuły spożywcze
26.06.2026;26.06.2026;JAKDOJADE.PL           POZNAN;;'23124015321111001044176713;;*********3025639;-20,00;PLN;'C992617711936647;TRANSAKCJA KARTĄ PŁATNICZĄ;Transport publiczny
26.06.2026;26.06.2026;ZABKA Z8261 K.1        WARSZAWA;;'23124015321111001044176713;;*********3025639;-10,00;PLN;'C992617710864423;TRANSAKCJA KARTĄ PŁATNICZĄ;Artykuły spożywcze
26.06.2026;26.06.2026;PANI M.I. - WARS 1     ZYRARDOW;;'23124015321111001044176713;;*********3025639;-37,50;PLN;'C992617708794538;TRANSAKCJA KARTĄ PŁATNICZĄ;Restauracje i kawiarnie
25.06.2026;25.06.2026;DREWNO I OGIEN PROSTA  OLSZTYN;;'23124015321111001044176713;;*********3025639;-63,00;PLN;'C992617618587635;TRANSAKCJA KARTĄ PŁATNICZĄ;Restauracje i kawiarnie
25.06.2026;25.06.2026;CUD NIE LOD            OLSZTYN;;'23124015321111001044176713;;*********3025639;-18,00;PLN;'C992617618620166;TRANSAKCJA KARTĄ PŁATNICZĄ;Artykuły spożywcze
25.06.2026;25.06.2026;"PIEKARNIA ""PODSIADLY""  OLSZTYN";;'23124015321111001044176713;;*********3025639;-11,32;PLN;'C992617610798620;TRANSAKCJA KARTĄ PŁATNICZĄ;Artykuły spożywcze
24.06.2026;24.06.2026;ZABKA Z6450 K.1        OLSZTYN;;'23124015321111001044176713;;*********3025639;-14,80;PLN;'C992617517483780;TRANSAKCJA KARTĄ PŁATNICZĄ;Artykuły spożywcze
24.06.2026;24.06.2026;ANGELIKA PIETRUCHA     OLSZTYN;;'23124015321111001044176713;;*********3025639;-35,50;PLN;'C992617516925862;TRANSAKCJA KARTĄ PŁATNICZĄ;Restauracje i kawiarnie
24.06.2026;24.06.2026;"PIEKARNIA ""PODSIADLY""  OLSZTYN";;'23124015321111001044176713;;*********3025639;-16,00;PLN;'C992617511680828;TRANSAKCJA KARTĄ PŁATNICZĄ;Artykuły spożywcze
23.06.2026;23.06.2026;MACHOP SP. Z O.O.      WARSZAWA;;'23124015321111001044176713;;*********3025639;-37,50;PLN;'C992617412655192;TRANSAKCJA KARTĄ PŁATNICZĄ;Restauracje i kawiarnie
23.06.2026;23.06.2026;ZABKA ZC503 K.2        WARSZAWA;;'23124015321111001044176713;;*********3025639;-10,00;PLN;'C992617417889517;TRANSAKCJA KARTĄ PŁATNICZĄ;Artykuły spożywcze
23.06.2026;23.06.2026;TOO GOOD TO GO         COPENHAGEN;;'23124015321111001044176713;;;-15,00;PLN;'C992617418415608;TRANSAKCJA KARTĄ PŁATNICZĄ;Zwierzęta domowe
23.06.2026;23.06.2026;SALAD STORY VARSO TOWE WARSZAWA;;'23124015321111001044176713;;*********3025639;-1,00;PLN;'C992617418417761;TRANSAKCJA KARTĄ PŁATNICZĄ;Restauracje i kawiarnie
23.06.2026;23.06.2026;DOBRE PRECLE           WARSZAWA;;'23124015321111001044176713;;*********3025639;-14,00;PLN;'C992617417354843;TRANSAKCJA KARTĄ PŁATNICZĄ;Artykuły spożywcze
23.06.2026;23.06.2026;SLIMAK-BIS             DLUGA KOSCIE;;'23124015321111001044176713;;*********3025639;-15,00;PLN;'C992617419427278;TRANSAKCJA KARTĄ PŁATNICZĄ;Artykuły spożywcze
23.06.2026;23.06.2026;ZABKA Z4419 K.2        OLSZTYN;;'23124015321111001044176713;;*********3025639;-12,79;PLN;'C992617407949295;TRANSAKCJA KARTĄ PŁATNICZĄ;Artykuły spożywcze
22.06.2026;22.06.2026;"PIEKARNIA ""PODSIADLY""  OLSZTYN";;'23124015321111001044176713;;*********3025639;-13,40;PLN;'C992617311020287;TRANSAKCJA KARTĄ PŁATNICZĄ;Artykuły spożywcze
22.06.2026;22.06.2026;P24*PKP INTERCITY SPOL WARSZAWA;;'23124015321111001044176713;;*********3025639;-61,00;PLN;'C992617310980731;TRANSAKCJA KARTĄ PŁATNICZĄ;Transport publiczny
22.06.2026;22.06.2026;P24*PKP INTERCITY SPOL WARSZAWA;;'23124015321111001044176713;;*********3025639;-61,00;PLN;'C992617310979397;TRANSAKCJA KARTĄ PŁATNICZĄ;Transport publiczny
22.06.2026;21.06.2026;1-GO MAJA 10           OLSZTYN;R0242343 R0242343 *********3025639;;'23124015321111001044176713;WPŁATA W BANKOMACIE;250,00;PLN;'C992617215173573;WPŁATA W BANKOMACIE;Wpłata w bankomacie
22.06.2026;21.06.2026;TEMU.COM               DUBLIN 4;;'23124015321111001044176713;;;-61,05;PLN;'C992617213149650;TRANSAKCJA KARTĄ PŁATNICZĄ;Bez kategorii
22.06.2026;20.06.2026;P24*PKP INTERCITY SPOL WARSZAWA;;'23124015321111001044176713;;*********3025639;-61,00;PLN;'C992617122016138;TRANSAKCJA KARTĄ PŁATNICZĄ;Transport publiczny
20.06.2026;20.06.2026;ZABKA Z4419 K.1        OLSZTYN;;'23124015321111001044176713;;*********3025639;-9,90;PLN;'C992617119434639;TRANSAKCJA KARTĄ PŁATNICZĄ;Artykuły spożywcze
20.06.2026;20.06.2026;SKYCASH POLAND S.A.;;'23124015321111001044176713;'05124040960003000000000001;Normalny, 30-minutowy Olsztyn N 4,00 PLN e71ebd8272;-4,00;PLN;'PEOREFT026921815;TRANSAKCJA PEOPAY;Inne
20.06.2026;20.06.2026;AUCHAN POLSKA SP. Z O. OLSZTYN;;'23124015321111001044176713;;*********3025639;-113,81;PLN;'C992617117369826;TRANSAKCJA KARTĄ PŁATNICZĄ;Artykuły spożywcze
20.06.2026;20.06.2026;KIOSK WARMINSKA #3     OLSZTYN;;'23124015321111001044176713;;*********3025639;-41,99;PLN;'C992617115318011;TRANSAKCJA KARTĄ PŁATNICZĄ;Restauracje i kawiarnie
20.06.2026;20.06.2026;SKYCASH POLAND S.A.;;'23124015321111001044176713;'05124040960003000000000001;Normalny, 30-minutowy Olsztyn N 4,00 PLN f5fdab26ba;-4,00;PLN;'PEOREFT026919131;TRANSAKCJA PEOPAY;Inne
20.06.2026;20.06.2026;DINO SZABRUK 1 K.1     SZABRUK;;'23124015321111001044176713;;*********3025639;-2,49;PLN;'C992617112154614;TRANSAKCJA KARTĄ PŁATNICZĄ;Artykuły spożywcze
20.06.2026;20.06.2026;DINO SZABRUK 1 K.2     SZABRUK;;'23124015321111001044176713;;*********3025639;-14,97;PLN;'C992617111143353;TRANSAKCJA KARTĄ PŁATNICZĄ;Artykuły spożywcze
19.06.2026;19.06.2026;ANGELIKA PIETRUCHA     OLSZTYN;;'23124015321111001044176713;;*********3025639;-325,00;PLN;'C992617014135706;TRANSAKCJA KARTĄ PŁATNICZĄ;Restauracje i kawiarnie
19.06.2026;19.06.2026;JMP S.A. BIEDRONKA 548 OLSZTYN;;'23124015321111001044176713;;*********3025639;-13,67;PLN;'C992617008840206;TRANSAKCJA KARTĄ PŁATNICZĄ;Artykuły spożywcze
19.06.2026;19.06.2026;"""JAGODZIANKA""          OLSZTYN";;'23124015321111001044176713;;*********3025639;-5,50;PLN;'C992617007829494;TRANSAKCJA KARTĄ PŁATNICZĄ;Artykuły spożywcze
19.06.2026;18.06.2026;HELP.HBOMAX.COM        PRAGUE;;'23124015321111001044176713;;;-29,99;PLN;'C992616921241658;TRANSAKCJA KARTĄ PŁATNICZĄ;Multimedia
18.06.2026;18.06.2026;ROSSMANN 04            OLSZTYN;;'23124015321111001044176713;;*********3025639;-34,48;PLN;'C992616918140816;TRANSAKCJA KARTĄ PŁATNICZĄ;Kosmetyki
18.06.2026;18.06.2026;LUX MED SP. Z O.O.     OLSZTYN;;'23124015321111001044176713;;*********3025639;-52,50;PLN;'C992616917636454;TRANSAKCJA KARTĄ PŁATNICZĄ;Opieka medyczna
18.06.2026;18.06.2026;STOLOWKA WARMINSK08955 OLSZTYN;;'23124015321111001044176713;;*********3025639;-26,00;PLN;'C992616913940360;TRANSAKCJA KARTĄ PŁATNICZĄ;Restauracje i kawiarnie
18.06.2026;18.06.2026;"PIEKARNIA ""PODSIADLY""  OLSZTYN";;'23124015321111001044176713;;*********3025639;-16,00;PLN;'C992616909295254;TRANSAKCJA KARTĄ PŁATNICZĄ;Artykuły spożywcze
17.06.2026;17.06.2026;;;'23124015321111001044176713;'92124020921362991111000000;Opłata za obsługę kartyMasterCard Debit*43025639 za miesiąc 06.2026;-1,00;PLN;'M0150QFI00123988;PROWIZJE AUT.;Opłaty bankowe
17.06.2026;17.06.2026;"PIEKARNIA ""PODSIADLY""  OLSZTYN";;'23124015321111001044176713;;*********3025639;-22,20;PLN;'C992616809170731;TRANSAKCJA KARTĄ PŁATNICZĄ;Artykuły spożywcze
16.06.2026;16.06.2026;AUTOMATSPEC SPZOO      LISZKI;;'23124015321111001044176713;;*********3025639;-4,50;PLN;'C992616715845165;TRANSAKCJA KARTĄ PŁATNICZĄ;Restauracje i kawiarnie
16.06.2026;16.06.2026;MACHOP SP. Z O.O.      WARSZAWA;;'23124015321111001044176713;;*********3025639;-39,50;PLN;'C992616712697487;TRANSAKCJA KARTĄ PŁATNICZĄ;Restauracje i kawiarnie
16.06.2026;16.06.2026;XTB SPOLKA AKCYJNA;;'39124015321787001140533465;'20124020929729000002871368;2871368;-15 788,00;USD;'014266G621700153;REALIZACJA PŁATNOŚCI PEOPAY;Bez kategorii
16.06.2026;16.06.2026;CURRENCY ONE SA;SZYPERSKA 14 61-754    POZNAŃ              PL;'30124066251787001024213427;'39124015321787001140533465;/OPF/X/////TAGWTPL40510754 26034413Kamil Sobieraj;15 783,61;USD;'5650616607700372;PRZELEW;Inne
16.06.2026;16.06.2026;FIRMOWY OLSZTYN PKP    OLSZTYN;;'23124015321111001044176713;;*********3025639;-16,78;PLN;'C992616707053250;TRANSAKCJA KARTĄ PŁATNICZĄ;Transport publiczny
15.06.2026;15.06.2026;CURRENCY ONE SA;;'23124015321111001044176713;'59124066251111001024205868;WX26034413WX AUTO NA USD1 QR;-58 000,00;PLN;'014266F603402844;REALIZACJA PŁATNOŚCI PEOPAY;Bez kategorii
15.06.2026;15.06.2026;WWW.BILET.INTERCITY.PL WARSZAWA;;'23124015321111001044176713;;*********3025639;-122,00;PLN;'C992616616826785;TRANSAKCJA KARTĄ PŁATNICZĄ;Transport publiczny
15.06.2026;15.06.2026;XTB SPÓŁKA AKCYJNA;PROSTA 67 00-838 WARSZAWA;'28124040960004000002852889;'23124015321111001044176713;Withdrawal from 2852889;57 588,60;PLN;'M0380QFD00000447;PRZELEW;Inne
15.06.2026;15.06.2026;ASSECO POLAND SA PŁACE;UL. OLCHOWA 14 35-322 RZESZÓW;'42124059181111000049090675;'23124015321111001044176713;PREMIA STANDBY **202606P3** 23119;528,49;PLN;'4910615987351135;PRZELEW;Premia, nagroda
15.06.2026;14.06.2026;ALLEGRO                POZNAN;;'23124015321111001044176713;;*********3025639;-45,00;PLN;'C992616515290584;TRANSAKCJA KARTĄ PŁATNICZĄ;Zakupy przez internet
13.06.2026;13.06.2026;OLIMP AURA SP. Z O.O.  OLSZTYN;;'23124015321111001044176713;;*********3025639;-21,96;PLN;'C992616420095223;TRANSAKCJA KARTĄ PŁATNICZĄ;Restauracje i kawiarnie
13.06.2026;13.06.2026;OLIMP AURA SP. Z O.O.  OLSZTYN;;'23124015321111001044176713;;*********3025639;-25,46;PLN;'C992616420528818;TRANSAKCJA KARTĄ PŁATNICZĄ;Restauracje i kawiarnie
13.06.2026;13.06.2026;3101 DEALZ OLSZTYNAURA OLSZTYN;;'23124015321111001044176713;;*********3025639;-18,00;PLN;'C992616419078487;TRANSAKCJA KARTĄ PŁATNICZĄ;Artykuły spożywcze
13.06.2026;13.06.2026;JMP S.A. BIEDRONKA 548 OLSZTYN;;'23124015321111001044176713;;*********3025639;-68,90;PLN;'C992616414874830;TRANSAKCJA KARTĄ PŁATNICZĄ;Artykuły spożywcze
11.06.2026;11.06.2026;SKYCASH POLAND S.A.;;'23124015321111001044176713;'05124040960003000000000001;Normalny, 30-minutowy Olsztyn N 4,00 PLN 065b550869;-4,00;PLN;'PEOREFT026666387;TRANSAKCJA PEOPAY;Inne
11.06.2026;11.06.2026;AUCHAN POLSKA SP. Z O. OLSZTYN;;'23124015321111001044176713;;*********3025639;-114,19;PLN;'C992616219802035;TRANSAKCJA KARTĄ PŁATNICZĄ;Artykuły spożywcze
11.06.2026;11.06.2026;SKLEP CZAS NA HERBATE  OLSZTYN;;'23124015321111001044176713;;*********3025639;-98,05;PLN;'C992616217170440;TRANSAKCJA KARTĄ PŁATNICZĄ;Artykuły spożywcze
11.06.2026;11.06.2026;SEVI KEBAB             OLSZTYN;;'23124015321111001044176713;;*********3025639;-51,47;PLN;'C992616217727143;TRANSAKCJA KARTĄ PŁATNICZĄ;Restauracje i kawiarnie
11.06.2026;11.06.2026;SKYCASH POLAND S.A.;;'23124015321111001044176713;'05124040960003000000000001;Normalny, 30-minutowy Olsztyn N 4,00 PLN fab217b580;-4,00;PLN;'PEOREFT026660609;TRANSAKCJA PEOPAY;Inne
11.06.2026;11.06.2026;"PIEKARNIA ""PODSIADLY""  OLSZTYN";;'23124015321111001044176713;;*********3025639;-16,34;PLN;'C992616210411203;TRANSAKCJA KARTĄ PŁATNICZĄ;Artykuły spożywcze
10.06.2026;10.06.2026;STOLOWKA WARMINSK08955 OLSZTYN;;'23124015321111001044176713;;*********3025639;-26,00;PLN;'C992616115005096;TRANSAKCJA KARTĄ PŁATNICZĄ;Restauracje i kawiarnie
10.06.2026;10.06.2026;MAŁGORZATA UŁASIUK;;'23124015321111001044176713;'25114020040000310281874201;Przelew na telefon 48726***330. Splitwase;-11,56;PLN;'M042101415272010;PRZELEW BLIK WYCHODZĄCY;Internet, TV, telefon
10.06.2026;10.06.2026;"PIEKARNIA ""PODSIADLY""  OLSZTYN";;'23124015321111001044176713;;*********3025639;-16,00;PLN;'C992616109194839;TRANSAKCJA KARTĄ PŁATNICZĄ;Artykuły spożywcze
10.06.2026;10.06.2026;IKE BOSSA;;'23124015321111001044176713;'83154011578129000000814183;IKE 814183;-2 355,00;PLN;'014266AA71008657;ZLECENIE STAŁE;Bez kategorii
09.06.2026;09.06.2026;ASSECO POLAND SA PŁACE;UL. OLCHOWA 14 35-322 RZESZÓW;'42124059181111000049090675;'23124015321111001044176713;WYNAGRODZENIE 5/2026 **202605U7** 23119;10 238,72;PLN;'4910609987082376;PRZELEW;Wynagrodzenie
09.06.2026;09.06.2026;FIRMOWY OLSZTYN PKP    OLSZTYN;;'23124015321111001044176713;;*********3025639;-16,78;PLN;'C992616007517380;TRANSAKCJA KARTĄ PŁATNICZĄ;Transport publiczny
08.06.2026;08.06.2026;"PIEKARNIA ""PODSIADLY""  OLSZTYN";;'23124015321111001044176713;;*********3025639;-14,90;PLN;'C992615909592475;TRANSAKCJA KARTĄ PŁATNICZĄ;Artykuły spożywcze
08.06.2026;07.06.2026;IDOPAY *DORADZTWO FARM WARSZAWA;;'23124015321111001044176713;;;-118,43;PLN;'C992615819430613;TRANSAKCJA KARTĄ PŁATNICZĄ;Kosmetyki
08.06.2026;08.06.2026;JMP S.A. BIEDRONKA 548 OLSZTYN;;'23124015321111001044176713;;*********3025639;-39,36;PLN;'C992615917906286;TRANSAKCJA KARTĄ PŁATNICZĄ;Artykuły spożywcze
08.06.2026;08.06.2026;KOLEO BILETY KOLEJOWE  WARSZAWA;;'23124015321111001044176713;;*********3025639;-61,00;PLN;'C992615909961633;TRANSAKCJA KARTĄ PŁATNICZĄ;Inne
08.06.2026;07.06.2026;ALLEGRO                POZNAN;;'23124015321111001044176713;;*********3025639;-89,88;PLN;'C992615811265548;TRANSAKCJA KARTĄ PŁATNICZĄ;Zakupy przez internet
06.06.2026;06.06.2026;ALLEGRO                POZNAN;;'23124015321111001044176713;;*********3025639;-116,92;PLN;'C992615718463826;TRANSAKCJA KARTĄ PŁATNICZĄ;Zakupy przez internet
06.06.2026;06.06.2026;SKLEP LIDL 1701        OLSZTYN;;'23124015321111001044176713;;*********3025639;-211,43;PLN;'C992615716427468;TRANSAKCJA KARTĄ PŁATNICZĄ;Artykuły spożywcze
06.06.2026;06.06.2026;REST. SLONECZNA PRZYST OLSZTYN;;'23124015321111001044176713;;*********3025639;-131,00;PLN;'C992615713917494;TRANSAKCJA KARTĄ PŁATNICZĄ;Restauracje i kawiarnie
06.06.2026;06.06.2026;PAYPAL *PATRONITE      4029357733;;'23124015321111001044176713;;*********3025639;-7,00;PLN;'C992615712235188;TRANSAKCJA KARTĄ PŁATNICZĄ;Kino i teatr
06.06.2026;06.06.2026;AUCHAN POLSKA SP. Z O. OLSZTYN;;'23124015321111001044176713;;*********3025639;-282,15;PLN;'C992615710135933;TRANSAKCJA KARTĄ PŁATNICZĄ;Artykuły spożywcze
05.06.2026;05.06.2026;STOLOWKA WARMINSK08955 OLSZTYN;;'23124015321111001044176713;;*********3025639;-26,00;PLN;'C992615614750636;TRANSAKCJA KARTĄ PŁATNICZĄ;Restauracje i kawiarnie
05.06.2026;05.06.2026;"PIEKARNIA ""PODSIADLY""  OLSZTYN";;'23124015321111001044176713;;*********3025639;-17,20;PLN;'C992615610151174;TRANSAKCJA KARTĄ PŁATNICZĄ;Artykuły spożywcze
04.06.2026;04.06.2026;ZABKA Z4419 K.1        OLSZTYN;;'23124015321111001044176713;;*********3025639;-13,98;PLN;'C992615518964281;TRANSAKCJA KARTĄ PŁATNICZĄ;Artykuły spożywcze
04.06.2026;04.06.2026;KFCDOSTAWA.PL          WROCLAW;;'23124015321111001044176713;;*********3025639;-41,99;PLN;'C992615518322697;TRANSAKCJA KARTĄ PŁATNICZĄ;Restauracje i kawiarnie
04.06.2026;04.06.2026;APPLE.COM/BILL         CORK;;'23124015321111001044176713;;*********3025639;-1,99;PLN;'C992615511831554;TRANSAKCJA KARTĄ PŁATNICZĄ;Bez kategorii
04.06.2026;04.06.2026;APPLE.COM/BILL         CORK;;'23124015321111001044176713;;*********3025639;-4,99;PLN;'C992615511190876;TRANSAKCJA KARTĄ PŁATNICZĄ;Bez kategorii
03.06.2026;03.06.2026;JMP S.A. BIEDRONKA 548 OLSZTYN;;'23124015321111001044176713;;*********3025639;-44,07;PLN;'C992615420071462;TRANSAKCJA KARTĄ PŁATNICZĄ;Artykuły spożywcze
03.06.2026;03.06.2026;;;'23124015321111001044176713;'92124020921362991111000000;Prowizja za wypłatę z użyciemBLIK w dniu 2026-06-01;-6,00;PLN;'M0150QF400234906;PROWIZJE AUT.;Opłaty bankowe
03.06.2026;03.06.2026;"PIEKARNIA ""PODSIADLY""  OLSZTYN";;'23124015321111001044176713;;*********3025639;-15,79;PLN;'C992615410222667;TRANSAKCJA KARTĄ PŁATNICZĄ;Artykuły spożywcze
03.06.2026;03.06.2026;ZABKA Z4419 K.1        OLSZTYN;;'23124015321111001044176713;;*********3025639;-6,50;PLN;'C992615409211523;TRANSAKCJA KARTĄ PŁATNICZĄ;Artykuły spożywcze
03.06.2026;02.06.2026;ALIEXPRESS.COM         LUXEMBOURG;;'23124015321111001044176713;;;-34,60;PLN;'C992615322076855;TRANSAKCJA KARTĄ PŁATNICZĄ;Bez kategorii
02.06.2026;02.06.2026;KACPER MACIEJ BANASIK;TARCZYŃSKA 22/9 02-023    WARSZAWA            PL;'69124060031111001048178711;'23124015321111001044176713;Przelew na telefon 48502***789. Multisport osoba towarzysząca;185,45;PLN;'5032662629401616;PRZELEW;Sprzedaż
02.06.2026;02.06.2026;KAFETERIA.MYBENEFIT.PL WARSZAWA;;'23124015321111001044176713;;*********3025639;-185,45;PLN;'C992615318977411;TRANSAKCJA KARTĄ PŁATNICZĄ;Sport
02.06.2026;02.06.2026;FPLTRANSPORT ZBIGNIEW KRÓLIKOWSKI;;'23124015321111001044176713;'77109025900000000142409743;dok. nr ZK/16/FV/01/06/2026;-2 253,01;PLN;'0142662620904693;REALIZACJA PŁATNOŚCI PEOPAY;Bez kategorii
02.06.2026;02.06.2026;STOLOWKA WARMINSK08955 OLSZTYN;;'23124015321111001044176713;;*********3025639;-26,00;PLN;'C992615314168547;TRANSAKCJA KARTĄ PŁATNICZĄ;Restauracje i kawiarnie
02.06.2026;02.06.2026;JMP S.A. BIEDRONKA 548 OLSZTYN;;'23124015321111001044176713;;*********3025639;-21,75;PLN;'C992615308537276;TRANSAKCJA KARTĄ PŁATNICZĄ;Artykuły spożywcze
02.06.2026;02.06.2026;"""JAGODZIANKA""          OLSZTYN";;'23124015321111001044176713;;*********3025639;-12,18;PLN;'C992615307882082;TRANSAKCJA KARTĄ PŁATNICZĄ;Artykuły spożywcze
01.06.2026;01.06.2026;ALLEGRO                POZNAN;;'23124015321111001044176713;;*********3025639;-177,25;PLN;'C992615219414438;TRANSAKCJA KARTĄ PŁATNICZĄ;Zakupy przez internet
01.06.2026;01.06.2026;ALLEGRO                POZNAN;;'23124015321111001044176713;;*********3025639;-59,90;PLN;'C992615219762040;TRANSAKCJA KARTĄ PŁATNICZĄ;Zakupy przez internet
01.06.2026;01.06.2026;BANKOMAT EURONET       RCDN0N5Z;RCDN0N5Z 7028 AL M J PILSUDSKIEGO 16,OLSZTYN;'23124015321111001044176713;;BLIK REF       94159563413;-100,00;PLN;'C992615216642809;WYPŁATA BLIK;Uroda, fryzjer, kosmetyczka
01.06.2026;01.06.2026;CARREFOUR SUPERMARKET  OLSZTYN;;'23124015321111001044176713;;*********3025639;-16,98;PLN;'C992615216633145;TRANSAKCJA KARTĄ PŁATNICZĄ;Artykuły spożywcze
01.06.2026;01.06.2026;"PIEKARNIA ""PODSIADLY""  OLSZTYN";;'23124015321111001044176713;;*********3025639;-20,07;PLN;'C992615209947186;TRANSAKCJA KARTĄ PŁATNICZĄ;Artykuły spożywcze
01.06.2026;28.05.2026;BANK PEKAO S.A.;CENTRALA-OŚRODEK OPERACJI KART UL. ŻUBRA 1 01-066 WARSZAWA;'53124000270999999999999999;'23124015321111001044176713;ANULOWANIE TRANSAKCJINA KARTĘ **** **** 4302 5639WYKONANEJ: modivo.pl\Nowy Kisielin-N Zielona G\Zie DN. 28/05/2026;529,98;PLN;'0326053060009718;PRZELEW;Inne
01.06.2026;31.05.2026;TEMU.COM               DUBLIN 4;;'23124015321111001044176713;;;-47,47;PLN;'C992615123200928;TRANSAKCJA KARTĄ PŁATNICZĄ;Bez kategorii
01.06.2026;31.05.2026;TEMU.COM               DUBLIN 4;;'23124015321111001044176713;;;-38,46;PLN;'C992615122851214;TRANSAKCJA KARTĄ PŁATNICZĄ;Bez kategorii
01.06.2026;31.05.2026;ZABKA Z4419 K.2        OLSZTYN;;'23124015321111001044176713;;*********3025639;-17,98;PLN;'C992615119813842;TRANSAKCJA KARTĄ PŁATNICZĄ;Artykuły spożywcze
01.06.2026;31.05.2026;ALLEGRO                POZNAN;;'23124015321111001044176713;;*********3025639;-228,90;PLN;'C992615119151090;TRANSAKCJA KARTĄ PŁATNICZĄ;Zakupy przez internet
01.06.2026;31.05.2026;IWONA ZEMEJDA          OLSZTYN;;'23124015321111001044176713;;*********3025639;-61,00;PLN;'C992615116754100;TRANSAKCJA KARTĄ PŁATNICZĄ;Restauracje i kawiarnie
01.06.2026;31.05.2026;DOBRE PRECLE           WARSZAWA;;'23124015321111001044176713;;*********3025639;-14,00;PLN;'C992615110627003;TRANSAKCJA KARTĄ PŁATNICZĄ;Artykuły spożywcze
30.05.2026;30.05.2026;;;;'23124015321111001044176713;ODSETKI OD DEPOZYTU;0,05;PLN;'014265U98C000911;ODSETKI OD DEPOZYTU;Odsetki, zwrot z inwestycji
30.05.2026;30.05.2026;;;'23124015321111001044176713;;PODATEK POBRANY;-0,01;PLN;'014265U98C000910;PODATEK POBRANY;Podatki
30.05.2026;30.05.2026;ZABKA ZC427 K.1        WARSZAWA;;'23124015321111001044176713;;*********3025639;-36,38;PLN;'C992615017446469;TRANSAKCJA KARTĄ PŁATNICZĄ;Artykuły spożywcze
30.05.2026;30.05.2026;LPP RESERVED 1912160   WARSZAWA;;'23124015321111001044176713;;*********3025639;-202,97;PLN;'C992615015709607;TRANSAKCJA KARTĄ PŁATNICZĄ;Ubrania
30.05.2026;30.05.2026;#1 KIOSK ZLOTE TARASY  WARSZAWA;;'23124015321111001044176713;;*********3025639;-37,99;PLN;'C992615015353089;TRANSAKCJA KARTĄ PŁATNICZĄ;Restauracje i kawiarnie
30.05.2026;30.05.2026;ZABKA Z6118 K.2        WARSZAWA;;'23124015321111001044176713;;*********3025639;-17,19;PLN;'C992615012230940;TRANSAKCJA KARTĄ PŁATNICZĄ;Artykuły spożywcze
30.05.2026;30.05.2026;KOLEO BILETY KOLEJOWE  WARSZAWA;;'23124015321111001044176713;;*********3025639;-70,10;PLN;'C992615011506872;TRANSAKCJA KARTĄ PŁATNICZĄ;Inne
28.05.2026;28.05.2026;CARREFOUR SUPERMARKET  OLSZTYN;;'23124015321111001044176713;;*********3025639;-83,02;PLN;'C992614818218868;TRANSAKCJA KARTĄ PŁATNICZĄ;Artykuły spożywcze
28.05.2026;28.05.2026;SUPER KING PIENIEZNEGO OLSZTYN;;'23124015321111001044176713;;*********3025639;-31,00;PLN;'C992614813343826;TRANSAKCJA KARTĄ PŁATNICZĄ;Restauracje i kawiarnie
28.05.2026;28.05.2026;"PIEKARNIA ""PODSIADLY""  OLSZTYN";;'23124015321111001044176713;;*********3025639;-17,51;PLN;'C992614809174994;TRANSAKCJA KARTĄ PŁATNICZĄ;Artykuły spożywcze
27.05.2026;27.05.2026;CARREFOUR SUPERMARKET  OLSZTYN;;'23124015321111001044176713;;*********3025639;-14,62;PLN;'C992614717908905;TRANSAKCJA KARTĄ PŁATNICZĄ;Artykuły spożywcze
27.05.2026;27.05.2026;3101 DEALZ OLSZTYNAURA OLSZTYN;;'23124015321111001044176713;;*********3025639;-6,00;PLN;'C992614717900368;TRANSAKCJA KARTĄ PŁATNICZĄ;Artykuły spożywcze
27.05.2026;27.05.2026;STOLOWKA WARMINSK08955 OLSZTYN;;'23124015321111001044176713;;*********3025639;-26,00;PLN;'C992614714486946;TRANSAKCJA KARTĄ PŁATNICZĄ;Restauracje i kawiarnie
26.05.2026;26.05.2026;ANGELIKA PIETRUCHA     OLSZTYN;;'23124015321111001044176713;;*********3025639;-36,50;PLN;'C992614616278072;TRANSAKCJA KARTĄ PŁATNICZĄ;Restauracje i kawiarnie
26.05.2026;26.05.2026;"PIEKARNIA ""PODSIADLY""  OLSZTYN";;'23124015321111001044176713;;*********3025639;-17,00;PLN;'C992614609959258;TRANSAKCJA KARTĄ PŁATNICZĄ;Artykuły spożywcze
25.05.2026;24.05.2026;CUD NIE LOD            OLSZTYN;;'23124015321111001044176713;;*********3025639;-33,00;PLN;'C992614416841533;TRANSAKCJA KARTĄ PŁATNICZĄ;Artykuły spożywcze
25.05.2026;24.05.2026;ZABKA Z4419 K.1        OLSZTYN;;'23124015321111001044176713;;*********3025639;-39,29;PLN;'C992614418165862;TRANSAKCJA KARTĄ PŁATNICZĄ;Artykuły spożywcze
25.05.2026;25.05.2026;JMP S.A. BIEDRONKA 135 OLSZTYN;;'23124015321111001044176713;;*********3025639;-79,83;PLN;'C992614519491311;TRANSAKCJA KARTĄ PŁATNICZĄ;Artykuły spożywcze
25.05.2026;25.05.2026;"PIEKARNIA ""PODSIADLY""  OLSZTYN";;'23124015321111001044176713;;*********3025639;-16,89;PLN;'C992614508305813;TRANSAKCJA KARTĄ PŁATNICZĄ;Artykuły spożywcze
23.05.2026;23.05.2026;PEPCO 110111 OLSZTYN   OLSZTYN;;'23124015321111001044176713;;*********3025639;-3,00;PLN;'C992614318528331;TRANSAKCJA KARTĄ PŁATNICZĄ;Ubrania
23.05.2026;23.05.2026;3101 DEALZ OLSZTYNAURA OLSZTYN;;'23124015321111001044176713;;*********3025639;-4,00;PLN;'C992614318535108;TRANSAKCJA KARTĄ PŁATNICZĄ;Artykuły spożywcze
23.05.2026;17.05.2026;BANK PEKAO S.A.;CENTRALA-OŚRODEK OPERACJI KART UL. ŻUBRA 1 01-066 WARSZAWA;'53124000270999999999999999;'23124015321111001044176713;ZWROT NIEROZLICZONEJ TRANSAKCJINA KARTĘ **** **** 4302 5639WYKONANEJ DN. 17/05/2026;1,83;PLN;'0326052260062786;PRZELEW;Inne
22.05.2026;22.05.2026;1-GO MAJA 10           OLSZTYN;;'23124015321111001044176713;;*********3025639;-400,00;PLN;'C992614212935177;WYPŁATA KARTĄ;Wypłata z bankomatu
22.05.2026;22.05.2026;JMP S.A. BIEDRONKA 548 OLSZTYN;;'23124015321111001044176713;;*********3025639;-61,61;PLN;'C992614219248019;TRANSAKCJA KARTĄ PŁATNICZĄ;Artykuły spożywcze
22.05.2026;21.05.2026;MODIVO.PL              ZIELONA GORA;;'23124015321111001044176713;;*********3025639;-879,97;PLN;'C992614122666603;TRANSAKCJA KARTĄ PŁATNICZĄ;Ubrania
22.05.2026;22.05.2026;STOLOWKA WARMINSK08955 OLSZTYN;;'23124015321111001044176713;;*********3025639;-26,00;PLN;'C992614213699625;TRANSAKCJA KARTĄ PŁATNICZĄ;Restauracje i kawiarnie
22.05.2026;22.05.2026;ZABKA Z4419 K.1        OLSZTYN;;'23124015321111001044176713;;*********3025639;-9,10;PLN;'C992614220268128;TRANSAKCJA KARTĄ PŁATNICZĄ;Artykuły spożywcze
21.05.2026;21.05.2026;STOLOWKA WARMINSK08955 OLSZTYN;;'23124015321111001044176713;;*********3025639;-29,00;PLN;'C992614116474751;TRANSAKCJA KARTĄ PŁATNICZĄ;Restauracje i kawiarnie
21.05.2026;21.05.2026;"PIEKARNIA ""PODSIADLY""  OLSZTYN";;'23124015321111001044176713;;*********3025639;-19,78;PLN;'C992614109188683;TRANSAKCJA KARTĄ PŁATNICZĄ;Artykuły spożywcze
21.05.2026;21.05.2026;3101 DEALZ OLSZTYNAURA OLSZTYN;;'23124015321111001044176713;;*********3025639;-15,00;PLN;'C992614120364772;TRANSAKCJA KARTĄ PŁATNICZĄ;Artykuły spożywcze
20.05.2026;20.05.2026;;;'23124015321111001044176713;'92124020921362991111000000;Opłata za obsługę kartyMasterCard Debit*43025639 za miesiąc 05.2026;-1,00;PLN;'M0150QEL00133847;PROWIZJE AUT.;Opłaty bankowe
20.05.2026;20.05.2026;GORACO POLECAM         WARSZAWA;;'23124015321111001044176713;;*********3025639;-27,90;PLN;'C992614009568336;TRANSAKCJA KARTĄ PŁATNICZĄ;Artykuły spożywcze
20.05.2026;19.05.2026;ZABKA ZE578 K.3        WARSZAWA;;'23124015321111001044176713;;*********3025639;-8,98;PLN;'C992613922232934;TRANSAKCJA KARTĄ PŁATNICZĄ;Artykuły spożywcze
20.05.2026;20.05.2026;JAKUB WRÓBEL;;'87102033520000170200784652;'23124015321111001044176713;Przelew na telefonOd: 48790768858 Do: 485*****789;88,00;PLN;'M042000250676397;PRZELEW BLIK PRZYCHODZĄCY;Sprzedaż
20.05.2026;20.05.2026;ANGELIKA PIETRUCHA     OLSZTYN;;'23124015321111001044176713;;*********3025639;-32,50;PLN;'C992614020779903;TRANSAKCJA KARTĄ PŁATNICZĄ;Restauracje i kawiarnie
20.05.2026;17.05.2026;BANK PEKAO S.A.;CENTRALA-OŚRODEK OPERACJI KART UL. ŻUBRA 1 01-066 WARSZAWA;'53124000270999999999999999;'23124015321111001044176713;ANULOWANIE TRANSAKCJINA KARTĘ **** **** 4302 5639WYKONANEJ: kafeteria.mybenefit.pl\ul. Plac Europej DN. 17/05/2026;185,45;PLN;'0326051960040364;PRZELEW;Inne
19.05.2026;19.05.2026;ZBIGNIEW KRUPA;;'30102013320000140201462704;'23124015321111001044176713;zk pięknaOd: 48513224352 Do: 485*****789;88,00;PLN;'M042000250589958;PRZELEW BLIK PRZYCHODZĄCY;Inne
18.05.2026;18.05.2026;SEVI KEBAB             OLSZTYN;;'23124015321111001044176713;;*********3025639;-21,58;PLN;'C992613817764969;TRANSAKCJA KARTĄ PŁATNICZĄ;Restauracje i kawiarnie
18.05.2026;18.05.2026;TGTG XAZ4MM76YZTH0     COPENHAGEN S;;'23124015321111001044176713;;;-24,99;PLN;'C992613817743122;TRANSAKCJA KARTĄ PŁATNICZĄ;Restauracje i kawiarnie
18.05.2026;18.05.2026;GMINA OLSZTYN B037     OLSZTYN;;'23124015321111001044176713;;*********3025639;-8,00;PLN;'C992613816722939;TRANSAKCJA KARTĄ PŁATNICZĄ;Transport publiczny
18.05.2026;18.05.2026;JMP S.A. BIEDRONKA 548 OLSZTYN;;'23124015321111001044176713;;*********3025639;-35,53;PLN;'C992613813335601;TRANSAKCJA KARTĄ PŁATNICZĄ;Artykuły spożywcze
18.05.2026;18.05.2026;"PIEKARNIA ""PODSIADLY""  OLSZTYN";;'23124015321111001044176713;;*********3025639;-9,30;PLN;'C992613809194033;TRANSAKCJA KARTĄ PŁATNICZĄ;Artykuły spożywcze
18.05.2026;18.05.2026;MARDI SKLEP NR 9       OLSZTYN;;'23124015321111001044176713;;*********3025639;-13,86;PLN;'C992613809425526;TRANSAKCJA KARTĄ PŁATNICZĄ;Artykuły spożywcze
18.05.2026;17.05.2026;UBER   * EATS PENDING  AMSTERDAM;;'23124015321111001044176713;;*********3025639;-52,00;PLN;'C992613715216851;TRANSAKCJA KARTĄ PŁATNICZĄ;Restauracje i kawiarnie
18.05.2026;17.05.2026;UBER   *ONE MEMBERSHIP AMSTERDAM;;'23124015321111001044176713;;*********3025639;-1,83;PLN;'C992613715985917;TRANSAKCJA KARTĄ PŁATNICZĄ;Bez kategorii
18.05.2026;17.05.2026;ZABKA Z4419 K.1        OLSZTYN;;'23124015321111001044176713;;*********3025639;-11,90;PLN;'C992613714186387;TRANSAKCJA KARTĄ PŁATNICZĄ;Artykuły spożywcze
18.05.2026;16.05.2026;ALLEGRO                POZNAN;;'23124015321111001044176713;;*********3025639;-59,99;PLN;'C992613622052960;TRANSAKCJA KARTĄ PŁATNICZĄ;Zakupy przez internet
16.05.2026;16.05.2026;DMG DARIUSZ GROSZYK    CIEPLICE;;'23124015321111001044176713;;*********3025639;-25,00;PLN;'C992613620018880;TRANSAKCJA KARTĄ PŁATNICZĄ;Restauracje i kawiarnie
16.05.2026;16.05.2026;PEP*HOUSE CAFE         OLSZTYN;;'23124015321111001044176713;;*********3025639;-20,00;PLN;'C992613618716708;TRANSAKCJA KARTĄ PŁATNICZĄ;Restauracje i kawiarnie
16.05.2026;16.05.2026;TENDUR KEBAP GRILL     OLSZTYN;;'23124015321111001044176713;;*********3025639;-37,00;PLN;'C992613611672145;TRANSAKCJA KARTĄ PŁATNICZĄ;Restauracje i kawiarnie
16.05.2026;16.05.2026;AUCHAN POLSKA SP. Z O. OLSZTYN;;'23124015321111001044176713;;*********3025639;-3,25;PLN;'C992613610609762;TRANSAKCJA KARTĄ PŁATNICZĄ;Artykuły spożywcze
16.05.2026;16.05.2026;AUCHAN POLSKA SP. Z O. OLSZTYN;;'23124015321111001044176713;;*********3025639;-305,25;PLN;'C992613610388957;TRANSAKCJA KARTĄ PŁATNICZĄ;Artykuły spożywcze
16.05.2026;16.05.2026;GMINA OLSZTYN B036     OLSZTYN;;'23124015321111001044176713;;*********3025639;-8,00;PLN;'C992613608517077;TRANSAKCJA KARTĄ PŁATNICZĄ;Transport publiczny
15.05.2026;15.05.2026;TEMU.COM               DUBLIN;;'23124015321111001044176713;;;-120,69;PLN;'C992613516026988;TRANSAKCJA KARTĄ PŁATNICZĄ;Bez kategorii
15.05.2026;15.05.2026;OLIMP AURA SP. Z O.O.  OLSZTYN;;'23124015321111001044176713;;*********3025639;-21,33;PLN;'C992613519363203;TRANSAKCJA KARTĄ PŁATNICZĄ;Restauracje i kawiarnie
15.05.2026;15.05.2026;KOLEO BILETY KOLEJOWE  WARSZAWA;;'23124015321111001044176713;;*********3025639;-36,60;PLN;'C992613517314647;TRANSAKCJA KARTĄ PŁATNICZĄ;Inne
15.05.2026;15.05.2026;JMP S.A. BIEDRONKA 548 OLSZTYN;;'23124015321111001044176713;;*********3025639;-7,97;PLN;'C992613516057939;TRANSAKCJA KARTĄ PŁATNICZĄ;Artykuły spożywcze
15.05.2026;15.05.2026;3101 DEALZ OLSZTYNAURA OLSZTYN;;'23124015321111001044176713;;*********3025639;-17,00;PLN;'C992613519170123;TRANSAKCJA KARTĄ PŁATNICZĄ;Artykuły spożywcze
15.05.2026;15.05.2026;KOLEO BILETY KOLEJOWE  WARSZAWA;;'23124015321111001044176713;;*********3025639;-61,00;PLN;'C992613517101521;TRANSAKCJA KARTĄ PŁATNICZĄ;Inne
15.05.2026;15.05.2026;FINELF.COM SP. Z O.O.  SOPOT;;'23124015321111001044176713;;*********3025639;-3,00;PLN;'C992613515183803;TRANSAKCJA KARTĄ PŁATNICZĄ;Multimedia
15.05.2026;15.05.2026;FINELF.COM SP. Z O.O.  SOPOT;;'23124015321111001044176713;;*********3025639;-10,00;PLN;'C992613515180984;TRANSAKCJA KARTĄ PŁATNICZĄ;Multimedia
15.05.2026;15.05.2026;STOLOWKA WARMINSK08955 OLSZTYN;;'23124015321111001044176713;;*********3025639;-26,00;PLN;'C992613512853186;TRANSAKCJA KARTĄ PŁATNICZĄ;Restauracje i kawiarnie
15.05.2026;15.05.2026;1-GO MAJA 10           OLSZTYN;R0242343 R0242343 *********3025639;;'23124015321111001044176713;WPŁATA W BANKOMACIE;800,00;PLN;'C992613512054097;WPŁATA W BANKOMACIE;Wpłata w bankomacie
15.05.2026;15.05.2026;ASSECO POLAND SA PŁACE;UL. OLCHOWA 14 35-322 RZESZÓW;'42124059181111000049090675;'23124015321111001044176713;PREMIA STANDBY **202605P3** 23119;951,48;PLN;'4910515981211256;PRZELEW;Premia, nagroda
15.05.2026;15.05.2026;JMP S.A. BIEDRONKA 548 OLSZTYN;;'23124015321111001044176713;;*********3025639;-19,41;PLN;'C992613507659935;TRANSAKCJA KARTĄ PŁATNICZĄ;Artykuły spożywcze
14.05.2026;14.05.2026;XTB SPOLKA AKCYJNA;;'39124015321787001140533465;'20124020929729000002871368;2871368;-480,00;USD;'014265E627605192;REALIZACJA PŁATNOŚCI PEOPAY;Bez kategorii
14.05.2026;14.05.2026;ALLEGRO                POZNAN;;'23124015321111001044176713;;*********3025639;-2 199,00;PLN;'C992613420763864;TRANSAKCJA KARTĄ PŁATNICZĄ;Zakupy przez internet
14.05.2026;14.05.2026;ZABKA Z4419 K.1        OLSZTYN;;'23124015321111001044176713;;*********3025639;-8,40;PLN;'C992613417685611;TRANSAKCJA KARTĄ PŁATNICZĄ;Artykuły spożywcze
14.05.2026;14.05.2026;PIEKARNIA TYROLSKA     LUKTA;;'23124015321111001044176713;;*********3025639;-10,50;PLN;'C992613417461554;TRANSAKCJA KARTĄ PŁATNICZĄ;Artykuły spożywcze
14.05.2026;14.05.2026;CARREFOUR SUPERMARKET  OLSZTYN;;'23124015321111001044176713;;*********3025639;-24,41;PLN;'C992613417454476;TRANSAKCJA KARTĄ PŁATNICZĄ;Artykuły spożywcze
14.05.2026;14.05.2026;STOLOWKA WARMINSK08955 OLSZTYN;;'23124015321111001044176713;;*********3025639;-29,00;PLN;'C992613413491408;TRANSAKCJA KARTĄ PŁATNICZĄ;Restauracje i kawiarnie
14.05.2026;14.05.2026;BKG*HOTEL AT BOOKING.C AMSTERDAM;;'23124015321111001044176713;;*********3025639;-265,35;PLN;'C992613412453771;TRANSAKCJA KARTĄ PŁATNICZĄ;Podróże
14.05.2026;14.05.2026;"PIEKARNIA ""PODSIADLY""  OLSZTYN";;'23124015321111001044176713;;*********3025639;-13,80;PLN;'C992613411212061;TRANSAKCJA KARTĄ PŁATNICZĄ;Artykuły spożywcze
13.05.2026;13.05.2026;STOLOWKA WARMINSK08955 OLSZTYN;;'23124015321111001044176713;;*********3025639;-26,00;PLN;'C992613313899519;TRANSAKCJA KARTĄ PŁATNICZĄ;Restauracje i kawiarnie
13.05.2026;13.05.2026;"PIEKARNIA ""PODSIADLY""  OLSZTYN";;'23124015321111001044176713;;*********3025639;-13,52;PLN;'C992613308708292;TRANSAKCJA KARTĄ PŁATNICZĄ;Artykuły spożywcze
13.05.2026;13.05.2026;CHRUPIACA SKORKA       OLSZTYN;;'23124015321111001044176713;;*********3025639;-11,00;PLN;'C992613313718438;TRANSAKCJA KARTĄ PŁATNICZĄ;Artykuły spożywcze
13.05.2026;12.05.2026;TEMU.COM               DUBLIN;;'23124015321111001044176713;;;-65,06;PLN;'C992613223637817;TRANSAKCJA KARTĄ PŁATNICZĄ;Bez kategorii
13.05.2026;13.05.2026;ALLEGRO                POZNAN;;'23124015321111001044176713;;*********3025639;-123,90;PLN;'C992613319153922;TRANSAKCJA KARTĄ PŁATNICZĄ;Zakupy przez internet
13.05.2026;13.05.2026;ZABKA Z4419 K.2        OLSZTYN;;'23124015321111001044176713;;*********3025639;-12,40;PLN;'C992613308711091;TRANSAKCJA KARTĄ PŁATNICZĄ;Artykuły spożywcze
12.05.2026;12.05.2026;JMP S.A. BIEDRONKA 548 OLSZTYN;;'23124015321111001044176713;;*********3025639;-11,07;PLN;'C992613220418528;TRANSAKCJA KARTĄ PŁATNICZĄ;Artykuły spożywcze
12.05.2026;12.05.2026;DOBRE PRECLE           WARSZAWA;;'23124015321111001044176713;;*********3025639;-28,00;PLN;'C992613217290793;TRANSAKCJA KARTĄ PŁATNICZĄ;Artykuły spożywcze
12.05.2026;12.05.2026;KOLEO BILETY KOLEJOWE  WARSZAWA;;'23124015321111001044176713;;*********3025639;-26,00;PLN;'C992613214378869;TRANSAKCJA KARTĄ PŁATNICZĄ;Inne
12.05.2026;12.05.2026;MACHOP SP. Z O.O.      WARSZAWA;;'23124015321111001044176713;;*********3025639;-47,50;PLN;'C992613213304171;TRANSAKCJA KARTĄ PŁATNICZĄ;Restauracje i kawiarnie
12.05.2026;12.05.2026;KOLEO BILETY KOLEJOWE  WARSZAWA;;'23124015321111001044176713;;*********3025639;-48,10;PLN;'C992613214351643;TRANSAKCJA KARTĄ PŁATNICZĄ;Inne
12.05.2026;12.05.2026;ZABKA ZC503 K.2        WARSZAWA;;'23124015321111001044176713;;*********3025639;-8,98;PLN;'C992613217482407;TRANSAKCJA KARTĄ PŁATNICZĄ;Artykuły spożywcze
12.05.2026;12.05.2026;FIRMOWY OLSZTYN PKP    OLSZTYN;;'23124015321111001044176713;;*********3025639;-24,50;PLN;'C992613207914541;TRANSAKCJA KARTĄ PŁATNICZĄ;Transport publiczny
11.05.2026;11.05.2026;;;'23124015321111001044176713;'92124020921362991111000000;Prowizja za wypłatę z użyciemBLIK w dniu 2026-05-07;-6,00;PLN;'M0150QEC00042402;PROWIZJE AUT.;Opłaty bankowe
11.05.2026;11.05.2026;STOLOWKA WARMINSK08955 OLSZTYN;;'23124015321111001044176713;;*********3025639;-29,00;PLN;'C992613113723465;TRANSAKCJA KARTĄ PŁATNICZĄ;Restauracje i kawiarnie
11.05.2026;11.05.2026;KAFETERIA.MYBENEFIT.PL WARSZAWA;;'23124015321111001044176713;;*********3025639;-185,45;PLN;'C992613109367320;TRANSAKCJA KARTĄ PŁATNICZĄ;Sport
11.05.2026;11.05.2026;ROSSMANN 04            OLSZTYN;;'23124015321111001044176713;;*********3025639;-12,99;PLN;'C992613108342730;TRANSAKCJA KARTĄ PŁATNICZĄ;Kosmetyki
11.05.2026;11.05.2026;JMP S.A. BIEDRONKA 548 OLSZTYN;;'23124015321111001044176713;;*********3025639;-13,83;PLN;'C992613108336280;TRANSAKCJA KARTĄ PŁATNICZĄ;Artykuły spożywcze
11.05.2026;11.05.2026;IKE BOSSA;;'23124015321111001044176713;'83154011578129000000814183;IKE 814183;-2 355,00;PLN;'014265BA71007414;ZLECENIE STAŁE;Bez kategorii
11.05.2026;10.05.2026;UNICREDITPL*INPOST MOB KRAKOW;;'23124015321111001044176713;;;-3,99;PLN;'C992613007157009;TRANSAKCJA KARTĄ PŁATNICZĄ;Bez kategorii
09.05.2026;09.05.2026;KAUFLAND 4560          LOMZA;;'23124015321111001044176713;;*********3025639;-74,15;PLN;'C992612920067190;TRANSAKCJA KARTĄ PŁATNICZĄ;Artykuły spożywcze
09.05.2026;09.05.2026;APTEKA DR MAX          LOMZA;;'23124015321111001044176713;;*********3025639;-21,99;PLN;'C992612912590301;TRANSAKCJA KARTĄ PŁATNICZĄ;Lekarstwa
09.05.2026;09.05.2026;CARREFOUR PLP308       LOMZA;;'23124015321111001044176713;;*********3025639;-9,90;PLN;'C992612912726363;TRANSAKCJA KARTĄ PŁATNICZĄ;Artykuły spożywcze
09.05.2026;09.05.2026;ROSSMANN 03            LOMZA;;'23124015321111001044176713;;*********3025639;-19,08;PLN;'C992612912715502;TRANSAKCJA KARTĄ PŁATNICZĄ;Kosmetyki
09.05.2026;09.05.2026;LIDL SIKORSKIEGO       LOMZA;;'23124015321111001044176713;;*********3025639;-6,68;PLN;'C992612911545929;TRANSAKCJA KARTĄ PŁATNICZĄ;Artykuły spożywcze
09.05.2026;09.05.2026;VOLLMART24.COM SP. Z O LOMZA;;'23124015321111001044176713;;*********3025639;-3,19;PLN;'C992612911516614;TRANSAKCJA KARTĄ PŁATNICZĄ;Artykuły spożywcze
08.05.2026;08.05.2026;ACTION A195            LOMZA;;'23124015321111001044176713;;*********3025639;-2,49;PLN;'C992612816254054;TRANSAKCJA KARTĄ PŁATNICZĄ;Bez kategorii
08.05.2026;08.05.2026;CARREFOUR PLP308       LOMZA;;'23124015321111001044176713;;*********3025639;-9,24;PLN;'C992612816113486;TRANSAKCJA KARTĄ PŁATNICZĄ;Artykuły spożywcze
08.05.2026;08.05.2026;LIDL SIKORSKIEGO       LOMZA;;'23124015321111001044176713;;*********3025639;-5,48;PLN;'C992612811997577;TRANSAKCJA KARTĄ PŁATNICZĄ;Artykuły spożywcze
07.05.2026;07.05.2026;CARREFOUR SUPERMARKET  OLSZTYN;;'23124015321111001044176713;;*********3025639;-17,84;PLN;'C992612716584652;TRANSAKCJA KARTĄ PŁATNICZĄ;Artykuły spożywcze
07.05.2026;07.05.2026;ZABKA Z4419 K.1        OLSZTYN;;'23124015321111001044176713;;*********3025639;-2,98;PLN;'C992612715531418;TRANSAKCJA KARTĄ PŁATNICZĄ;Artykuły spożywcze
07.05.2026;07.05.2026;TEMU.COM               DUBLIN;;'23124015321111001044176713;;;-69,45;PLN;'C992612714514513;TRANSAKCJA KARTĄ PŁATNICZĄ;Bez kategorii
07.05.2026;07.05.2026;BISTRO KOPERNIKA       OLSZTYN;;'23124015321111001044176713;;*********3025639;-3,00;PLN;'C992612713325902;TRANSAKCJA KARTĄ PŁATNICZĄ;Restauracje i kawiarnie
07.05.2026;07.05.2026;BISTRO KOPERNIKA       OLSZTYN;;'23124015321111001044176713;;*********3025639;-44,00;PLN;'C992612713325568;TRANSAKCJA KARTĄ PŁATNICZĄ;Restauracje i kawiarnie
07.05.2026;07.05.2026;BANKOMAT EURONET       RCNN0163;RCNN0163 7028 PL  PULASKIEGO 7,OLSZTYN;'23124015321111001044176713;;BLIK REF       93964727907;-100,00;PLN;'C992612712425157;WYPŁATA BLIK;Uroda, fryzjer, kosmetyczka
07.05.2026;07.05.2026;ASSECO POLAND SA PŁACE;UL. OLCHOWA 14 35-322 RZESZÓW;'42124059181111000049090675;'23124015321111001044176713;WYNAGRODZENIE 4/2026 **202604U2** 23119;10 269,33;PLN;'4910507989961658;PRZELEW;Wynagrodzenie
07.05.2026;07.05.2026;KACPER BANASIK;;'23124015321111001044176713;'69124060031111001048178711;Splitwase;-17,54;PLN;'0142657621207149;REALIZACJA PŁATNOŚCI PEOPAY;Czynsz
07.05.2026;07.05.2026;JAROSŁAW JAKUB MILLER;RYNEK 65 26-025    ŁAGÓW               PL;'75124060031111001047891677;'23124015321111001044176713;Przelew na telefon 48502***789. wydatki mieszkaniowe;40,75;PLN;'5032657601306676;PRZELEW;Sprzedaż
07.05.2026;04.05.2026;BANK PEKAO S.A.;CENTRALA-OŚRODEK OPERACJI KART UL. ŻUBRA 1 01-066 WARSZAWA;'53124000270999999999999999;'23124015321111001044176713;ANULOWANIE TRANSAKCJINA KARTĘ **** **** 4302 5639WYKONANEJ: www.bilet.intercity.pl\Al. Jerozolimski DN. 04/05/2026;4,33;PLN;'0326050660030999;PRZELEW;Inne
07.05.2026;04.05.2026;BANK PEKAO S.A.;CENTRALA-OŚRODEK OPERACJI KART UL. ŻUBRA 1 01-066 WARSZAWA;'53124000270999999999999999;'23124015321111001044176713;ANULOWANIE TRANSAKCJINA KARTĘ **** **** 4302 5639WYKONANEJ: www.bilet.intercity.pl\Al. Jerozolimski DN. 04/05/2026;2,55;PLN;'0326050660101340;PRZELEW;Inne
06.05.2026;06.05.2026;ZABKA Z4419 K.1        OLSZTYN;;'23124015321111001044176713;;*********3025639;-11,00;PLN;'C992612620155070;TRANSAKCJA KARTĄ PŁATNICZĄ;Artykuły spożywcze
06.05.2026;06.05.2026;TGTG 2ZVYDBT8RVQC0     COPENHAGEN S;;'23124015321111001044176713;;;-23,49;PLN;'C992612618966134;TRANSAKCJA KARTĄ PŁATNICZĄ;Restauracje i kawiarnie
06.05.2026;06.05.2026;CASHBILL ECOMM;POLSKIEPREMIUM. SOBIESKIEGO 2,KATOWICE;'23124015321111001044176713;;BLIK REF       93957176760;-28,99;PLN;'C992612614897040;PŁATNOŚĆ BLIK;Zakupy przez internet
06.05.2026;06.05.2026;STOLOWKA WARMINSK08955 OLSZTYN;;'23124015321111001044176713;;*********3025639;-30,00;PLN;'C992612613739888;TRANSAKCJA KARTĄ PŁATNICZĄ;Restauracje i kawiarnie
06.05.2026;06.05.2026;PAYPAL *PATRONITE      4029357733;;'23124015321111001044176713;;*********3025639;-7,00;PLN;'C992612613861796;TRANSAKCJA KARTĄ PŁATNICZĄ;Kino i teatr
06.05.2026;06.05.2026;3101 DEALZ OLSZTYNAURA OLSZTYN;;'23124015321111001044176713;;*********3025639;-38,00;PLN;'C992612611787642;TRANSAKCJA KARTĄ PŁATNICZĄ;Artykuły spożywcze
06.05.2026;06.05.2026;CARREFOUR SUPERMARKET  OLSZTYN;;'23124015321111001044176713;;*********3025639;-27,36;PLN;'C992612611777028;TRANSAKCJA KARTĄ PŁATNICZĄ;Artykuły spożywcze
06.05.2026;06.05.2026;HALF PRICE 01          OLSZTYN;;'23124015321111001044176713;;*********3025639;-44,99;PLN;'C992612610632318;TRANSAKCJA KARTĄ PŁATNICZĄ;Ubrania
06.05.2026;06.05.2026;STARA PIEKARNIA  81732 OLSZTYN;;'23124015321111001044176713;;*********3025639;-16,00;PLN;'C992612609700874;TRANSAKCJA KARTĄ PŁATNICZĄ;Artykuły spożywcze
06.05.2026;03.05.2026;BANK PEKAO S.A.;CENTRALA-OŚRODEK OPERACJI KART UL. ŻUBRA 1 01-066 WARSZAWA;'53124000270999999999999999;'23124015321111001044176713;ANULOWANIE TRANSAKCJINA KARTĘ **** **** 4302 5639WYKONANEJ: www.bilet.intercity.pl\Al. Jerozolimski DN. 03/05/2026;2,55;PLN;'0326050560031715;PRZELEW;Inne
05.05.2026;05.05.2026;SUPERBOX.COM.PL        ZABKI;;'23124015321111001044176713;;*********3025639;-221,65;PLN;'C992612520576252;TRANSAKCJA KARTĄ PŁATNICZĄ;Transport publiczny
05.05.2026;05.05.2026;ALLEGRO                POZNAN;;'23124015321111001044176713;;*********3025639;-50,97;PLN;'C992612520566797;TRANSAKCJA KARTĄ PŁATNICZĄ;Zakupy przez internet
05.05.2026;05.05.2026;FLIXBUS.COM            BERLIN;;'23124015321111001044176713;;;-83,97;PLN;'C992612517334823;TRANSAKCJA KARTĄ PŁATNICZĄ;Transport publiczny
05.05.2026;05.05.2026;ALLEGRO                POZNAN;;'23124015321111001044176713;;*********3025639;-162,89;PLN;'C992612516289946;TRANSAKCJA KARTĄ PŁATNICZĄ;Zakupy przez internet
05.05.2026;05.05.2026;ALLEGRO                POZNAN;;'23124015321111001044176713;;*********3025639;-197,00;PLN;'C992612515262271;TRANSAKCJA KARTĄ PŁATNICZĄ;Zakupy przez internet
05.05.2026;05.05.2026;CARREFOUR SUPERMARKET  OLSZTYN;;'23124015321111001044176713;;*********3025639;-82,89;PLN;'C992612514217343;TRANSAKCJA KARTĄ PŁATNICZĄ;Artykuły spożywcze
05.05.2026;05.05.2026;PEP*BISTRO VALENTYNA   OLSZTYN;;'23124015321111001044176713;;*********3025639;-30,00;PLN;'C992612513298935;TRANSAKCJA KARTĄ PŁATNICZĄ;Restauracje i kawiarnie
05.05.2026;05.05.2026;TEMU.COM               DUBLIN;;'23124015321111001044176713;;;-333,41;PLN;'C992612510161174;TRANSAKCJA KARTĄ PŁATNICZĄ;Bez kategorii
05.05.2026;29.04.2026;BANK PEKAO S.A.;CENTRALA-OŚRODEK OPERACJI KART UL. ŻUBRA 1 01-066 WARSZAWA;'53124000270999999999999999;'23124015321111001044176713;ZWROT NIEROZLICZONEJ TRANSAKCJINA KARTĘ **** **** 4302 5639WYKONANEJ DN. 29/04/2026;4,00;PLN;'0326050460063436;PRZELEW;Inne
05.05.2026;04.05.2026;TEMU.COM               DUBLIN;;'23124015321111001044176713;;;-136,98;PLN;'C992612423022095;TRANSAKCJA KARTĄ PŁATNICZĄ;Bez kategorii
04.05.2026;04.05.2026;XTB SPOLKA AKCYJNA;;'39124015321787001140533465;'20124020929729000002871368;2871368;-2 261,00;USD;'0142654622901709;REALIZACJA PŁATNOŚCI PEOPAY;Bez kategorii
04.05.2026;04.05.2026;RESTAURACJA CHINA TOWN OLSZTYN;;'23124015321111001044176713;;*********3025639;-35,00;PLN;'C992612420860123;TRANSAKCJA KARTĄ PŁATNICZĄ;Restauracje i kawiarnie
04.05.2026;04.05.2026;JMP S.A. BIEDRONKA 548 OLSZTYN;;'23124015321111001044176713;;*********3025639;-110,37;PLN;'C992612419964750;TRANSAKCJA KARTĄ PŁATNICZĄ;Artykuły spożywcze
04.05.2026;04.05.2026;;;'23124015321111001044176713;'92124020921362991111000000;Opłata za polec. przelewu krajowegow złotych w trybie ekspresowymz rach.: 23124015321111001044176713za okres: 01.04.2026-30.04.2026;-5,00;PLN;'M0150QE500410765;PROWIZJE AUT.;Opłaty bankowe
04.05.2026;04.05.2026;RELAY, PKP 33331       WARSZAWA;;'23124015321111001044176713;;*********3025639;-13,73;PLN;'C992612415654750;TRANSAKCJA KARTĄ PŁATNICZĄ;Gazety lub czasopisma
04.05.2026;04.05.2026;BISTRO FABULA          WARSZAWA;;'23124015321111001044176713;;*********3025639;-21,98;PLN;'C992612414606939;TRANSAKCJA KARTĄ PŁATNICZĄ;Restauracje i kawiarnie
04.05.2026;04.05.2026;CURRENCY ONE SA;SZYPERSKA 14 61-754    POZNAŃ              PL;'30124066251787001024213427;'39124015321787001140533465;/OPF/X/////TAGWTPL58734402 26034413Kamil Sobieraj;2 743,64;USD;'5650504608303004;PRZELEW;Inne
04.05.2026;04.05.2026;PAYPRO S.A.;;'23124015321111001044176713;'65124059341111001093613108;/OPT/X/////P24-N3A-V8A-A4Q;-10 000,00;PLN;'0142654621108312;PRZELEW WEWNĘTRZNY - DOSTAWCA;Bez kategorii
04.05.2026;04.05.2026;XTB SPÓŁKA AKCYJNA;PROSTA 67 00-838 WARSZAWA;'28124040960004000002852889;'23124015321111001044176713;Withdrawal from 2852889;10 000,00;PLN;'M0380QDU00004512;PRZELEW;Inne
04.05.2026;04.05.2026;JAKDOJADE.PL           POZNAN;;'23124015321111001044176713;;*********3025639;-20,00;PLN;'C992612411493891;TRANSAKCJA KARTĄ PŁATNICZĄ;Transport publiczny
04.05.2026;04.05.2026;WWW.BILET.INTERCITY.PL WARSZAWA;;'23124015321111001044176713;;*********3025639;-8,10;PLN;'C992612400307288;TRANSAKCJA KARTĄ PŁATNICZĄ;Transport publiczny
04.05.2026;03.05.2026;FPLTRANSPORT ZBIGNIEW KRÓLIKOWSKI;L. KLONOWA, 5, 11-010 WÓJTOWO, POLS KA;'23124015321111001044176713;'77109025900000000142409743;dok. nr ZK/22/FV/01/05/2026;-2 100,00;PLN;'0142653627801468;REALIZACJA PŁATNOŚCI PEOPAY;Bez kategorii
04.05.2026;03.05.2026;ZABKA Z4410 K.2        WARSZAWA;;'23124015321111001044176713;;*********3025639;-12,98;PLN;'C992612319268188;TRANSAKCJA KARTĄ PŁATNICZĄ;Artykuły spożywcze
04.05.2026;03.05.2026;PIEKARNIA ORMIANSKA ZE WARSZAWA;;'23124015321111001044176713;;*********3025639;-46,00;PLN;'C992612317325198;TRANSAKCJA KARTĄ PŁATNICZĄ;Artykuły spożywcze
04.05.2026;03.05.2026;MEKONG                 WARSZAWA;;'23124015321111001044176713;;*********3025639;-31,50;PLN;'C992612317211267;TRANSAKCJA KARTĄ PŁATNICZĄ;Restauracje i kawiarnie
04.05.2026;03.05.2026;ZABKA Z4410 K.2        WARSZAWA;;'23124015321111001044176713;;*********3025639;-7,99;PLN;'C992612309057986;TRANSAKCJA KARTĄ PŁATNICZĄ;Artykuły spożywcze
04.05.2026;03.05.2026;ZABKA Z4410 K.2        WARSZAWA;;'23124015321111001044176713;;*********3025639;-22,70;PLN;'C992612309057853;TRANSAKCJA KARTĄ PŁATNICZĄ;Artykuły spożywcze
02.05.2026;02.05.2026;TADIM DONER GRILL      WARSZAWA;;'23124015321111001044176713;;*********3025639;-36,00;PLN;'C992612220988908;TRANSAKCJA KARTĄ PŁATNICZĄ;Restauracje i kawiarnie
02.05.2026;02.05.2026;ZABKA Z6778 K.1        WARSZAWA;;'23124015321111001044176713;;*********3025639;-7,40;PLN;'C992612218045434;TRANSAKCJA KARTĄ PŁATNICZĄ;Artykuły spożywcze
02.05.2026;02.05.2026;ZECCER                 WROCLAW;;'23124015321111001044176713;;*********3025639;-10,76;PLN;'C992612218942837;TRANSAKCJA KARTĄ PŁATNICZĄ;Książki
02.05.2026;02.05.2026;JMP S.A. BIEDRONKA 445 WARSZAWA;;'23124015321111001044176713;;*********3025639;-9,28;PLN;'C992612214802766;TRANSAKCJA KARTĄ PŁATNICZĄ;Artykuły spożywcze
02.05.2026;02.05.2026;CARREFOUR HIPERMARKET  WARSZAWA;;'23124015321111001044176713;;*********3025639;-3,59;PLN;'C992612210719412;TRANSAKCJA KARTĄ PŁATNICZĄ;Artykuły spożywcze
02.05.2026;02.05.2026;ACTION A338 WARSZAWA   WARSZAWA;;'23124015321111001044176713;;*********3025639;-49,90;PLN;'C992612210710408;TRANSAKCJA KARTĄ PŁATNICZĄ;Bez kategorii
02.05.2026;29.04.2026;BANK PEKAO S.A.;CENTRALA-OŚRODEK OPERACJI KART UL. ŻUBRA 1 01-066 WARSZAWA;'23124015321111001044176713;'53124000270999999999999999;KOREKTA OBC. Z TYT. TRANSAKCJINA KARTĘ **** **** 4302 5639WYKONANEJ: BOLT.EU/O/2604291023\Prosta 67\Warsaw\0 DN. 29/04/2026;-4,00;PLN;'0326050160054552;PRZELEW;Inne
02.05.2026;01.05.2026;TADIM DONER GRILL      WARSZAWA;;'23124015321111001044176713;;*********3025639;-32,00;PLN;'C992612122466759;TRANSAKCJA KARTĄ PŁATNICZĄ;Restauracje i kawiarnie
02.05.2026;01.05.2026;WISNIEWSKI WARSZAWA    WARSZAWA;;'23124015321111001044176713;;*********3025639;-51,00;PLN;'C992612122561026;TRANSAKCJA KARTĄ PŁATNICZĄ;Puby i kluby
02.05.2026;01.05.2026;SWIAT ALKOHOLI JEROZOL WARSZAWA;;'23124015321111001044176713;;*********3025639;-5,99;PLN;'C992612122463699;TRANSAKCJA KARTĄ PŁATNICZĄ;Alkohol
02.05.2026;01.05.2026;WWW.BILET.INTERCITY.PL WARSZAWA;;'23124015321111001044176713;;*********3025639;-3,00;PLN;'C992612121457874;TRANSAKCJA KARTĄ PŁATNICZĄ;Transport publiczny
01.05.2026;01.05.2026;WWW.BILET.INTERCITY.PL WARSZAWA;;'23124015321111001044176713;;*********3025639;-3,00;PLN;'C992612120536159;TRANSAKCJA KARTĄ PŁATNICZĄ;Transport publiczny
01.05.2026;01.05.2026;WWW.BILET.INTERCITY.PL WARSZAWA;;'23124015321111001044176713;;*********3025639;-12,10;PLN;'C992612119528913;TRANSAKCJA KARTĄ PŁATNICZĄ;Transport publiczny
01.05.2026;01.05.2026;ZABKA Z8085 K.2        WARSZAWA;;'23124015321111001044176713;;*********3025639;-31,99;PLN;'C992612119417856;TRANSAKCJA KARTĄ PŁATNICZĄ;Artykuły spożywcze
01.05.2026;01.05.2026;ARKADIUSZ ANDRZEJEWSKI WARSZAWA;;'23124015321111001044176713;;*********3025639;-11,50;PLN;'C992612115347931;TRANSAKCJA KARTĄ PŁATNICZĄ;Artykuły spożywcze
01.05.2026;01.05.2026;ZABKA Z4410 K.2        WARSZAWA;;'23124015321111001044176713;;*********3025639;-14,00;PLN;'C992612110338108;TRANSAKCJA KARTĄ PŁATNICZĄ;Artykuły spożywcze
01.05.2026;30.04.2026;JMP S.A. BIEDRONKA 445 WARSZAWA;;'23124015321111001044176713;;*********3025639;-22,28;PLN;'C992612021258800;TRANSAKCJA KARTĄ PŁATNICZĄ;Artykuły spożywcze
30.04.2026;30.04.2026;;;;'23124015321111001044176713;ODSETKI OD DEPOZYTU;0,08;PLN;'014264U98C000973;ODSETKI OD DEPOZYTU;Odsetki, zwrot z inwestycji
30.04.2026;30.04.2026;;;'23124015321111001044176713;;PODATEK POBRANY;-0,02;PLN;'014264U98C000972;PODATEK POBRANY;Podatki
30.04.2026;30.04.2026;FIRMOWY OLSZTYN PKP    OLSZTYN;;'23124015321111001044176713;;*********3025639;-6,00;PLN;'C992612016939684;TRANSAKCJA KARTĄ PŁATNICZĄ;Transport publiczny
30.04.2026;30.04.2026;STOLOWKA WARMINSK08955 OLSZTYN;;'23124015321111001044176713;;*********3025639;-26,00;PLN;'C992612015903645;TRANSAKCJA KARTĄ PŁATNICZĄ;Restauracje i kawiarnie
30.04.2026;30.04.2026;WWW.BILET.INTERCITY.PL WARSZAWA;;'23124015321111001044176713;;*********3025639;-3,00;PLN;'C992612015965443;TRANSAKCJA KARTĄ PŁATNICZĄ;Transport publiczny
30.04.2026;30.04.2026;JMP S.A. BIEDRONKA 548 OLSZTYN;;'23124015321111001044176713;;*********3025639;-94,93;PLN;'C992612014903873;TRANSAKCJA KARTĄ PŁATNICZĄ;Artykuły spożywcze
30.04.2026;30.04.2026;PZU;;'23124015321111001044176713;'51124069603014011051389432;1120452342;-91,00;PLN;'014264U628600252;REALIZACJA PŁATNOŚCI PEOPAY;Ubezpieczenia
30.04.2026;30.04.2026;STREET CAFE KAMIL PIAT OLSZTYN;;'23124015321111001044176713;;*********3025639;-32,00;PLN;'C992612012841194;TRANSAKCJA KARTĄ PŁATNICZĄ;Restauracje i kawiarnie
30.04.2026;30.04.2026;JMP S.A. BIEDRONKA 445 WARSZAWA;;'23124015321111001044176713;;*********3025639;-13,87;PLN;'C992612008630492;TRANSAKCJA KARTĄ PŁATNICZĄ;Artykuły spożywcze
29.04.2026;29.04.2026;SENDIT.PL              WROCLAW;;'23124015321111001044176713;;*********3025639;-130,66;PLN;'C992611920444323;TRANSAKCJA KARTĄ PŁATNICZĄ;Bez kategorii
29.04.2026;29.04.2026;JMP S.A. BIEDRONKA 445 WARSZAWA;;'23124015321111001044176713;;*********3025639;-4,49;PLN;'C992611917317349;TRANSAKCJA KARTĄ PŁATNICZĄ;Artykuły spożywcze
29.04.2026;29.04.2026;BOLT.EU/O/2604291023   WARSAW;;'23124015321111001044176713;;;-4,00;PLN;'C992611912193790;TRANSAKCJA KARTĄ PŁATNICZĄ;Taxi
29.04.2026;29.04.2026;BOLT.EU/O/2604291023   WARSAW;;'23124015321111001044176713;;;-23,90;PLN;'C992611912101098;TRANSAKCJA KARTĄ PŁATNICZĄ;Taxi
29.04.2026;29.04.2026;JMP S.A. BIEDRONKA 445 WARSZAWA;;'23124015321111001044176713;;*********3025639;-11,16;PLN;'C992611909000436;TRANSAKCJA KARTĄ PŁATNICZĄ;Artykuły spożywcze
29.04.2026;28.04.2026;MARIUSZ ZIECINA;;'23124015321111001044176713;'26102011270000130202564748;Przelew na telefon 48514***978. Restauracja u siostr;-60,00;PLN;'M042101378111188;PRZELEW BLIK WYCHODZĄCY;Restauracje i kawiarnie
29.04.2026;28.04.2026;LIPONOGA NINA;;'23116022020000000081891379;'23124015321111001044176713;Przelew BLIK na telefon;30,00;PLN;'M042000245986630;PRZELEW BLIK PRZYCHODZĄCY;Sprzedaż
28.04.2026;28.04.2026;GOOD LOOD              KRAKOW;;'23124015321111001044176713;;*********3025639;-18,00;PLN;'C992611820846716;TRANSAKCJA KARTĄ PŁATNICZĄ;Restauracje i kawiarnie
28.04.2026;28.04.2026;MARIUSZ ZIĘCINA;;'26102011270000130202564748;'23124015321111001044176713;ChinczykOd: 48514655978 Do: 485*****789;30,00;PLN;'M042000245890951;PRZELEW BLIK PRZYCHODZĄCY;Inne
28.04.2026;28.04.2026;MACHOP SP. Z O.O.      WARSZAWA;;'23124015321111001044176713;;*********3025639;-99,50;PLN;'C992611813645376;TRANSAKCJA KARTĄ PŁATNICZĄ;Restauracje i kawiarnie
28.04.2026;28.04.2026;GORACO POLECAM         WARSZAWA;;'23124015321111001044176713;;*********3025639;-15,95;PLN;'C992611808385997;TRANSAKCJA KARTĄ PŁATNICZĄ;Artykuły spożywcze
28.04.2026;27.04.2026;JMP S.A. BIEDRONKA 445 WARSZAWA;;'23124015321111001044176713;;*********3025639;-22,47;PLN;'C992611721304680;TRANSAKCJA KARTĄ PŁATNICZĄ;Artykuły spożywcze
27.04.2026;27.04.2026;JAKDOJADE.PL           POZNAN;;'23124015321111001044176713;;*********3025639;-20,00;PLN;'C992611717199776;TRANSAKCJA KARTĄ PŁATNICZĄ;Transport publiczny
27.04.2026;27.04.2026;ZABKA Z4410 K.1        WARSZAWA;;'23124015321111001044176713;;*********3025639;-27,99;PLN;'C992611715116454;TRANSAKCJA KARTĄ PŁATNICZĄ;Artykuły spożywcze
27.04.2026;27.04.2026;JMP S.A. BIEDRONKA 445 WARSZAWA;;'23124015321111001044176713;;*********3025639;-22,65;PLN;'C992611714150859;TRANSAKCJA KARTĄ PŁATNICZĄ;Artykuły spożywcze
27.04.2026;27.04.2026;JMP S.A. BIEDRONKA 445 WARSZAWA;;'23124015321111001044176713;;*********3025639;-29,97;PLN;'C992611709935097;TRANSAKCJA KARTĄ PŁATNICZĄ;Artykuły spożywcze
27.04.2026;26.04.2026;JMP S.A. BIEDRONKA 445 WARSZAWA;;'23124015321111001044176713;;*********3025639;-12,77;PLN;'C992611620762932;TRANSAKCJA KARTĄ PŁATNICZĄ;Artykuły spożywcze
27.04.2026;26.04.2026;JMP S.A. BIEDRONKA 445 WARSZAWA;;'23124015321111001044176713;;*********3025639;-15,96;PLN;'C992611610469434;TRANSAKCJA KARTĄ PŁATNICZĄ;Artykuły spożywcze
25.04.2026;25.04.2026;JMP S.A. BIEDRONKA 445 WARSZAWA;;'23124015321111001044176713;;*********3025639;-25,98;PLN;'C992611518308971;TRANSAKCJA KARTĄ PŁATNICZĄ;Artykuły spożywcze
25.04.2026;25.04.2026;UBER   * PENDING       AMSTERDAM;;'23124015321111001044176713;;*********3025639;-17,05;PLN;'C992611516282174;TRANSAKCJA KARTĄ PŁATNICZĄ;Taxi
25.04.2026;25.04.2026;JMP S.A. BIEDRONKA 445 WARSZAWA;;'23124015321111001044176713;;*********3025639;-16,19;PLN;'C992611511011055;TRANSAKCJA KARTĄ PŁATNICZĄ;Artykuły spożywcze
25.04.2026;25.04.2026;ZABKA Z2819 K.2        WARSZAWA;;'23124015321111001044176713;;*********3025639;-10,98;PLN;'C992611517324979;TRANSAKCJA KARTĄ PŁATNICZĄ;Artykuły spożywcze
24.04.2026;24.04.2026;JMP S.A. BIEDRONKA 445 WARSZAWA;;'23124015321111001044176713;;*********3025639;-10,23;PLN;'C992611409309161;TRANSAKCJA KARTĄ PŁATNICZĄ;Artykuły spożywcze
24.04.2026;24.04.2026;ZABKA Z4410 K.1        WARSZAWA;;'23124015321111001044176713;;*********3025639;-7,49;PLN;'C992611419789027;TRANSAKCJA KARTĄ PŁATNICZĄ;Artykuły spożywcze
23.04.2026;23.04.2026;APTEKA 37              WARSZAWA;;'23124015321111001044176713;;*********3025639;-54,00;PLN;'C992611318164822;TRANSAKCJA KARTĄ PŁATNICZĄ;Lekarstwa
23.04.2026;23.04.2026;BISTRO GRZYBOWSKA      WARSZAWA;;'23124015321111001044176713;;*********3025639;-29,81;PLN;'C992611312870373;TRANSAKCJA KARTĄ PŁATNICZĄ;Restauracje i kawiarnie
23.04.2026;23.04.2026;ZABKA Z4410 K.2        WARSZAWA;;'23124015321111001044176713;;*********3025639;-47,94;PLN;'C992611318138941;TRANSAKCJA KARTĄ PŁATNICZĄ;Artykuły spożywcze
23.04.2026;23.04.2026;JMP S.A. BIEDRONKA 445 WARSZAWA;;'23124015321111001044176713;;*********3025639;-9,49;PLN;'C992611312891365;TRANSAKCJA KARTĄ PŁATNICZĄ;Artykuły spożywcze
22.04.2026;22.04.2026;CARREFOUR HIPERMARKET  WARSZAWA;;'23124015321111001044176713;;*********3025639;-54,37;PLN;'C992611218582026;TRANSAKCJA KARTĄ PŁATNICZĄ;Artykuły spożywcze
22.04.2026;22.04.2026;TADIM DONER GRILL      WARSZAWA;;'23124015321111001044176713;;*********3025639;-36,00;PLN;'C992611213373314;TRANSAKCJA KARTĄ PŁATNICZĄ;Restauracje i kawiarnie
22.04.2026;22.04.2026;WWW.BILET.INTERCITY.PL WARSZAWA;;'23124015321111001044176713;;*********3025639;-8,10;PLN;'C992611210242103;TRANSAKCJA KARTĄ PŁATNICZĄ;Transport publiczny
22.04.2026;22.04.2026;PAYPRO S.A.;INTERCITY.PL UL. PASTELOWA 8,POZNAN;'23124015321111001044176713;;BLIK REF       93851871748;-262,00;PLN;'C992611210237316;PŁATNOŚĆ BLIK;Zakupy przez internet
22.04.2026;22.04.2026;JMP S.A. BIEDRONKA 445 WARSZAWA;;'23124015321111001044176713;;*********3025639;-9,22;PLN;'C992611207161367;TRANSAKCJA KARTĄ PŁATNICZĄ;Artykuły spożywcze
22.04.2026;21.04.2026;JMP S.A. BIEDRONKA 445 WARSZAWA;;'23124015321111001044176713;;*********3025639;-6,69;PLN;'C992611121078411;TRANSAKCJA KARTĄ PŁATNICZĄ;Artykuły spożywcze
21.04.2026;21.04.2026;BUDZIŃSKA JULIA;;'15105015591000009267210426;'23124015321111001044176713;Przelew na telefon +48xxxxxx789Multisport- majDla Kamil SobierajOd JULIA BUDZIŃSKA;185,45;PLN;'M042000244504278;PRZELEW BLIK PRZYCHODZĄCY;Sprzedaż
21.04.2026;21.04.2026;BOGUSŁAW WRĄBEL;UL PADEREWSKIEGO 5 M. 4 98-220    ZDUŃSKA WOLA        PL;'84124030311111000034292501;'23124015321111001044176713;Przelew na telefon 48502***789. Przelew na telefon;53,00;PLN;'416264L609008896;PRZELEW;Sprzedaż
21.04.2026;21.04.2026;MONIKA ADAMOWICZ-BALCERCZYK;;'21191010482205037537810001;'23124015321111001044176713;Transfer to the phone;53,00;PLN;'M042000244434781;PRZELEW BLIK PRZYCHODZĄCY;Inne
21.04.2026;21.04.2026;MARIUSZ ZIĘCINA;;'40249000050000400002969849;'23124015321111001044176713;Burger;53,00;PLN;'M042000244434714;PRZELEW BLIK PRZYCHODZĄCY;Inne
21.04.2026;21.04.2026;LIPONOGA NINA;;'23116022020000000081891379;'23124015321111001044176713;Przelew BLIK na telefon;46,00;PLN;'M042000244434696;PRZELEW BLIK PRZYCHODZĄCY;Sprzedaż
21.04.2026;21.04.2026;JAKUB WRÓBEL;;'87102033520000170200784652;'23124015321111001044176713;Przelew na telefonOd: 48790768858 Do: 485*****789;48,00;PLN;'M042000244434529;PRZELEW BLIK PRZYCHODZĄCY;Sprzedaż
21.04.2026;21.04.2026;WOLT                   POLAND;;'23124015321111001044176713;;*********3025639;-305,49;PLN;'C992611113775064;TRANSAKCJA KARTĄ PŁATNICZĄ;Restauracje i kawiarnie
21.04.2026;21.04.2026;AUTOMATSPEC SPZOO      LISZKI;;'23124015321111001044176713;;*********3025639;-4,50;PLN;'C992611108624789;TRANSAKCJA KARTĄ PŁATNICZĄ;Restauracje i kawiarnie
21.04.2026;21.04.2026;GORACO POLECAM         WARSZAWA;;'23124015321111001044176713;;*********3025639;-15,95;PLN;'C992611108603175;TRANSAKCJA KARTĄ PŁATNICZĄ;Artykuły spożywcze
21.04.2026;20.04.2026;ALLEGRO                POZNAN;;'23124015321111001044176713;;*********3025639;-79,60;PLN;'C992611021526387;TRANSAKCJA KARTĄ PŁATNICZĄ;Zakupy przez internet
20.04.2026;20.04.2026;KOLEO BILETY KOLEJOWE  WARSZAWA;;'23124015321111001044176713;;*********3025639;-66,10;PLN;'C992611018433812;TRANSAKCJA KARTĄ PŁATNICZĄ;Inne
20.04.2026;20.04.2026;BISTRO GRZYBOWSKA      WARSZAWA;;'23124015321111001044176713;;*********3025639;-33,81;PLN;'C992611013250224;TRANSAKCJA KARTĄ PŁATNICZĄ;Restauracje i kawiarnie
20.04.2026;20.04.2026;KACPER BANASIK;;'23124015321111001044176713;'69124060031111001048178711;Splitwase;-173,81;PLN;'014264K620100375;REALIZACJA PŁATNOŚCI PEOPAY;Czynsz
20.04.2026;20.04.2026;JMP S.A. BIEDRONKA 445 WARSZAWA;;'23124015321111001044176713;;*********3025639;-32,59;PLN;'C992611011137028;TRANSAKCJA KARTĄ PŁATNICZĄ;Artykuły spożywcze
20.04.2026;19.04.2026;ZABKA Z4410 K.1        WARSZAWA;;'23124015321111001044176713;;*********3025639;-16,00;PLN;'C992610916685807;TRANSAKCJA KARTĄ PŁATNICZĄ;Artykuły spożywcze
20.04.2026;19.04.2026;KOLEO BILETY KOLEJOWE  WARSZAWA;;'23124015321111001044176713;;*********3025639;-47,40;PLN;'C992610913672021;TRANSAKCJA KARTĄ PŁATNICZĄ;Inne
20.04.2026;19.04.2026;SKLEP SPOZYWCZY LUBI   OLSZTYN;;'23124015321111001044176713;;*********3025639;-15,98;PLN;'C992610913602326;TRANSAKCJA KARTĄ PŁATNICZĄ;Artykuły spożywcze
20.04.2026;19.04.2026;FPL TRANSPORT ZBIGNIEW KRÓLIKOWSKI;;'23124015321111001044176713;'77109025900000000142409743;Kaucja-zadatek pokój nr 7  Warmińska 8/4  (Kamil Sobieraj);-2 400,00;PLN;'M042101370581156;PRZELEW EXPRESS ELIXIR;Bez kategorii
20.04.2026;19.04.2026;"KAWIARNIA ""MOJA""       OLSZTYN";;'23124015321111001044176713;;*********3025639;-35,00;PLN;'C992610909540518;TRANSAKCJA KARTĄ PŁATNICZĄ;Restauracje i kawiarnie
18.04.2026;18.04.2026;ZABKA Z2453 K.1        OLSZTYN;;'23124015321111001044176713;;*********3025639;-30,40;PLN;'C992610816391278;TRANSAKCJA KARTĄ PŁATNICZĄ;Artykuły spożywcze
18.04.2026;18.04.2026;IWONA ZEMEJDA          OLSZTYN;;'23124015321111001044176713;;*********3025639;-14,75;PLN;'C992610816386789;TRANSAKCJA KARTĄ PŁATNICZĄ;Restauracje i kawiarnie
18.04.2026;18.04.2026;KOLOROWA LAKA          WARSZAWA;;'23124015321111001044176713;;*********3025639;-82,08;PLN;'C992610816314584;TRANSAKCJA KARTĄ PŁATNICZĄ;Artykuły spożywcze
18.04.2026;18.04.2026;HOUSE CAFE             OLSZTYN;;'23124015321111001044176713;;*********3025639;-10,00;PLN;'C992610816301593;TRANSAKCJA KARTĄ PŁATNICZĄ;Restauracje i kawiarnie
18.04.2026;18.04.2026;ZABKA ZD595 K.2        OLSZTYN;;'23124015321111001044176713;;*********3025639;-8,98;PLN;'C992610815284828;TRANSAKCJA KARTĄ PŁATNICZĄ;Artykuły spożywcze
18.04.2026;18.04.2026;GMINA OLSZTYN B003     OLSZTYN;;'23124015321111001044176713;;*********3025639;-15,00;PLN;'C992610813212407;TRANSAKCJA KARTĄ PŁATNICZĄ;Transport publiczny
18.04.2026;18.04.2026;LOKALIZACJA 1    06652 OLSZTYN;;'23124015321111001044176713;;*********3025639;-36,00;PLN;'C992610813186029;TRANSAKCJA KARTĄ PŁATNICZĄ;Artykuły spożywcze
18.04.2026;18.04.2026;ZABKA Z5787 K.2        OLSZTYN;;'23124015321111001044176713;;*********3025639;-8,98;PLN;'C992610813172608;TRANSAKCJA KARTĄ PŁATNICZĄ;Artykuły spożywcze
17.04.2026;17.04.2026;JMP S.A. BIEDRONKA 445 WARSZAWA;;'23124015321111001044176713;;*********3025639;-0,70;PLN;'C992610719829455;TRANSAKCJA KARTĄ PŁATNICZĄ;Artykuły spożywcze
17.04.2026;17.04.2026;JMP S.A. BIEDRONKA 445 WARSZAWA;;'23124015321111001044176713;;*********3025639;-21,99;PLN;'C992610713593462;TRANSAKCJA KARTĄ PŁATNICZĄ;Artykuły spożywcze
17.04.2026;17.04.2026;APTEKA 37              WARSZAWA;;'23124015321111001044176713;;*********3025639;-19,50;PLN;'C992610713591065;TRANSAKCJA KARTĄ PŁATNICZĄ;Lekarstwa
17.04.2026;17.04.2026;BISTRO GRZYBOWSKA      WARSZAWA;;'23124015321111001044176713;;*********3025639;-25,00;PLN;'C992610712550238;TRANSAKCJA KARTĄ PŁATNICZĄ;Restauracje i kawiarnie
17.04.2026;17.04.2026;KAFETERIA.MYBENEFIT.PL WARSZAWA;;'23124015321111001044176713;;*********3025639;-185,45;PLN;'C992610709427548;TRANSAKCJA KARTĄ PŁATNICZĄ;Sport
17.04.2026;17.04.2026;JMP S.A. BIEDRONKA 445 WARSZAWA;;'23124015321111001044176713;;*********3025639;-0,35;PLN;'C992610709366667;TRANSAKCJA KARTĄ PŁATNICZĄ;Artykuły spożywcze
16.04.2026;16.04.2026;JMP S.A. BIEDRONKA 445 WARSZAWA;;'23124015321111001044176713;;*********3025639;-16,97;PLN;'C992610612943462;TRANSAKCJA KARTĄ PŁATNICZĄ;Artykuły spożywcze
16.04.2026;16.04.2026;LIDL KAROLKOWA         WARSZAWA;;'23124015321111001044176713;;*********3025639;-32,96;PLN;'C992610608775922;TRANSAKCJA KARTĄ PŁATNICZĄ;Artykuły spożywcze
16.04.2026;16.04.2026;BISTRO GRZYBOWSKA      WARSZAWA;;'23124015321111001044176713;;*********3025639;-26,81;PLN;'C992610615094161;TRANSAKCJA KARTĄ PŁATNICZĄ;Restauracje i kawiarnie
16.04.2026;16.04.2026;JMP S.A. BIEDRONKA 445 WARSZAWA;;'23124015321111001044176713;;*********3025639;-25,67;PLN;'C992610620224998;TRANSAKCJA KARTĄ PŁATNICZĄ;Artykuły spożywcze
15.04.2026;14.04.2026;HOTEL AT BOOKING.COM   AMSTERDAM;;'23124015321111001044176713;;;-160,00;PLN;'C992610422146140;TRANSAKCJA KARTĄ PŁATNICZĄ;Hotele
15.04.2026;14.04.2026;KOLEO BILETY KOLEJOWE  WARSZAWA;;'23124015321111001044176713;;*********3025639;-52,14;PLN;'C992610421118304;TRANSAKCJA KARTĄ PŁATNICZĄ;Inne
15.04.2026;14.04.2026;KOLEO BILETY KOLEJOWE  WARSZAWA;;'23124015321111001044176713;;*********3025639;-39,00;PLN;'C992610421136739;TRANSAKCJA KARTĄ PŁATNICZĄ;Inne
15.04.2026;15.04.2026;JMP S.A. BIEDRONKA 445 WARSZAWA;;'23124015321111001044176713;;*********3025639;-7,49;PLN;'C992610520661888;TRANSAKCJA KARTĄ PŁATNICZĄ;Artykuły spożywcze
15.04.2026;15.04.2026;JMP S.A. BIEDRONKA 445 WARSZAWA;;'23124015321111001044176713;;*********3025639;-8,28;PLN;'C992610517600013;TRANSAKCJA KARTĄ PŁATNICZĄ;Artykuły spożywcze
15.04.2026;15.04.2026;APTEKA PRZYOKOPOWA     WARSZAWA;;'23124015321111001044176713;;*********3025639;-78,22;PLN;'C992610517563205;TRANSAKCJA KARTĄ PŁATNICZĄ;Lekarstwa
15.04.2026;15.04.2026;JAKDOJADE.PL           POZNAN;;'23124015321111001044176713;;*********3025639;-20,00;PLN;'C992610516521759;TRANSAKCJA KARTĄ PŁATNICZĄ;Transport publiczny
15.04.2026;15.04.2026;MARIUSZ ZIĘCINA;;'40249000050000400002969849;'23124015321111001044176713;Chińczyk;20,00;PLN;'M042000243216583;PRZELEW BLIK PRZYCHODZĄCY;Inne
15.04.2026;15.04.2026;LUX MED 08             WARSZAWA;;'23124015321111001044176713;;*********3025639;-5 390,00;PLN;'C992610516535541;TRANSAKCJA KARTĄ PŁATNICZĄ;Opieka medyczna
15.04.2026;15.04.2026;ASSECO POLAND SA PŁACE;UL. OLCHOWA 14 35-322 RZESZÓW;'42124059181111000049090675;'23124015321111001044176713;PREMIA STANDBY **202604P3** 23119;1 056,97;PLN;'4910415989851676;PRZELEW;Premia, nagroda
15.04.2026;15.04.2026;;;'23124015321111001044176713;'92124020921362991111000000;Opłata za obsługę kartyMasterCard Debit*43025639 za miesiąc 04.2026;-1,00;PLN;'M0150QDG00111830;PROWIZJE AUT.;Opłaty bankowe
15.04.2026;15.04.2026;JMP S.A. BIEDRONKA 445 WARSZAWA;;'23124015321111001044176713;;*********3025639;-17,97;PLN;'C992610509261482;TRANSAKCJA KARTĄ PŁATNICZĄ;Artykuły spożywcze
14.04.2026;14.04.2026;MACHOP SP. Z O.O.      WARSZAWA;;'23124015321111001044176713;;*********3025639;-51,50;PLN;'C992610415910969;TRANSAKCJA KARTĄ PŁATNICZĄ;Restauracje i kawiarnie
14.04.2026;14.04.2026;AUTOMATSPEC SPZOO      LISZKI;;'23124015321111001044176713;;*********3025639;-4,50;PLN;'C992610416948113;TRANSAKCJA KARTĄ PŁATNICZĄ;Restauracje i kawiarnie
14.04.2026;13.04.2026;JMP S.A. BIEDRONKA 445 WARSZAWA;;'23124015321111001044176713;;*********3025639;-7,49;PLN;'C992610321554679;TRANSAKCJA KARTĄ PŁATNICZĄ;Artykuły spożywcze
13.04.2026;13.04.2026;JMP S.A. BIEDRONKA 445 WARSZAWA;;'23124015321111001044176713;;*********3025639;-7,99;PLN;'C992610320537792;TRANSAKCJA KARTĄ PŁATNICZĄ;Artykuły spożywcze
13.04.2026;13.04.2026;SUPERBOX.COM.PL        ZABKI;;'23124015321111001044176713;;*********3025639;-847,47;PLN;'C992610317416336;TRANSAKCJA KARTĄ PŁATNICZĄ;Transport publiczny
13.04.2026;13.04.2026;BISTRO GRZYBOWSKA      WARSZAWA;;'23124015321111001044176713;;*********3025639;-58,43;PLN;'C992610313262142;TRANSAKCJA KARTĄ PŁATNICZĄ;Restauracje i kawiarnie
13.04.2026;13.04.2026;JMP S.A. BIEDRONKA 445 WARSZAWA;;'23124015321111001044176713;;*********3025639;-48,96;PLN;'C992610308074643;TRANSAKCJA KARTĄ PŁATNICZĄ;Artykuły spożywcze
13.04.2026;12.04.2026;ZABKA Z8085 K.1        WARSZAWA;;'23124015321111001044176713;;*********3025639;-6,29;PLN;'C992610217679655;TRANSAKCJA KARTĄ PŁATNICZĄ;Artykuły spożywcze
13.04.2026;11.04.2026;JMP S.A. BIEDRONKA 445 WARSZAWA;;'23124015321111001044176713;;*********3025639;-6,39;PLN;'C992610122483187;TRANSAKCJA KARTĄ PŁATNICZĄ;Artykuły spożywcze
11.04.2026;11.04.2026;UBER   * EATS PENDING  AMSTERDAM;;'23124015321111001044176713;;*********3025639;-62,29;PLN;'C992610117326717;TRANSAKCJA KARTĄ PŁATNICZĄ;Restauracje i kawiarnie
11.04.2026;11.04.2026;JMP S.A. BIEDRONKA 4456WARSZAWA;;'23124015321111001044176713;;*********3025639;-88,45;PLN;'C992610109953400;TRANSAKCJA KARTĄ PŁATNICZĄ;Artykuły spożywcze
10.04.2026;10.04.2026;JMP S.A. BIEDRONKA 445 WARSZAWA;;'23124015321111001044176713;;*********3025639;-15,28;PLN;'C992610020808948;TRANSAKCJA KARTĄ PŁATNICZĄ;Artykuły spożywcze
10.04.2026;10.04.2026;MJA PROJEKT SP. Z O.O WARSZAWA;;'23124015321111001044176713;;*********3025639;-31,81;PLN;'C992610013283220;TRANSAKCJA KARTĄ PŁATNICZĄ;Restauracje i kawiarnie
10.04.2026;10.04.2026;JMP S.A. BIEDRONKA 445 WARSZAWA;;'23124015321111001044176713;;*********3025639;-6,33;PLN;'C992610009079661;TRANSAKCJA KARTĄ PŁATNICZĄ;Artykuły spożywcze
10.04.2026;10.04.2026;IKE BOSSA;;'23124015321111001044176713;'83154011578129000000814183;IKE 814183;-2 355,00;PLN;'014264AA71009390;ZLECENIE STAŁE;Bez kategorii
09.04.2026;09.04.2026;ASSECO POLAND SA PŁACE;UL. OLCHOWA 14 35-322 RZESZÓW;'42124059181111000049090675;'23124015321111001044176713;WYNAGRODZENIE 3/2026 **202603U7** 23119;10 190,32;PLN;'4910409987892575;PRZELEW;Wynagrodzenie
08.04.2026;08.04.2026;JMP S.A. BIEDRONKA 445 WARSZAWA;;'23124015321111001044176713;;*********3025639;-7,85;PLN;'C992609811271837;TRANSAKCJA KARTĄ PŁATNICZĄ;Artykuły spożywcze
08.04.2026;08.04.2026;KUCHNIA WIETNAMSK83619 WARSZAWA;;'23124015321111001044176713;;*********3025639;-32,00;PLN;'C992609817318329;TRANSAKCJA KARTĄ PŁATNICZĄ;Restauracje i kawiarnie
08.04.2026;08.04.2026;JMP S.A. BIEDRONKA 445 WARSZAWA;;'23124015321111001044176713;;*********3025639;-9,97;PLN;'C992609810040494;TRANSAKCJA KARTĄ PŁATNICZĄ;Artykuły spożywcze
08.04.2026;08.04.2026;LIDL KAROLKOWA         WARSZAWA;;'23124015321111001044176713;;*********3025639;-60,06;PLN;'C992609817517438;TRANSAKCJA KARTĄ PŁATNICZĄ;Artykuły spożywcze
07.04.2026;07.04.2026;JMP S.A. BIEDRONKA 445 WARSZAWA;;'23124015321111001044176713;;*********3025639;-15,98;PLN;'C992609716737593;TRANSAKCJA KARTĄ PŁATNICZĄ;Artykuły spożywcze
06.04.2026;06.04.2026;REVOLUT**9494*         DUBLIN;;'23124015321111001044176713;;;-100,00;PLN;'C992609614316508;TRANSAKCJA KARTĄ PŁATNICZĄ;Bez kategorii
06.04.2026;06.04.2026;ZABKA Z4410 K.2        WARSZAWA;;'23124015321111001044176713;;*********3025639;-29,98;PLN;'C992609614315033;TRANSAKCJA KARTĄ PŁATNICZĄ;Artykuły spożywcze
06.04.2026;06.04.2026;PAYPAL *PATRONITE      4029357733;;'23124015321111001044176713;;*********3025639;-7,00;PLN;'C992609612295678;TRANSAKCJA KARTĄ PŁATNICZĄ;Kino i teatr
06.04.2026;06.04.2026;TADIM DONER GRILL      WARSZAWA;;'23124015321111001044176713;;*********3025639;-33,50;PLN;'C992609612287526;TRANSAKCJA KARTĄ PŁATNICZĄ;Restauracje i kawiarnie
04.04.2026;04.04.2026;SKLEP NR 131           LOMZA;;'23124015321111001044176713;;*********3025639;-12,48;PLN;'C992609413138974;TRANSAKCJA KARTĄ PŁATNICZĄ;Artykuły spożywcze
04.04.2026;04.04.2026;BUBBLE TEA             LOMZA;;'23124015321111001044176713;;*********3025639;-34,00;PLN;'C992609412090441;TRANSAKCJA KARTĄ PŁATNICZĄ;Restauracje i kawiarnie
04.04.2026;04.04.2026;EMPIK S.A. SCO         LOMZA;;'23124015321111001044176713;;*********3025639;-6,99;PLN;'C992609411914746;TRANSAKCJA KARTĄ PŁATNICZĄ;Książki
04.04.2026;04.04.2026;UBR* PENDING.UBER.COM  AMSTERDAM;;'23124015321111001044176713;;*********3025639;-5,92;PLN;'C992609411073634;TRANSAKCJA KARTĄ PŁATNICZĄ;Taxi
03.04.2026;03.04.2026;ZABKA ZC606 K.2        WARSZAWA;;'23124015321111001044176713;;*********3025639;-8,40;PLN;'C992609312463976;TRANSAKCJA KARTĄ PŁATNICZĄ;Artykuły spożywcze
02.04.2026;02.04.2026;MINISTERSTWO FINANSOW/K;MF/TWOJ E-PIT P UL. SWIETOKRZYSKA 12,WARSZAWA;'23124015321111001044176713;;BLIK REF       93709528491;-1,12;PLN;'C992609218080621;PŁATNOŚĆ BLIK;Podatki
02.04.2026;02.04.2026;IKEA TARGOWEK          WARSZAWA;;'23124015321111001044176713;;*********3025639;-235,95;PLN;'C992609215912237;TRANSAKCJA KARTĄ PŁATNICZĄ;Wyposażenie
02.04.2026;02.04.2026;JMP S.A. BIEDRONKA 445 WARSZAWA;;'23124015321111001044176713;;*********3025639;-7,03;PLN;'C992609216836454;TRANSAKCJA KARTĄ PŁATNICZĄ;Artykuły spożywcze
02.04.2026;02.04.2026;IKEA TARGOWEK          WARSZAWA;;'23124015321111001044176713;;*********3025639;-17,50;PLN;'C992609215913724;TRANSAKCJA KARTĄ PŁATNICZĄ;Wyposażenie
02.04.2026;02.04.2026;IKEA TARGOWEK          WARSZAWA;;'23124015321111001044176713;;*********3025639;-20,00;PLN;'C992609215916654;TRANSAKCJA KARTĄ PŁATNICZĄ;Wyposażenie
02.04.2026;02.04.2026;MINISTERSTWO FINANSOW/K;MF/TWOJ E-PIT P UL. SWIETOKRZYSKA 12,WARSZAWA;'23124015321111001044176713;;BLIK REF       93709520361;-176,77;PLN;'C992609218079941;PŁATNOŚĆ BLIK;Podatki
02.04.2026;02.04.2026;JMP S.A. BIEDRONKA 445 WARSZAWA;;'23124015321111001044176713;;*********3025639;-20,99;PLN;'C992609220141031;TRANSAKCJA KARTĄ PŁATNICZĄ;Artykuły spożywcze
02.04.2026;01.04.2026;ZAKEXPRESS.COM.PL      AUGUSTOW;;'23124015321111001044176713;;*********3025639;-92,18;PLN;'C992609122379552;TRANSAKCJA KARTĄ PŁATNICZĄ;Transport publiczny
01.04.2026;01.04.2026;JMP S.A. BIEDRONKA 445 WARSZAWA;;'23124015321111001044176713;;*********3025639;-17,98;PLN;'C992609119308692;TRANSAKCJA KARTĄ PŁATNICZĄ;Artykuły spożywcze
01.04.2026;01.04.2026;SUMUP  *CIASTKO Z DZIU WARSZAWA;;'23124015321111001044176713;;*********3025639;-44,80;PLN;'C992609114242660;TRANSAKCJA KARTĄ PŁATNICZĄ;Restauracje i kawiarnie
01.04.2026;01.04.2026;AKTAS SP Z OO          WARSZAWA;;'23124015321111001044176713;;*********3025639;-50,00;PLN;'C992609114217629;TRANSAKCJA KARTĄ PŁATNICZĄ;Restauracje i kawiarnie
01.04.2026;01.04.2026;PIEKARNIA ORMIANSKA ZE WARSZAWA;;'23124015321111001044176713;;*********3025639;-16,00;PLN;'C992609113164816;TRANSAKCJA KARTĄ PŁATNICZĄ;Artykuły spożywcze
31.03.2026;31.03.2026;;;;'23124015321111001044176713;ODSETKI OD DEPOZYTU;0,07;PLN;'014263V98C000920;ODSETKI OD DEPOZYTU;Odsetki, zwrot z inwestycji
31.03.2026;31.03.2026;;;'23124015321111001044176713;;PODATEK POBRANY;-0,02;PLN;'014263V98C000919;PODATEK POBRANY;Podatki
31.03.2026;31.03.2026;JMP S.A. BIEDRONKA 445 WARSZAWA;;'23124015321111001044176713;;*********3025639;-1,05;PLN;'C992609018795671;TRANSAKCJA KARTĄ PŁATNICZĄ;Artykuły spożywcze
31.03.2026;31.03.2026;APTEKA 37              WARSZAWA;;'23124015321111001044176713;;*********3025639;-32,90;PLN;'C992609018664225;TRANSAKCJA KARTĄ PŁATNICZĄ;Lekarstwa
31.03.2026;31.03.2026;APTEKA 37              WARSZAWA;;'23124015321111001044176713;;*********3025639;-33,50;PLN;'C992609018788691;TRANSAKCJA KARTĄ PŁATNICZĄ;Lekarstwa
31.03.2026;31.03.2026;ALLEGRO                POZNAN;;'23124015321111001044176713;;*********3025639;-20,94;PLN;'C992609017651275;TRANSAKCJA KARTĄ PŁATNICZĄ;Zakupy przez internet
31.03.2026;31.03.2026;TEMU.COM               DUBLIN 4;;'23124015321111001044176713;;;-65,86;PLN;'C992609017640353;TRANSAKCJA KARTĄ PŁATNICZĄ;Bez kategorii
31.03.2026;31.03.2026;JMP S.A. BIEDRONKA 445 WARSZAWA;;'23124015321111001044176713;;*********3025639;-2,99;PLN;'C992609012514457;TRANSAKCJA KARTĄ PŁATNICZĄ;Artykuły spożywcze
30.03.2026;30.03.2026;JMP S.A. BIEDRONKA 4456WARSZAWA;;'23124015321111001044176713;;*********3025639;-10,31;PLN;'C992608912952795;TRANSAKCJA KARTĄ PŁATNICZĄ;Artykuły spożywcze
30.03.2026;30.03.2026;JMP S.A. BIEDRONKA 445 WARSZAWA;;'23124015321111001044176713;;*********3025639;-11,23;PLN;'C992608919138324;TRANSAKCJA KARTĄ PŁATNICZĄ;Artykuły spożywcze
30.03.2026;30.03.2026;AUCHAN POLSKA SP. Z  0 WARSZAWA;;'23124015321111001044176713;;*********3025639;-113,42;PLN;'C992608915970049;TRANSAKCJA KARTĄ PŁATNICZĄ;Artykuły spożywcze
28.03.2026;28.03.2026;JMP S.A. BIEDRONKA 445 WARSZAWA;;'23124015321111001044176713;;*********3025639;-13,96;PLN;'C992608713056842;TRANSAKCJA KARTĄ PŁATNICZĄ;Artykuły spożywcze
27.03.2026;27.03.2026;JAKDOJADE.PL           POZNAN;;'23124015321111001044176713;;*********3025639;-20,00;PLN;'C992608615528028;TRANSAKCJA KARTĄ PŁATNICZĄ;Transport publiczny
27.03.2026;27.03.2026;AUCHAN POLSKA SP. Z  0 WARSZAWA;;'23124015321111001044176713;;*********3025639;-70,65;PLN;'C992608615523060;TRANSAKCJA KARTĄ PŁATNICZĄ;Artykuły spożywcze
27.03.2026;27.03.2026;INDIAN TASTE EXPRESS   WARSZAWA;;'23124015321111001044176713;;*********3025639;-42,50;PLN;'C992608613529911;TRANSAKCJA KARTĄ PŁATNICZĄ;Restauracje i kawiarnie
27.03.2026;27.03.2026;LUCA BAKERY            WARSZAWA;;'23124015321111001044176713;;*********3025639;-10,90;PLN;'C992608613444380;TRANSAKCJA KARTĄ PŁATNICZĄ;Artykuły spożywcze
27.03.2026;27.03.2026;LUX MED SP. Z O.O. 28  WARSZAWA;;'23124015321111001044176713;;*********3025639;-272,30;PLN;'C992608612443068;TRANSAKCJA KARTĄ PŁATNICZĄ;Opieka medyczna
26.03.2026;26.03.2026;JMP S.A. BIEDRONKA 445 WARSZAWA;;'23124015321111001044176713;;*********3025639;-23,68;PLN;'C992608514931752;TRANSAKCJA KARTĄ PŁATNICZĄ;Artykuły spożywcze
26.03.2026;26.03.2026;DOZ APTEKA DBAM O ZDRO WARSZAWA;;'23124015321111001044176713;;*********3025639;-66,59;PLN;'C992608512824000;TRANSAKCJA KARTĄ PŁATNICZĄ;Lekarstwa
25.03.2026;25.03.2026;LIDL KAROLKOWA         WARSZAWA;;'23124015321111001044176713;;*********3025639;-82,57;PLN;'C992608419579576;TRANSAKCJA KARTĄ PŁATNICZĄ;Artykuły spożywcze
25.03.2026;25.03.2026;TRUSKAWKI;;'23124015321111001044176713;'18116022020000000367712930;Przelew na telefon 48452***324. Truskawki;-15,00;PLN;'M042101349735711;PRZELEW BLIK WYCHODZĄCY;Internet, TV, telefon
25.03.2026;25.03.2026;SAFRAN KEBAB           WARSZAWA;;'23124015321111001044176713;;*********3025639;-39,00;PLN;'C992608417535252;TRANSAKCJA KARTĄ PŁATNICZĄ;Restauracje i kawiarnie
25.03.2026;25.03.2026;BILETOMAT TW 32151     WARSZAWA;;'23124015321111001044176713;;*********3025639;-4,40;PLN;'C992608415404847;TRANSAKCJA KARTĄ PŁATNICZĄ;Transport publiczny
25.03.2026;25.03.2026;JAKDOJADE.PL           POZNAN;;'23124015321111001044176713;;*********3025639;-20,00;PLN;'C992608410206530;TRANSAKCJA KARTĄ PŁATNICZĄ;Transport publiczny
25.03.2026;25.03.2026;JMP S.A. BIEDRONKA 445 WARSZAWA;;'23124015321111001044176713;;*********3025639;-2,63;PLN;'C992608408140221;TRANSAKCJA KARTĄ PŁATNICZĄ;Artykuły spożywcze
24.03.2026;24.03.2026;ALLEGRO                POZNAN;;'23124015321111001044176713;;*********3025639;-52,79;PLN;'C992608317002078;TRANSAKCJA KARTĄ PŁATNICZĄ;Zakupy przez internet
24.03.2026;24.03.2026;JMP S.A. BIEDRONKA 445 WARSZAWA;;'23124015321111001044176713;;*********3025639;-9,78;PLN;'C992608314840465;TRANSAKCJA KARTĄ PŁATNICZĄ;Artykuły spożywcze
24.03.2026;24.03.2026;KOLACZ NA OKRAGLO ST01 WARSZAWA;;'23124015321111001044176713;;*********3025639;-19,90;PLN;'C992608313789730;TRANSAKCJA KARTĄ PŁATNICZĄ;Restauracje i kawiarnie
24.03.2026;24.03.2026;SALON FIRMOWY BYTOM  0 WARSZAWA;;'23124015321111001044176713;;*********3025639;-411,86;PLN;'C992608313784665;TRANSAKCJA KARTĄ PŁATNICZĄ;Ubrania
24.03.2026;24.03.2026;AUTOMATY MM CONCEPT    PIASTOW;;'23124015321111001044176713;;*********3025639;-5,00;PLN;'C992608312770581;TRANSAKCJA KARTĄ PŁATNICZĄ;Restauracje i kawiarnie
24.03.2026;24.03.2026;LUX MED SP. Z O.O. 46  WARSZAWA;;'23124015321111001044176713;;*********3025639;-126,00;PLN;'C992608310692239;TRANSAKCJA KARTĄ PŁATNICZĄ;Opieka medyczna
24.03.2026;24.03.2026;JMP S.A. BIEDRONKA 445 WARSZAWA;;'23124015321111001044176713;;*********3025639;-11,93;PLN;'C992608309644341;TRANSAKCJA KARTĄ PŁATNICZĄ;Artykuły spożywcze
23.03.2026;23.03.2026;JMP S.A. BIEDRONKA 445 WARSZAWA;;'23124015321111001044176713;;*********3025639;-13,48;PLN;'C992608216390610;TRANSAKCJA KARTĄ PŁATNICZĄ;Artykuły spożywcze
23.03.2026;23.03.2026;WARSZAWA MLOCINY       WARSZAWA;;'23124015321111001044176713;;*********3025639;-2,90;PLN;'C992608215316320;TRANSAKCJA KARTĄ PŁATNICZĄ;Bez kategorii
23.03.2026;23.03.2026;ZABKA Z4410 K.1        WARSZAWA;;'23124015321111001044176713;;*********3025639;-13,00;PLN;'C992608212215743;TRANSAKCJA KARTĄ PŁATNICZĄ;Artykuły spożywcze
23.03.2026;23.03.2026;GROMULSKI PIEKARNIA-CU WARSZAWA;;'23124015321111001044176713;;*********3025639;-5,10;PLN;'C992608212211410;TRANSAKCJA KARTĄ PŁATNICZĄ;Artykuły spożywcze
23.03.2026;23.03.2026;EMILII PLATER 53       WARSZAWA;R5270269 R5270269 *********3025639;;'23124015321111001044176713;WPŁATA W BANKOMACIE;1 800,00;PLN;'C992608211188343;WPŁATA W BANKOMACIE;Wpłata w bankomacie
23.03.2026;23.03.2026;POCZTA POLSKA          WARSZAWA (WO;;'23124015321111001044176713;;*********3025639;-11,00;PLN;'C992608211177499;TRANSAKCJA KARTĄ PŁATNICZĄ;Inne
23.03.2026;23.03.2026;MAŁGORZATA UŁASIUK TRENER OSOBISTY;UL.ŁUCKA 20 M.62 00-845 WARSZAWA;'25114020040000310281874201;'23124015321111001044176713;PRZELEW ŚRODKÓW;7,00;PLN;'M042000238284717;PRZELEW BLIK PRZYCHODZĄCY;Inne
23.03.2026;22.03.2026;ZABKA Z4410 K.2        WARSZAWA;;'23124015321111001044176713;;*********3025639;-17,98;PLN;'C992608112570348;TRANSAKCJA KARTĄ PŁATNICZĄ;Artykuły spożywcze
23.03.2026;22.03.2026;TADIM DONER GRILL      WARSZAWA;;'23124015321111001044176713;;*********3025639;-33,50;PLN;'C992608112556818;TRANSAKCJA KARTĄ PŁATNICZĄ;Restauracje i kawiarnie
21.03.2026;21.03.2026;ALDI SP. Z O.O.        LOMZA;;'23124015321111001044176713;;*********3025639;-9,98;PLN;'C992608011506759;TRANSAKCJA KARTĄ PŁATNICZĄ;Artykuły spożywcze
21.03.2026;21.03.2026;CARREFOUR PLP308       LOMZA;;'23124015321111001044176713;;*********3025639;-11,57;PLN;'C992608011084552;TRANSAKCJA KARTĄ PŁATNICZĄ;Artykuły spożywcze
21.03.2026;21.03.2026;GELATO RIALTO 4        LOMZA;;'23124015321111001044176713;;*********3025639;-15,00;PLN;'C992608011068015;TRANSAKCJA KARTĄ PŁATNICZĄ;Restauracje i kawiarnie
20.03.2026;20.03.2026;PH ARTUS ARTUR BIEDRZY LOMZA;;'23124015321111001044176713;;*********3025639;-37,45;PLN;'C992607919221430;TRANSAKCJA KARTĄ PŁATNICZĄ;Artykuły spożywcze
19.03.2026;19.03.2026;;;'23124015321111001044176713;'92124020921362991111000000;Prowizja za wypłatę z użyciemBLIK w dniu 2026-03-17;-6,00;PLN;'M0150QCK00496003;PROWIZJE AUT.;Opłaty bankowe
19.03.2026;19.03.2026;ACTION A195            LOMZA;;'23124015321111001044176713;;*********3025639;-5,95;PLN;'C992607817121157;TRANSAKCJA KARTĄ PŁATNICZĄ;Bez kategorii
19.03.2026;19.03.2026;PIEKARNIA KRASKA 61484 LOMZA;;'23124015321111001044176713;;*********3025639;-3,50;PLN;'C992607817582486;TRANSAKCJA KARTĄ PŁATNICZĄ;Artykuły spożywcze
19.03.2026;19.03.2026;LEWIATAN               LOMZA;;'23124015321111001044176713;;*********3025639;-8,49;PLN;'C992607818156784;TRANSAKCJA KARTĄ PŁATNICZĄ;Artykuły spożywcze
19.03.2026;19.03.2026;MONIKA ADAMOWICZ;;'23124015321111001044176713;'21191010482205037537810001;Przelew na telefon 48692***540. Agata prezent;-18,00;PLN;'M042101344830537;PRZELEW BLIK WYCHODZĄCY;Internet, TV, telefon
19.03.2026;18.03.2026;ZAKEXPRESS.COM.PL      AUGUSTOW;;'23124015321111001044176713;;*********3025639;-46,59;PLN;'C992607721133106;TRANSAKCJA KARTĄ PŁATNICZĄ;Transport publiczny
18.03.2026;18.03.2026;JMP S.A. BIEDRONKA 261 LOMZA;;'23124015321111001044176713;;*********3025639;-15,49;PLN;'C992607719623513;TRANSAKCJA KARTĄ PŁATNICZĄ;Artykuły spożywcze
18.03.2026;18.03.2026;"P.H.U.""KARGO"" MARKET K LOMZA";;'23124015321111001044176713;;*********3025639;-9,38;PLN;'C992607715926370;TRANSAKCJA KARTĄ PŁATNICZĄ;Artykuły spożywcze
18.03.2026;18.03.2026;TRANSFERUJ.PL;PLAC ANDERSA 3 61-894 POZNAN;'23124015321111001044176713;'06124059181111001052283171;/OPT/X/////TR-7YY-RU3V88Xdla iExpert.pl SA;-145,00;PLN;'014263I603505050;PRZELEW MOBILE;Bez kategorii
18.03.2026;18.03.2026;;;'23124015321111001044176713;'92124020921362991111000000;Opłata za obsługę kartyMasterCard Debit*43025639 za miesiąc 03.2026;-1,00;PLN;'M0150QCJ00067604;PROWIZJE AUT.;Opłaty bankowe
17.03.2026;17.03.2026;JMP S.A. BIEDRONKA 445 WARSZAWA;;'23124015321111001044176713;;*********3025639;-7,99;PLN;'C992607616976402;TRANSAKCJA KARTĄ PŁATNICZĄ;Artykuły spożywcze
17.03.2026;17.03.2026;BANKOMAT EURONET       RCNL0G88;RCNL0G88 7028 UL  LUCKA 20 LOK  17,WARSZAWA;'23124015321111001044176713;;BLIK REF       93593523831;-100,00;PLN;'C992607618030416;WYPŁATA BLIK;Uroda, fryzjer, kosmetyczka
17.03.2026;17.03.2026;MARIUSZ ZIECINA;;'23124015321111001044176713;'26102011270000130202564748;Przelew na telefon 48514***978. Telesajgon Chińczyk;-37,50;PLN;'M042101343539062;PRZELEW BLIK WYCHODZĄCY;Restauracje i kawiarnie
17.03.2026;17.03.2026;GORACO POLECAM         WARSZAWA;;'23124015321111001044176713;;*********3025639;-15,95;PLN;'C992607607114057;TRANSAKCJA KARTĄ PŁATNICZĄ;Artykuły spożywcze
16.03.2026;16.03.2026;JMP S.A. BIEDRONKA 445 WARSZAWA;;'23124015321111001044176713;;*********3025639;-16,25;PLN;'C992607517935406;TRANSAKCJA KARTĄ PŁATNICZĄ;Artykuły spożywcze
16.03.2026;15.03.2026;UL. RONDO DASZY        R5320561;R5320561 R5320561 UL. RONDO DASZYNSKIEGO ,WARSZAWA;'23124015321111001044176713;;BLIK REF       93575173092;-50,00;PLN;'C992607411304824;WYPŁATA BLIK;Bez kategorii
14.03.2026;14.03.2026;TADIM DONER GRILL      WARSZAWA;;'23124015321111001044176713;;*********3025639;-28,50;PLN;'C992607314468176;TRANSAKCJA KARTĄ PŁATNICZĄ;Restauracje i kawiarnie
14.03.2026;14.03.2026;AUCHAN POLSKA SP. Z  0 WARSZAWA;;'23124015321111001044176713;;*********3025639;-164,30;PLN;'C992607313940762;TRANSAKCJA KARTĄ PŁATNICZĄ;Artykuły spożywcze
14.03.2026;14.03.2026;ZABKA Z8820 K.1        WARSZAWA;;'23124015321111001044176713;;*********3025639;-4,90;PLN;'C992607311322224;TRANSAKCJA KARTĄ PŁATNICZĄ;Artykuły spożywcze
14.03.2026;13.03.2026;ZABKA Z8820 K.2        WARSZAWA;;'23124015321111001044176713;;*********3025639;-14,00;PLN;'C992607221638704;TRANSAKCJA KARTĄ PŁATNICZĄ;Artykuły spożywcze
13.03.2026;12.03.2026;LIDL KAROLKOWA         WARSZAWA;;'23124015321111001044176713;;*********3025639;-67,02;PLN;'C992607121428310;TRANSAKCJA KARTĄ PŁATNICZĄ;Artykuły spożywcze
13.03.2026;13.03.2026;JMP S.A. BIEDRONKA 445 WARSZAWA;;'23124015321111001044176713;;*********3025639;-14,48;PLN;'C992607217925376;TRANSAKCJA KARTĄ PŁATNICZĄ;Artykuły spożywcze
12.03.2026;12.03.2026;BISTRO GRZYBOWSKA      WARSZAWA;;'23124015321111001044176713;;*********3025639;-26,81;PLN;'C992607114761229;TRANSAKCJA KARTĄ PŁATNICZĄ;Restauracje i kawiarnie
12.03.2026;12.03.2026;KACPER BANASIK;;'23124015321111001044176713;'69124060031111001048178711;Splitwase marzec;-1 839,77;PLN;'014263C600507165;REALIZACJA PŁATNOŚCI PEOPAY;Czynsz
12.03.2026;12.03.2026;ZABKA Z4410 K.1        WARSZAWA;;'23124015321111001044176713;;*********3025639;-10,90;PLN;'C992607110581820;TRANSAKCJA KARTĄ PŁATNICZĄ;Artykuły spożywcze
12.03.2026;12.03.2026;JMP S.A. BIEDRONKA 445 WARSZAWA;;'23124015321111001044176713;;*********3025639;-24,93;PLN;'C992607110585297;TRANSAKCJA KARTĄ PŁATNICZĄ;Artykuły spożywcze
11.03.2026;11.03.2026;JMP S.A. BIEDRONKA 445 WARSZAWA;;'23124015321111001044176713;;*********3025639;-7,29;PLN;'C992607017703734;TRANSAKCJA KARTĄ PŁATNICZĄ;Artykuły spożywcze
11.03.2026;11.03.2026;SPOLEM WOLA SKLEP NR 3 WARSZAWA;;'23124015321111001044176713;;*********3025639;-8,08;PLN;'C992607012108063;TRANSAKCJA KARTĄ PŁATNICZĄ;Artykuły spożywcze
11.03.2026;11.03.2026;GASTROCLUB             WARSZAWA;;'23124015321111001044176713;;*********3025639;-40,00;PLN;'C992607012084115;TRANSAKCJA KARTĄ PŁATNICZĄ;Restauracje i kawiarnie
10.03.2026;10.03.2026;MARIUSZ ZIĘCINA;;'40249000050000400002969849;'23124015321111001044176713;Chińczyk;32,50;PLN;'M042000235611133;PRZELEW BLIK PRZYCHODZĄCY;Inne
10.03.2026;10.03.2026;KRZYSZTOF KRYGIER;;'72291000060000000002205833;'23124015321111001044176713;Zwrot wrap Krzysiek biuro;20,00;PLN;'M042000235602503;PRZELEW BLIK PRZYCHODZĄCY;Inne
10.03.2026;10.03.2026;LIPONOGA NINA;;'23116022020000000081891379;'23124015321111001044176713;Przelew BLIK na telefon;26,50;PLN;'M042000235602495;PRZELEW BLIK PRZYCHODZĄCY;Sprzedaż
10.03.2026;10.03.2026;MACHOP SP. Z O.O.      WARSZAWA;;'23124015321111001044176713;;*********3025639;-111,50;PLN;'C992606913920422;TRANSAKCJA KARTĄ PŁATNICZĄ;Restauracje i kawiarnie
10.03.2026;10.03.2026;AUTOMATSPEC SPZOO      LISZKI;;'23124015321111001044176713;;*********3025639;-4,50;PLN;'C992606910787488;TRANSAKCJA KARTĄ PŁATNICZĄ;Restauracje i kawiarnie
10.03.2026;10.03.2026;GORACO POLECAM         WARSZAWA;;'23124015321111001044176713;;*********3025639;-15,95;PLN;'C992606909725635;TRANSAKCJA KARTĄ PŁATNICZĄ;Artykuły spożywcze
10.03.2026;10.03.2026;IKE BOSSA;;'23124015321111001044176713;'83154011578129000000814183;IKE 814183;-2 355,00;PLN;'014263AA71008523;ZLECENIE STAŁE;Bez kategorii
09.03.2026;09.03.2026;TADIM DONER GRILL      WARSZAWA;;'23124015321111001044176713;;*********3025639;-33,50;PLN;'C992606816421632;TRANSAKCJA KARTĄ PŁATNICZĄ;Restauracje i kawiarnie
09.03.2026;09.03.2026;ASSECO POLAND SA PŁACE;UL. OLCHOWA 14 35-322 RZESZÓW;'42124059181111000049090675;'23124015321111001044176713;WYNAGRODZENIE 2/2026 **202602U5** 23119;10 401,32;PLN;'4910309987663017;PRZELEW;Wynagrodzenie
09.03.2026;09.03.2026;JMP S.A. BIEDRONKA 445 WARSZAWA;;'23124015321111001044176713;;*********3025639;-11,04;PLN;'C992606810835275;TRANSAKCJA KARTĄ PŁATNICZĄ;Artykuły spożywcze
09.03.2026;08.03.2026;UL. RONDO DASZY        R5320561;R5320561 R5320561 UL. RONDO DASZYNSKIEGO ,WARSZAWA;'23124015321111001044176713;;BLIK REF       93518806051;-50,00;PLN;'C992606711496045;WYPŁATA BLIK;Bez kategorii
07.03.2026;07.03.2026;JMP S.A. BIEDRONKA 445 WARSZAWA;;'23124015321111001044176713;;*********3025639;-37,60;PLN;'C992606619676390;TRANSAKCJA KARTĄ PŁATNICZĄ;Artykuły spożywcze
07.03.2026;07.03.2026;JMP S.A. BIEDRONKA 445 WARSZAWA;;'23124015321111001044176713;;*********3025639;-12,67;PLN;'C992606612081868;TRANSAKCJA KARTĄ PŁATNICZĄ;Artykuły spożywcze
06.03.2026;06.03.2026;PAYPAL *PATRONITE      35314369001;;'23124015321111001044176713;;*********3025639;-7,00;PLN;'C992606512422215;TRANSAKCJA KARTĄ PŁATNICZĄ;Kino i teatr
06.03.2026;06.03.2026;JMP S.A. BIEDRONKA 631 WARSZAWA;;'23124015321111001044176713;;*********3025639;-30,82;PLN;'C992606518997314;TRANSAKCJA KARTĄ PŁATNICZĄ;Artykuły spożywcze
05.03.2026;05.03.2026;JMP S.A. BIEDRONKA 445 WARSZAWA;;'23124015321111001044176713;;*********3025639;-13,47;PLN;'C992606420162252;TRANSAKCJA KARTĄ PŁATNICZĄ;Artykuły spożywcze
05.03.2026;05.03.2026;JMP S.A. BIEDRONKA 445 WARSZAWA;;'23124015321111001044176713;;*********3025639;-9,99;PLN;'C992606410049796;TRANSAKCJA KARTĄ PŁATNICZĄ;Artykuły spożywcze
04.03.2026;04.03.2026;BISTRO GRZYBOWSKA      WARSZAWA;;'23124015321111001044176713;;*********3025639;-28,81;PLN;'C992606314393831;TRANSAKCJA KARTĄ PŁATNICZĄ;Restauracje i kawiarnie
04.03.2026;04.03.2026;LIDL KAROLKOWA         WARSZAWA;;'23124015321111001044176713;;*********3025639;-129,00;PLN;'C992606319838650;TRANSAKCJA KARTĄ PŁATNICZĄ;Artykuły spożywcze
04.03.2026;04.03.2026;JMP S.A. BIEDRONKA 445 WARSZAWA;;'23124015321111001044176713;;*********3025639;-7,48;PLN;'C992606312300556;TRANSAKCJA KARTĄ PŁATNICZĄ;Artykuły spożywcze
03.03.2026;03.03.2026;MARIUSZ ZIĘCINA;;'40249000050000400002969849;'23124015321111001044176713;Obiad;29,50;PLN;'M042000233963365;PRZELEW BLIK PRZYCHODZĄCY;Inne
03.03.2026;03.03.2026;NACHYŁA KINGA;;'66116022020000000380850716;'23124015321111001044176713;Thor;30,00;PLN;'M042000233941476;PRZELEW BLIK PRZYCHODZĄCY;Inne
03.03.2026;03.03.2026;MACHOP SP. Z O.O.      WARSZAWA;;'23124015321111001044176713;;*********3025639;-95,50;PLN;'C992606213804971;TRANSAKCJA KARTĄ PŁATNICZĄ;Restauracje i kawiarnie
03.03.2026;03.03.2026;LIPONOGA NINA;;'23116022020000000081891379;'23124015321111001044176713;Przelew BLIK na telefon;26,50;PLN;'M042000233962263;PRZELEW BLIK PRZYCHODZĄCY;Sprzedaż
02.03.2026;01.03.2026;TANTUNI KEBAB          WARSZAWA;;'23124015321111001044176713;;*********3025639;-27,00;PLN;'C992606012002176;TRANSAKCJA KARTĄ PŁATNICZĄ;Restauracje i kawiarnie
02.03.2026;02.03.2026;JMP S.A. BIEDRONKA 445 WARSZAWA;;'23124015321111001044176713;;*********3025639;-31,65;PLN;'C992606110109979;TRANSAKCJA KARTĄ PŁATNICZĄ;Artykuły spożywcze
02.03.2026;02.03.2026;HAIRCUT EXPRESS        WARSZAWA;;'23124015321111001044176713;;*********3025639;-70,00;PLN;'C992606117415798;TRANSAKCJA KARTĄ PŁATNICZĄ;Uroda, fryzjer, kosmetyczka
02.03.2026;01.03.2026;UL. RONDO DASZY        R5320561;R5320561 R5320561 UL. RONDO DASZYNSKIEGO ,WARSZAWA;'23124015321111001044176713;;BLIK REF       93465843224;-50,00;PLN;'C992606010768614;WYPŁATA BLIK;Wypłata z bankomatu
28.02.2026;28.02.2026;JMP S.A. BIEDRONKA 445 WARSZAWA;;'23124015321111001044176713;;*********3025639;-21,59;PLN;'C992605909381752;TRANSAKCJA KARTĄ PŁATNICZĄ;Artykuły spożywcze
28.02.2026;27.02.2026;REVOLUT**9494*         DUBLIN;;'23124015321111001044176713;;;-100,00;PLN;'C992605821084646;TRANSAKCJA KARTĄ PŁATNICZĄ;Bez kategorii
28.02.2026;28.02.2026;;;'23124015321111001044176713;;PODATEK POBRANY;-0,01;PLN;'014262S98C000921;PODATEK POBRANY;Podatki
28.02.2026;28.02.2026;PIEKARNIA ORMIANSKA ZE WARSZAWA;;'23124015321111001044176713;;*********3025639;-35,00;PLN;'C992605913577064;TRANSAKCJA KARTĄ PŁATNICZĄ;Artykuły spożywcze
28.02.2026;28.02.2026;;;;'23124015321111001044176713;ODSETKI OD DEPOZYTU;0,04;PLN;'014262S98C000922;ODSETKI OD DEPOZYTU;Odsetki, zwrot z inwestycji
28.02.2026;28.02.2026;JMP S.A. BIEDRONKA 445 WARSZAWA;;'23124015321111001044176713;;*********3025639;-23,95;PLN;'C992605913578033;TRANSAKCJA KARTĄ PŁATNICZĄ;Artykuły spożywcze
27.02.2026;27.02.2026;TADIM DONER GRILL      WARSZAWA;;'23124015321111001044176713;;*********3025639;-33,50;PLN;'C992605815032324;TRANSAKCJA KARTĄ PŁATNICZĄ;Restauracje i kawiarnie
27.02.2026;27.02.2026;JMP S.A. BIEDRONKA 445 WARSZAWA;;'23124015321111001044176713;;*********3025639;-24,00;PLN;'C992605819232763;TRANSAKCJA KARTĄ PŁATNICZĄ;Artykuły spożywcze
27.02.2026;27.02.2026;ZABKA Z4410 K.2        WARSZAWA;;'23124015321111001044176713;;*********3025639;-16,00;PLN;'C992605815053846;TRANSAKCJA KARTĄ PŁATNICZĄ;Artykuły spożywcze
27.02.2026;27.02.2026;JMP S.A. BIEDRONKA 445 WARSZAWA;;'23124015321111001044176713;;*********3025639;-4,18;PLN;'C992605810808677;TRANSAKCJA KARTĄ PŁATNICZĄ;Artykuły spożywcze
26.02.2026;26.02.2026;JMP S.A. BIEDRONKA 445 WARSZAWA;;'23124015321111001044176713;;*********3025639;-19,28;PLN;'C992605718598415;TRANSAKCJA KARTĄ PŁATNICZĄ;Artykuły spożywcze
25.02.2026;25.02.2026;KUCHNIA WIETNAMSK83619 WARSZAWA;;'23124015321111001044176713;;*********3025639;-29,00;PLN;'C992605618878722;TRANSAKCJA KARTĄ PŁATNICZĄ;Restauracje i kawiarnie
25.02.2026;25.02.2026;LIDL KAROLKOWA         WARSZAWA;;'23124015321111001044176713;;*********3025639;-26,95;PLN;'C992605618876448;TRANSAKCJA KARTĄ PŁATNICZĄ;Artykuły spożywcze
25.02.2026;25.02.2026;JMP S.A. BIEDRONKA 445 WARSZAWA;;'23124015321111001044176713;;*********3025639;-36,86;PLN;'C992605609558683;TRANSAKCJA KARTĄ PŁATNICZĄ;Artykuły spożywcze
24.02.2026;24.02.2026;JAKDOJADE.PL           POZNAN;;'23124015321111001044176713;;*********3025639;-20,00;PLN;'C992605510198234;TRANSAKCJA KARTĄ PŁATNICZĄ;Transport publiczny
24.02.2026;24.02.2026;ZABKA Z4410 K.2        WARSZAWA;;'23124015321111001044176713;;*********3025639;-9,99;PLN;'C992605520568651;TRANSAKCJA KARTĄ PŁATNICZĄ;Artykuły spożywcze
24.02.2026;24.02.2026;JMP S.A. BIEDRONKA 445 WARSZAWA;;'23124015321111001044176713;;*********3025639;-11,58;PLN;'C992605513184234;TRANSAKCJA KARTĄ PŁATNICZĄ;Artykuły spożywcze
23.02.2026;22.02.2026;ZABKA Z6339 K.1        WARSZAWA;;'23124015321111001044176713;;*********3025639;-4,20;PLN;'C992605312413427;TRANSAKCJA KARTĄ PŁATNICZĄ;Artykuły spożywcze
23.02.2026;23.02.2026;JMP S.A. BIEDRONKA 445 WARSZAWA;;'23124015321111001044176713;;*********3025639;-40,32;PLN;'C992605418022102;TRANSAKCJA KARTĄ PŁATNICZĄ;Artykuły spożywcze
23.02.2026;22.02.2026;ZABKA Z4410 K.1        WARSZAWA;;'23124015321111001044176713;;*********3025639;-32,47;PLN;'C992605321465944;TRANSAKCJA KARTĄ PŁATNICZĄ;Artykuły spożywcze
21.02.2026;21.02.2026;JMP S.A. BIEDRONKA 4456WARSZAWA;;'23124015321111001044176713;;*********3025639;-8,78;PLN;'C992605210831662;TRANSAKCJA KARTĄ PŁATNICZĄ;Artykuły spożywcze
21.02.2026;21.02.2026;AUCHAN POLSKA SP. Z  0 WARSZAWA;;'23124015321111001044176713;;*********3025639;-106,64;PLN;'C992605217124734;TRANSAKCJA KARTĄ PŁATNICZĄ;Artykuły spożywcze
20.02.2026;20.02.2026;JMP S.A. BIEDRONKA 445 WARSZAWA;;'23124015321111001044176713;;*********3025639;-20,99;PLN;'C992605117684296;TRANSAKCJA KARTĄ PŁATNICZĄ;Artykuły spożywcze
20.02.2026;20.02.2026;TADIM DONER GRILL      WARSZAWA;;'23124015321111001044176713;;*********3025639;-57,50;PLN;'C992605117656821;TRANSAKCJA KARTĄ PŁATNICZĄ;Restauracje i kawiarnie
20.02.2026;20.02.2026;ZABKA Z8085 K.2        WARSZAWA;;'23124015321111001044176713;;*********3025639;-12,98;PLN;'C992605113432980;TRANSAKCJA KARTĄ PŁATNICZĄ;Artykuły spożywcze
19.02.2026;18.02.2026;ZABKA Z4410 K.1        WARSZAWA;;'23124015321111001044176713;;*********3025639;-2,99;PLN;'C992604922703401;TRANSAKCJA KARTĄ PŁATNICZĄ;Artykuły spożywcze
19.02.2026;19.02.2026;VINA EXPRESS           WARSZAWA;;'23124015321111001044176713;;*********3025639;-35,00;PLN;'C992605013943459;TRANSAKCJA KARTĄ PŁATNICZĄ;Puby i kluby
19.02.2026;19.02.2026;"""WARSZAWIANKA""         WARSZAWA";;'23124015321111001044176713;;*********3025639;-20,00;PLN;'C992605013873570;TRANSAKCJA KARTĄ PŁATNICZĄ;Artykuły spożywcze
19.02.2026;19.02.2026;ZABKA Z4410 K.2        WARSZAWA;;'23124015321111001044176713;;*********3025639;-35,96;PLN;'C992605019176464;TRANSAKCJA KARTĄ PŁATNICZĄ;Artykuły spożywcze
19.02.2026;19.02.2026;JMP S.A. BIEDRONKA 445 WARSZAWA;;'23124015321111001044176713;;*********3025639;-21,65;PLN;'C992605011860900;TRANSAKCJA KARTĄ PŁATNICZĄ;Artykuły spożywcze
18.02.2026;18.02.2026;XTB SPOLKA AKCYJNA;;'39124015321787001140533465;'20124020929729000002871368;2871368;-542,00;USD;'014262I624300331;REALIZACJA PŁATNOŚCI PEOPAY;Bez kategorii
18.02.2026;18.02.2026;CURRENCY ONE SA;SZYPERSKA 14 61-754    POZNAŃ              PL;'30124066251787001024213427;'39124015321787001140533465;/OPF/X/////TAGWTPL01923123 26034413Kamil Sobieraj;539,64;USD;'5650218608800017;PRZELEW;Inne
18.02.2026;18.02.2026;;;'23124015321111001044176713;'92124020921362991111000000;Opłata za obsługę kartyMasterCard Debit*43025639 za miesiąc 02.2026;-1,00;PLN;'M0150QBJ00183933;PROWIZJE AUT.;Opłaty bankowe
18.02.2026;18.02.2026;ZABKA Z4410 K.1        WARSZAWA;;'23124015321111001044176713;;*********3025639;-12,98;PLN;'C992604910289115;TRANSAKCJA KARTĄ PŁATNICZĄ;Artykuły spożywcze
18.02.2026;18.02.2026;JMP S.A. BIEDRONKA 445 WARSZAWA;;'23124015321111001044176713;;*********3025639;-20,95;PLN;'C992604910281870;TRANSAKCJA KARTĄ PŁATNICZĄ;Artykuły spożywcze
18.02.2026;17.02.2026;PAYPRO S.A.;;'23124015321111001044176713;'65124059341111001093613108;/OPT/X/////P24-G1Z-V5Y-R4E;-1 925,00;PLN;'014262H603900265;PRZELEW WEWNĘTRZNY - DOSTAWCA;Bez kategorii
18.02.2026;17.02.2026;XTB SPOLKA AKCYJNA;;'23124015321111001044176713;'50124020929725000002852889;2852889;-400,00;PLN;'014262H600801785;REALIZACJA PŁATNOŚCI PEOPAY;Bez kategorii
17.02.2026;17.02.2026;KRZYSZTOF KRYGIER;;'72291000060000000002205833;'23124015321111001044176713;Wrap Krzysiek dziekuje;20,00;PLN;'M042000231165765;PRZELEW BLIK PRZYCHODZĄCY;Inne
17.02.2026;17.02.2026;MACHOP SP. Z O.O.      WARSZAWA;;'23124015321111001044176713;;*********3025639;-55,50;PLN;'C992604813912353;TRANSAKCJA KARTĄ PŁATNICZĄ;Restauracje i kawiarnie
17.02.2026;17.02.2026;GORACO POLECAM         WARSZAWA;;'23124015321111001044176713;;*********3025639;-15,95;PLN;'C992604811826148;TRANSAKCJA KARTĄ PŁATNICZĄ;Artykuły spożywcze
16.02.2026;16.02.2026;JMP S.A. BIEDRONKA 445 WARSZAWA;;'23124015321111001044176713;;*********3025639;-42,14;PLN;'C992604717591321;TRANSAKCJA KARTĄ PŁATNICZĄ;Artykuły spożywcze
16.02.2026;16.02.2026;JMP S.A. BIEDRONKA 445 WARSZAWA;;'23124015321111001044176713;;*********3025639;-10,71;PLN;'C992604710303600;TRANSAKCJA KARTĄ PŁATNICZĄ;Artykuły spożywcze
16.02.2026;15.02.2026;ZABKA Z4410 K.1        WARSZAWA;;'23124015321111001044176713;;*********3025639;-13,78;PLN;'C992604619156890;TRANSAKCJA KARTĄ PŁATNICZĄ;Artykuły spożywcze
14.02.2026;13.02.2026;LIDL KAROLKOWA         WARSZAWA;;'23124015321111001044176713;;*********3025639;-70,45;PLN;'C992604422379329;TRANSAKCJA KARTĄ PŁATNICZĄ;Artykuły spożywcze
14.02.2026;14.02.2026;JMP S.A. BIEDRONKA 445 WARSZAWA;;'23124015321111001044176713;;*********3025639;-37,91;PLN;'C992604514701833;TRANSAKCJA KARTĄ PŁATNICZĄ;Artykuły spożywcze
14.02.2026;14.02.2026;JMP S.A. BIEDRONKA 445 WARSZAWA;;'23124015321111001044176713;;*********3025639;-54,52;PLN;'C992604509489083;TRANSAKCJA KARTĄ PŁATNICZĄ;Artykuły spożywcze
13.02.2026;13.02.2026;FINELF.COM SP. Z O.O.  SOPOT;;'23124015321111001044176713;;*********3025639;-4,00;PLN;'C992604419321180;TRANSAKCJA KARTĄ PŁATNICZĄ;Multimedia
13.02.2026;13.02.2026;ZABKA Z4410 K.1        WARSZAWA;;'23124015321111001044176713;;*********3025639;-12,99;PLN;'C992604419305372;TRANSAKCJA KARTĄ PŁATNICZĄ;Artykuły spożywcze
13.02.2026;13.02.2026;TADIM DONER GRILL      WARSZAWA;;'23124015321111001044176713;;*********3025639;-34,50;PLN;'C992604419298938;TRANSAKCJA KARTĄ PŁATNICZĄ;Restauracje i kawiarnie
13.02.2026;13.02.2026;ASSECO POLAND SA PŁACE;UL. OLCHOWA 14 35-322 RZESZÓW;'42124059181111000049090675;'23124015321111001044176713;PREMIA STANDBY **202602P3** 23119;633,99;PLN;'4910213989821400;PRZELEW;Premia, nagroda
12.02.2026;12.02.2026;WITOLD CZACHOR;;'23124015321111001044176713;'21102010970000700203200128;Przelew na telefon 48697***475. Chinczyk;-26,50;PLN;'M042101314684702;PRZELEW BLIK WYCHODZĄCY;Internet, TV, telefon
11.02.2026;11.02.2026;JMP S.A. BIEDRONKA 445 WARSZAWA;;'23124015321111001044176713;;*********3025639;-10,47;PLN;'C992604218124649;TRANSAKCJA KARTĄ PŁATNICZĄ;Artykuły spożywcze
11.02.2026;11.02.2026;ROSSMANN 176           WARSZAWA;;'23124015321111001044176713;;*********3025639;-19,49;PLN;'C992604218118701;TRANSAKCJA KARTĄ PŁATNICZĄ;Kosmetyki
11.02.2026;11.02.2026;JMP S.A. BIEDRONKA 445 WARSZAWA;;'23124015321111001044176713;;*********3025639;-14,72;PLN;'C992604209761269;TRANSAKCJA KARTĄ PŁATNICZĄ;Artykuły spożywcze
10.02.2026;10.02.2026;ZABKA Z4410 K.1        WARSZAWA;;'23124015321111001044176713;;*********3025639;-1,59;PLN;'C992604120617478;TRANSAKCJA KARTĄ PŁATNICZĄ;Artykuły spożywcze
10.02.2026;10.02.2026;KRZYSZTOF KRYGIER;;'72291000060000000002205833;'23124015321111001044176713;Za wrapa dziekuje Krzysiek;20,00;PLN;'M042000229676043;PRZELEW BLIK PRZYCHODZĄCY;Inne
10.02.2026;10.02.2026;LIPONOGA NINA;;'23116022020000000081891379;'23124015321111001044176713;Chinczyk;26,50;PLN;'M042000229676006;PRZELEW BLIK PRZYCHODZĄCY;Inne
10.02.2026;10.02.2026;CEZARY KANIA;WÓLKA - FOLWARK 29C 07-205 RZĄŚNIK;'45114020040000310234692944;'23124015321111001044176713;CHIŃCZYK;29,50;PLN;'M042000229672878;PRZELEW BLIK PRZYCHODZĄCY;Inne
10.02.2026;10.02.2026;MARIUSZ ZIĘCINA;;'40249000050000400002969849;'23124015321111001044176713;Chińczyk;28,50;PLN;'M042000229673327;PRZELEW BLIK PRZYCHODZĄCY;Inne
10.02.2026;10.02.2026;MACHOP SP. Z O.O.      WARSZAWA;;'23124015321111001044176713;;*********3025639;-132,00;PLN;'C992604113398913;TRANSAKCJA KARTĄ PŁATNICZĄ;Restauracje i kawiarnie
10.02.2026;10.02.2026;MARIUSZ ZIĘCINA;;'40249000050000400002969849;'23124015321111001044176713;Śniadanie;23,00;PLN;'M042000229612575;PRZELEW BLIK PRZYCHODZĄCY;Inne
10.02.2026;10.02.2026;SKLEP FIRMOWY NR 117   WARSZAWA;;'23124015321111001044176713;;*********3025639;-56,33;PLN;'C992604109241140;TRANSAKCJA KARTĄ PŁATNICZĄ;Artykuły spożywcze
10.02.2026;10.02.2026;IKE BOSSA;;'23124015321111001044176713;'83154011578129000000814183;IKE 814183;-2 355,00;PLN;'014262AA71008524;ZLECENIE STAŁE;Bez kategorii
09.02.2026;09.02.2026;KACPER BANASIK;;'23124015321111001044176713;'69124060031111001048178711;Splitwase luty;-1 780,42;PLN;'0142629627404678;REALIZACJA PŁATNOŚCI PEOPAY;Czynsz
09.02.2026;09.02.2026;ASSECO POLAND SA PŁACE;UL. OLCHOWA 14 35-322 RZESZÓW;'42124059181111000049090675;'23124015321111001044176713;WYNAGRODZENIE 1/2026 **202601U5** 23119;10 401,32;PLN;'4910209989952380;PRZELEW;Wynagrodzenie
09.02.2026;09.02.2026;JMP S.A. BIEDRONKA 445 WARSZAWA;;'23124015321111001044176713;;*********3025639;-3,18;PLN;'C992604011694927;TRANSAKCJA KARTĄ PŁATNICZĄ;Artykuły spożywcze
07.02.2026;07.02.2026;LIDL KAROLKOWA         WARSZAWA;;'23124015321111001044176713;;*********3025639;-102,59;PLN;'C992603817202121;TRANSAKCJA KARTĄ PŁATNICZĄ;Artykuły spożywcze
07.02.2026;07.02.2026;ZABKA Z4410 K.2        WARSZAWA;;'23124015321111001044176713;;*********3025639;-12,00;PLN;'C992603812003687;TRANSAKCJA KARTĄ PŁATNICZĄ;Artykuły spożywcze
07.02.2026;07.02.2026;TADIM DONER GRILL      WARSZAWA;;'23124015321111001044176713;;*********3025639;-28,50;PLN;'C992603812095783;TRANSAKCJA KARTĄ PŁATNICZĄ;Restauracje i kawiarnie
07.02.2026;07.02.2026;JMP S.A. BIEDRONKA 445 WARSZAWA;;'23124015321111001044176713;;*********3025639;-15,17;PLN;'C992603809961361;TRANSAKCJA KARTĄ PŁATNICZĄ;Artykuły spożywcze
06.02.2026;06.02.2026;PAYPAL *PATRONITE      35314369001;;'23124015321111001044176713;;*********3025639;-6,89;PLN;'C992603712537544;TRANSAKCJA KARTĄ PŁATNICZĄ;Kino i teatr
06.02.2026;06.02.2026;MEKONG                 WARSZAWA;;'23124015321111001044176713;;*********3025639;-36,30;PLN;'C992603715548253;TRANSAKCJA KARTĄ PŁATNICZĄ;Restauracje i kawiarnie
06.02.2026;06.02.2026;JMP S.A. BIEDRONKA 445 WARSZAWA;;'23124015321111001044176713;;*********3025639;-6,58;PLN;'C992603717631088;TRANSAKCJA KARTĄ PŁATNICZĄ;Artykuły spożywcze
06.02.2026;06.02.2026;BUDZIŃSKA JULIA;;'15105015591000009267210426;'23124015321111001044176713;Przelew na telefon +48xxxxxx789Przelew na telefonDla Kamil SobierajOd JULIA BUDZIŃSKA;139,00;PLN;'M042000228949481;PRZELEW BLIK PRZYCHODZĄCY;Sprzedaż
06.02.2026;06.02.2026;JMP S.A. BIEDRONKA 445 WARSZAWA;;'23124015321111001044176713;;*********3025639;-16,31;PLN;'C992603709295105;TRANSAKCJA KARTĄ PŁATNICZĄ;Artykuły spożywcze
05.02.2026;05.02.2026;XTB SPOLKA AKCYJNA;;'39124015321787001140533465;'20124020929729000002871368;2871368;-415,00;USD;'0142625600809545;REALIZACJA PŁATNOŚCI PEOPAY;Bez kategorii
05.02.2026;05.02.2026;JMP S.A. BIEDRONKA 445 WARSZAWA;;'23124015321111001044176713;;*********3025639;-4,84;PLN;'C992603614132277;TRANSAKCJA KARTĄ PŁATNICZĄ;Artykuły spożywcze
05.02.2026;05.02.2026;CURRENCY ONE SA;SZYPERSKA 14 61-754    POZNAŃ              PL;'30124066251787001024213427;'39124015321787001140533465;/OPF/X/////TAGWTPL93273793 26034413Kamil Sobieraj;418,65;USD;'5650205608700525;PRZELEW;Inne
05.02.2026;05.02.2026;PAYPRO S.A.;;'23124015321111001044176713;'72124062921111001129726875;/OPT/X/////P24-K4Z-R1W-J7T;-1 500,00;PLN;'0142625603008339;PRZELEW WEWNĘTRZNY - DOSTAWCA;Bez kategorii
05.02.2026;04.02.2026;ZABKA Z4410 K.1        WARSZAWA;;'23124015321111001044176713;;*********3025639;-5,99;PLN;'C992603521706735;TRANSAKCJA KARTĄ PŁATNICZĄ;Artykuły spożywcze
04.02.2026;04.02.2026;JMP S.A. BIEDRONKA 445 WARSZAWA;;'23124015321111001044176713;;*********3025639;-6,99;PLN;'C992603515674278;TRANSAKCJA KARTĄ PŁATNICZĄ;Artykuły spożywcze
03.02.2026;03.02.2026;JMP S.A. BIEDRONKA 445 WARSZAWA;;'23124015321111001044176713;;*********3025639;-80,87;PLN;'C992603419164956;TRANSAKCJA KARTĄ PŁATNICZĄ;Artykuły spożywcze
03.02.2026;03.02.2026;LIPONOGA NINA;;'23116022020000000081891379;'23124015321111001044176713;Przelew BLIK na telefon;31,00;PLN;'M042000228253932;PRZELEW BLIK PRZYCHODZĄCY;Sprzedaż
03.02.2026;03.02.2026;MACHOP SP. Z O.O.      WARSZAWA;;'23124015321111001044176713;;*********3025639;-62,00;PLN;'C992603414137872;TRANSAKCJA KARTĄ PŁATNICZĄ;Restauracje i kawiarnie
31.01.2026;31.01.2026;JMP S.A. BIEDRONKA 445 WARSZAWA;;'23124015321111001044176713;;*********3025639;-3,69;PLN;'C992603113923245;TRANSAKCJA KARTĄ PŁATNICZĄ;Artykuły spożywcze
31.01.2026;31.01.2026;LIDL KAROLKOWA         WARSZAWA;;'23124015321111001044176713;;*********3025639;-149,28;PLN;'C992603116064593;TRANSAKCJA KARTĄ PŁATNICZĄ;Artykuły spożywcze
31.01.2026;31.01.2026;;;;'23124015321111001044176713;ODSETKI OD DEPOZYTU;0,04;PLN;'014261V98C000955;ODSETKI OD DEPOZYTU;Odsetki, zwrot z inwestycji
31.01.2026;31.01.2026;;;'23124015321111001044176713;;PODATEK POBRANY;-0,01;PLN;'014261V98C000954;PODATEK POBRANY;Podatki
30.01.2026;30.01.2026;JMP S.A. BIEDRONKA 445 WARSZAWA;;'23124015321111001044176713;;*********3025639;-47,10;PLN;'C992603010259710;TRANSAKCJA KARTĄ PŁATNICZĄ;Artykuły spożywcze
30.01.2026;30.01.2026;JAROSŁAW JAKUB MILLER;RYNEK 65 26-025    ŁAGÓW               PL;'75124060031111001047891677;'23124015321111001044176713;Przelew na telefon 48502***789. splitwise;156,00;PLN;'503261U605706215;PRZELEW;Sprzedaż
30.01.2026;30.01.2026;JMP S.A. BIEDRONKA 445 WARSZAWA;;'23124015321111001044176713;;*********3025639;-14,88;PLN;'C992603020459588;TRANSAKCJA KARTĄ PŁATNICZĄ;Artykuły spożywcze
28.01.2026;28.01.2026;JMP S.A. BIEDRONKA 445 WARSZAWA;;'23124015321111001044176713;;*********3025639;-18,82;PLN;'C992602810053667;TRANSAKCJA KARTĄ PŁATNICZĄ;Artykuły spożywcze
28.01.2026;28.01.2026;JMP S.A. BIEDRONKA 445 WARSZAWA;;'23124015321111001044176713;;*********3025639;-37,09;PLN;'C992602819618588;TRANSAKCJA KARTĄ PŁATNICZĄ;Artykuły spożywcze
27.01.2026;27.01.2026;MARCIN PLEWA;;'23124015321111001044176713;'62124021481111001065706351;Przelew na telefon 48692***578. Chińczyk jedzenie;-31,50;PLN;'014261R622602082;REALIZACJA PŁATNOŚCI PEOPAY;Internet, TV, telefon
27.01.2026;27.01.2026;AUTOMATSPEC SPZOO      LISZKI;;'23124015321111001044176713;;*********3025639;-4,00;PLN;'C992602711627790;TRANSAKCJA KARTĄ PŁATNICZĄ;Restauracje i kawiarnie
27.01.2026;27.01.2026;SKLEP FIRMOWY NR 117   WARSZAWA;;'23124015321111001044176713;;*********3025639;-2,09;PLN;'C992602708531121;TRANSAKCJA KARTĄ PŁATNICZĄ;Artykuły spożywcze
27.01.2026;27.01.2026;SKLEP FIRMOWY NR 117   WARSZAWA;;'23124015321111001044176713;;*********3025639;-16,30;PLN;'C992602708524870;TRANSAKCJA KARTĄ PŁATNICZĄ;Artykuły spożywcze
27.01.2026;24.01.2026;BANK PEKAO S.A.;CENTRALA-O?RODEK OPERACJI KART UL. ŠUBRA 1 01-066 WARSZAWA;'53124000270999999999999999;'23124015321111001044176713;ANULOWANIE TRANSAKCJINA KARTĘ **** **** 4302 5639WYKONANEJ: APPLE.COM/BILL\HollyhillIndustrial Est DN. 24/01/2026;37,41;PLN;'0326012660095080;PRZELEW;Inne
26.01.2026;25.01.2026;LIDL KAROLKOWA         WARSZAWA;;'23124015321111001044176713;;*********3025639;-71,24;PLN;'C992602516910374;TRANSAKCJA KARTĄ PŁATNICZĄ;Artykuły spożywcze
26.01.2026;25.01.2026;JMP S.A. BIEDRONKA 445 WARSZAWA;;'23124015321111001044176713;;*********3025639;-44,95;PLN;'C992602510028842;TRANSAKCJA KARTĄ PŁATNICZĄ;Artykuły spożywcze
24.01.2026;24.01.2026;JMP S.A. BIEDRONKA 445 WARSZAWA;;'23124015321111001044176713;;*********3025639;-61,91;PLN;'C992602416565955;TRANSAKCJA KARTĄ PŁATNICZĄ;Artykuły spożywcze
24.01.2026;24.01.2026;JMP S.A. BIEDRONKA 445 WARSZAWA;;'23124015321111001044176713;;*********3025639;-5,69;PLN;'C992602413469592;TRANSAKCJA KARTĄ PŁATNICZĄ;Artykuły spożywcze
24.01.2026;24.01.2026;PIEKARNIA ORMIANSKA ZE WARSZAWA;;'23124015321111001044176713;;*********3025639;-20,00;PLN;'C992602413463248;TRANSAKCJA KARTĄ PŁATNICZĄ;Artykuły spożywcze
24.01.2026;24.01.2026;ZABKA Z4410 K.2        WARSZAWA;;'23124015321111001044176713;;*********3025639;-7,00;PLN;'C992602411348539;TRANSAKCJA KARTĄ PŁATNICZĄ;Artykuły spożywcze
24.01.2026;24.01.2026;APPLE.COM/BILL         CORK;;'23124015321111001044176713;;*********3025639;-69,99;PLN;'C992602409544900;TRANSAKCJA KARTĄ PŁATNICZĄ;Bez kategorii
23.01.2026;23.01.2026;TADIM DONER GRILL      WARSZAWA;;'23124015321111001044176713;;*********3025639;-33,50;PLN;'C992602317071686;TRANSAKCJA KARTĄ PŁATNICZĄ;Restauracje i kawiarnie
22.01.2026;22.01.2026;JMP S.A. BIEDRONKA 445 WARSZAWA;;'23124015321111001044176713;;*********3025639;-39,72;PLN;'C992602220641968;TRANSAKCJA KARTĄ PŁATNICZĄ;Artykuły spożywcze
21.01.2026;21.01.2026;;;'23124015321111001044176713;'92124020921362991111000000;Opłata za obsługę kartyMasterCard Debit*43025639 za miesiąc 01.2026;-1,00;PLN;'M0150QAM00050302;PROWIZJE AUT.;Opłaty bankowe
21.01.2026;21.01.2026;CUKIERNIA PAWLOWICZ    WARSZAWA;;'23124015321111001044176713;;*********3025639;-18,00;PLN;'C992602113867168;TRANSAKCJA KARTĄ PŁATNICZĄ;Artykuły spożywcze
21.01.2026;21.01.2026;APPLE.COM/BILL         CORK;;'23124015321111001044176713;;*********3025639;-39,99;PLN;'C992602117352646;TRANSAKCJA KARTĄ PŁATNICZĄ;Bez kategorii
21.01.2026;21.01.2026;JMP S.A. BIEDRONKA 445 WARSZAWA;;'23124015321111001044176713;;*********3025639;-34,68;PLN;'C992602109738544;TRANSAKCJA KARTĄ PŁATNICZĄ;Artykuły spożywcze
21.01.2026;18.01.2026;BANK PEKAO S.A.;CENTRALA-OŚRODEK OPERACJI KART UL. ŻUBRA 1 01-066 WARSZAWA;'53124000270999999999999999;'23124015321111001044176713;ANULOWANIE TRANSAKCJINA KARTĘ **** **** 4302 5639WYKONANEJ: UBER   *EATS          \Mr Treublaan 7   DN. 18/01/2026;9,50;PLN;'0326012060033430;PRZELEW;Inne
20.01.2026;20.01.2026;AUTOMATSPEC SPZOO      LISZKI;;'23124015321111001044176713;;*********3025639;-4,00;PLN;'C992602016479608;TRANSAKCJA KARTĄ PŁATNICZĄ;Restauracje i kawiarnie
20.01.2026;20.01.2026;MONIKA ADAMOWICZ-BALCERCZYK UL.LEGI;;'21191010482205037537810001;'23124015321111001044176713;Transfer to the phone BB;45,50;PLN;'M042000225614586;PRZELEW BLIK PRZYCHODZĄCY;Inne
20.01.2026;20.01.2026;MARIUSZ ZIĘCINA;;'40249000050000400002969849;'23124015321111001044176713;Burger;52,50;PLN;'M042000225613873;PRZELEW BLIK PRZYCHODZĄCY;Inne
20.01.2026;20.01.2026;LIPONOGA NINA;;'23116022020000000081891379;'23124015321111001044176713;Burger;45,50;PLN;'M042000225613679;PRZELEW BLIK PRZYCHODZĄCY;Inne
20.01.2026;20.01.2026;KRZYSZTOF P KRYGIER UL. JANA BYTNAR;;'03109025900000000132707486;'23124015321111001044176713;burger biuro , dziękuję za zamówienie;46,00;PLN;'M042000225608205;PRZELEW BLIK PRZYCHODZĄCY;Inne
20.01.2026;20.01.2026;WOLT                   WARSAW;;'23124015321111001044176713;;*********3025639;-242,49;PLN;'C992602013363452;TRANSAKCJA KARTĄ PŁATNICZĄ;Restauracje i kawiarnie
20.01.2026;20.01.2026;JMP S.A. BIEDRONKA 445 WARSZAWA;;'23124015321111001044176713;;*********3025639;-9,49;PLN;'C992602008203540;TRANSAKCJA KARTĄ PŁATNICZĄ;Artykuły spożywcze
19.01.2026;19.01.2026;XTB SPOLKA AKCYJNA;;'39124015321787001140533465;'20124020929729000002871368;2871368;-825,00;USD;'014261J601307409;REALIZACJA PŁATNOŚCI PEOPAY;Bez kategorii
19.01.2026;19.01.2026;CURRENCY ONE SA;SZYPERSKA 14 61-754    POZNAŃ              PL;'30124066251787001024213427;'39124015321787001140533465;/OPF/X/////TAGWTPL14252906 26034413Kamil Sobieraj;825,04;USD;'5650119615104177;PRZELEW;Inne
19.01.2026;19.01.2026;PAYPRO S.A.;;'23124015321111001044176713;'72124062921111001129726875;/OPT/X/////P24-E3Z-M4E-Q5V;-3 000,00;PLN;'014261J600809367;PRZELEW WEWNĘTRZNY - DOSTAWCA;Bez kategorii
19.01.2026;19.01.2026;JMP S.A. BIEDRONKA 445 WARSZAWA;;'23124015321111001044176713;;*********3025639;-23,27;PLN;'C992601914225557;TRANSAKCJA KARTĄ PŁATNICZĄ;Artykuły spożywcze
19.01.2026;18.01.2026;SEBASTIAN KURYŁO;;'20194010764625325400000000;'23124015321111001044176713;Przelew na telefon BLIK;35,00;PLN;'M042000225233199;PRZELEW BLIK PRZYCHODZĄCY;Sprzedaż
19.01.2026;18.01.2026;UBER   * EATS PENDING  AMSTERDAM;;'23124015321111001044176713;;*********3025639;-115,57;PLN;'C992601815508547;TRANSAKCJA KARTĄ PŁATNICZĄ;Restauracje i kawiarnie
17.01.2026;17.01.2026;CARREFOUR HIPERMARKET  WARSZAWA;;'23124015321111001044176713;;*********3025639;-223,13;PLN;'C992601715206372;TRANSAKCJA KARTĄ PŁATNICZĄ;Artykuły spożywcze
17.01.2026;17.01.2026;TONESTONE SP. Z O.O.   WARSZAWA;;'23124015321111001044176713;;*********3025639;-36,90;PLN;'C992601714504384;TRANSAKCJA KARTĄ PŁATNICZĄ;Restauracje i kawiarnie
17.01.2026;17.01.2026;JMP S.A. BIEDRONKA 445 WARSZAWA;;'23124015321111001044176713;;*********3025639;-28,22;PLN;'C992601710964340;TRANSAKCJA KARTĄ PŁATNICZĄ;Artykuły spożywcze
16.01.2026;16.01.2026;TADIM DONER GRILL      WARSZAWA;;'23124015321111001044176713;;*********3025639;-33,50;PLN;'C992601614943960;TRANSAKCJA KARTĄ PŁATNICZĄ;Restauracje i kawiarnie
16.01.2026;16.01.2026;ZABKA Z4410 K.1        WARSZAWA;;'23124015321111001044176713;;*********3025639;-11,98;PLN;'C992601611787570;TRANSAKCJA KARTĄ PŁATNICZĄ;Artykuły spożywcze
16.01.2026;16.01.2026;JMP S.A. BIEDRONKA 445 WARSZAWA;;'23124015321111001044176713;;*********3025639;-19,98;PLN;'C992601611415563;TRANSAKCJA KARTĄ PŁATNICZĄ;Artykuły spożywcze
15.01.2026;15.01.2026;JMP S.A. BIEDRONKA 445 WARSZAWA;;'23124015321111001044176713;;*********3025639;-33,82;PLN;'C992601510229185;TRANSAKCJA KARTĄ PŁATNICZĄ;Artykuły spożywcze
15.01.2026;15.01.2026;ASSECO POLAND SA PŁACE;UL. OLCHOWA 14 35-322 RZESZÓW;'42124059181111000049090675;'23124015321111001044176713;PREMIA STANDBY **202601P7** 23119;1 056,97;PLN;'4910115987051184;PRZELEW;Premia, nagroda
14.01.2026;14.01.2026;JMP S.A. BIEDRONKA 445 WARSZAWA;;'23124015321111001044176713;;*********3025639;-10,97;PLN;'C992601411368406;TRANSAKCJA KARTĄ PŁATNICZĄ;Artykuły spożywcze
14.01.2026;14.01.2026;ZABKA Z4410 K.2        WARSZAWA;;'23124015321111001044176713;;*********3025639;-12,98;PLN;'C992601411370852;TRANSAKCJA KARTĄ PŁATNICZĄ;Artykuły spożywcze
13.01.2026;13.01.2026;MACHOP SP. Z O.O.      WARSZAWA;;'23124015321111001044176713;;*********3025639;-29,00;PLN;'C992601313341609;TRANSAKCJA KARTĄ PŁATNICZĄ;Restauracje i kawiarnie
13.01.2026;13.01.2026;JMP S.A. BIEDRONKA 445 WARSZAWA;;'23124015321111001044176713;;*********3025639;-9,49;PLN;'C992601309197293;TRANSAKCJA KARTĄ PŁATNICZĄ;Artykuły spożywcze
12.01.2026;12.01.2026;PIEKARNIA ORMIANSKA ZE WARSZAWA;;'23124015321111001044176713;;*********3025639;-20,00;PLN;'C992601215902237;TRANSAKCJA KARTĄ PŁATNICZĄ;Artykuły spożywcze
12.01.2026;12.01.2026;IKE BOSSA;;'23124015321111001044176713;'83154011578129000000814183;IKE 814183;-2 355,00;PLN;'014261CA71007270;ZLECENIE STAŁE;Bez kategorii
12.01.2026;11.01.2026;ZABKA Z4410 K.1        WARSZAWA;;'23124015321111001044176713;;*********3025639;-14,79;PLN;'C992601118129498;TRANSAKCJA KARTĄ PŁATNICZĄ;Artykuły spożywcze
12.01.2026;11.01.2026;ZABKA Z4410 K.1        WARSZAWA;;'23124015321111001044176713;;*********3025639;-1,59;PLN;'C992601110997705;TRANSAKCJA KARTĄ PŁATNICZĄ;Artykuły spożywcze
12.01.2026;11.01.2026;KACPER BANASIK;;'23124015321111001044176713;'69124060031111001048178711;Splitwqse styczeń 2026;-1 867,33;PLN;'014261B622102316;REALIZACJA PŁATNOŚCI PEOPAY;Czynsz
12.01.2026;11.01.2026;KAFETERIA.MYBENEFIT.PL WARSZAWA;;'23124015321111001044176713;;*********3025639;-139,00;PLN;'C992601108407685;TRANSAKCJA KARTĄ PŁATNICZĄ;Sport
10.01.2026;10.01.2026;MAŁGORZATA UŁASIUK TRENER OSOBISTY;UL.ŁUCKA 20 M.62 00-845 WARSZAWA;'25114020040000310281874201;'23124015321111001044176713;PRZELEW ŚRODKÓW;141,45;PLN;'M042000223699164;PRZELEW BLIK PRZYCHODZĄCY;Inne
10.01.2026;10.01.2026;LIDL KAROLKOWA         WARSZAWA;;'23124015321111001044176713;;*********3025639;-107,71;PLN;'C992601015182263;TRANSAKCJA KARTĄ PŁATNICZĄ;Artykuły spożywcze
10.01.2026;10.01.2026;UBER   *ONE MEMBERSHIP AMSTERDAM;;'23124015321111001044176713;;*********3025639;-12,99;PLN;'C992601014127141;TRANSAKCJA KARTĄ PŁATNICZĄ;Bez kategorii
10.01.2026;09.01.2026;JMP S.A. BIEDRONKA 445 WARSZAWA;;'23124015321111001044176713;;*********3025639;-20,39;PLN;'C992600922381477;TRANSAKCJA KARTĄ PŁATNICZĄ;Artykuły spożywcze
09.01.2026;09.01.2026;TADIM DONER GRILL      WARSZAWA;;'23124015321111001044176713;;*********3025639;-49,50;PLN;'C992600915148430;TRANSAKCJA KARTĄ PŁATNICZĄ;Restauracje i kawiarnie
08.01.2026;08.01.2026;LIDL KAROLKOWA         WARSZAWA;;'23124015321111001044176713;;*********3025639;-29,99;PLN;'C992600818700064;TRANSAKCJA KARTĄ PŁATNICZĄ;Artykuły spożywcze
08.01.2026;08.01.2026;ASSECO POLAND SA PŁACE;UL. OLCHOWA 14 35-322 RZESZÓW;'42124059181111000049090675;'23124015321111001044176713;WYNAGRODZENIE 12/2025 **202512U4**23119;10 398,05;PLN;'4910108981371416;PRZELEW;Wynagrodzenie
08.01.2026;08.01.2026;KUCHNIA WIETNAMSK83619 WARSZAWA;;'23124015321111001044176713;;*********3025639;-26,00;PLN;'C992600818146999;TRANSAKCJA KARTĄ PŁATNICZĄ;Restauracje i kawiarnie
08.01.2026;08.01.2026;JMP S.A. BIEDRONKA 445 WARSZAWA;;'23124015321111001044176713;;*********3025639;-18,83;PLN;'C992600811417471;TRANSAKCJA KARTĄ PŁATNICZĄ;Artykuły spożywcze
07.01.2026;07.01.2026;JMP S.A. BIEDRONKA 445 WARSZAWA;;'23124015321111001044176713;;*********3025639;-10,36;PLN;'C992600711895144;TRANSAKCJA KARTĄ PŁATNICZĄ;Artykuły spożywcze
07.01.2026;07.01.2026;BISTRO GRZYBOWSKA      WARSZAWA;;'23124015321111001044176713;;*********3025639;-48,62;PLN;'C992600715548056;TRANSAKCJA KARTĄ PŁATNICZĄ;Restauracje i kawiarnie
06.01.2026;06.01.2026;PIEKARNIA ORMIANSKA ZE WARSZAWA;;'23124015321111001044176713;;*********3025639;-25,00;PLN;'C992600615656241;TRANSAKCJA KARTĄ PŁATNICZĄ;Artykuły spożywcze
06.01.2026;06.01.2026;PAYPAL *PATRONITE      35314369001;;'23124015321111001044176713;;*********3025639;-7,00;PLN;'C992600611082938;TRANSAKCJA KARTĄ PŁATNICZĄ;Kino i teatr
06.01.2026;05.01.2026;UBER   * EATS PENDING  AMSTERDAM;;'23124015321111001044176713;;*********3025639;-98,11;PLN;'C992600521004214;TRANSAKCJA KARTĄ PŁATNICZĄ;Restauracje i kawiarnie
05.01.2026;05.01.2026;JMP S.A. BIEDRONKA 445 WARSZAWA;;'23124015321111001044176713;;*********3025639;-67,43;PLN;'C992600510541187;TRANSAKCJA KARTĄ PŁATNICZĄ;Artykuły spożywcze
05.01.2026;04.01.2026;GOOD LOOD              KRAKOW;;'23124015321111001044176713;;*********3025639;-8,00;PLN;'C992600418382861;TRANSAKCJA KARTĄ PŁATNICZĄ;Restauracje i kawiarnie
05.01.2026;04.01.2026;ZABKA Z4410 K.2        WARSZAWA;;'23124015321111001044176713;;*********3025639;-11,98;PLN;'C992600413309334;TRANSAKCJA KARTĄ PŁATNICZĄ;Artykuły spożywcze
05.01.2026;03.01.2026;LIDL KAROLKOWA         WARSZAWA;;'23124015321111001044176713;;*********3025639;-96,88;PLN;'C992600320202190;TRANSAKCJA KARTĄ PŁATNICZĄ;Artykuły spożywcze
03.01.2026;03.01.2026;TADIM DONER GRILL      WARSZAWA;;'23124015321111001044176713;;*********3025639;-33,50;PLN;'C992600313993261;TRANSAKCJA KARTĄ PŁATNICZĄ;Restauracje i kawiarnie
02.01.2026;02.01.2026;CASTORAMA WARSZAWA WOL WARSZAWA;;'23124015321111001044176713;;*********3025639;-44,98;PLN;'C992600208305956;TRANSAKCJA KARTĄ PŁATNICZĄ;Naprawy i remonty
02.01.2026;02.01.2026;AUCHAN POLSKA SP. Z  0 WARSZAWA;;'23124015321111001044176713;;*********3025639;-19,74;PLN;'C992600208807020;TRANSAKCJA KARTĄ PŁATNICZĄ;Artykuły spożywcze
02.01.2026;02.01.2026;UBER   * EATS PENDING  AMSTERDAM;;'23124015321111001044176713;;*********3025639;-112,93;PLN;'C992600218171792;TRANSAKCJA KARTĄ PŁATNICZĄ;Restauracje i kawiarnie
