Data księgowania;Data waluty;Nadawca / Odbiorca;Adres nadawcy / odbiorcy;Rachunek źródłowy;Rachunek docelowy;Tytułem;Kwota operacji;Waluta;Numer referencyjny;Typ operacji;Kategoria
30.12.2023;30.12.2023;JAKDOJADE.PL           POZNAN;;'23124015321111001044176713;;*********3025639;-25,00;PLN;'C992336413108221;TRANSAKCJA KARTĄ PŁATNICZĄ;Transport publiczny
30.12.2023;30.12.2023;;;;'23124015321111001044176713;ODSETKI OD DEPOZYTU;0,21;PLN;'01423CU98C001059;ODSETKI OD DEPOZYTU;Odsetki, zwrot z inwestycji
30.12.2023;30.12.2023;INDIAN TASTE EXPRESS   WARSZAWA;;'23124015321111001044176713;;*********3025639;-36,00;PLN;'C992336415306459;TRANSAKCJA KARTĄ PŁATNICZĄ;Restauracje i kawiarnie
30.12.2023;30.12.2023;;;'23124015321111001044176713;;PODATEK POBRANY;-0,04;PLN;'01423CU98C001058;PODATEK POBRANY;Podatki
30.12.2023;30.12.2023;AUCHAN POLSKA SP. Z  0 WARSZAWA;;'23124015321111001044176713;;*********3025639;-127,65;PLN;'C992336414294680;TRANSAKCJA KARTĄ PŁATNICZĄ;Artykuły spożywcze
29.12.2023;29.12.2023;CARREFOUR EXPRESS 3352 WARSZAWA;;'23124015321111001044176713;;*********3025639;-12,38;PLN;'C992336319438344;TRANSAKCJA KARTĄ PŁATNICZĄ;Artykuły spożywcze
29.12.2023;29.12.2023;PLK ZLOTE TARASY       WARSZAWA;;'23124015321111001044176713;;*********3025639;-54,90;PLN;'C992336318376210;TRANSAKCJA KARTĄ PŁATNICZĄ;Restauracje i kawiarnie
29.12.2023;29.12.2023;TS O/WARSZAWA 40       WARSZAWA;;'23124015321111001044176713;;*********3025639;-10,00;PLN;'C992336318406030;TRANSAKCJA KARTĄ PŁATNICZĄ;Bez kategorii
28.12.2023;28.12.2023;JMP S.A. BIEDRONKA 445 WARSZAWA;;'23124015321111001044176713;;*********3025639;-4,56;PLN;'C992336213855567;TRANSAKCJA KARTĄ PŁATNICZĄ;Artykuły spożywcze
28.12.2023;28.12.2023;JMP S.A. BIEDRONKA 445 WARSZAWA;;'23124015321111001044176713;;*********3025639;-10,41;PLN;'C992336210556770;TRANSAKCJA KARTĄ PŁATNICZĄ;Artykuły spożywcze
28.12.2023;28.12.2023;ZABKA Z4410 K.2        WARSZAWA;;'23124015321111001044176713;;*********3025639;-3,98;PLN;'C992336210561114;TRANSAKCJA KARTĄ PŁATNICZĄ;Artykuły spożywcze
27.12.2023;27.12.2023;ZABKA Z8085 K.2        WARSZAWA;;'23124015321111001044176713;;*********3025639;-9,99;PLN;'C992336110619811;TRANSAKCJA KARTĄ PŁATNICZĄ;Artykuły spożywcze
26.12.2023;26.12.2023;ZABKA Z4410 K.2        WARSZAWA;;'23124015321111001044176713;;*********3025639;-22,98;PLN;'C992336018424994;TRANSAKCJA KARTĄ PŁATNICZĄ;Artykuły spożywcze
22.12.2023;22.12.2023;KEBAB LEPKOWSCY  10920 LOMZA;;'23124015321111001044176713;;*********3025639;-27,50;PLN;'C992335611652528;TRANSAKCJA KARTĄ PŁATNICZĄ;Artykuły spożywcze
21.12.2023;21.12.2023;JMP S.A. BIEDRONKA 445 WARSZAWA;;'23124015321111001044176713;;*********3025639;-18,46;PLN;'C992335511289126;TRANSAKCJA KARTĄ PŁATNICZĄ;Artykuły spożywcze
21.12.2023;21.12.2023;PYSZNE.PL VZ8NWH       WROCLAW;;'23124015321111001044176713;;;-54,89;PLN;'C992335517900934;TRANSAKCJA KARTĄ PŁATNICZĄ;Restauracje i kawiarnie
20.12.2023;20.12.2023;KFCDOSTAWA.PL          WROCLAW;;'23124015321111001044176713;;*********3025639;-38,99;PLN;'C992335418627806;TRANSAKCJA KARTĄ PŁATNICZĄ;Restauracje i kawiarnie
20.12.2023;20.12.2023;KACPER BANASIK;;'23124015321111001044176713;'69124060031111001048178711;Splitwase grudzień;-1 705,49;PLN;'01423CK602003245;REALIZACJA PŁATNOŚCI PEOPAY;Bez kategorii
20.12.2023;20.12.2023;ZABKA Z4410 K.2        WARSZAWA;;'23124015321111001044176713;;*********3025639;-24,96;PLN;'C992335408748830;TRANSAKCJA KARTĄ PŁATNICZĄ;Artykuły spożywcze
20.12.2023;19.12.2023;PAYU;ZAKEXPRESS.COM. Grunwaldzka 186,Poznan;'23124015321111001044176713;;BLIK REF       78010825445;-84,42;PLN;'C992335322527141;PŁATNOŚĆ BLIK;Zakupy przez internet
19.12.2023;19.12.2023;JMP S.A. BIEDRONKA 445 WARSZAWA;;'23124015321111001044176713;;*********3025639;-10,93;PLN;'C992335319532695;TRANSAKCJA KARTĄ PŁATNICZĄ;Artykuły spożywcze
19.12.2023;19.12.2023;ALLEGRO                POZNAN;;'23124015321111001044176713;;*********3025639;-128,47;PLN;'C992335319519890;TRANSAKCJA KARTĄ PŁATNICZĄ;Zakupy przez internet
19.12.2023;19.12.2023;BISTRO GRZYBOWSKA 61   WARSZAWA;;'23124015321111001044176713;;*********3025639;-25,50;PLN;'C992335313937560;TRANSAKCJA KARTĄ PŁATNICZĄ;Restauracje i kawiarnie
19.12.2023;19.12.2023;JMP S.A. BIEDRONKA 445 WARSZAWA;;'23124015321111001044176713;;*********3025639;-15,49;PLN;'C992335309601646;TRANSAKCJA KARTĄ PŁATNICZĄ;Artykuły spożywcze
19.12.2023;19.12.2023;APPLE.COM/BILL         APPLE.COM/BI;;'23124015321111001044176713;;*********3025639;-4,99;PLN;'C992335303433654;TRANSAKCJA KARTĄ PŁATNICZĄ;Bez kategorii
18.12.2023;18.12.2023;BISTRO GRZYBOWSKA 61   WARSZAWA;;'23124015321111001044176713;;*********3025639;-25,50;PLN;'C992335212731761;TRANSAKCJA KARTĄ PŁATNICZĄ;Restauracje i kawiarnie
18.12.2023;17.12.2023;ZABKA Z4410 K.2        WARSZAWA;;'23124015321111001044176713;;*********3025639;-9,00;PLN;'C992335121237868;TRANSAKCJA KARTĄ PŁATNICZĄ;Artykuły spożywcze
18.12.2023;17.12.2023;JMP S.A. BIEDRONKA 445 WARSZAWA;;'23124015321111001044176713;;*********3025639;-6,99;PLN;'C992335111674389;TRANSAKCJA KARTĄ PŁATNICZĄ;Artykuły spożywcze
18.12.2023;18.12.2023;;;'23124015321111001044176713;'92124020921362991111000000;Opłata za obsługę kartyMasterCard Debit*43025639 za miesiąc 12.2023;-1,00;PLN;'M0150NLJ00240796;PROWIZJE AUT.;Opłaty bankowe
18.12.2023;17.12.2023;ZABKA Z4410 K.1        WARSZAWA;;'23124015321111001044176713;;*********3025639;-11,80;PLN;'C992335111677783;TRANSAKCJA KARTĄ PŁATNICZĄ;Artykuły spożywcze
16.12.2023;16.12.2023;JMP S.A. BIEDRONKA 445 WARSZAWA;;'23124015321111001044176713;;*********3025639;-38,95;PLN;'C992335018352655;TRANSAKCJA KARTĄ PŁATNICZĄ;Artykuły spożywcze
16.12.2023;16.12.2023;CINKCIARZ.PL;;'23124015321111001044176713;'35124020181111001036671545;CB539350797413CB;-50 000,00;PLN;'01423CG628207453;REALIZACJA PŁATNOŚCI PEOPAY;Bez kategorii
16.12.2023;16.12.2023;KAMIL SOBIERAJ;UL. H. KOŁŁĄTAJA 3/23 18-400    ŁOMŻA               PL;'98124015321111001117994594;'23124015321111001044176713;Przelew środków;51 005,67;PLN;'01423CG620508684;PRZELEW;Przelew wewnętrzny
15.12.2023;15.12.2023;JMP S.A. BIEDRONKA 445 WARSZAWA;;'23124015321111001044176713;;*********3025639;-48,72;PLN;'C992334915853800;TRANSAKCJA KARTĄ PŁATNICZĄ;Artykuły spożywcze
15.12.2023;15.12.2023;ZABKA Z4410 K.1        WARSZAWA;;'23124015321111001044176713;;*********3025639;-11,80;PLN;'C992334909206247;TRANSAKCJA KARTĄ PŁATNICZĄ;Artykuły spożywcze
14.12.2023;14.12.2023;LIDL KAROLKOWA         WARSZAWA;;'23124015321111001044176713;;*********3025639;-39,08;PLN;'C992334819917249;TRANSAKCJA KARTĄ PŁATNICZĄ;Artykuły spożywcze
14.12.2023;14.12.2023;MACHOP SP. Z O.O.      WARSZAWA;;'23124015321111001044176713;;*********3025639;-37,00;PLN;'C992334814450740;TRANSAKCJA KARTĄ PŁATNICZĄ;Restauracje i kawiarnie
14.12.2023;14.12.2023;GORACO POLECAM         WARSZAWA;;'23124015321111001044176713;;*********3025639;-13,90;PLN;'C992334808978135;TRANSAKCJA KARTĄ PŁATNICZĄ;Artykuły spożywcze
14.12.2023;14.12.2023;CARREFOUR EXPRESS H82  WARSZAWA;;'23124015321111001044176713;;*********3025639;-3,89;PLN;'C992334808974386;TRANSAKCJA KARTĄ PŁATNICZĄ;Artykuły spożywcze
14.12.2023;13.12.2023;PAYU;OLX.PL Grunwaldzka 186,Poznan;'23124015321111001044176713;;BLIK REF       77896079258;-162,50;PLN;'C992334721360883;PŁATNOŚĆ BLIK;Zakupy przez internet
13.12.2023;13.12.2023;BISTRO GRZYBOWSKA 61   WARSZAWA;;'23124015321111001044176713;;*********3025639;-69,00;PLN;'C992334713219053;TRANSAKCJA KARTĄ PŁATNICZĄ;Restauracje i kawiarnie
12.12.2023;12.12.2023;JMP S.A. BIEDRONKA 445 WARSZAWA;;'23124015321111001044176713;;*********3025639;-7,28;PLN;'C992334618626773;TRANSAKCJA KARTĄ PŁATNICZĄ;Artykuły spożywcze
12.12.2023;12.12.2023;JMP S.A. BIEDRONKA 445 WARSZAWA;;'23124015321111001044176713;;*********3025639;-16,60;PLN;'C992334610886070;TRANSAKCJA KARTĄ PŁATNICZĄ;Artykuły spożywcze
12.12.2023;12.12.2023;ZABKA Z4410 K.2        WARSZAWA;;'23124015321111001044176713;;*********3025639;-8,80;PLN;'C992334613177837;TRANSAKCJA KARTĄ PŁATNICZĄ;Artykuły spożywcze
12.12.2023;12.12.2023;BISTRO GRZYBOWSKA 61   WARSZAWA;;'23124015321111001044176713;;*********3025639;-24,50;PLN;'C992334613172447;TRANSAKCJA KARTĄ PŁATNICZĄ;Restauracje i kawiarnie
11.12.2023;10.12.2023;IKE BOSSA;;'23124015321111001044176713;'83154011578129000000814183;IKE 814183;-500,00;PLN;'01423CAA71005068;ZLECENIE STAŁE;Bez kategorii
11.12.2023;10.12.2023;AUCHAN POLSKA SP. Z  0 WARSZAWA;;'23124015321111001044176713;;*********3025639;-0,75;PLN;'C992334410984671;TRANSAKCJA KARTĄ PŁATNICZĄ;Artykuły spożywcze
11.12.2023;10.12.2023;AUCHAN POLSKA SP. Z  0 WARSZAWA;;'23124015321111001044176713;;*********3025639;-140,57;PLN;'C992334410982258;TRANSAKCJA KARTĄ PŁATNICZĄ;Artykuły spożywcze
11.12.2023;10.12.2023;AUCHAN POLSKA SP. Z  0 WARSZAWA;;'23124015321111001044176713;;*********3025639;-9,50;PLN;'C992334409953903;TRANSAKCJA KARTĄ PŁATNICZĄ;Artykuły spożywcze
11.12.2023;10.12.2023;MPSA - A 161           WARSZAWA;;'23124015321111001044176713;;*********3025639;-3,40;PLN;'C992334409944316;TRANSAKCJA KARTĄ PŁATNICZĄ;Transport publiczny
09.12.2023;09.12.2023;SOUL FOOD BURGERS KOSZ WARSZAWA;;'23124015321111001044176713;;*********3025639;-51,00;PLN;'C992334318686209;TRANSAKCJA KARTĄ PŁATNICZĄ;Restauracje i kawiarnie
09.12.2023;09.12.2023;ZABKA Z0948 K.1        WARSZAWA;;'23124015321111001044176713;;*********3025639;-2,99;PLN;'C992334315511498;TRANSAKCJA KARTĄ PŁATNICZĄ;Artykuły spożywcze
09.12.2023;09.12.2023;JAKDOJADE.PL           POZNAN;;'23124015321111001044176713;;*********3025639;-25,00;PLN;'C992334315442554;TRANSAKCJA KARTĄ PŁATNICZĄ;Transport publiczny
09.12.2023;09.12.2023;BISTRO GRZYBOWSKA 61   WARSZAWA;;'23124015321111001044176713;;*********3025639;-27,50;PLN;'C992334312177365;TRANSAKCJA KARTĄ PŁATNICZĄ;Restauracje i kawiarnie
09.12.2023;09.12.2023;ZABKA Z4410 K.1        WARSZAWA;;'23124015321111001044176713;;*********3025639;-11,80;PLN;'C992334309833970;TRANSAKCJA KARTĄ PŁATNICZĄ;Artykuły spożywcze
09.12.2023;09.12.2023;JMP S.A. BIEDRONKA 445 WARSZAWA;;'23124015321111001044176713;;*********3025639;-5,46;PLN;'C992334309830058;TRANSAKCJA KARTĄ PŁATNICZĄ;Artykuły spożywcze
08.12.2023;08.12.2023;PAYPRO S.A.;LOCKME.PL Pastelowa 8,Poznan;'23124015321111001044176713;;BLIK REF       77786153323;-180,00;PLN;'C992334211211438;PŁATNOŚĆ BLIK;Zakupy przez internet
08.12.2023;08.12.2023;BISTRO GRZYBOWSKA 61   WARSZAWA;;'23124015321111001044176713;;*********3025639;-35,50;PLN;'C992334216309592;TRANSAKCJA KARTĄ PŁATNICZĄ;Restauracje i kawiarnie
08.12.2023;08.12.2023;ZABKA Z4410 K.2        WARSZAWA;;'23124015321111001044176713;;*********3025639;-13,70;PLN;'C992334213970420;TRANSAKCJA KARTĄ PŁATNICZĄ;Artykuły spożywcze
07.12.2023;07.12.2023;ASSECO POLAND SA PŁACE;UL. OLCHOWA 14 35-322 RZESZÓW;'42124059181111000049090675;'23124015321111001044176713;WYNAGRODZENIE 11/2023 **202311U3**23119;8 094,30;PLN;'4911207981323329;PRZELEW;Wynagrodzenie
07.12.2023;06.12.2023;JMP S.A. BIEDRONKA 445 WARSZAWA;;'23124015321111001044176713;;*********3025639;-7,81;PLN;'C992334021294767;TRANSAKCJA KARTĄ PŁATNICZĄ;Artykuły spożywcze
07.12.2023;07.12.2023;KUCHNIA WIETNAMSK83619 WARSZAWA;;'23124015321111001044176713;;*********3025639;-36,00;PLN;'C992334114888344;TRANSAKCJA KARTĄ PŁATNICZĄ;Restauracje i kawiarnie
07.12.2023;07.12.2023;ZABKA Z4410 K.2        WARSZAWA;;'23124015321111001044176713;;*********3025639;-13,98;PLN;'C992334109477773;TRANSAKCJA KARTĄ PŁATNICZĄ;Artykuły spożywcze
07.12.2023;07.12.2023;LIDL KAROLKOWA         WARSZAWA;;'23124015321111001044176713;;*********3025639;-85,51;PLN;'C992334114883953;TRANSAKCJA KARTĄ PŁATNICZĄ;Artykuły spożywcze
06.12.2023;06.12.2023;OLD SHAKER             WARSZAWA;;'23124015321111001044176713;;*********3025639;-36,00;PLN;'C992334018192880;TRANSAKCJA KARTĄ PŁATNICZĄ;Restauracje i kawiarnie
06.12.2023;06.12.2023;JMP S.A. BIEDRONKA 445 WARSZAWA;;'23124015321111001044176713;;*********3025639;-18,46;PLN;'C992334008319792;TRANSAKCJA KARTĄ PŁATNICZĄ;Artykuły spożywcze
06.12.2023;06.12.2023;PAYPAL *PATRONITE      35314369001;;'23124015321111001044176713;;*********3025639;-7,00;PLN;'C992334012624790;TRANSAKCJA KARTĄ PŁATNICZĄ;Kino i teatr
06.12.2023;06.12.2023;PAYU;OLX.PL Grunwaldzka 186,Poznan;'23124015321111001044176713;;BLIK REF       77744886008;-708,40;PLN;'C992334016336221;PŁATNOŚĆ BLIK;Zakupy przez internet
06.12.2023;06.12.2023;BUENA VISTA            WARSZAWA;;'23124015321111001044176713;;*********3025639;-35,00;PLN;'C992334018131634;TRANSAKCJA KARTĄ PŁATNICZĄ;Restauracje i kawiarnie
05.12.2023;05.12.2023;CASHBILL;POLSKIEPREMIUM. Sobieskiego 2,Katowice;'23124015321111001044176713;;BLIK REF       77723055933;-39,99;PLN;'C992333911662473;PŁATNOŚĆ BLIK;Zakupy przez internet
05.12.2023;05.12.2023;JMP S.A. BIEDRONKA 445 WARSZAWA;;'23124015321111001044176713;;*********3025639;-20,05;PLN;'C992333917926083;TRANSAKCJA KARTĄ PŁATNICZĄ;Artykuły spożywcze
05.12.2023;05.12.2023;BISTRO GRZYBOWSKA 61   WARSZAWA;;'23124015321111001044176713;;*********3025639;-36,50;PLN;'C992333914635323;TRANSAKCJA KARTĄ PŁATNICZĄ;Restauracje i kawiarnie
05.12.2023;05.12.2023;XTB.COM/PL;WWW.XTB.COM ul. PROSTA 67,WARSZAWA;'23124015321111001044176713;;BLIK REF       77723548588;-5 000,00;PLN;'C992333910629532;PŁATNOŚĆ BLIK;Bez kategorii
05.12.2023;05.12.2023;XTB.COM/PL;WWW.XTB.COM ul. PROSTA 67,WARSZAWA;'23124015321111001044176713;;BLIK REF       77723505570;-5 000,00;PLN;'C992333910628739;PŁATNOŚĆ BLIK;Bez kategorii
04.12.2023;04.12.2023;ZABKA Z4410 K.2        WARSZAWA;;'23124015321111001044176713;;*********3025639;-8,80;PLN;'C992333813496653;TRANSAKCJA KARTĄ PŁATNICZĄ;Artykuły spożywcze
04.12.2023;04.12.2023;PRACOWNIA CUKIERNICZA  WARSZAWA;;'23124015321111001044176713;;*********3025639;-24,00;PLN;'C992333813484910;TRANSAKCJA KARTĄ PŁATNICZĄ;Artykuły spożywcze
04.12.2023;04.12.2023;BISTRO GRZYBOWSKA 61   WARSZAWA;;'23124015321111001044176713;;*********3025639;-22,00;PLN;'C992333813460843;TRANSAKCJA KARTĄ PŁATNICZĄ;Restauracje i kawiarnie
04.12.2023;04.12.2023;JMP S.A. BIEDRONKA 445 WARSZAWA;;'23124015321111001044176713;;*********3025639;-5,79;PLN;'C992333807063358;TRANSAKCJA KARTĄ PŁATNICZĄ;Artykuły spożywcze
04.12.2023;03.12.2023;ZABKA Z8085 K.2        WARSZAWA;;'23124015321111001044176713;;*********3025639;-9,98;PLN;'C992333717261553;TRANSAKCJA KARTĄ PŁATNICZĄ;Artykuły spożywcze
02.12.2023;02.12.2023;JMP S.A. BIEDRONKA 445 WARSZAWA;;'23124015321111001044176713;;*********3025639;-52,70;PLN;'C992333619393534;TRANSAKCJA KARTĄ PŁATNICZĄ;Artykuły spożywcze
02.12.2023;02.12.2023;KIP;HTTPS://MIKR.US plac Andersa 3 73,Poznan;'23124015321111001044176713;;BLIK REF       77671696682;-30,00;PLN;'C992333617339294;PŁATNOŚĆ BLIK;Zakupy przez internet
02.12.2023;02.12.2023;JMP S.A. BIEDRONKA 445 WARSZAWA;;'23124015321111001044176713;;*********3025639;-5,79;PLN;'C992333613892158;TRANSAKCJA KARTĄ PŁATNICZĄ;Artykuły spożywcze
02.12.2023;02.12.2023;BISTRO GRZYBOWSKA 61   WARSZAWA;;'23124015321111001044176713;;*********3025639;-34,00;PLN;'C992333612862956;TRANSAKCJA KARTĄ PŁATNICZĄ;Restauracje i kawiarnie
02.12.2023;02.12.2023;ZABKA Z4410 K.1        WARSZAWA;;'23124015321111001044176713;;*********3025639;-18,79;PLN;'C992333608429589;TRANSAKCJA KARTĄ PŁATNICZĄ;Artykuły spożywcze
01.12.2023;01.12.2023;BISTRO GRZYBOWSKA 61   WARSZAWA;;'23124015321111001044176713;;*********3025639;-49,00;PLN;'C992333512535166;TRANSAKCJA KARTĄ PŁATNICZĄ;Restauracje i kawiarnie
01.12.2023;01.12.2023;JMP S.A. BIEDRONKA 445 WARSZAWA;;'23124015321111001044176713;;*********3025639;-37,97;PLN;'C992333512529688;TRANSAKCJA KARTĄ PŁATNICZĄ;Artykuły spożywcze
01.12.2023;01.12.2023;KACPER BANASIK;;'23124015321111001044176713;'69124060031111001048178711;19 047,36 bath to pln;-2 156,89;PLN;'01423C1622408563;PRZELEW INTERNET;Bez kategorii
01.12.2023;01.12.2023;JMP S.A. BIEDRONKA 445 WARSZAWA;;'23124015321111001044176713;;*********3025639;-37,92;PLN;'C992333508221318;TRANSAKCJA KARTĄ PŁATNICZĄ;Artykuły spożywcze
30.11.2023;30.11.2023;;;;'23124015321111001044176713;ODSETKI OD DEPOZYTU;0,16;PLN;'01423BU98C001062;ODSETKI OD DEPOZYTU;Odsetki, zwrot z inwestycji
30.11.2023;30.11.2023;;;'23124015321111001044176713;;PODATEK POBRANY;-0,03;PLN;'01423BU98C001061;PODATEK POBRANY;Podatki
30.11.2023;30.11.2023;ASSECO POLAND SA PŁACE;UL. OLCHOWA 14 35-322 RZESZÓW;'42124059181111000049090675;'23124015321111001044176713;WYNAGRODZENIE ZA PRACE W NOCY I NADGODZINY **202311N2** 23119;121,54;PLN;'4911130986981745;PRZELEW;Wynagrodzenie
18.11.2023;18.11.2023;BEIJINGSHOUDUJICHANGCA BJ;;'23124015321111001044176713;;*********3025639;-28,94;PLN;'C992332202631310;TRANSAKCJA KARTĄ PŁATNICZĄ;Restauracje i kawiarnie
17.11.2023;16.11.2023;ZABKA Z4410 K.2        WARSZAWA;;'23124015321111001044176713;;*********3025639;-11,99;PLN;'C992332020378222;TRANSAKCJA KARTĄ PŁATNICZĄ;Artykuły spożywcze
16.11.2023;16.11.2023;AUCHAN POLSKA SP. Z  0 WARSZAWA;;'23124015321111001044176713;;*********3025639;-115,24;PLN;'C992332019322337;TRANSAKCJA KARTĄ PŁATNICZĄ;Artykuły spożywcze
16.11.2023;16.11.2023;KFCDOSTAWA.PL          WROCLAW;;'23124015321111001044176713;;*********3025639;-34,48;PLN;'C992332019350973;TRANSAKCJA KARTĄ PŁATNICZĄ;Restauracje i kawiarnie
16.11.2023;16.11.2023;JMP S.A. BIEDRONKA 445 WARSZAWA;;'23124015321111001044176713;;*********3025639;-9,08;PLN;'C992332014876938;TRANSAKCJA KARTĄ PŁATNICZĄ;Artykuły spożywcze
16.11.2023;16.11.2023;BISTRO GRZYBOWSKA 61   WARSZAWA;;'23124015321111001044176713;;*********3025639;-34,00;PLN;'C992332013844853;TRANSAKCJA KARTĄ PŁATNICZĄ;Restauracje i kawiarnie
15.11.2023;15.11.2023;KACPER MACIEJ BANASIK;ŁUCKA 20/62 00-845    WARSZAWA            PL;'69124060031111001048178711;'23124015321111001044176713;Media;1 360,00;PLN;'50323BF622501013;PRZELEW;Inne
15.11.2023;15.11.2023;ZABKA Z4410 K.1        WARSZAWA;;'23124015321111001044176713;;*********3025639;-3,90;PLN;'C992331918172142;TRANSAKCJA KARTĄ PŁATNICZĄ;Artykuły spożywcze
15.11.2023;15.11.2023;UL. GORCZEWSKA 137     WARSZAWA;;'23124015321111001044176713;;*********3025639;-1 400,00;PLN;'C992331918146384;WYPŁATA KARTĄ;Wypłata z bankomatu
15.11.2023;15.11.2023;BISTRO GRZYBOWSKA 61   WARSZAWA;;'23124015321111001044176713;;*********3025639;-24,50;PLN;'C992331914789546;TRANSAKCJA KARTĄ PŁATNICZĄ;Restauracje i kawiarnie
15.11.2023;15.11.2023;ZABKA Z4410 K.1        WARSZAWA;;'23124015321111001044176713;;*********3025639;-60,00;PLN;'C992331918172142;WYPŁATA GOTÓWKI;Wypłata z rachunku
15.11.2023;15.11.2023;AUCHAN POLSKA SP. Z  0 WARSZAWA;;'23124015321111001044176713;;*********3025639;-109,65;PLN;'C992331918128052;TRANSAKCJA KARTĄ PŁATNICZĄ;Artykuły spożywcze
15.11.2023;15.11.2023;UAB ZEN.COM;MESINIU G. 5 01135 VILNIUS LITWA;'17160014621853157530000027;'23124015321111001044176713;e7b13d96 Kamil Sobieraj Zen;22 179,00;PLN;'XKO0001812888239;PRZELEW KRAJOWY MIĘDZYBANKOWY;Inne
15.11.2023;15.11.2023;JMP S.A. BIEDRONKA 445 WARSZAWA;;'23124015321111001044176713;;*********3025639;-8,47;PLN;'C992331909442850;TRANSAKCJA KARTĄ PŁATNICZĄ;Artykuły spożywcze
14.11.2023;14.11.2023;JMP S.A. BIEDRONKA 445 WARSZAWA;;'23124015321111001044176713;;*********3025639;-29,11;PLN;'C992331819137758;TRANSAKCJA KARTĄ PŁATNICZĄ;Artykuły spożywcze
14.11.2023;14.11.2023;NATALIA;;'23124015321111001044176713;'77116022020000000369309070;Przelew na telefon 48788***252. Przelew na telefon;-70,00;PLN;'M042100657081226;PRZELEW BLIK WYCHODZĄCY;Internet, TV, telefon
14.11.2023;14.11.2023;AUTOMATSPEC SPZOO      LISZKI;;'23124015321111001044176713;;*********3025639;-4,00;PLN;'C992331814768140;TRANSAKCJA KARTĄ PŁATNICZĄ;Restauracje i kawiarnie
14.11.2023;14.11.2023;KRZYSZTOF PIOTR KRYGIER UL. JANA BY;;'03109025900000000132707486;'23124015321111001044176713;Chińczyk kurczak;22,00;PLN;'M042000082187100;PRZELEW BLIK PRZYCHODZĄCY;Inne
14.11.2023;14.11.2023;LIPONOGA NINA;;'23116022020000000081891379;'23124015321111001044176713;Sloik;85,00;PLN;'M042000082185581;PRZELEW BLIK PRZYCHODZĄCY;Inne
14.11.2023;14.11.2023;FADI KEBAB             WARSZAWA;;'23124015321111001044176713;;*********3025639;-16,00;PLN;'C992331813666743;TRANSAKCJA KARTĄ PŁATNICZĄ;Restauracje i kawiarnie
14.11.2023;14.11.2023;MACHOP SP. Z O.O.      WARSZAWA;;'23124015321111001044176713;;*********3025639;-61,00;PLN;'C992331813664699;TRANSAKCJA KARTĄ PŁATNICZĄ;Restauracje i kawiarnie
14.11.2023;14.11.2023;;;'23124015321111001044176713;'92124020921362991111000000;Opłata za obsługę kartyMasterCard Debit*43025639 za miesiąc 11.2023;-1,00;PLN;'M0150NKF00281987;PROWIZJE AUT.;Opłaty bankowe
14.11.2023;14.11.2023;GORACO POLECAM         WARSZAWA;;'23124015321111001044176713;;*********3025639;-13,90;PLN;'C992331810378472;TRANSAKCJA KARTĄ PŁATNICZĄ;Artykuły spożywcze
14.11.2023;13.11.2023;ALLEGRO                POZNAN;;'23124015321111001044176713;;*********3025639;-69,90;PLN;'C992331722152811;TRANSAKCJA KARTĄ PŁATNICZĄ;Zakupy przez internet
14.11.2023;13.11.2023;ALLEGRO                POZNAN;;'23124015321111001044176713;;*********3025639;-85,12;PLN;'C992331722152044;TRANSAKCJA KARTĄ PŁATNICZĄ;Zakupy przez internet
13.11.2023;13.11.2023;JMP S.A. BIEDRONKA 445 WARSZAWA;;'23124015321111001044176713;;*********3025639;-6,98;PLN;'C992331714632285;TRANSAKCJA KARTĄ PŁATNICZĄ;Artykuły spożywcze
13.11.2023;13.11.2023;JMP S.A. BIEDRONKA 445 WARSZAWA;;'23124015321111001044176713;;*********3025639;-14,61;PLN;'C992331710290022;TRANSAKCJA KARTĄ PŁATNICZĄ;Artykuły spożywcze
13.11.2023;12.11.2023;ZABKA Z4410 K.2        WARSZAWA;;'23124015321111001044176713;;*********3025639;-19,97;PLN;'C992331612810072;TRANSAKCJA KARTĄ PŁATNICZĄ;Artykuły spożywcze
11.11.2023;11.11.2023;PYSZNE.PL P8TICV       WROCLAW;;'23124015321111001044176713;;;-165,60;PLN;'C992331518587790;TRANSAKCJA KARTĄ PŁATNICZĄ;Restauracje i kawiarnie
11.11.2023;11.11.2023;NACHYŁA KINGA;;'66116022020000000380850716;'23124015321111001044176713;Za wszystkie zaleglosci;88,00;PLN;'M042000081830975;PRZELEW BLIK PRZYCHODZĄCY;Inne
11.11.2023;10.11.2023;JMP S.A. BIEDRONKA 445 WARSZAWA;;'23124015321111001044176713;;*********3025639;-57,30;PLN;'C992331422213681;TRANSAKCJA KARTĄ PŁATNICZĄ;Artykuły spożywcze
10.11.2023;10.11.2023;PYSZNE.PL VTVVJY       WROCLAW;;'23124015321111001044176713;;;-31,99;PLN;'C992331417856877;TRANSAKCJA KARTĄ PŁATNICZĄ;Restauracje i kawiarnie
10.11.2023;10.11.2023;JMP S.A. BIEDRONKA 445 WARSZAWA;;'23124015321111001044176713;;*********3025639;-9,66;PLN;'C992331411090517;TRANSAKCJA KARTĄ PŁATNICZĄ;Artykuły spożywcze
10.11.2023;10.11.2023;MARIUSZ ZIĘCINA;;'40249000050000400002969849;'23124015321111001044176713;Ceska po paletkach;80,00;PLN;'M042000081599214;PRZELEW BLIK PRZYCHODZĄCY;Inne
10.11.2023;10.11.2023;IKE BOSSA;;'23124015321111001044176713;'83154011578129000000814183;IKE 814183;-500,00;PLN;'01423BAA71008884;ZLECENIE STAŁE;Bez kategorii
10.11.2023;09.11.2023;ZABKA Z8085 K.2        WARSZAWA;;'23124015321111001044176713;;*********3025639;-10,70;PLN;'C992331320643281;TRANSAKCJA KARTĄ PŁATNICZĄ;Artykuły spożywcze
09.11.2023;09.11.2023;JAKDOJADE.PL           POZNAN;;'23124015321111001044176713;;*********3025639;-25,00;PLN;'C992331320629746;TRANSAKCJA KARTĄ PŁATNICZĄ;Transport publiczny
09.11.2023;09.11.2023;RESTAURACJA SLOIK      WARSZAWA;;'23124015321111001044176713;;*********3025639;-235,00;PLN;'C992331320633267;TRANSAKCJA KARTĄ PŁATNICZĄ;Restauracje i kawiarnie
09.11.2023;09.11.2023;ZDROFIT MOKOTOW EUROPL WARSZAWA;;'23124015321111001044176713;;*********3025639;-5,00;PLN;'C992331314123039;TRANSAKCJA KARTĄ PŁATNICZĄ;Hobby
09.11.2023;09.11.2023;ASSECO POLAND SA PŁACE;UL. OLCHOWA 14 35-322 RZESZÓW;'42124059181111000049090675;'23124015321111001044176713;WYNAGRODZENIE 10/2023 **202310U3**23119;7 878,11;PLN;'4911109986943298;PRZELEW;Wynagrodzenie
09.11.2023;09.11.2023;BISTRO GRZYBOWSKA 61   WARSZAWA;;'23124015321111001044176713;;*********3025639;-30,30;PLN;'C992331312981855;TRANSAKCJA KARTĄ PŁATNICZĄ;Restauracje i kawiarnie
09.11.2023;09.11.2023;JMP S.A. BIEDRONKA 445 WARSZAWA;;'23124015321111001044176713;;*********3025639;-11,09;PLN;'C992331310773542;TRANSAKCJA KARTĄ PŁATNICZĄ;Artykuły spożywcze
08.11.2023;08.11.2023;BISTRO GRZYBOWSKA 61   WARSZAWA;;'23124015321111001044176713;;*********3025639;-44,40;PLN;'C992331213980503;TRANSAKCJA KARTĄ PŁATNICZĄ;Restauracje i kawiarnie
08.11.2023;08.11.2023;ZABKA Z4410 K.2        WARSZAWA;;'23124015321111001044176713;;*********3025639;-9,98;PLN;'C992331211770153;TRANSAKCJA KARTĄ PŁATNICZĄ;Artykuły spożywcze
08.11.2023;08.11.2023;JMP S.A. BIEDRONKA 445 WARSZAWA;;'23124015321111001044176713;;*********3025639;-8,94;PLN;'C992331211765092;TRANSAKCJA KARTĄ PŁATNICZĄ;Artykuły spożywcze
08.11.2023;07.11.2023;JAROSŁAW JAKUB MILLER;RYNEK 65 26-025    ŁAGÓW               PL;'75124060031111001047891677;'23124015321111001044176713;Przelew na telefon 48502***789. splitwise;56,00;PLN;'50323B7622309775;PRZELEW;Sprzedaż
08.11.2023;07.11.2023;JMP S.A. BIEDRONKA 445 WARSZAWA;;'23124015321111001044176713;;*********3025639;-14,62;PLN;'C992331120426354;TRANSAKCJA KARTĄ PŁATNICZĄ;Artykuły spożywcze
07.11.2023;07.11.2023;BISTRO GRZYBOWSKA 61   WARSZAWA;;'23124015321111001044176713;;*********3025639;-21,30;PLN;'C992331114952351;TRANSAKCJA KARTĄ PŁATNICZĄ;Restauracje i kawiarnie
07.11.2023;07.11.2023;SEBASTIAN KURYŁO;;'23124015321111001044176713;'20194010764625325400000000;Przelew na telefon 48782***258. Przelew na telefon;-45,00;PLN;'M042100650615356;PRZELEW BLIK WYCHODZĄCY;Internet, TV, telefon
06.11.2023;06.11.2023;ŁUCJA KARASEK VEL KARASIEWICZ;KAZAŃSKA 17/68 18-403    ŁOMŻA               PL;'09124015321111001041567374;'23124015321111001044176713;Przelew na telefon 48502***789. Przelew na telefon;17,00;PLN;'01423B6603603436;PRZELEW;Sprzedaż
06.11.2023;06.11.2023;ZABKA Z8085 K.2        WARSZAWA;;'23124015321111001044176713;;*********3025639;-14,40;PLN;'C992331019361972;TRANSAKCJA KARTĄ PŁATNICZĄ;Artykuły spożywcze
06.11.2023;06.11.2023;JMP S.A. BIEDRONKA 445 WARSZAWA;;'23124015321111001044176713;;*********3025639;-4,39;PLN;'C992331019358661;TRANSAKCJA KARTĄ PŁATNICZĄ;Artykuły spożywcze
06.11.2023;06.11.2023;ECARD S.A.;INPOST.PL Krucza 16,Warszawa;'23124015321111001044176713;;BLIK REF       77159958051;-16,99;PLN;'C992331018183083;PŁATNOŚĆ BLIK;Zakupy przez internet
06.11.2023;06.11.2023;BISTRO GRZYBOWSKA 61   WARSZAWA;;'23124015321111001044176713;;*********3025639;-44,40;PLN;'C992331014962954;TRANSAKCJA KARTĄ PŁATNICZĄ;Restauracje i kawiarnie
06.11.2023;06.11.2023;PAYPAL *PATRONITE      35314369001;;'23124015321111001044176713;;*********3025639;-7,00;PLN;'C992331011673758;TRANSAKCJA KARTĄ PŁATNICZĄ;Kino i teatr
06.11.2023;06.11.2023;JMP S.A. BIEDRONKA 445 WARSZAWA;;'23124015321111001044176713;;*********3025639;-22,09;PLN;'C992331010602467;TRANSAKCJA KARTĄ PŁATNICZĄ;Artykuły spożywcze
06.11.2023;06.11.2023;KACPER BANASIK;;'23124015321111001044176713;'69124060031111001048178711;Splitwise listopad;-1 733,12;PLN;'01423B6602708550;REALIZACJA PŁATNOŚCI PEOPAY;Bez kategorii
06.11.2023;05.11.2023;PAYPRO S.A.;HTTP://RANKOMAT ul. Pastelowa 8,Poznan;'23124015321111001044176713;;BLIK REF       77132315863;-90,45;PLN;'C992330922802184;PŁATNOŚĆ BLIK;Zakupy przez internet
06.11.2023;05.11.2023;ZABKA Z4410 K.1        WARSZAWA;;'23124015321111001044176713;;*********3025639;-9,99;PLN;'C992330916232933;TRANSAKCJA KARTĄ PŁATNICZĄ;Artykuły spożywcze
06.11.2023;05.11.2023;MARSZALIK ALEKSY P.H.U SKIERNIEWICE;;'23124015321111001044176713;;*********3025639;-45,00;PLN;'C992330914186091;TRANSAKCJA KARTĄ PŁATNICZĄ;Naprawy i remonty
06.11.2023;04.11.2023;ZABKA Z4410 K.1        WARSZAWA;;'23124015321111001044176713;;*********3025639;-24,58;PLN;'C992330822988435;TRANSAKCJA KARTĄ PŁATNICZĄ;Artykuły spożywcze
04.11.2023;04.11.2023;SEBASTIAN KURYŁO;;'20194010764625325400000000;'23124015321111001044176713;Przelew na telefon BLIK;63,00;PLN;'M042000080833422;PRZELEW BLIK PRZYCHODZĄCY;Sprzedaż
04.11.2023;04.11.2023;PAYPRO S.A.;TELESAJGON.PL Pastelowa 8,Poznan;'23124015321111001044176713;;BLIK REF       77104473858;-129,50;PLN;'C992330816300178;PŁATNOŚĆ BLIK;Zakupy przez internet
04.11.2023;04.11.2023;SUPER PHARM WARSZAWA N WARSZAWA;;'23124015321111001044176713;;*********3025639;-7,99;PLN;'C992330815654102;TRANSAKCJA KARTĄ PŁATNICZĄ;Lekarstwa
04.11.2023;04.11.2023;ZABKA Z4410 K.1        WARSZAWA;;'23124015321111001044176713;;*********3025639;-11,80;PLN;'C992330806907205;TRANSAKCJA KARTĄ PŁATNICZĄ;Artykuły spożywcze
04.11.2023;03.11.2023;MESA USLUGI GASTRONO 0 WARSZAWA;;'23124015321111001044176713;;*********3025639;-110,00;PLN;'C992330722849432;TRANSAKCJA KARTĄ PŁATNICZĄ;Restauracje i kawiarnie
03.11.2023;03.11.2023;JAKDOJADE.PL           POZNAN;;'23124015321111001044176713;;*********3025639;-10,00;PLN;'C992330716527787;TRANSAKCJA KARTĄ PŁATNICZĄ;Transport publiczny
03.11.2023;02.11.2023;JAROSŁAW JAKUB MILLER;RYNEK 65 26-025    ŁAGÓW               PL;'75124060031111001047891677;'23124015321111001044176713;Przelew na telefon 48502***789. wydatki mieszkaniowe;5,37;PLN;'50323B2627305176;PRZELEW;Sprzedaż
03.11.2023;03.11.2023;JMP S.A. BIEDRONKA 445 WARSZAWA;;'23124015321111001044176713;;*********3025639;-84,58;PLN;'C992330710004135;TRANSAKCJA KARTĄ PŁATNICZĄ;Artykuły spożywcze
03.11.2023;03.11.2023;LIDL OSTROBRAMSKA      WARSZAWA;;'23124015321111001044176713;;*********3025639;-23,31;PLN;'C992330716504646;TRANSAKCJA KARTĄ PŁATNICZĄ;Artykuły spożywcze
03.11.2023;03.11.2023;MAKARUN THE WARSAW HUB WARSZAWA;;'23124015321111001044176713;;*********3025639;-25,90;PLN;'C992330716578125;TRANSAKCJA KARTĄ PŁATNICZĄ;Restauracje i kawiarnie
03.11.2023;03.11.2023;AUT. 2473040 MERA-MZA  GRODZISK MAZ;;'23124015321111001044176713;;*********3025639;-4,40;PLN;'C992330714348616;TRANSAKCJA KARTĄ PŁATNICZĄ;Transport publiczny
02.11.2023;02.11.2023;ZABKA Z4410 K.1        WARSZAWA;;'23124015321111001044176713;;*********3025639;-16,38;PLN;'C992330617513906;TRANSAKCJA KARTĄ PŁATNICZĄ;Artykuły spożywcze
02.11.2023;02.11.2023;PIEKARNIA KRASKA 61484 LOMZA;;'23124015321111001044176713;;*********3025639;-7,30;PLN;'C992330612048903;TRANSAKCJA KARTĄ PŁATNICZĄ;Artykuły spożywcze
02.11.2023;02.11.2023;PLK ZLOTE TARASY       WARSZAWA;;'23124015321111001044176713;;*********3025639;-37,95;PLN;'C992330614275933;TRANSAKCJA KARTĄ PŁATNICZĄ;Restauracje i kawiarnie
31.10.2023;31.10.2023;;;;'23124015321111001044176713;ODSETKI OD DEPOZYTU;0,07;PLN;'01423AV98C001103;ODSETKI OD DEPOZYTU;Odsetki, zwrot z inwestycji
31.10.2023;31.10.2023;SKLEP NR 131           LOMZA;;'23124015321111001044176713;;*********3025639;-21,51;PLN;'C992330416984090;TRANSAKCJA KARTĄ PŁATNICZĄ;Artykuły spożywcze
31.10.2023;31.10.2023;PIEKARNIA SULIMA 68706 LOMZA;;'23124015321111001044176713;;*********3025639;-2,60;PLN;'C992330410306481;TRANSAKCJA KARTĄ PŁATNICZĄ;Artykuły spożywcze
31.10.2023;31.10.2023;ASSECO POLAND SA PŁACE;UL. OLCHOWA 14 35-322 RZESZÓW;'42124059181111000049090675;'23124015321111001044176713;WYNAGRODZENIE ZA PRACE W NOCY I NADGODZINY **202310N2** 23119;740,85;PLN;'4911031987432201;PRZELEW;Wynagrodzenie
31.10.2023;31.10.2023;"P.H.U.""KARGO"" MARKET K LOMZA";;'23124015321111001044176713;;*********3025639;-2,99;PLN;'C992330408196677;TRANSAKCJA KARTĄ PŁATNICZĄ;Artykuły spożywcze
31.10.2023;31.10.2023;;;'23124015321111001044176713;;PODATEK POBRANY;-0,02;PLN;'01423AV98C001102;PODATEK POBRANY;Podatki
31.10.2023;31.10.2023;3256 LOMZALEGIONOW     LOMZA;;'23124015321111001044176713;;*********3025639;-11,00;PLN;'C992330409269987;TRANSAKCJA KARTĄ PŁATNICZĄ;Bez kategorii
30.10.2023;29.10.2023;PAYU;ZAKEXPRESS.COM. Grunwaldzka 186,Poznan;'23124015321111001044176713;;BLIK REF       76981091802;-84,42;PLN;'C992330210657295;PŁATNOŚĆ BLIK;Zakupy przez internet
30.10.2023;29.10.2023;ZABKA Z4410 K.2        WARSZAWA;;'23124015321111001044176713;;*********3025639;-2,99;PLN;'C992330213680352;TRANSAKCJA KARTĄ PŁATNICZĄ;Artykuły spożywcze
30.10.2023;29.10.2023;ZABKA Z4410 K.2        WARSZAWA;;'23124015321111001044176713;;*********3025639;-2,50;PLN;'C992330218837352;TRANSAKCJA KARTĄ PŁATNICZĄ;Artykuły spożywcze
30.10.2023;29.10.2023;"""GRANATY""              WARSZAWA";;'23124015321111001044176713;;*********3025639;-68,00;PLN;'C992330213660235;TRANSAKCJA KARTĄ PŁATNICZĄ;Restauracje i kawiarnie
30.10.2023;29.10.2023;ZABKA Z8085 K.2        WARSZAWA;;'23124015321111001044176713;;*********3025639;-16,30;PLN;'C992330209534260;TRANSAKCJA KARTĄ PŁATNICZĄ;Artykuły spożywcze
30.10.2023;30.10.2023;ZABKA Z4410 K.2        WARSZAWA;;'23124015321111001044176713;;*********3025639;-16,39;PLN;'C992330308064603;TRANSAKCJA KARTĄ PŁATNICZĄ;Artykuły spożywcze
28.10.2023;28.10.2023;ESNAF LOKANTASI        WARSZAWA;;'23124015321111001044176713;;*********3025639;-46,00;PLN;'C992330114013701;TRANSAKCJA KARTĄ PŁATNICZĄ;Restauracje i kawiarnie
28.10.2023;28.10.2023;JMP S.A. BIEDRONKA 445 WARSZAWA;;'23124015321111001044176713;;*********3025639;-9,28;PLN;'C992330119371048;TRANSAKCJA KARTĄ PŁATNICZĄ;Artykuły spożywcze
28.10.2023;28.10.2023;CUKIERNIA DABKOWSCY    WARSZAWA;;'23124015321111001044176713;;*********3025639;-22,93;PLN;'C992330115070773;TRANSAKCJA KARTĄ PŁATNICZĄ;Artykuły spożywcze
28.10.2023;27.10.2023;LIDL KAROLKOWA         WARSZAWA;;'23124015321111001044176713;;*********3025639;-145,58;PLN;'C992330021290115;TRANSAKCJA KARTĄ PŁATNICZĄ;Artykuły spożywcze
27.10.2023;27.10.2023;BISTRO GRZYBOWSKA 61   WARSZAWA;;'23124015321111001044176713;;*********3025639;-24,90;PLN;'C992330014766686;TRANSAKCJA KARTĄ PŁATNICZĄ;Restauracje i kawiarnie
27.10.2023;27.10.2023;ŁUCJA;;'23124015321111001044176713;'09124015321111001041567374;Przelew na telefon 48508***350. Przelew na telefon;-110,00;PLN;'01423AR622009151;REALIZACJA PŁATNOŚCI PEOPAY;Internet, TV, telefon
27.10.2023;27.10.2023;JMP S.A. BIEDRONKA 445 WARSZAWA;;'23124015321111001044176713;;*********3025639;-13,46;PLN;'C992330010418611;TRANSAKCJA KARTĄ PŁATNICZĄ;Artykuły spożywcze
26.10.2023;26.10.2023;JMP S.A. BIEDRONKA 445 WARSZAWA;;'23124015321111001044176713;;*********3025639;-5,99;PLN;'C992329919063422;TRANSAKCJA KARTĄ PŁATNICZĄ;Artykuły spożywcze
26.10.2023;26.10.2023;BISTRO GRZYBOWSKA 61   WARSZAWA;;'23124015321111001044176713;;*********3025639;-25,50;PLN;'C992329915711800;TRANSAKCJA KARTĄ PŁATNICZĄ;Restauracje i kawiarnie
26.10.2023;26.10.2023;ZABKA Z4410 K.2        WARSZAWA;;'23124015321111001044176713;;*********3025639;-11,80;PLN;'C992329908194028;TRANSAKCJA KARTĄ PŁATNICZĄ;Artykuły spożywcze
26.10.2023;26.10.2023;JMP S.A. BIEDRONKA 445 WARSZAWA;;'23124015321111001044176713;;*********3025639;-18,11;PLN;'C992329908190860;TRANSAKCJA KARTĄ PŁATNICZĄ;Artykuły spożywcze
25.10.2023;25.10.2023;VINA EXPRESS           WARSZAWA;;'23124015321111001044176713;;*********3025639;-33,00;PLN;'C992329818937229;TRANSAKCJA KARTĄ PŁATNICZĄ;Puby i kluby
25.10.2023;25.10.2023;ZABKA Z4410 K.1        WARSZAWA;;'23124015321111001044176713;;*********3025639;-7,00;PLN;'C992329819954143;TRANSAKCJA KARTĄ PŁATNICZĄ;Artykuły spożywcze
25.10.2023;25.10.2023;ZABKA Z4410 K.2        WARSZAWA;;'23124015321111001044176713;;*********3025639;-6,40;PLN;'C992329813466445;TRANSAKCJA KARTĄ PŁATNICZĄ;Artykuły spożywcze
25.10.2023;25.10.2023;JMP S.A. BIEDRONKA 445 WARSZAWA;;'23124015321111001044176713;;*********3025639;-11,76;PLN;'C992329813460965;TRANSAKCJA KARTĄ PŁATNICZĄ;Artykuły spożywcze
24.10.2023;23.10.2023;JMP S.A. BIEDRONKA 445 WARSZAWA;;'23124015321111001044176713;;*********3025639;-15,72;PLN;'C992329621982745;TRANSAKCJA KARTĄ PŁATNICZĄ;Artykuły spożywcze
24.10.2023;24.10.2023;JMP S.A. BIEDRONKA 445 WARSZAWA;;'23124015321111001044176713;;*********3025639;-17,08;PLN;'C992329720974915;TRANSAKCJA KARTĄ PŁATNICZĄ;Artykuły spożywcze
24.10.2023;24.10.2023;MARIUSZ ZIECINA;;'23124015321111001044176713;'26102011270000130202564748;Przelew na telefon 48514***978. Przelew na telefon;-44,00;PLN;'M042100641630393;PRZELEW BLIK WYCHODZĄCY;Internet, TV, telefon
24.10.2023;24.10.2023;FLORA CAFFE TAKA AWAY  WARSZAWA;;'23124015321111001044176713;;*********3025639;-29,00;PLN;'C992329713472406;TRANSAKCJA KARTĄ PŁATNICZĄ;Restauracje i kawiarnie
23.10.2023;23.10.2023;;;'23124015321111001044176713;'92124020921362991111000000;Opłata za obsługę kartyMasterCard Debit*43025639 za miesiąc 10.2023;-1,00;PLN;'M0150NJO00313212;PROWIZJE AUT.;Opłaty bankowe
23.10.2023;22.10.2023;ZABKA Z8085 K.1        WARSZAWA;;'23124015321111001044176713;;*********3025639;-14,40;PLN;'C992329521935037;TRANSAKCJA KARTĄ PŁATNICZĄ;Artykuły spożywcze
23.10.2023;23.10.2023;JMP S.A. BIEDRONKA 445 WARSZAWA;;'23124015321111001044176713;;*********3025639;-11,98;PLN;'C992329610176403;TRANSAKCJA KARTĄ PŁATNICZĄ;Artykuły spożywcze
23.10.2023;23.10.2023;BISTRO GRZYBOWSKA 61   WARSZAWA;;'23124015321111001044176713;;*********3025639;-21,30;PLN;'C992329614469507;TRANSAKCJA KARTĄ PŁATNICZĄ;Restauracje i kawiarnie
23.10.2023;22.10.2023;ALLEGRO                POZNAN;;'23124015321111001044176713;;*********3025639;-299,00;PLN;'C992329517855989;TRANSAKCJA KARTĄ PŁATNICZĄ;Zakupy przez internet
21.10.2023;21.10.2023;JMP S.A. BIEDRONKA 445 WARSZAWA;;'23124015321111001044176713;;*********3025639;-83,43;PLN;'C992329420490787;TRANSAKCJA KARTĄ PŁATNICZĄ;Artykuły spożywcze
21.10.2023;21.10.2023;JAROSŁAW JAKUB MILLER;RYNEK 65 26-025    ŁAGÓW               PL;'75124060031111001047891677;'23124015321111001044176713;Przelew na telefon 48502***789. splitwise;66,50;PLN;'50323AL603202277;PRZELEW;Sprzedaż
21.10.2023;21.10.2023;UBER   * EATS PENDING  AMSTERDAM;;'23124015321111001044176713;;*********3025639;-107,88;PLN;'C992329416271576;TRANSAKCJA KARTĄ PŁATNICZĄ;Restauracje i kawiarnie
21.10.2023;21.10.2023;SZAUR MAFIA            WARSZAWA;;'23124015321111001044176713;;*********3025639;-30,00;PLN;'C992329411824368;TRANSAKCJA KARTĄ PŁATNICZĄ;Restauracje i kawiarnie
20.10.2023;20.10.2023;ZABKA Z4410 K.2        WARSZAWA;;'23124015321111001044176713;;*********3025639;-9,00;PLN;'C992329313808129;TRANSAKCJA KARTĄ PŁATNICZĄ;Artykuły spożywcze
20.10.2023;20.10.2023;BISTRO GRZYBOWSKA 61   WARSZAWA;;'23124015321111001044176713;;*********3025639;-32,10;PLN;'C992329313799095;TRANSAKCJA KARTĄ PŁATNICZĄ;Restauracje i kawiarnie
20.10.2023;20.10.2023;JMP S.A. BIEDRONKA 445 WARSZAWA;;'23124015321111001044176713;;*********3025639;-17,12;PLN;'C992329309457133;TRANSAKCJA KARTĄ PŁATNICZĄ;Artykuły spożywcze
19.10.2023;19.10.2023;JMP S.A. BIEDRONKA 445 WARSZAWA;;'23124015321111001044176713;;*********3025639;-10,93;PLN;'C992329220195817;TRANSAKCJA KARTĄ PŁATNICZĄ;Artykuły spożywcze
19.10.2023;19.10.2023;APPLE.COM/BILL         APPLE.COM/BI;;'23124015321111001044176713;;*********3025639;-4,99;PLN;'C992329203185577;TRANSAKCJA KARTĄ PŁATNICZĄ;Bez kategorii
19.10.2023;19.10.2023;BISTRO GRZYBOWSKA 61   WARSZAWA;;'23124015321111001044176713;;*********3025639;-32,25;PLN;'C992329215841253;TRANSAKCJA KARTĄ PŁATNICZĄ;Restauracje i kawiarnie
19.10.2023;18.10.2023;KACPER BANASIK;;'23124015321111001044176713;'69124060031111001048178711;Split październik;-1 735,21;PLN;'01423AI603105038;REALIZACJA PŁATNOŚCI PEOPAY;Bez kategorii
19.10.2023;18.10.2023;JMP S.A. BIEDRONKA 445 WARSZAWA;;'23124015321111001044176713;;*********3025639;-6,99;PLN;'C992329120130910;TRANSAKCJA KARTĄ PŁATNICZĄ;Artykuły spożywcze
18.10.2023;18.10.2023;MISS KIMCHI            WARSZAWA;;'23124015321111001044176713;;*********3025639;-35,00;PLN;'C992329118982612;TRANSAKCJA KARTĄ PŁATNICZĄ;Restauracje i kawiarnie
18.10.2023;18.10.2023;ZABKA Z4410 K.1        WARSZAWA;;'23124015321111001044176713;;*********3025639;-9,00;PLN;'C992329109255617;TRANSAKCJA KARTĄ PŁATNICZĄ;Artykuły spożywcze
17.10.2023;17.10.2023;FLORA CAFFE TAKA AWAY  WARSZAWA;;'23124015321111001044176713;;*********3025639;-29,00;PLN;'C992329014588012;TRANSAKCJA KARTĄ PŁATNICZĄ;Restauracje i kawiarnie
17.10.2023;17.10.2023;GORACO POLECAM         WARSZAWA;;'23124015321111001044176713;;*********3025639;-13,90;PLN;'C992329009197880;TRANSAKCJA KARTĄ PŁATNICZĄ;Artykuły spożywcze
17.10.2023;17.10.2023;LUX MED. SP. Z O.O. 03 WARSZAWA;;'23124015321111001044176713;;*********3025639;-203,20;PLN;'C992329008160100;TRANSAKCJA KARTĄ PŁATNICZĄ;Opieka medyczna
17.10.2023;16.10.2023;PAYPAL *XTRADEBROKE    222019575;;'23124015321111001044176713;;*********3025639;-5 000,00;PLN;'C992328922039108;TRANSAKCJA KARTĄ PŁATNICZĄ;Założenie lokaty, zakup funduszy, akcji
16.10.2023;16.10.2023;LIDL KAROLKOWA         WARSZAWA;;'23124015321111001044176713;;*********3025639;-108,71;PLN;'C992328918910555;TRANSAKCJA KARTĄ PŁATNICZĄ;Artykuły spożywcze
16.10.2023;16.10.2023;BISTRO GRZYBOWSKA 61   WARSZAWA;;'23124015321111001044176713;;*********3025639;-20,70;PLN;'C992328917816684;TRANSAKCJA KARTĄ PŁATNICZĄ;Restauracje i kawiarnie
16.10.2023;16.10.2023;ASSECO POLAND SA;UL. OLCHOWA 14 35-322 RZESZÓW;'04124054001111000049156746;'23124015321111001044176713;(6012639)DEL/03890/23;90,00;PLN;'3061016987832001;PRZELEW;Inne
16.10.2023;15.10.2023;"""WARSZAWIANKA""         WARSZAWA";;'23124015321111001044176713;;*********3025639;-13,40;PLN;'C992328815463360;TRANSAKCJA KARTĄ PŁATNICZĄ;Artykuły spożywcze
16.10.2023;15.10.2023;NEW WORLD J.V. SP ZOO  WARSZAWA;;'23124015321111001044176713;;*********3025639;-97,00;PLN;'C992328814457036;TRANSAKCJA KARTĄ PŁATNICZĄ;Restauracje i kawiarnie
16.10.2023;15.10.2023;ZABKA Z8085 K.2        WARSZAWA;;'23124015321111001044176713;;*********3025639;-18,99;PLN;'C992328809286854;TRANSAKCJA KARTĄ PŁATNICZĄ;Artykuły spożywcze
16.10.2023;14.10.2023;SYLWIA KOWALSKA;;'31102043170000520203100518;'23124015321111001044176713;ParapetówkiOd: 48606163280 Do: 485*****789;67,00;PLN;'M042000078191166;PRZELEW BLIK PRZYCHODZĄCY;Inne
14.10.2023;14.10.2023;JMP S.A. BIEDRONKA 445 WARSZAWA;;'23124015321111001044176713;;*********3025639;-54,56;PLN;'C992328719124595;TRANSAKCJA KARTĄ PŁATNICZĄ;Artykuły spożywcze
14.10.2023;14.10.2023;BARTOSZ ADAM SULIMA;UL. JANA KAZIMIERZA 21 M. 5 01-248    WARSZAWA            PL;'36195000012006000928060001;'23124015321111001044176713;Przelew na telefon 48502***789. zwrot za parapetówkę;43,00;PLN;'66823AE627204749;PRZELEW;Sprzedaż
14.10.2023;14.10.2023;UBR* PENDING.UBER.COM  AMSTERDAM;;'23124015321111001044176713;;*********3025639;-16,47;PLN;'C992328700043481;TRANSAKCJA KARTĄ PŁATNICZĄ;Taxi
13.10.2023;13.10.2023;ZABKA ZA745 K.2        WARSZAWA;;'23124015321111001044176713;;*********3025639;-16,49;PLN;'C992328619864394;TRANSAKCJA KARTĄ PŁATNICZĄ;Artykuły spożywcze
13.10.2023;13.10.2023;CZAS NA HERBATE        WARSZAWA;;'23124015321111001044176713;;*********3025639;-57,70;PLN;'C992328618805532;TRANSAKCJA KARTĄ PŁATNICZĄ;Artykuły spożywcze
13.10.2023;13.10.2023;PEPCO 1698 WARSZAWA 9  WARSZAWA;;'23124015321111001044176713;;*********3025639;-6,00;PLN;'C992328618792150;TRANSAKCJA KARTĄ PŁATNICZĄ;Ubrania
13.10.2023;13.10.2023;PEPCO 1698 WARSZAWA 9  WARSZAWA;;'23124015321111001044176713;;*********3025639;-60,00;PLN;'C992328618787411;TRANSAKCJA KARTĄ PŁATNICZĄ;Ubrania
13.10.2023;13.10.2023;NIKO                   ROZGARTY;;'23124015321111001044176713;;*********3025639;-18,60;PLN;'C992328617774257;TRANSAKCJA KARTĄ PŁATNICZĄ;Artykuły spożywcze
13.10.2023;13.10.2023;JMP S.A. BIEDRONKA 445 WARSZAWA;;'23124015321111001044176713;;*********3025639;-5,28;PLN;'C992328615549934;TRANSAKCJA KARTĄ PŁATNICZĄ;Artykuły spożywcze
13.10.2023;13.10.2023;BISTRO GRZYBOWSKA 61   WARSZAWA;;'23124015321111001044176713;;*********3025639;-24,90;PLN;'C992328615533227;TRANSAKCJA KARTĄ PŁATNICZĄ;Restauracje i kawiarnie
13.10.2023;13.10.2023;BARTOSZ ADAM SULIMA;UL. JANA KAZIMIERZA 21 M. 5 01-248    WARSZAWA            PL;'36195000012006000928060001;'23124015321111001044176713;Przelew na telefon 48502***789. zaimprezę u Kingi;82,00;PLN;'66823AD605209662;PRZELEW;Sprzedaż
13.10.2023;13.10.2023;ASSECO POLAND SA PŁACE;UL. OLCHOWA 14 35-322 RZESZÓW;'42124059181111000049090675;'23124015321111001044176713;PREMIA STANDBY **202310P3** 23119;633,99;PLN;'4911013981241984;PRZELEW;Premia, nagroda
12.10.2023;12.10.2023;SPOLEM WOLA SKLEP NR 1 WARSZAWA;;'23124015321111001044176713;;*********3025639;-95,48;PLN;'C992328519662739;TRANSAKCJA KARTĄ PŁATNICZĄ;Artykuły spożywcze
12.10.2023;12.10.2023;UBR* PENDING.UBER.COM  AMSTERDAM;;'23124015321111001044176713;;*********3025639;-10,48;PLN;'C992328519639752;TRANSAKCJA KARTĄ PŁATNICZĄ;Taxi
12.10.2023;12.10.2023;EMPIK S.A. PPSCO L3000 WARSZAWA;;'23124015321111001044176713;;*********3025639;-12,99;PLN;'C992328518629677;TRANSAKCJA KARTĄ PŁATNICZĄ;Książki
12.10.2023;12.10.2023;CZAS NA HERBATE        WARSZAWA;;'23124015321111001044176713;;*********3025639;-53,02;PLN;'C992328518622060;TRANSAKCJA KARTĄ PŁATNICZĄ;Artykuły spożywcze
12.10.2023;12.10.2023;BUKIECIARNIA FLOWERS   WARSZAWA;;'23124015321111001044176713;;*********3025639;-73,00;PLN;'C992328518609659;TRANSAKCJA KARTĄ PŁATNICZĄ;Ogród
12.10.2023;12.10.2023;TK MAXX                WARSAW WOLA;;'23124015321111001044176713;;*********3025639;-49,99;PLN;'C992328518599315;TRANSAKCJA KARTĄ PŁATNICZĄ;Inne
12.10.2023;12.10.2023;PEPCO 1698 WARSZAWA 9  WARSZAWA;;'23124015321111001044176713;;*********3025639;-40,00;PLN;'C992328518571057;TRANSAKCJA KARTĄ PŁATNICZĄ;Ubrania
12.10.2023;12.10.2023;MONIKA ADAMOWICZ;;'23124015321111001044176713;'21191010482205037537810001;Przelew na telefon 48692***540. Skladka;-23,00;PLN;'M042100634039996;PRZELEW BLIK WYCHODZĄCY;Internet, TV, telefon
12.10.2023;12.10.2023;JMP S.A. BIEDRONKA 445 WARSZAWA;;'23124015321111001044176713;;*********3025639;-60,90;PLN;'C992328509794162;TRANSAKCJA KARTĄ PŁATNICZĄ;Artykuły spożywcze
12.10.2023;11.10.2023;AMAZON RETAIL;AMAZON.PL/ Generation Park Z, 9th floor,Warsaw;'23124015321111001044176713;;BLIK REF       76637121635;-65,28;PLN;'C992328423793221;PŁATNOŚĆ BLIK;Zakupy przez internet
11.10.2023;11.10.2023;OLEH ZVARYCH           WARSZAWA;;'23124015321111001044176713;;*********3025639;-27,00;PLN;'C992328417330668;TRANSAKCJA KARTĄ PŁATNICZĄ;Restauracje i kawiarnie
11.10.2023;11.10.2023;;;'23124015321111001044176713;'92124020921362991111000000;Prowizja za wypłatę z użyciemBLIK w dniu 2023-10-08;-5,00;PLN;'M0150NJC00044377;PROWIZJE AUT.;Opłaty bankowe
11.10.2023;11.10.2023;JMP S.A. BIEDRONKA 445 WARSZAWA;;'23124015321111001044176713;;*********3025639;-9,31;PLN;'C992328410722940;TRANSAKCJA KARTĄ PŁATNICZĄ;Artykuły spożywcze
10.10.2023;10.10.2023;IKE BOSSA;;'23124015321111001044176713;'83154011578129000000814183;IKE 814183;-500,00;PLN;'01423AAA71008193;ZLECENIE STAŁE;Bez kategorii
09.10.2023;09.10.2023;MARIUSZ ZIĘCINA;;'40249000050000400002969849;'23124015321111001044176713;Przelew na telefon BLIK;150,00;PLN;'M042000077351783;PRZELEW BLIK PRZYCHODZĄCY;Sprzedaż
09.10.2023;09.10.2023;ASSECO POLAND SA PŁACE;UL. OLCHOWA 14 35-322 RZESZÓW;'42124059181111000049090675;'23124015321111001044176713;WYNAGRODZENIE 09/2023 **202309U4**23119;7 851,18;PLN;'4911009981354029;PRZELEW;Wynagrodzenie
09.10.2023;09.10.2023;ZABKA Z4410 K.2        WARSZAWA;;'23124015321111001044176713;;*********3025639;-11,80;PLN;'C992328211551531;TRANSAKCJA KARTĄ PŁATNICZĄ;Artykuły spożywcze
09.10.2023;09.10.2023;JMP S.A. BIEDRONKA 445 WARSZAWA;;'23124015321111001044176713;;*********3025639;-18,33;PLN;'C992328211545674;TRANSAKCJA KARTĄ PŁATNICZĄ;Artykuły spożywcze
09.10.2023;08.10.2023;NA KONCU TECZY         WARSZAWA;;'23124015321111001044176713;;*********3025639;-33,00;PLN;'C992328118163784;TRANSAKCJA KARTĄ PŁATNICZĄ;Artykuły spożywcze
09.10.2023;08.10.2023;KACPER BANASIK;;'23124015321111001044176713;'69124060031111001048178711;Przelew na telefon 48724***340. Pizzaolo;-84,00;PLN;'01423A8624606509;REALIZACJA PŁATNOŚCI PEOPAY;Internet, TV, telefon
09.10.2023;08.10.2023;GOOD LOOD              KRAKOW;;'23124015321111001044176713;;*********3025639;-14,00;PLN;'C992328114025226;TRANSAKCJA KARTĄ PŁATNICZĄ;Restauracje i kawiarnie
09.10.2023;08.10.2023;BANKOMAT EURONET       RCNL0G88;RCNL0G88 0170200011 ul  Lucka 20 lok  17,Warszawa;'23124015321111001044176713;;BLIK REF       76568483509;-50,00;PLN;'C992328113940297;WYPŁATA BLIK;Uroda, fryzjer, kosmetyczka
07.10.2023;07.10.2023;JMP S.A. BIEDRONKA 445 WARSZAWA;;'23124015321111001044176713;;*********3025639;-82,42;PLN;'C992328019710107;TRANSAKCJA KARTĄ PŁATNICZĄ;Artykuły spożywcze
07.10.2023;07.10.2023;BISTRO GRZYBOWSKA 61   WARSZAWA;;'23124015321111001044176713;;*********3025639;-28,50;PLN;'C992328017591611;TRANSAKCJA KARTĄ PŁATNICZĄ;Restauracje i kawiarnie
06.10.2023;06.10.2023;MISS KIMCHI            WARSZAWA;;'23124015321111001044176713;;*********3025639;-39,00;PLN;'C992327917456007;TRANSAKCJA KARTĄ PŁATNICZĄ;Restauracje i kawiarnie
06.10.2023;06.10.2023;JMP S.A. BIEDRONKA 445 WARSZAWA;;'23124015321111001044176713;;*********3025639;-19,84;PLN;'C992327920632238;TRANSAKCJA KARTĄ PŁATNICZĄ;Artykuły spożywcze
06.10.2023;06.10.2023;PAYPAL *PATRONITE      35314369001;;'23124015321111001044176713;;*********3025639;-7,00;PLN;'C992327912954746;TRANSAKCJA KARTĄ PŁATNICZĄ;Kino i teatr
06.10.2023;06.10.2023;JMP S.A. BIEDRONKA 445 WARSZAWA;;'23124015321111001044176713;;*********3025639;-21,10;PLN;'C992327908646048;TRANSAKCJA KARTĄ PŁATNICZĄ;Artykuły spożywcze
06.10.2023;05.10.2023;ZABKA Z4410 K.1        WARSZAWA;;'23124015321111001044176713;;*********3025639;-13,00;PLN;'C992327821473232;TRANSAKCJA KARTĄ PŁATNICZĄ;Artykuły spożywcze
05.10.2023;05.10.2023;JMP S.A. BIEDRONKA 445 WARSZAWA;;'23124015321111001044176713;;*********3025639;-9,89;PLN;'C992327809563081;TRANSAKCJA KARTĄ PŁATNICZĄ;Artykuły spożywcze
05.10.2023;05.10.2023;SADA MILENA ANGELIKA;;'70105001451000009744880387;'23124015321111001044176713;Przelew na telefon +48xxxxxx789Za bilardDla Kamil Koło RoweroweOd SADA MILENA ANGELIKA;70,00;PLN;'M042000076795585;PRZELEW BLIK PRZYCHODZĄCY;Sprzedaż
05.10.2023;04.10.2023;JMP S.A. BIEDRONKA 445 WARSZAWA;;'23124015321111001044176713;;*********3025639;-6,94;PLN;'C992327722402661;TRANSAKCJA KARTĄ PŁATNICZĄ;Artykuły spożywcze
04.10.2023;04.10.2023;SUSHI JAPONSKI SASIAD  WARSZAWA;;'23124015321111001044176713;;*********3025639;-137,00;PLN;'C992327716114742;TRANSAKCJA KARTĄ PŁATNICZĄ;Restauracje i kawiarnie
04.10.2023;04.10.2023;JAKUB MACIEJ WRÓBEL;;'87102033520000170200784652;'23124015321111001044176713;Przelew na telefon kulkiOd: 48790768858 Do: 485*****789;25,00;PLN;'M042000076713212;PRZELEW BLIK PRZYCHODZĄCY;Sprzedaż
04.10.2023;04.10.2023;MAŁGORZATA UŁASIUK TRENER OSOBISTY;UL.ŁUCKA 20 M.62 00-845 WARSZAWA;'25114020040000310281874201;'23124015321111001044176713;SPLIT;207,63;PLN;'M042000076715952;PRZELEW BLIK PRZYCHODZĄCY;Inne
04.10.2023;04.10.2023;BAJSZCZAK ADAM MATEUSZ;;'30105010381000009241279729;'23124015321111001044176713;Telephone transfer +48xxxxxx789BilardTo KamilFrom BAJSZCZAK ADAM MATEUSZ;40,00;PLN;'M042000076703553;PRZELEW BLIK PRZYCHODZĄCY;Inne
04.10.2023;04.10.2023;JMP S.A. BIEDRONKA 445 WARSZAWA;;'23124015321111001044176713;;*********3025639;-17,97;PLN;'C992327712713898;TRANSAKCJA KARTĄ PŁATNICZĄ;Artykuły spożywcze
04.10.2023;03.10.2023;ZABKA Z4370 K.1        WARSZAWA;;'23124015321111001044176713;;*********3025639;-24,48;PLN;'C992327622341571;TRANSAKCJA KARTĄ PŁATNICZĄ;Artykuły spożywcze
04.10.2023;03.10.2023;KAROLINA MONIKA SADA;;'55102039160000070202300325;'23124015321111001044176713;Za bilardOd: 48725371375 Do: 485*****789;35,00;PLN;'M042000076639283;PRZELEW BLIK PRZYCHODZĄCY;Inne
04.10.2023;03.10.2023;LIPONOGA NINA;;'23116022020000000081891379;'23124015321111001044176713;Przelew BLIK na telefon;50,00;PLN;'M042000076639268;PRZELEW BLIK PRZYCHODZĄCY;Sprzedaż
04.10.2023;03.10.2023;147 BREAK              WARSZAWA;;'23124015321111001044176713;;*********3025639;-401,00;PLN;'C992327622337247;TRANSAKCJA KARTĄ PŁATNICZĄ;Restauracje i kawiarnie
03.10.2023;03.10.2023;MACHOP SP. Z O.O.      WARSZAWA;;'23124015321111001044176713;;*********3025639;-88,00;PLN;'C992327613766614;TRANSAKCJA KARTĄ PŁATNICZĄ;Restauracje i kawiarnie
03.10.2023;03.10.2023;GORACO POLECAM         WARSZAWA;;'23124015321111001044176713;;*********3025639;-4,90;PLN;'C992327609421131;TRANSAKCJA KARTĄ PŁATNICZĄ;Artykuły spożywcze
03.10.2023;03.10.2023;ZABKA Z4370 K.2        WARSZAWA;;'23124015321111001044176713;;*********3025639;-8,80;PLN;'C992327607333308;TRANSAKCJA KARTĄ PŁATNICZĄ;Artykuły spożywcze
02.10.2023;02.10.2023;BISTRO GRZYBOWSKA 61   WARSZAWA;;'23124015321111001044176713;;*********3025639;-46,20;PLN;'C992327514772523;TRANSAKCJA KARTĄ PŁATNICZĄ;Restauracje i kawiarnie
02.10.2023;02.10.2023;JMP S.A. BIEDRONKA 445 WARSZAWA;;'23124015321111001044176713;;*********3025639;-7,99;PLN;'C992327510416429;TRANSAKCJA KARTĄ PŁATNICZĄ;Artykuły spożywcze
02.10.2023;02.10.2023;JMP S.A. BIEDRONKA 445 WARSZAWA;;'23124015321111001044176713;;*********3025639;-7,77;PLN;'C992327518093225;TRANSAKCJA KARTĄ PŁATNICZĄ;Artykuły spożywcze
02.10.2023;02.10.2023;PAYPAL *XTRADEBROKE    222019575;;'23124015321111001044176713;;*********3025639;-10 000,00;PLN;'C992327509347191;TRANSAKCJA KARTĄ PŁATNICZĄ;Założenie lokaty, zakup funduszy, akcji
02.10.2023;01.10.2023;ZABKA Z4410 K.2        WARSZAWA;;'23124015321111001044176713;;*********3025639;-2,99;PLN;'C992327415943605;TRANSAKCJA KARTĄ PŁATNICZĄ;Artykuły spożywcze
02.10.2023;01.10.2023;SZAUR MAFIA            WARSZAWA;;'23124015321111001044176713;;*********3025639;-38,00;PLN;'C992327413887396;TRANSAKCJA KARTĄ PŁATNICZĄ;Restauracje i kawiarnie
30.09.2023;30.09.2023;;;;'23124015321111001044176713;ODSETKI OD DEPOZYTU;0,17;PLN;'014239U98C001077;ODSETKI OD DEPOZYTU;Odsetki, zwrot z inwestycji
30.09.2023;30.09.2023;;;'23124015321111001044176713;;PODATEK POBRANY;-0,04;PLN;'014239U98C001076;PODATEK POBRANY;Podatki
30.09.2023;30.09.2023;ZABKA Z8085 K.1        WARSZAWA;;'23124015321111001044176713;;*********3025639;-25,98;PLN;'C992327320625829;TRANSAKCJA KARTĄ PŁATNICZĄ;Artykuły spożywcze
30.09.2023;30.09.2023;JAROSŁAW JAKUB MILLER;RYNEK 65 26-025    ŁAGÓW               PL;'75124060031111001047891677;'23124015321111001044176713;Przelew na telefon 48502***789. Splitwise;49,37;PLN;'503239U624600790;PRZELEW;Sprzedaż
29.09.2023;29.09.2023;JMP S.A. BIEDRONKA 445 WARSZAWA;;'23124015321111001044176713;;*********3025639;-30,31;PLN;'C992327219412017;TRANSAKCJA KARTĄ PŁATNICZĄ;Artykuły spożywcze
29.09.2023;29.09.2023;BOLT.EU/D/2309291458;FOOD.BOLT.EU Vana-Louna tn,Tallinn;'23124015321111001044176713;;BLIK REF       76384086942;-131,28;PLN;'C992327216024747;PŁATNOŚĆ BLIK;Restauracje i kawiarnie
29.09.2023;29.09.2023;JMP S.A. BIEDRONKA 445 WARSZAWA;;'23124015321111001044176713;;*********3025639;-15,59;PLN;'C992327209491757;TRANSAKCJA KARTĄ PŁATNICZĄ;Artykuły spożywcze
29.09.2023;29.09.2023;ASSECO POLAND SA PŁACE;UL. OLCHOWA 14 35-322 RZESZÓW;'42124059181111000049090675;'23124015321111001044176713;WYNAGRODZENIE ZA PRACE W NOCY I NADGODZINY **202309N2** 23119;826,29;PLN;'4910929987470919;PRZELEW;Wynagrodzenie
28.09.2023;28.09.2023;JMP S.A. BIEDRONKA 445 WARSZAWA;;'23124015321111001044176713;;*********3025639;-0,79;PLN;'C992327119181783;TRANSAKCJA KARTĄ PŁATNICZĄ;Artykuły spożywcze
28.09.2023;28.09.2023;JMP S.A. BIEDRONKA 445 WARSZAWA;;'23124015321111001044176713;;*********3025639;-99,00;PLN;'C992327119180344;TRANSAKCJA KARTĄ PŁATNICZĄ;Artykuły spożywcze
27.09.2023;27.09.2023;JMP S.A. BIEDRONKA 445 WARSZAWA;;'23124015321111001044176713;;*********3025639;-19,90;PLN;'C992327019090000;TRANSAKCJA KARTĄ PŁATNICZĄ;Artykuły spożywcze
27.09.2023;27.09.2023;CASHBILL;POLSKIEPREMIUM. Sobieskiego 2,Katowice;'23124015321111001044176713;;BLIK REF       76342295289;-17,98;PLN;'C992327015108337;PŁATNOŚĆ BLIK;Zakupy przez internet
27.09.2023;27.09.2023;NEXTBIKE GZM SPOLKA Z O;VETURILOROWER.N Przasnyska 6B,Warszawa;'23124015321111001044176713;;BLIK REF       76341794136;-10,00;PLN;'C992327014095209;PŁATNOŚĆ BLIK;Bez kategorii
27.09.2023;27.09.2023;JMP S.A. BIEDRONKA 445 WARSZAWA;;'23124015321111001044176713;;*********3025639;-6,63;PLN;'C992327008248916;TRANSAKCJA KARTĄ PŁATNICZĄ;Artykuły spożywcze
27.09.2023;26.09.2023;ALLEGRO                POZNAN;;'23124015321111001044176713;;*********3025639;-264,00;PLN;'C992326922100535;TRANSAKCJA KARTĄ PŁATNICZĄ;Zakupy przez internet
26.09.2023;26.09.2023;JMP S.A. BIEDRONKA 445 WARSZAWA;;'23124015321111001044176713;;*********3025639;-13,96;PLN;'C992326918973365;TRANSAKCJA KARTĄ PŁATNICZĄ;Artykuły spożywcze
26.09.2023;26.09.2023;AUTOMATSPEC SPZOO      LISZKI;;'23124015321111001044176713;;*********3025639;-3,00;PLN;'C992326914573766;TRANSAKCJA KARTĄ PŁATNICZĄ;Artykuły spożywcze
26.09.2023;26.09.2023;MACHOP SP. Z O.O.      WARSZAWA;;'23124015321111001044176713;;*********3025639;-39,00;PLN;'C992326913527492;TRANSAKCJA KARTĄ PŁATNICZĄ;Restauracje i kawiarnie
26.09.2023;26.09.2023;ZABKA Z8085 K.2        WARSZAWA;;'23124015321111001044176713;;*********3025639;-19,97;PLN;'C992326907133693;TRANSAKCJA KARTĄ PŁATNICZĄ;Artykuły spożywcze
25.09.2023;25.09.2023;BISTRO GRZYBOWSKA 61   WARSZAWA;;'23124015321111001044176713;;*********3025639;-28,50;PLN;'C992326816698912;TRANSAKCJA KARTĄ PŁATNICZĄ;Restauracje i kawiarnie
25.09.2023;25.09.2023;KACPER BANASIK;;'23124015321111001044176713;'69124060031111001048178711;Splitwise wrzesień;-1 697,71;PLN;'014239P621606571;REALIZACJA PŁATNOŚCI PEOPAY;Bez kategorii
25.09.2023;25.09.2023;JMP S.A. BIEDRONKA 445 WARSZAWA;;'23124015321111001044176713;;*********3025639;-15,93;PLN;'C992326809156178;TRANSAKCJA KARTĄ PŁATNICZĄ;Artykuły spożywcze
25.09.2023;24.09.2023;ZABKA Z4410 K.1        WARSZAWA;;'23124015321111001044176713;;*********3025639;-2,99;PLN;'C992326712718768;TRANSAKCJA KARTĄ PŁATNICZĄ;Artykuły spożywcze
25.09.2023;24.09.2023;DODO PIZZA POLAND SPOL WARSZAWA;;'23124015321111001044176713;;*********3025639;-10,00;PLN;'C992326712711685;TRANSAKCJA KARTĄ PŁATNICZĄ;Restauracje i kawiarnie
23.09.2023;23.09.2023;JMP S.A. BIEDRONKA 445 WARSZAWA;;'23124015321111001044176713;;*********3025639;-71,33;PLN;'C992326620509110;TRANSAKCJA KARTĄ PŁATNICZĄ;Artykuły spożywcze
23.09.2023;23.09.2023;JMP S.A. BIEDRONKA 445 WARSZAWA;;'23124015321111001044176713;;*********3025639;-5,65;PLN;'C992326613025280;TRANSAKCJA KARTĄ PŁATNICZĄ;Artykuły spożywcze
23.09.2023;23.09.2023;BISTRO GRZYBOWSKA 61   WARSZAWA;;'23124015321111001044176713;;*********3025639;-25,80;PLN;'C992326613019373;TRANSAKCJA KARTĄ PŁATNICZĄ;Restauracje i kawiarnie
23.09.2023;23.09.2023;ZABKA Z4410 K.2        WARSZAWA;;'23124015321111001044176713;;*********3025639;-19,97;PLN;'C992326608579102;TRANSAKCJA KARTĄ PŁATNICZĄ;Artykuły spożywcze
22.09.2023;21.09.2023;JMP S.A. BIEDRONKA 445 WARSZAWA;;'23124015321111001044176713;;*********3025639;-14,93;PLN;'C992326420236216;TRANSAKCJA KARTĄ PŁATNICZĄ;Artykuły spożywcze
22.09.2023;22.09.2023;JMP S.A. BIEDRONKA 445 WARSZAWA;;'23124015321111001044176713;;*********3025639;-1,19;PLN;'C992326511648165;TRANSAKCJA KARTĄ PŁATNICZĄ;Artykuły spożywcze
22.09.2023;22.09.2023;BISTRO GRZYBOWSKA 61   WARSZAWA;;'23124015321111001044176713;;*********3025639;-24,90;PLN;'C992326515971613;TRANSAKCJA KARTĄ PŁATNICZĄ;Restauracje i kawiarnie
22.09.2023;22.09.2023;JMP S.A. BIEDRONKA 445 WARSZAWA;;'23124015321111001044176713;;*********3025639;-9,78;PLN;'C992326517165183;TRANSAKCJA KARTĄ PŁATNICZĄ;Artykuły spożywcze
21.09.2023;21.09.2023;JMP S.A. BIEDRONKA 445 WARSZAWA;;'23124015321111001044176713;;*********3025639;-26,72;PLN;'C992326409351408;TRANSAKCJA KARTĄ PŁATNICZĄ;Artykuły spożywcze
21.09.2023;21.09.2023;MPSA - A 305           WARSZAWA;;'23124015321111001044176713;;*********3025639;-4,40;PLN;'C992326420206909;TRANSAKCJA KARTĄ PŁATNICZĄ;Transport publiczny
21.09.2023;21.09.2023;ZABKA Z4410 K.2        WARSZAWA;;'23124015321111001044176713;;*********3025639;-9,98;PLN;'C992326409354683;TRANSAKCJA KARTĄ PŁATNICZĄ;Artykuły spożywcze
21.09.2023;21.09.2023;CENTRUM MEDYCYNY ZAPOB WARSZAWA;;'23124015321111001044176713;;*********3025639;-800,00;PLN;'C992326419193966;TRANSAKCJA KARTĄ PŁATNICZĄ;Opieka medyczna
21.09.2023;21.09.2023;JAKDOJADE.PL           POZNAN;;'23124015321111001044176713;;*********3025639;-25,00;PLN;'C992326418107169;TRANSAKCJA KARTĄ PŁATNICZĄ;Transport publiczny
20.09.2023;20.09.2023;MISS KIMCHI            WARSZAWA;;'23124015321111001044176713;;*********3025639;-35,00;PLN;'C992326318024605;TRANSAKCJA KARTĄ PŁATNICZĄ;Restauracje i kawiarnie
20.09.2023;20.09.2023;JMP S.A. BIEDRONKA 445 WARSZAWA;;'23124015321111001044176713;;*********3025639;-13,41;PLN;'C992326310378897;TRANSAKCJA KARTĄ PŁATNICZĄ;Artykuły spożywcze
20.09.2023;20.09.2023;JMP S.A. BIEDRONKA 445 WARSZAWA;;'23124015321111001044176713;;*********3025639;-12,78;PLN;'C992326320118475;TRANSAKCJA KARTĄ PŁATNICZĄ;Artykuły spożywcze
20.09.2023;19.09.2023;ALLEGRO                POZNAN;;'23124015321111001044176713;;*********3025639;-68,99;PLN;'C992326222090304;TRANSAKCJA KARTĄ PŁATNICZĄ;Zakupy przez internet
19.09.2023;19.09.2023;JULIA BUDZIŃSKA;;'23124015321111001044176713;'15105015591000009267210426;Przelew na telefon 48602***840. Kwiatki;-214,88;PLN;'M042100616841090;PRZELEW BLIK WYCHODZĄCY;Internet, TV, telefon
19.09.2023;19.09.2023;JMP S.A. BIEDRONKA 445 WARSZAWA;;'23124015321111001044176713;;*********3025639;-24,20;PLN;'C992326209248332;TRANSAKCJA KARTĄ PŁATNICZĄ;Artykuły spożywcze
19.09.2023;19.09.2023;APPLE.COM/BILL         APPLE.COM/BI;;'23124015321111001044176713;;*********3025639;-4,99;PLN;'C992326203066825;TRANSAKCJA KARTĄ PŁATNICZĄ;Bez kategorii
18.09.2023;17.09.2023;TEMU.COM;TEMU.COM First Floor, 25 St Stephens Green,;'23124015321111001044176713;;BLIK REF       76159431750;-44,54;PLN;'C992326023288459;PŁATNOŚĆ BLIK;Bez kategorii
18.09.2023;17.09.2023;ZABKA Z4410 K.2        WARSZAWA;;'23124015321111001044176713;;*********3025639;-14,97;PLN;'C992326014708955;TRANSAKCJA KARTĄ PŁATNICZĄ;Artykuły spożywcze
16.09.2023;16.09.2023;JMP S.A. BIEDRONKA 445 WARSZAWA;;'23124015321111001044176713;;*********3025639;-138,53;PLN;'C992325919382919;TRANSAKCJA KARTĄ PŁATNICZĄ;Artykuły spożywcze
16.09.2023;16.09.2023;BISTRO GRZYBOWSKA 61   WARSZAWA;;'23124015321111001044176713;;*********3025639;-36,50;PLN;'C992325916122740;TRANSAKCJA KARTĄ PŁATNICZĄ;Restauracje i kawiarnie
16.09.2023;16.09.2023;ZABKA Z4410 K.2        WARSZAWA;;'23124015321111001044176713;;*********3025639;-23,58;PLN;'C992325908425265;TRANSAKCJA KARTĄ PŁATNICZĄ;Artykuły spożywcze
16.09.2023;16.09.2023;MADO KEBAB GRILL       WARSZAWA;;'23124015321111001044176713;;*********3025639;-22,00;PLN;'C992325900313156;TRANSAKCJA KARTĄ PŁATNICZĄ;Restauracje i kawiarnie
16.09.2023;15.09.2023;ZABKA Z9154 K.1        WARSZAWA;;'23124015321111001044176713;;*********3025639;-17,40;PLN;'C992325820247984;TRANSAKCJA KARTĄ PŁATNICZĄ;Artykuły spożywcze
15.09.2023;15.09.2023;SPRZEDAZ OWOCOW I WARZ WARSZAWA;;'23124015321111001044176713;;*********3025639;-10,00;PLN;'C992325809280493;TRANSAKCJA KARTĄ PŁATNICZĄ;Artykuły spożywcze
15.09.2023;15.09.2023;JMP S.A. BIEDRONKA 445 WARSZAWA;;'23124015321111001044176713;;*********3025639;-40,93;PLN;'C992325819129364;TRANSAKCJA KARTĄ PŁATNICZĄ;Artykuły spożywcze
15.09.2023;15.09.2023;JAKDOJADE.PL           POZNAN;;'23124015321111001044176713;;*********3025639;-25,00;PLN;'C992325808175561;TRANSAKCJA KARTĄ PŁATNICZĄ;Transport publiczny
15.09.2023;15.09.2023;ZABKA Z4410 K.2        WARSZAWA;;'23124015321111001044176713;;*********3025639;-18,79;PLN;'C992325809292345;TRANSAKCJA KARTĄ PŁATNICZĄ;Artykuły spożywcze
15.09.2023;15.09.2023;BISTRO GRZYBOWSKA 61   WARSZAWA;;'23124015321111001044176713;;*********3025639;-25,50;PLN;'C992325813589075;TRANSAKCJA KARTĄ PŁATNICZĄ;Restauracje i kawiarnie
14.09.2023;14.09.2023;ZABKA Z4410 K.2        WARSZAWA;;'23124015321111001044176713;;*********3025639;-8,80;PLN;'C992325713416474;TRANSAKCJA KARTĄ PŁATNICZĄ;Artykuły spożywcze
14.09.2023;13.09.2023;JMP S.A. BIEDRONKA 445 WARSZAWA;;'23124015321111001044176713;;*********3025639;-27,81;PLN;'C992325622918024;TRANSAKCJA KARTĄ PŁATNICZĄ;Artykuły spożywcze
14.09.2023;14.09.2023;MISS KIMCHI            WARSZAWA;;'23124015321111001044176713;;*********3025639;-35,00;PLN;'C992325717791165;TRANSAKCJA KARTĄ PŁATNICZĄ;Restauracje i kawiarnie
14.09.2023;14.09.2023;JMP S.A. BIEDRONKA 445 WARSZAWA;;'23124015321111001044176713;;*********3025639;-9,98;PLN;'C992325719966518;TRANSAKCJA KARTĄ PŁATNICZĄ;Artykuły spożywcze
13.09.2023;13.09.2023;PAYPAL *XTRADEBROKE    35314369001;;'23124015321111001044176713;;*********3025639;-10 000,00;PLN;'C992325613328008;TRANSAKCJA KARTĄ PŁATNICZĄ;Założenie lokaty, zakup funduszy, akcji
13.09.2023;13.09.2023;JAROSŁAW JAKUB MILLER;RYNEK 65 26-025    ŁAGÓW               PL;'75124060031111001047891677;'23124015321111001044176713;Przelew na telefon 48502***789. splitwise;216,25;PLN;'503239D600807181;PRZELEW;Sprzedaż
13.09.2023;13.09.2023;ZABKA Z4410 K.2        WARSZAWA;;'23124015321111001044176713;;*********3025639;-8,80;PLN;'C992325607899053;TRANSAKCJA KARTĄ PŁATNICZĄ;Artykuły spożywcze
12.09.2023;12.09.2023;MISS KIMCHI            WARSZAWA;;'23124015321111001044176713;;*********3025639;-35,00;PLN;'C992325517584920;TRANSAKCJA KARTĄ PŁATNICZĄ;Restauracje i kawiarnie
12.09.2023;12.09.2023;;;'23124015321111001044176713;'92124020921362991111000000;Opłata za obsługę kartyMasterCard Debit*43025639 za miesiąc 09.2023;-1,00;PLN;'M0150NID00346092;PROWIZJE AUT.;Opłaty bankowe
12.09.2023;12.09.2023;JMP S.A. BIEDRONKA 445 WARSZAWA;;'23124015321111001044176713;;*********3025639;-7,99;PLN;'C992325509871791;TRANSAKCJA KARTĄ PŁATNICZĄ;Artykuły spożywcze
11.09.2023;11.09.2023;JMP S.A. BIEDRONKA 445 WARSZAWA;;'23124015321111001044176713;;*********3025639;-36,63;PLN;'C992325419616830;TRANSAKCJA KARTĄ PŁATNICZĄ;Artykuły spożywcze
11.09.2023;11.09.2023;LIDL KAROLKOWA         WARSZAWA;;'23124015321111001044176713;;*********3025639;-17,12;PLN;'C992325416372057;TRANSAKCJA KARTĄ PŁATNICZĄ;Artykuły spożywcze
11.09.2023;11.09.2023;ZABKA Z8085 K.2        WARSZAWA;;'23124015321111001044176713;;*********3025639;-19,97;PLN;'C992325409746200;TRANSAKCJA KARTĄ PŁATNICZĄ;Artykuły spożywcze
11.09.2023;10.09.2023;BRAVE;BRAVE.COURSES ul.  Nieszawska 1/203,Poznan;'23124015321111001044176713;;BLIK REF       76011295093;-967,50;PLN;'C992325322178948;PŁATNOŚĆ BLIK;Bez kategorii
11.09.2023;10.09.2023;AUT. 2452490 MERA-MZ 0 GRODZISK MAZ;;'23124015321111001044176713;;*********3025639;-4,40;PLN;'C992325321532813;TRANSAKCJA KARTĄ PŁATNICZĄ;Transport publiczny
11.09.2023;10.09.2023;BARTEK 224;;'23124015321111001044176713;'75102032060000890200901942;Przelew na telefon 48781***227. Kebab;-19,00;PLN;'M042100610597656;PRZELEW BLIK WYCHODZĄCY;Internet, TV, telefon
11.09.2023;10.09.2023;IKE BOSSA;;'23124015321111001044176713;'83154011578129000000814183;IKE 814183;-500,00;PLN;'014239AA71005033;ZLECENIE STAŁE;Bez kategorii
11.09.2023;10.09.2023;PIWNY KOLEKTYW         WARSZAWA;;'23124015321111001044176713;;*********3025639;-13,00;PLN;'C992325316369026;TRANSAKCJA KARTĄ PŁATNICZĄ;Alkohol
11.09.2023;10.09.2023;PIWNY KOLEKTYW         WARSZAWA;;'23124015321111001044176713;;*********3025639;-21,00;PLN;'C992325314284181;TRANSAKCJA KARTĄ PŁATNICZĄ;Alkohol
11.09.2023;10.09.2023;DUNA ANH THAO DAO      WARSZAWA;;'23124015321111001044176713;;*********3025639;-40,00;PLN;'C992325314252243;TRANSAKCJA KARTĄ PŁATNICZĄ;Puby i kluby
11.09.2023;10.09.2023;AUT. 2422420 MERA-MZ 0 GRODZISK MAZ;;'23124015321111001044176713;;*********3025639;-4,40;PLN;'C992325313218215;TRANSAKCJA KARTĄ PŁATNICZĄ;Transport publiczny
09.09.2023;09.09.2023;JMP S.A. BIEDRONKA 445 WARSZAWA;;'23124015321111001044176713;;*********3025639;-37,99;PLN;'C992325219902618;TRANSAKCJA KARTĄ PŁATNICZĄ;Artykuły spożywcze
09.09.2023;09.09.2023;ALLEGRO                POZNAN;;'23124015321111001044176713;;*********3025639;-171,97;PLN;'C992325216662941;TRANSAKCJA KARTĄ PŁATNICZĄ;Zakupy przez internet
09.09.2023;09.09.2023;JMP S.A. BIEDRONKA 445 WARSZAWA;;'23124015321111001044176713;;*********3025639;-18,87;PLN;'C992325214499745;TRANSAKCJA KARTĄ PŁATNICZĄ;Artykuły spożywcze
09.09.2023;09.09.2023;BISTRO GRZYBOWSKA 61   WARSZAWA;;'23124015321111001044176713;;*********3025639;-26,00;PLN;'C992325214473874;TRANSAKCJA KARTĄ PŁATNICZĄ;Restauracje i kawiarnie
09.09.2023;09.09.2023;DELIKATESY PRESTIGE    WARSZAWA;;'23124015321111001044176713;;*********3025639;-5,50;PLN;'C992325212323039;TRANSAKCJA KARTĄ PŁATNICZĄ;Artykuły spożywcze
09.09.2023;09.09.2023;ZABKA Z4410 K.2        WARSZAWA;;'23124015321111001044176713;;*********3025639;-5,98;PLN;'C992325210022622;TRANSAKCJA KARTĄ PŁATNICZĄ;Artykuły spożywcze
09.09.2023;08.09.2023;ZABKA Z4410 K.1        WARSZAWA;;'23124015321111001044176713;;*********3025639;-13,98;PLN;'C992325122752300;TRANSAKCJA KARTĄ PŁATNICZĄ;Artykuły spożywcze
08.09.2023;08.09.2023;TOOGOODTOG M6QI70EE68U COPENHAGEN S;;'23124015321111001044176713;;;-22,50;PLN;'C992325119607945;TRANSAKCJA KARTĄ PŁATNICZĄ;Restauracje i kawiarnie
08.09.2023;08.09.2023;DOM MAKLERSKI BOŚ SA;UL. MARSZAŁKOWSKA 78/80 00-517 WARSZAWA;'92154011572001661043330001;'23124015321111001044176713;PZ Bank Pekao S.A.;16 471,60;PLN;'XIH0001755195304;PRZELEW KRAJOWY MIĘDZYBANKOWY;Inne
08.09.2023;08.09.2023;BISTRO GRZYBOWSKA 61   WARSZAWA;;'23124015321111001044176713;;*********3025639;-24,90;PLN;'C992325114141919;TRANSAKCJA KARTĄ PŁATNICZĄ;Restauracje i kawiarnie
08.09.2023;08.09.2023;ZABKA Z4410 K.2        WARSZAWA;;'23124015321111001044176713;;*********3025639;-15,97;PLN;'C992325110707378;TRANSAKCJA KARTĄ PŁATNICZĄ;Artykuły spożywcze
08.09.2023;08.09.2023;WARSZAWA ASEC SA       WARSZAWA;;'23124015321111001044176713;;*********3025639;-4,40;PLN;'C992325109655582;TRANSAKCJA KARTĄ PŁATNICZĄ;Transport publiczny
08.09.2023;08.09.2023;MPSA - A 171           WARSZAWA;;'23124015321111001044176713;;*********3025639;-4,40;PLN;'C992325107563865;TRANSAKCJA KARTĄ PŁATNICZĄ;Transport publiczny
08.09.2023;08.09.2023;APTEKA SLONECZNA 26    WARSZAWA;;'23124015321111001044176713;;*********3025639;-30,99;PLN;'C992325107560864;TRANSAKCJA KARTĄ PŁATNICZĄ;Lekarstwa
07.09.2023;07.09.2023;JMP S.A. BIEDRONKA 445 WARSZAWA;;'23124015321111001044176713;;*********3025639;-9,98;PLN;'C992325016109697;TRANSAKCJA KARTĄ PŁATNICZĄ;Artykuły spożywcze
07.09.2023;07.09.2023;BISTRO GRZYBOWSKA 61   WARSZAWA;;'23124015321111001044176713;;*********3025639;-22,20;PLN;'C992325015987582;TRANSAKCJA KARTĄ PŁATNICZĄ;Restauracje i kawiarnie
07.09.2023;07.09.2023;ASSECO POLAND SA PŁACE;UL. OLCHOWA 14 35-322 RZESZÓW;'42124059181111000049090675;'23124015321111001044176713;WYNAGRODZENIE 08/2023 **202308U4**23119;7 857,85;PLN;'4910907987583045;PRZELEW;Wynagrodzenie
07.09.2023;07.09.2023;JMP S.A. BIEDRONKA 445 WARSZAWA;;'23124015321111001044176713;;*********3025639;-11,71;PLN;'C992325010569840;TRANSAKCJA KARTĄ PŁATNICZĄ;Artykuły spożywcze
07.09.2023;06.09.2023;PAYPAL *STRAVA INC STR 4029357733;;'23124015321111001044176713;;*********3025639;-19,99;PLN;'C992324921299583;TRANSAKCJA KARTĄ PŁATNICZĄ;Multimedia
06.09.2023;06.09.2023;PAYPAL *PATRONITE      35314369001;;'23124015321111001044176713;;*********3025639;-7,00;PLN;'C992324913735392;TRANSAKCJA KARTĄ PŁATNICZĄ;Kino i teatr
06.09.2023;06.09.2023;JMP S.A. BIEDRONKA 445 WARSZAWA;;'23124015321111001044176713;;*********3025639;-23,96;PLN;'C992324910480941;TRANSAKCJA KARTĄ PŁATNICZĄ;Artykuły spożywcze
05.09.2023;05.09.2023;SKLEP FIRMOWY NR 117   WARSZAWA;;'23124015321111001044176713;;*********3025639;-15,08;PLN;'C992324808263914;TRANSAKCJA KARTĄ PŁATNICZĄ;Artykuły spożywcze
05.09.2023;05.09.2023;DAMIAN BARYŁA;UL.BITWY POD STUDZIANKAMI BL.3 M.93 33-100 TARNÓW;'16114020040000310241313328;'23124015321111001044176713;ZWROT DLA CLIENT:94756231, PODKŁADKA LOGITECH POWERPLAY, POZDRAWIAM;289,99;PLN;'M042000072936072;PRZELEW EXPRESS ELIXIR;Inne
05.09.2023;05.09.2023;MACHOP SP. Z O.O.      WARSZAWA;;'23124015321111001044176713;;*********3025639;-78,00;PLN;'C992324813623901;TRANSAKCJA KARTĄ PŁATNICZĄ;Restauracje i kawiarnie
05.09.2023;05.09.2023;JAKUB MACIEJ WRÓBEL;;'87102033520000170200784652;'23124015321111001044176713;Przelew na telefonOd: 48608585967 Do: 485*****789;39,00;PLN;'M042000072935463;PRZELEW BLIK PRZYCHODZĄCY;Sprzedaż
05.09.2023;05.09.2023;LIPONOGA NINA;;'23116022020000000081891379;'23124015321111001044176713;Przelew BLIK na telefon;31,00;PLN;'M042000072932090;PRZELEW BLIK PRZYCHODZĄCY;Sprzedaż
05.09.2023;05.09.2023;FLORA CAFFE TAKA AWAY  WARSZAWA;;'23124015321111001044176713;;*********3025639;-31,00;PLN;'C992324813628266;TRANSAKCJA KARTĄ PŁATNICZĄ;Restauracje i kawiarnie
05.09.2023;05.09.2023;JMP S.A. BIEDRONKA 445 WARSZAWA;;'23124015321111001044176713;;*********3025639;-41,13;PLN;'C992324807214022;TRANSAKCJA KARTĄ PŁATNICZĄ;Artykuły spożywcze
04.09.2023;04.09.2023;PAYPAL *XTRADEBROKE    222019575;;'23124015321111001044176713;;*********3025639;-30 000,00;PLN;'C992324714578765;TRANSAKCJA KARTĄ PŁATNICZĄ;Założenie lokaty, zakup funduszy, akcji
04.09.2023;04.09.2023;BISTRO GRZYBOWSKA 61   WARSZAWA;;'23124015321111001044176713;;*********3025639;-27,50;PLN;'C992324713487970;TRANSAKCJA KARTĄ PŁATNICZĄ;Restauracje i kawiarnie
04.09.2023;04.09.2023;ZABKA Z8085 K.2        WARSZAWA;;'23124015321111001044176713;;*********3025639;-16,97;PLN;'C992324709156248;TRANSAKCJA KARTĄ PŁATNICZĄ;Artykuły spożywcze
04.09.2023;03.09.2023;ZABKA Z4410 K.2        WARSZAWA;;'23124015321111001044176713;;*********3025639;-6,50;PLN;'C992324618871892;TRANSAKCJA KARTĄ PŁATNICZĄ;Artykuły spożywcze
04.09.2023;03.09.2023;RESTAURACJA TWIST      WARSZAWA;;'23124015321111001044176713;;*********3025639;-29,99;PLN;'C992324615778197;TRANSAKCJA KARTĄ PŁATNICZĄ;Restauracje i kawiarnie
04.09.2023;03.09.2023;KURA WARZYW GEMUSE KEB WARSZAWA;;'23124015321111001044176713;;*********3025639;-33,00;PLN;'C992324615756434;TRANSAKCJA KARTĄ PŁATNICZĄ;Restauracje i kawiarnie
04.09.2023;03.09.2023;ZABKA Z8085 K.1        WARSZAWA;;'23124015321111001044176713;;*********3025639;-5,29;PLN;'C992324612656726;TRANSAKCJA KARTĄ PŁATNICZĄ;Artykuły spożywcze
04.09.2023;03.09.2023;ECARD S.A.;INPOST.PL Krucza 16,Warszawa;'23124015321111001044176713;;BLIK REF       75861874565;-16,99;PLN;'C992324611694802;PŁATNOŚĆ BLIK;Zakupy przez internet
04.09.2023;02.09.2023;JMP S.A. BIEDRONKA 445 WARSZAWA;;'23124015321111001044176713;;*********3025639;-17,97;PLN;'C992324520477747;TRANSAKCJA KARTĄ PŁATNICZĄ;Artykuły spożywcze
02.09.2023;02.09.2023;LIDL KAROLKOWA         WARSZAWA;;'23124015321111001044176713;;*********3025639;-104,46;PLN;'C992324519426694;TRANSAKCJA KARTĄ PŁATNICZĄ;Artykuły spożywcze
02.09.2023;02.09.2023;JMP S.A. BIEDRONKA 445 WARSZAWA;;'23124015321111001044176713;;*********3025639;-2,99;PLN;'C992324515130064;TRANSAKCJA KARTĄ PŁATNICZĄ;Artykuły spożywcze
02.09.2023;02.09.2023;BISTRO GRZYBOWSKA 61   WARSZAWA;;'23124015321111001044176713;;*********3025639;-24,50;PLN;'C992324515126000;TRANSAKCJA KARTĄ PŁATNICZĄ;Restauracje i kawiarnie
02.09.2023;02.09.2023;JMP S.A. BIEDRONKA 445 WARSZAWA;;'23124015321111001044176713;;*********3025639;-19,21;PLN;'C992324510664982;TRANSAKCJA KARTĄ PŁATNICZĄ;Artykuły spożywcze
01.09.2023;01.09.2023;JMP S.A. BIEDRONKA 445 WARSZAWA;;'23124015321111001044176713;;*********3025639;-6,28;PLN;'C992324415867052;TRANSAKCJA KARTĄ PŁATNICZĄ;Artykuły spożywcze
01.09.2023;01.09.2023;BISTRO GRZYBOWSKA 61   WARSZAWA;;'23124015321111001044176713;;*********3025639;-24,00;PLN;'C992324415860348;TRANSAKCJA KARTĄ PŁATNICZĄ;Restauracje i kawiarnie
01.09.2023;01.09.2023;JMP S.A. BIEDRONKA 445 WARSZAWA;;'23124015321111001044176713;;*********3025639;-11,73;PLN;'C992324409351767;TRANSAKCJA KARTĄ PŁATNICZĄ;Artykuły spożywcze
01.09.2023;31.08.2023;JMP S.A. BIEDRONKA 445 WARSZAWA;;'23124015321111001044176713;;*********3025639;-6,98;PLN;'C992324320095020;TRANSAKCJA KARTĄ PŁATNICZĄ;Artykuły spożywcze
31.08.2023;31.08.2023;;;;'23124015321111001044176713;ODSETKI OD DEPOZYTU;0,42;PLN;'014238V98C001091;ODSETKI OD DEPOZYTU;Odsetki, zwrot z inwestycji
31.08.2023;31.08.2023;;;'23124015321111001044176713;;PODATEK POBRANY;-0,08;PLN;'014238V98C001090;PODATEK POBRANY;Podatki
31.08.2023;31.08.2023;BOSTON BURGER          WARSZAWA;;'23124015321111001044176713;;*********3025639;-54,00;PLN;'C992324320075204;TRANSAKCJA KARTĄ PŁATNICZĄ;Restauracje i kawiarnie
31.08.2023;31.08.2023;ZABKA Z4410 K.2        WARSZAWA;;'23124015321111001044176713;;*********3025639;-5,98;PLN;'C992324316726983;TRANSAKCJA KARTĄ PŁATNICZĄ;Artykuły spożywcze
31.08.2023;31.08.2023;JAKDOJADE.PL           POZNAN;;'23124015321111001044176713;;*********3025639;-10,00;PLN;'C992324314549929;TRANSAKCJA KARTĄ PŁATNICZĄ;Transport publiczny
31.08.2023;31.08.2023;PAYPAL *XTRADEBROKE    35314369001;;'23124015321111001044176713;;*********3025639;-5 000,00;PLN;'C992324312414061;TRANSAKCJA KARTĄ PŁATNICZĄ;Założenie lokaty, zakup funduszy, akcji
31.08.2023;31.08.2023;PAYPAL *XTRADEBROKE    35314369001;;'23124015321111001044176713;;*********3025639;-5 000,00;PLN;'C992324312407311;TRANSAKCJA KARTĄ PŁATNICZĄ;Założenie lokaty, zakup funduszy, akcji
31.08.2023;30.08.2023;ALLEGRO                POZNAN;;'23124015321111001044176713;;*********3025639;-289,99;PLN;'C992324222026875;TRANSAKCJA KARTĄ PŁATNICZĄ;Zakupy przez internet
30.08.2023;30.08.2023;JMP S.A. BIEDRONKA 445 WARSZAWA;;'23124015321111001044176713;;*********3025639;-11,54;PLN;'C992324219897354;TRANSAKCJA KARTĄ PŁATNICZĄ;Artykuły spożywcze
30.08.2023;30.08.2023;BISTRO GRZYBOWSKA 61   WARSZAWA;;'23124015321111001044176713;;*********3025639;-23,50;PLN;'C992324214512767;TRANSAKCJA KARTĄ PŁATNICZĄ;Restauracje i kawiarnie
29.08.2023;29.08.2023;WARSZAWA;;'23124015321111001044176713;;*********3025639;-22,05;PLN;'C992324120942546;TRANSAKCJA KARTĄ PŁATNICZĄ;Artykuły spożywcze
29.08.2023;29.08.2023;WARSZAWA;;'23124015321111001044176713;;*********3025639;-34,99;PLN;'C992324119926908;TRANSAKCJA KARTĄ PŁATNICZĄ;Sprzęt AGD i RTV
29.08.2023;29.08.2023;WARSZAWA;;'23124015321111001044176713;;*********3025639;-19,50;PLN;'C992324114506824;TRANSAKCJA KARTĄ PŁATNICZĄ;Restauracje i kawiarnie
29.08.2023;29.08.2023;WARSZAWA;;'23124015321111001044176713;;*********3025639;-39,19;PLN;'C992324109156712;TRANSAKCJA KARTĄ PŁATNICZĄ;Artykuły spożywcze
28.08.2023;28.08.2023;WARSZAWA;;'23124015321111001044176713;;*********3025639;-25,50;PLN;'C992324014495270;TRANSAKCJA KARTĄ PŁATNICZĄ;Restauracje i kawiarnie
28.08.2023;28.08.2023;WARSZAWA;;'23124015321111001044176713;;*********3025639;-24,92;PLN;'C992324010217454;TRANSAKCJA KARTĄ PŁATNICZĄ;Artykuły spożywcze
28.08.2023;27.08.2023;JMP S.A. BIEDRONKA 445 WARSZAWA;;'23124015321111001044176713;;*********3025639;-11,79;PLN;'C992323922294111;TRANSAKCJA KARTĄ PŁATNICZĄ;Artykuły spożywcze
28.08.2023;27.08.2023;ALLEGRO SP. Z O.O.;ALLEGRO.PL ul. Wierzbiecice 1B,Poznan;'23124015321111001044176713;;BLIK REF       75734808977;-245,07;PLN;'C992323921732505;PŁATNOŚĆ BLIK;Zakupy przez internet
28.08.2023;27.08.2023;SUPER PHARM WARSZAWA N WARSZAWA;;'23124015321111001044176713;;*********3025639;-37,99;PLN;'C992323915004752;TRANSAKCJA KARTĄ PŁATNICZĄ;Lekarstwa
28.08.2023;27.08.2023;LA GRIVE SP Z OO       WARSZAWA;;'23124015321111001044176713;;*********3025639;-90,00;PLN;'C992323915998488;TRANSAKCJA KARTĄ PŁATNICZĄ;Uroda, fryzjer, kosmetyczka
28.08.2023;27.08.2023;JMP S.A. BIEDRONKA 445 WARSZAWA;;'23124015321111001044176713;;*********3025639;-22,86;PLN;'C992323912854878;TRANSAKCJA KARTĄ PŁATNICZĄ;Artykuły spożywcze
28.08.2023;26.08.2023;JMP S.A. BIEDRONKA 445 WARSZAWA;;'23124015321111001044176713;;*********3025639;-7,98;PLN;'C992323822628084;TRANSAKCJA KARTĄ PŁATNICZĄ;Artykuły spożywcze
26.08.2023;26.08.2023;JMP S.A. BIEDRONKA 445 WARSZAWA;;'23124015321111001044176713;;*********3025639;-13,34;PLN;'C992323811963853;TRANSAKCJA KARTĄ PŁATNICZĄ;Artykuły spożywcze
26.08.2023;25.08.2023;JMP S.A. BIEDRONKA 445 WARSZAWA;;'23124015321111001044176713;;*********3025639;-51,13;PLN;'C992323721534010;TRANSAKCJA KARTĄ PŁATNICZĄ;Artykuły spożywcze
25.08.2023;25.08.2023;JMP S.A. BIEDRONKA 445 WARSZAWA;;'23124015321111001044176713;;*********3025639;-2,99;PLN;'C992323714999241;TRANSAKCJA KARTĄ PŁATNICZĄ;Artykuły spożywcze
25.08.2023;25.08.2023;BISTRO GRZYBOWSKA 61   WARSZAWA;;'23124015321111001044176713;;*********3025639;-24,50;PLN;'C992323714990135;TRANSAKCJA KARTĄ PŁATNICZĄ;Restauracje i kawiarnie
25.08.2023;25.08.2023;ZABKA Z4410 K.1        WARSZAWA;;'23124015321111001044176713;;*********3025639;-16,69;PLN;'C992323710591134;TRANSAKCJA KARTĄ PŁATNICZĄ;Artykuły spożywcze
24.08.2023;24.08.2023;147 BREAK              WARSZAWA;;'23124015321111001044176713;;*********3025639;-45,00;PLN;'C992323619255790;TRANSAKCJA KARTĄ PŁATNICZĄ;Restauracje i kawiarnie
24.08.2023;24.08.2023;LIPONOGA NINA;;'23116022020000000081891379;'23124015321111001044176713;Przelew BLIK na telefon;37,00;PLN;'M042000071493239;PRZELEW BLIK PRZYCHODZĄCY;Sprzedaż
24.08.2023;24.08.2023;MACHOP SP. Z O.O.      WARSZAWA;;'23124015321111001044176713;;*********3025639;-74,00;PLN;'C992323613710856;TRANSAKCJA KARTĄ PŁATNICZĄ;Restauracje i kawiarnie
24.08.2023;24.08.2023;ZABKA Z8085 K.2        WARSZAWA;;'23124015321111001044176713;;*********3025639;-19,97;PLN;'C992323607342250;TRANSAKCJA KARTĄ PŁATNICZĄ;Artykuły spożywcze
24.08.2023;23.08.2023;ZABKA Z6778 K.1        WARSZAWA;;'23124015321111001044176713;;*********3025639;-7,98;PLN;'C992323522258391;TRANSAKCJA KARTĄ PŁATNICZĄ;Artykuły spożywcze
24.08.2023;23.08.2023;MARIUSZ ZIECINA;;'23124015321111001044176713;'26102011270000130202564748;Przelew na telefon 48514***978. Przelew na telefon;-60,00;PLN;'M042100598219305;PRZELEW BLIK WYCHODZĄCY;Internet, TV, telefon
23.08.2023;23.08.2023;DOBRE MIEJSCE          WARSZAWA;;'23124015321111001044176713;;*********3025639;-18,80;PLN;'C992323520192531;TRANSAKCJA KARTĄ PŁATNICZĄ;Restauracje i kawiarnie
23.08.2023;23.08.2023;OLD SHAKER             WARSZAWA;;'23124015321111001044176713;;*********3025639;-14,00;PLN;'C992323519154380;TRANSAKCJA KARTĄ PŁATNICZĄ;Restauracje i kawiarnie
23.08.2023;23.08.2023;THE FRY - FABRYKA NORB WARSZAWA;;'23124015321111001044176713;;*********3025639;-32,90;PLN;'C992323519107227;TRANSAKCJA KARTĄ PŁATNICZĄ;Restauracje i kawiarnie
23.08.2023;23.08.2023;JMP S.A. BIEDRONKA 445 WARSZAWA;;'23124015321111001044176713;;*********3025639;-4,16;PLN;'C992323512609984;TRANSAKCJA KARTĄ PŁATNICZĄ;Artykuły spożywcze
23.08.2023;23.08.2023;BISTRO GRZYBOWSKA 61   WARSZAWA;;'23124015321111001044176713;;*********3025639;-25,50;PLN;'C992323512597605;TRANSAKCJA KARTĄ PŁATNICZĄ;Restauracje i kawiarnie
22.08.2023;22.08.2023;GOOD LOOD              KRAKOW;;'23124015321111001044176713;;*********3025639;-29,00;PLN;'C992323419080720;TRANSAKCJA KARTĄ PŁATNICZĄ;Restauracje i kawiarnie
22.08.2023;22.08.2023;CHIPOTLE               WARSZAWA;;'23124015321111001044176713;;*********3025639;-47,00;PLN;'C992323419047938;TRANSAKCJA KARTĄ PŁATNICZĄ;Restauracje i kawiarnie
22.08.2023;22.08.2023;ZABKA Z4410 K.2        WARSZAWA;;'23124015321111001044176713;;*********3025639;-8,38;PLN;'C992323410359851;TRANSAKCJA KARTĄ PŁATNICZĄ;Artykuły spożywcze
22.08.2023;22.08.2023;JMP S.A. BIEDRONKA 445 WARSZAWA;;'23124015321111001044176713;;*********3025639;-7,99;PLN;'C992323410351725;TRANSAKCJA KARTĄ PŁATNICZĄ;Artykuły spożywcze
22.08.2023;22.08.2023;;;'23124015321111001044176713;'92124020921362991111000000;Opłata za obsługę kartyMasterCard Debit*43025639 za miesiąc 08.2023;-1,00;PLN;'M0150NHN00263381;PROWIZJE AUT.;Opłaty bankowe
22.08.2023;21.08.2023;JMP S.A. BIEDRONKA 445 WARSZAWA;;'23124015321111001044176713;;*********3025639;-19,30;PLN;'C992323321087747;TRANSAKCJA KARTĄ PŁATNICZĄ;Artykuły spożywcze
21.08.2023;21.08.2023;JAROSŁAW JAKUB MILLER;RYNEK 65 26-025    ŁAGÓW               PL;'75124060031111001047891677;'23124015321111001044176713;Przelew na telefon 48502***789. splitwise;12,50;PLN;'503238L623302419;PRZELEW;Sprzedaż
21.08.2023;21.08.2023;JMP S.A. BIEDRONKA 445 WARSZAWA;;'23124015321111001044176713;;*********3025639;-13,98;PLN;'C992323310216694;TRANSAKCJA KARTĄ PŁATNICZĄ;Artykuły spożywcze
21.08.2023;21.08.2023;MISS KIMCHI            WARSZAWA;;'23124015321111001044176713;;*********3025639;-35,00;PLN;'C992323318890510;TRANSAKCJA KARTĄ PŁATNICZĄ;Restauracje i kawiarnie
21.08.2023;20.08.2023;KACPER BANASIK;;'23124015321111001044176713;'69124060031111001048178711;Splitwise sierpien;-1 758,75;PLN;'014238K600403040;REALIZACJA PŁATNOŚCI PEOPAY;Bez kategorii
19.08.2023;19.08.2023;JMP S.A. BIEDRONKA 445 WARSZAWA;;'23124015321111001044176713;;*********3025639;-85,78;PLN;'C992323119452035;TRANSAKCJA KARTĄ PŁATNICZĄ;Artykuły spożywcze
19.08.2023;19.08.2023;ORLEN STACJA NR 4155   NIEPORET;;'23124015321111001044176713;;*********3025639;-12,95;PLN;'C992323116251496;TRANSAKCJA KARTĄ PŁATNICZĄ;Paliwo
19.08.2023;19.08.2023;PARKING PLAZA          NIEPORET;;'23124015321111001044176713;;*********3025639;-59,40;PLN;'C992323114139455;TRANSAKCJA KARTĄ PŁATNICZĄ;Inne
19.08.2023;19.08.2023;NUEVO GRANDE SKLEPIK   NIEPORET;;'23124015321111001044176713;;*********3025639;-12,00;PLN;'C992323113043959;TRANSAKCJA KARTĄ PŁATNICZĄ;Artykuły spożywcze
19.08.2023;19.08.2023;ZABKA Z4410 K.2        WARSZAWA;;'23124015321111001044176713;;*********3025639;-37,77;PLN;'C992323109650940;TRANSAKCJA KARTĄ PŁATNICZĄ;Artykuły spożywcze
19.08.2023;19.08.2023;APPLE.COM/BILL         APPLE.COM/BI;;'23124015321111001044176713;;*********3025639;-4,99;PLN;'C992323103492043;TRANSAKCJA KARTĄ PŁATNICZĄ;Bez kategorii
19.08.2023;18.08.2023;JMP S.A. BIEDRONKA 445 WARSZAWA;;'23124015321111001044176713;;*********3025639;-16,30;PLN;'C992323022452851;TRANSAKCJA KARTĄ PŁATNICZĄ;Artykuły spożywcze
19.08.2023;18.08.2023;CARREFOUR EXPRESS 3352 WARSZAWA;;'23124015321111001044176713;;*********3025639;-5,78;PLN;'C992323021426614;TRANSAKCJA KARTĄ PŁATNICZĄ;Artykuły spożywcze
19.08.2023;18.08.2023;KUCHNIA MARCHE ZLOTA   WARSZAWA;;'23124015321111001044176713;;*********3025639;-21,04;PLN;'C992323020407247;TRANSAKCJA KARTĄ PŁATNICZĄ;Restauracje i kawiarnie
18.08.2023;18.08.2023;JMP S.A. BIEDRONKA 445 WARSZAWA;;'23124015321111001044176713;;*********3025639;-8,16;PLN;'C992323014883795;TRANSAKCJA KARTĄ PŁATNICZĄ;Artykuły spożywcze
18.08.2023;18.08.2023;BISTRO GRZYBOWSKA 61   WARSZAWA;;'23124015321111001044176713;;*********3025639;-26,00;PLN;'C992323014862312;TRANSAKCJA KARTĄ PŁATNICZĄ;Restauracje i kawiarnie
18.08.2023;18.08.2023;;;'23124015321111001044176713;'92124020921362991111000000;Prowizja za wypłatę z użyciemBLIK w dniu 2023-08-14;-5,00;PLN;'M0150NHJ00020586;PROWIZJE AUT.;Opłaty bankowe
18.08.2023;17.08.2023;JULIA BUDZIŃSKA;;'23124015321111001044176713;'15105015591000009267210426;Przelew na telefon 48602***840. Sushi;-42,00;PLN;'M042100594799995;PRZELEW BLIK WYCHODZĄCY;Internet, TV, telefon
17.08.2023;17.08.2023;ZABKA Z4410 K.1        WARSZAWA;;'23124015321111001044176713;;*********3025639;-4,40;PLN;'C992322920161162;TRANSAKCJA KARTĄ PŁATNICZĄ;Artykuły spożywcze
17.08.2023;17.08.2023;JAKDOJADE.PL           POZNAN;;'23124015321111001044176713;;*********3025639;-10,00;PLN;'C992322918030312;TRANSAKCJA KARTĄ PŁATNICZĄ;Transport publiczny
17.08.2023;17.08.2023;LUX MED. SP. Z O.O.    WARSZAWA;;'23124015321111001044176713;;*********3025639;-855,00;PLN;'C992322918025925;TRANSAKCJA KARTĄ PŁATNICZĄ;Opieka medyczna
16.08.2023;16.08.2023;ZABKA Z4410 K.2        WARSZAWA;;'23124015321111001044176713;;*********3025639;-23,97;PLN;'C992322812359816;TRANSAKCJA KARTĄ PŁATNICZĄ;Artykuły spożywcze
16.08.2023;15.08.2023;ZABKA Z4410 K.2        WARSZAWA;;'23124015321111001044176713;;*********3025639;-21,97;PLN;'C992322722921768;TRANSAKCJA KARTĄ PŁATNICZĄ;Artykuły spożywcze
15.08.2023;15.08.2023;ZABKA Z4410 K.2        WARSZAWA;;'23124015321111001044176713;;*********3025639;-7,98;PLN;'C992322713592461;TRANSAKCJA KARTĄ PŁATNICZĄ;Artykuły spożywcze
14.08.2023;14.08.2023;AGROTRANS ROMAN PACK 0 WARSZAWA;;'23124015321111001044176713;;*********3025639;-20,60;PLN;'C992322613639802;TRANSAKCJA KARTĄ PŁATNICZĄ;Bez kategorii
14.08.2023;14.08.2023;BISTRO GRZYBOWSKA 61   WARSZAWA;;'23124015321111001044176713;;*********3025639;-22,00;PLN;'C992322616979073;TRANSAKCJA KARTĄ PŁATNICZĄ;Restauracje i kawiarnie
14.08.2023;13.08.2023;ZABKA Z4410 K.2        WARSZAWA;;'23124015321111001044176713;;*********3025639;-13,69;PLN;'C992322520029773;TRANSAKCJA KARTĄ PŁATNICZĄ;Artykuły spożywcze
14.08.2023;14.08.2023;JMP S.A. BIEDRONKA 445 WARSZAWA;;'23124015321111001044176713;;*********3025639;-3,49;PLN;'C992322616975903;TRANSAKCJA KARTĄ PŁATNICZĄ;Artykuły spożywcze
14.08.2023;14.08.2023;BANKOMAT EURONET       RCNL0G88;RCNL0G88 0170200011 ul  Lucka 20 lok  17,Warszawa;'23124015321111001044176713;;BLIK REF       75460749504;-50,00;PLN;'C992322612982256;WYPŁATA BLIK;Uroda, fryzjer, kosmetyczka
14.08.2023;12.08.2023;PAYU;WWW.GREATONE.PL Grunwaldzka 186,Poznan;'23124015321111001044176713;;BLIK REF       75437015209;-116,50;PLN;'C992322422497249;PŁATNOŚĆ BLIK;Zakupy przez internet
12.08.2023;12.08.2023;LIDL KAROLKOWA         WARSZAWA;;'23124015321111001044176713;;*********3025639;-156,47;PLN;'C992322411739707;TRANSAKCJA KARTĄ PŁATNICZĄ;Artykuły spożywcze
12.08.2023;12.08.2023;JMP S.A. BIEDRONKA 445 WARSZAWA;;'23124015321111001044176713;;*********3025639;-39,40;PLN;'C992322412823745;TRANSAKCJA KARTĄ PŁATNICZĄ;Artykuły spożywcze
12.08.2023;11.08.2023;JMP S.A. BIEDRONKA 445 WARSZAWA;;'23124015321111001044176713;;*********3025639;-20,18;PLN;'C992322321286361;TRANSAKCJA KARTĄ PŁATNICZĄ;Artykuły spożywcze
11.08.2023;11.08.2023;MISS KIMCHI            WARSZAWA;;'23124015321111001044176713;;*********3025639;-35,00;PLN;'C992322313571580;TRANSAKCJA KARTĄ PŁATNICZĄ;Restauracje i kawiarnie
11.08.2023;11.08.2023;JMP S.A. BIEDRONKA 445 WARSZAWA;;'23124015321111001044176713;;*********3025639;-9,08;PLN;'C992322318079501;TRANSAKCJA KARTĄ PŁATNICZĄ;Artykuły spożywcze
11.08.2023;11.08.2023;JMP S.A. BIEDRONKA 445 WARSZAWA;;'23124015321111001044176713;;*********3025639;-14,17;PLN;'C992322309187765;TRANSAKCJA KARTĄ PŁATNICZĄ;Artykuły spożywcze
10.08.2023;10.08.2023;ZABKA Z4410 K.2        WARSZAWA;;'23124015321111001044176713;;*********3025639;-19,97;PLN;'C992322210018780;TRANSAKCJA KARTĄ PŁATNICZĄ;Artykuły spożywcze
10.08.2023;10.08.2023;DENIZ KEBAB            WARSZAWA;;'23124015321111001044176713;;*********3025639;-31,00;PLN;'C992322217716650;TRANSAKCJA KARTĄ PŁATNICZĄ;Restauracje i kawiarnie
10.08.2023;10.08.2023;ASSECO POLAND SA PŁACE;UL. OLCHOWA 14 35-322 RZESZÓW;'42124059181111000049090675;'23124015321111001044176713;WYNAGRODZENIE ZA PRACE W NOCY I NADGODZINY **202308N1** 23119;1 176,10;PLN;'4910810981342846;PRZELEW;Wynagrodzenie
10.08.2023;10.08.2023;IKE BOSSA;;'23124015321111001044176713;'83154011578129000000814183;IKE 814183;-500,00;PLN;'014238AA71008063;ZLECENIE STAŁE;Bez kategorii
09.08.2023;09.08.2023;MONIKA ADAMOWICZ-BALCERCZYK UL.LEGI;;'21191010482205037537810001;'23124015321111001044176713;Moje pół deski.;35,00;PLN;'M042000069703106;PRZELEW BLIK PRZYCHODZĄCY;Inne
09.08.2023;08.08.2023;ZABKA Z4410 K.2        WARSZAWA;;'23124015321111001044176713;;*********3025639;-12,60;PLN;'C992322022681556;TRANSAKCJA KARTĄ PŁATNICZĄ;Artykuły spożywcze
09.08.2023;09.08.2023;ZABKA Z4410 K.2        WARSZAWA;;'23124015321111001044176713;;*********3025639;-5,70;PLN;'C992322112051707;TRANSAKCJA KARTĄ PŁATNICZĄ;Artykuły spożywcze
09.08.2023;09.08.2023;JMP S.A. BIEDRONKA 445 WARSZAWA;;'23124015321111001044176713;;*********3025639;-9,88;PLN;'C992322109849754;TRANSAKCJA KARTĄ PŁATNICZĄ;Artykuły spożywcze
09.08.2023;09.08.2023;GOOD LOOD DELIVERY     KRAKOW;;'23124015321111001044176713;;;-37,00;PLN;'C992322118617212;TRANSAKCJA KARTĄ PŁATNICZĄ;Restauracje i kawiarnie
09.08.2023;09.08.2023;ASSECO POLAND SA PŁACE;UL. OLCHOWA 14 35-322 RZESZÓW;'42124059181111000049090675;'23124015321111001044176713;WYNAGRODZENIE 07/2023 **202307U4**23119;7 827,18;PLN;'4910809986941966;PRZELEW;Wynagrodzenie
09.08.2023;09.08.2023;JMP S.A. BIEDRONKA 445 WARSZAWA;;'23124015321111001044176713;;*********3025639;-16,97;PLN;'C992322116401429;TRANSAKCJA KARTĄ PŁATNICZĄ;Artykuły spożywcze
08.08.2023;08.08.2023;MONIKA ADAMOWICZ;;'23124015321111001044176713;'21191010482205037537810001;Przelew na telefon 48692***540. Ceska;-90,00;PLN;'M042100588585541;PRZELEW BLIK WYCHODZĄCY;Internet, TV, telefon
08.08.2023;08.08.2023;FLORA CAFFE TAKA AWAY  WARSZAWA;;'23124015321111001044176713;;*********3025639;-31,00;PLN;'C992322013064445;TRANSAKCJA KARTĄ PŁATNICZĄ;Restauracje i kawiarnie
08.08.2023;08.08.2023;JMP S.A. BIEDRONKA 445 WARSZAWA;;'23124015321111001044176713;;*********3025639;-10,98;PLN;'C992322009803566;TRANSAKCJA KARTĄ PŁATNICZĄ;Artykuły spożywcze
07.08.2023;07.08.2023;JMP S.A. BIEDRONKA 445 WARSZAWA;;'23124015321111001044176713;;*********3025639;-6,05;PLN;'C992321920545651;TRANSAKCJA KARTĄ PŁATNICZĄ;Artykuły spożywcze
07.08.2023;07.08.2023;CASHBILL;POLSKIEPREMIUM. Sobieskiego 2,Katowice;'23124015321111001044176713;;BLIK REF       75322670014;-88,79;PLN;'C992321916043459;PŁATNOŚĆ BLIK;Zakupy przez internet
07.08.2023;07.08.2023;BISTRO GRZYBOWSKA 61   WARSZAWA;;'23124015321111001044176713;;*********3025639;-22,20;PLN;'C992321915153321;TRANSAKCJA KARTĄ PŁATNICZĄ;Restauracje i kawiarnie
07.08.2023;07.08.2023;JMP S.A. BIEDRONKA 631 WARSZAWA;;'23124015321111001044176713;;*********3025639;-25,20;PLN;'C992321912928972;TRANSAKCJA KARTĄ PŁATNICZĄ;Artykuły spożywcze
07.08.2023;06.08.2023;STACJA PALIW MOYA 557  SZEPIETOWO;;'23124015321111001044176713;;*********3025639;-24,77;PLN;'C992321819489447;TRANSAKCJA KARTĄ PŁATNICZĄ;Paliwo
07.08.2023;06.08.2023;STACJA PALIW MOYA 557  SZEPIETOWO;;'23124015321111001044176713;;*********3025639;-11,99;PLN;'C992321819483717;TRANSAKCJA KARTĄ PŁATNICZĄ;Paliwo
07.08.2023;06.08.2023;ZAJAZD NA PARKINGU     BIALOWIEZA;;'23124015321111001044176713;;*********3025639;-22,00;PLN;'C992321815375809;TRANSAKCJA KARTĄ PŁATNICZĄ;Restauracje i kawiarnie
07.08.2023;06.08.2023;JERZY DOWBYSZ GOSPODA  BIALOWIEZA;;'23124015321111001044176713;;*********3025639;-93,00;PLN;'C992321815350709;TRANSAKCJA KARTĄ PŁATNICZĄ;Restauracje i kawiarnie
07.08.2023;06.08.2023;PAYPAL *PATRONITE      35314369001;;'23124015321111001044176713;;*********3025639;-7,00;PLN;'C992321813291572;TRANSAKCJA KARTĄ PŁATNICZĄ;Kino i teatr
07.08.2023;06.08.2023;OSTATNI GROSZ          TOPILO;;'23124015321111001044176713;;*********3025639;-7,00;PLN;'C992321811250014;TRANSAKCJA KARTĄ PŁATNICZĄ;Restauracje i kawiarnie
07.08.2023;06.08.2023;OSTATNI GROSZ          TOPILO;;'23124015321111001044176713;;*********3025639;-39,00;PLN;'C992321811232206;TRANSAKCJA KARTĄ PŁATNICZĄ;Restauracje i kawiarnie
05.08.2023;05.08.2023;ZAJAZD;;'23124015321111001044176713;'12806100030017981030000010;Przelew na telefon 48690***755. Przelew na telefon;-53,00;PLN;'M042100586319675;PRZELEW BLIK WYCHODZĄCY;Internet, TV, telefon
05.08.2023;05.08.2023;ORLEN STACJA NR 4571   ZLOTORIA;;'23124015321111001044176713;;*********3025639;-28,98;PLN;'C992321708169831;TRANSAKCJA KARTĄ PŁATNICZĄ;Paliwo
05.08.2023;05.08.2023;ORLEN STACJA NR 4571   ZLOTORIA;;'23124015321111001044176713;;*********3025639;-18,18;PLN;'C992321708155755;TRANSAKCJA KARTĄ PŁATNICZĄ;Paliwo
05.08.2023;05.08.2023;PAYPAL *STRAVA INC     4082095236;;'23124015321111001044176713;;*********3025639;-19,99;PLN;'C992321707120128;TRANSAKCJA KARTĄ PŁATNICZĄ;Multimedia
05.08.2023;04.08.2023;ZABKA Z4410 K.1        WARSZAWA;;'23124015321111001044176713;;*********3025639;-19,48;PLN;'C992321621996440;TRANSAKCJA KARTĄ PŁATNICZĄ;Artykuły spożywcze
04.08.2023;04.08.2023;JMP S.A. BIEDRONKA 445 WARSZAWA;;'23124015321111001044176713;;*********3025639;-26,54;PLN;'C992321620940909;TRANSAKCJA KARTĄ PŁATNICZĄ;Artykuły spożywcze
04.08.2023;04.08.2023;MISS KIMCHI            WARSZAWA;;'23124015321111001044176713;;*********3025639;-35,00;PLN;'C992321619876389;TRANSAKCJA KARTĄ PŁATNICZĄ;Restauracje i kawiarnie
04.08.2023;04.08.2023;KAROL ULER CLAUDE      WARSZAWA;;'23124015321111001044176713;;*********3025639;-219,60;PLN;'C992321618827246;TRANSAKCJA KARTĄ PŁATNICZĄ;Inne
04.08.2023;04.08.2023;JMP S.A. BIEDRONKA 445 WARSZAWA;;'23124015321111001044176713;;*********3025639;-17,80;PLN;'C992321610135421;TRANSAKCJA KARTĄ PŁATNICZĄ;Artykuły spożywcze
03.08.2023;03.08.2023;TOOGOODTOG Y3RWALGTBMM COPENHAGEN S;;'23124015321111001044176713;;;-15,99;PLN;'C992321519714426;TRANSAKCJA KARTĄ PŁATNICZĄ;Restauracje i kawiarnie
03.08.2023;03.08.2023;BAR ORIENTALNY 9999    WARSZAWA;;'23124015321111001044176713;;*********3025639;-38,00;PLN;'C992321518675056;TRANSAKCJA KARTĄ PŁATNICZĄ;Puby i kluby
03.08.2023;03.08.2023;JMP S.A. BIEDRONKA 445 WARSZAWA;;'23124015321111001044176713;;*********3025639;-22,96;PLN;'C992321508878303;TRANSAKCJA KARTĄ PŁATNICZĄ;Artykuły spożywcze
03.08.2023;03.08.2023;AUT. 2769 MERA-SERWIS  WARSZAWA;;'23124015321111001044176713;;*********3025639;-4,40;PLN;'C992321516481008;TRANSAKCJA KARTĄ PŁATNICZĄ;Transport publiczny
03.08.2023;02.08.2023;JMP S.A. BIEDRONKA 445 WARSZAWA;;'23124015321111001044176713;;*********3025639;-5,79;PLN;'C992321421747900;TRANSAKCJA KARTĄ PŁATNICZĄ;Artykuły spożywcze
03.08.2023;03.08.2023;MPSA  A 1082           WARSZAWA;;'23124015321111001044176713;;*********3025639;-4,40;PLN;'C992321518641805;TRANSAKCJA KARTĄ PŁATNICZĄ;Transport publiczny
03.08.2023;03.08.2023;LUX MED. SP. Z O.O.    WARSZAWA;;'23124015321111001044176713;;*********3025639;-855,00;PLN;'C992321518635735;TRANSAKCJA KARTĄ PŁATNICZĄ;Opieka medyczna
02.08.2023;02.08.2023;KFCDOSTAWA.PL          WROCLAW;;'23124015321111001044176713;;*********3025639;-45,98;PLN;'C992321416451843;TRANSAKCJA KARTĄ PŁATNICZĄ;Restauracje i kawiarnie
02.08.2023;02.08.2023;REVOLUT**3619*         DUBLIN;;'23124015321111001044176713;;;-5 000,00;PLN;'C992321410912032;TRANSAKCJA KARTĄ PŁATNICZĄ;Bez kategorii
02.08.2023;02.08.2023;XTB.COM/PL;WWW.XTB.COM ul. PROSTA 67,WARSZAWA;'23124015321111001044176713;;BLIK REF       75223380768;-5 000,00;PLN;'C992321410890145;PŁATNOŚĆ BLIK;Bez kategorii
02.08.2023;02.08.2023;ZABKA Z4410 K.1        WARSZAWA;;'23124015321111001044176713;;*********3025639;-9,98;PLN;'C992321409850694;TRANSAKCJA KARTĄ PŁATNICZĄ;Artykuły spożywcze
02.08.2023;02.08.2023;JMP S.A. BIEDRONKA 445 WARSZAWA;;'23124015321111001044176713;;*********3025639;-17,73;PLN;'C992321409845984;TRANSAKCJA KARTĄ PŁATNICZĄ;Artykuły spożywcze
01.08.2023;01.08.2023;CEZARY KANIA;;'23124015321111001044176713;'45114020040000310234692944;Przelew na telefon 48792***972. Kaczka Teriyaki;-39,00;PLN;'M042100583360727;PRZELEW BLIK WYCHODZĄCY;Internet, TV, telefon
01.08.2023;01.08.2023;SKLEP FIRMOWY NR 117   WARSZAWA;;'23124015321111001044176713;;*********3025639;-14,50;PLN;'C992321308712919;TRANSAKCJA KARTĄ PŁATNICZĄ;Artykuły spożywcze
01.08.2023;01.08.2023;ZABKA Z4370 K.1        WARSZAWA;;'23124015321111001044176713;;*********3025639;-2,99;PLN;'C992321308711518;TRANSAKCJA KARTĄ PŁATNICZĄ;Artykuły spożywcze
31.07.2023;31.07.2023;;;;'23124015321111001044176713;ODSETKI OD DEPOZYTU;0,51;PLN;'014237V98C001149;ODSETKI OD DEPOZYTU;Odsetki, zwrot z inwestycji
31.07.2023;31.07.2023;;;'23124015321111001044176713;;PODATEK POBRANY;-0,10;PLN;'014237V98C001148;PODATEK POBRANY;Podatki
31.07.2023;31.07.2023;ASSECO POLAND SA PŁACE;UL. OLCHOWA 14 35-322 RZESZÓW;'42124059181111000049090675;'23124015321111001044176713;PREMIA STANDBY **202307P10** 23119;633,98;PLN;'4910731987472540;PRZELEW;Premia, nagroda
31.07.2023;31.07.2023;ASSECO POLAND SA PŁACE;UL. OLCHOWA 14 35-322 RZESZÓW;'42124059181111000049090675;'23124015321111001044176713;WYNAGRODZENIE ZA PRACE W NOCY I NADGODZINY **202307N3** 23119;659,72;PLN;'4910731987592535;PRZELEW;Wynagrodzenie
31.07.2023;31.07.2023;JMP S.A. BIEDRONKA 445 WARSZAWA;;'23124015321111001044176713;;*********3025639;-16,73;PLN;'C992321209673395;TRANSAKCJA KARTĄ PŁATNICZĄ;Artykuły spożywcze
31.07.2023;30.07.2023;ZABKA Z8085 K.1        WARSZAWA;;'23124015321111001044176713;;*********3025639;-13,98;PLN;'C992321121492295;TRANSAKCJA KARTĄ PŁATNICZĄ;Artykuły spożywcze
31.07.2023;29.07.2023;JMP S.A. BIEDRONKA 445 WARSZAWA;;'23124015321111001044176713;;*********3025639;-33,97;PLN;'C992321020982864;TRANSAKCJA KARTĄ PŁATNICZĄ;Artykuły spożywcze
29.07.2023;29.07.2023;JMP S.A. BIEDRONKA 445 WARSZAWA;;'23124015321111001044176713;;*********3025639;-60,84;PLN;'C992321014556689;TRANSAKCJA KARTĄ PŁATNICZĄ;Artykuły spożywcze
29.07.2023;29.07.2023;ZABKA Z4410 K.2        WARSZAWA;;'23124015321111001044176713;;*********3025639;-19,30;PLN;'C992321009082015;TRANSAKCJA KARTĄ PŁATNICZĄ;Artykuły spożywcze
28.07.2023;28.07.2023;JMP S.A. BIEDRONKA 445 WARSZAWA;;'23124015321111001044176713;;*********3025639;-18,62;PLN;'C992320910973524;TRANSAKCJA KARTĄ PŁATNICZĄ;Artykuły spożywcze
28.07.2023;28.07.2023;TOOGOODTOG 6NCRQVEWYKJ COPENHAGEN S;;'23124015321111001044176713;;;-24,99;PLN;'C992320918693429;TRANSAKCJA KARTĄ PŁATNICZĄ;Restauracje i kawiarnie
28.07.2023;28.07.2023;BUSHI SUSHI 5          WARSZAWA;;'23124015321111001044176713;;*********3025639;-2,99;PLN;'C992320918733056;TRANSAKCJA KARTĄ PŁATNICZĄ;Restauracje i kawiarnie
28.07.2023;27.07.2023;ZABKA Z4410 K.2        WARSZAWA;;'23124015321111001044176713;;*********3025639;-7,50;PLN;'C992320822754507;TRANSAKCJA KARTĄ PŁATNICZĄ;Artykuły spożywcze
28.07.2023;28.07.2023;KEBAB                  WARSZAWA;;'23124015321111001044176713;;*********3025639;-25,50;PLN;'C992320919753307;TRANSAKCJA KARTĄ PŁATNICZĄ;Restauracje i kawiarnie
27.07.2023;27.07.2023;JMP S.A. BIEDRONKA 631 WARSZAWA;;'23124015321111001044176713;;*********3025639;-9,22;PLN;'C992320818536071;TRANSAKCJA KARTĄ PŁATNICZĄ;Artykuły spożywcze
27.07.2023;26.07.2023;JMP S.A. BIEDRONKA 445 WARSZAWA;;'23124015321111001044176713;;*********3025639;-13,97;PLN;'C992320720619088;TRANSAKCJA KARTĄ PŁATNICZĄ;Artykuły spożywcze
27.07.2023;27.07.2023;JMP S.A. BIEDRONKA 445 WARSZAWA;;'23124015321111001044176713;;*********3025639;-17,25;PLN;'C992320808766685;TRANSAKCJA KARTĄ PŁATNICZĄ;Artykuły spożywcze
26.07.2023;25.07.2023;JMP S.A. BIEDRONKA 445 WARSZAWA;;'23124015321111001044176713;;*********3025639;-4,99;PLN;'C992320620607459;TRANSAKCJA KARTĄ PŁATNICZĄ;Artykuły spożywcze
26.07.2023;26.07.2023;BISTRO GRZYBOWSKA 61   WARSZAWA;;'23124015321111001044176713;;*********3025639;-23,50;PLN;'C992320715276419;TRANSAKCJA KARTĄ PŁATNICZĄ;Restauracje i kawiarnie
25.07.2023;25.07.2023;JMP S.A. BIEDRONKA 445 WARSZAWA;;'23124015321111001044176713;;*********3025639;-17,27;PLN;'C992320609721648;TRANSAKCJA KARTĄ PŁATNICZĄ;Artykuły spożywcze
25.07.2023;25.07.2023;JMP S.A. BIEDRONKA 445 WARSZAWA;;'23124015321111001044176713;;*********3025639;-19,98;PLN;'C992320617366621;TRANSAKCJA KARTĄ PŁATNICZĄ;Artykuły spożywcze
24.07.2023;24.07.2023;PRACOWNIA CUKIERNICZA  WARSZAWA;;'23124015321111001044176713;;*********3025639;-13,50;PLN;'C992320515135364;TRANSAKCJA KARTĄ PŁATNICZĄ;Artykuły spożywcze
24.07.2023;23.07.2023;VINA EXPRESS           WARSZAWA;;'23124015321111001044176713;;*********3025639;-44,00;PLN;'C992320416317370;TRANSAKCJA KARTĄ PŁATNICZĄ;Puby i kluby
24.07.2023;24.07.2023;MISS KIMCHI            WARSZAWA;;'23124015321111001044176713;;*********3025639;-48,00;PLN;'C992320514099936;TRANSAKCJA KARTĄ PŁATNICZĄ;Restauracje i kawiarnie
24.07.2023;23.07.2023;ZABKA Z4410 K.2        WARSZAWA;;'23124015321111001044176713;;*********3025639;-11,10;PLN;'C992320412162261;TRANSAKCJA KARTĄ PŁATNICZĄ;Artykuły spożywcze
22.07.2023;22.07.2023;JMP S.A. BIEDRONKA 445 WARSZAWA;;'23124015321111001044176713;;*********3025639;-61,67;PLN;'C992320311230096;TRANSAKCJA KARTĄ PŁATNICZĄ;Artykuły spożywcze
22.07.2023;21.07.2023;TOOGOODTOG N4KNKXQZLUK COPENHAGEN S;;'23124015321111001044176713;;;-24,99;PLN;'C992320222876845;TRANSAKCJA KARTĄ PŁATNICZĄ;Restauracje i kawiarnie
22.07.2023;22.07.2023;ZABKA Z4410 K.1        WARSZAWA;;'23124015321111001044176713;;*********3025639;-8,90;PLN;'C992320313418437;TRANSAKCJA KARTĄ PŁATNICZĄ;Artykuły spożywcze
21.07.2023;21.07.2023;BISTRO GRZYBOWSKA 61   WARSZAWA;;'23124015321111001044176713;;*********3025639;-34,00;PLN;'C992320215392875;TRANSAKCJA KARTĄ PŁATNICZĄ;Restauracje i kawiarnie
21.07.2023;21.07.2023;JMP S.A. BIEDRONKA 445 WARSZAWA;;'23124015321111001044176713;;*********3025639;-2,99;PLN;'C992320215411057;TRANSAKCJA KARTĄ PŁATNICZĄ;Artykuły spożywcze
21.07.2023;21.07.2023;JMP S.A. BIEDRONKA 445 WARSZAWA;;'23124015321111001044176713;;*********3025639;-8,90;PLN;'C992320218671074;TRANSAKCJA KARTĄ PŁATNICZĄ;Artykuły spożywcze
21.07.2023;20.07.2023;JMP S.A. BIEDRONKA 445 WARSZAWA;;'23124015321111001044176713;;*********3025639;-23,45;PLN;'C992320123704012;TRANSAKCJA KARTĄ PŁATNICZĄ;Artykuły spożywcze
20.07.2023;20.07.2023;BISTRO GRZYBOWSKA 61   WARSZAWA;;'23124015321111001044176713;;*********3025639;-43,00;PLN;'C992320114122827;TRANSAKCJA KARTĄ PŁATNICZĄ;Restauracje i kawiarnie
20.07.2023;20.07.2023;KACPER BANASIK;;'23124015321111001044176713;'69124060031111001048178711;Splitwise lipiec;-1 674,37;PLN;'014237K601500236;REALIZACJA PŁATNOŚCI PEOPAY;Bez kategorii
20.07.2023;20.07.2023;XTB.COM/PL;WWW.XTB.COM ul. PROSTA 67,WARSZAWA;'23124015321111001044176713;;BLIK REF       74961647158;-5 000,00;PLN;'C992320113870314;PŁATNOŚĆ BLIK;Bez kategorii
20.07.2023;20.07.2023;JMP S.A. BIEDRONKA 445 WARSZAWA;;'23124015321111001044176713;;*********3025639;-33,20;PLN;'C992320110857491;TRANSAKCJA KARTĄ PŁATNICZĄ;Artykuły spożywcze
19.07.2023;19.07.2023;JMP S.A. BIEDRONKA 445 WARSZAWA;;'23124015321111001044176713;;*********3025639;-8,69;PLN;'C992320016865097;TRANSAKCJA KARTĄ PŁATNICZĄ;Artykuły spożywcze
19.07.2023;19.07.2023;MISS KIMCHI            WARSZAWA;;'23124015321111001044176713;;*********3025639;-35,00;PLN;'C992320016855172;TRANSAKCJA KARTĄ PŁATNICZĄ;Restauracje i kawiarnie
19.07.2023;19.07.2023;JMP S.A. BIEDRONKA 445 WARSZAWA;;'23124015321111001044176713;;*********3025639;-19,47;PLN;'C992320008469937;TRANSAKCJA KARTĄ PŁATNICZĄ;Artykuły spożywcze
19.07.2023;19.07.2023;;;'23124015321111001044176713;'92124020921362991111000000;Opłata za obsługę kartyMasterCard Debit*43025639 za miesiąc 07.2023;-1,00;PLN;'M0150NGJ00348586;PROWIZJE AUT.;Opłaty bankowe
19.07.2023;19.07.2023;APPLE.COM/BILL         APPLE.COM/BI;;'23124015321111001044176713;;*********3025639;-3,99;PLN;'C992319921428853;TRANSAKCJA KARTĄ PŁATNICZĄ;Bez kategorii
19.07.2023;18.07.2023;BUDZIŃSKA JULIA;;'15105015591000009267210426;'23124015321111001044176713;Przelew na telefon +48xxxxxx789BurgerDla Kamil SobierajOd BUDZIŃSKA JULIA;37,00;PLN;'M042000067315221;PRZELEW BLIK PRZYCHODZĄCY;Inne
19.07.2023;18.07.2023;KFCDOSTAWA.PL          WROCLAW;;'23124015321111001044176713;;*********3025639;-42,99;PLN;'C992319921402037;TRANSAKCJA KARTĄ PŁATNICZĄ;Restauracje i kawiarnie
18.07.2023;18.07.2023;GOOD LOOD              KRAKOW;;'23124015321111001044176713;;*********3025639;-7,00;PLN;'C992319917353001;TRANSAKCJA KARTĄ PŁATNICZĄ;Restauracje i kawiarnie
18.07.2023;18.07.2023;MONIKA;;'23124015321111001044176713;'21191010482205037537810001;Przelew na telefon 48692***540. Prezent Kaluga;-17,00;PLN;'M042100575144083;PRZELEW BLIK WYCHODZĄCY;Internet, TV, telefon
18.07.2023;18.07.2023;BAR MLECZNY 02         WARSZAWA;;'23124015321111001044176713;;*********3025639;-29,00;PLN;'C992319913064120;TRANSAKCJA KARTĄ PŁATNICZĄ;Puby i kluby
18.07.2023;18.07.2023;ZABKA Z4410 K.2        WARSZAWA;;'23124015321111001044176713;;*********3025639;-18,78;PLN;'C992319910928915;TRANSAKCJA KARTĄ PŁATNICZĄ;Artykuły spożywcze
17.07.2023;17.07.2023;JMP S.A. BIEDRONKA 445 WARSZAWA;;'23124015321111001044176713;;*********3025639;-4,75;PLN;'C992319817679628;TRANSAKCJA KARTĄ PŁATNICZĄ;Artykuły spożywcze
17.07.2023;17.07.2023;MISS KIMCHI            WARSZAWA;;'23124015321111001044176713;;*********3025639;-35,00;PLN;'C992319817670093;TRANSAKCJA KARTĄ PŁATNICZĄ;Restauracje i kawiarnie
17.07.2023;17.07.2023;ZABKA Z4410 K.2        WARSZAWA;;'23124015321111001044176713;;*********3025639;-4,99;PLN;'C992319813444348;TRANSAKCJA KARTĄ PŁATNICZĄ;Artykuły spożywcze
17.07.2023;15.07.2023;JMP S.A. BIEDRONKA 445 WARSZAWA;;'23124015321111001044176713;;*********3025639;-25,26;PLN;'C992319621912614;TRANSAKCJA KARTĄ PŁATNICZĄ;Artykuły spożywcze
15.07.2023;15.07.2023;ZABKA Z4370 K.2        WARSZAWA;;'23124015321111001044176713;;*********3025639;-4,50;PLN;'C992319617762551;TRANSAKCJA KARTĄ PŁATNICZĄ;Artykuły spożywcze
15.07.2023;15.07.2023;NA KONCU TECZY         WARSZAWA;;'23124015321111001044176713;;*********3025639;-15,00;PLN;'C992319615715834;TRANSAKCJA KARTĄ PŁATNICZĄ;Artykuły spożywcze
15.07.2023;15.07.2023;KACPER BANASIK;;'23124015321111001044176713;'69124060031111001048178711;Przelew na telefon 48724***340. Przelew na telefon;-60,00;PLN;'014237F629304037;REALIZACJA PŁATNOŚCI PEOPAY;Internet, TV, telefon
15.07.2023;15.07.2023;ZABKA Z5990 K.2        WARSZAWA;;'23124015321111001044176713;;*********3025639;-3,80;PLN;'C992319614642328;TRANSAKCJA KARTĄ PŁATNICZĄ;Artykuły spożywcze
15.07.2023;15.07.2023;ZABKA Z4410 K.2        WARSZAWA;;'23124015321111001044176713;;*********3025639;-8,80;PLN;'C992319609368971;TRANSAKCJA KARTĄ PŁATNICZĄ;Artykuły spożywcze
15.07.2023;15.07.2023;JMP S.A. BIEDRONKA 445 WARSZAWA;;'23124015321111001044176713;;*********3025639;-30,66;PLN;'C992319609366039;TRANSAKCJA KARTĄ PŁATNICZĄ;Artykuły spożywcze
15.07.2023;14.07.2023;JMP S.A. BIEDRONKA 445 WARSZAWA;;'23124015321111001044176713;;*********3025639;-15,18;PLN;'C992319520217834;TRANSAKCJA KARTĄ PŁATNICZĄ;Artykuły spożywcze
14.07.2023;14.07.2023;HOKKAIDO SUSHI S.C.    LATCHORZEW;;'23124015321111001044176713;;*********3025639;-120,00;PLN;'C992319519161573;TRANSAKCJA KARTĄ PŁATNICZĄ;Restauracje i kawiarnie
14.07.2023;14.07.2023;BISTRO GRZYBOWSKA 61   WARSZAWA;;'23124015321111001044176713;;*********3025639;-26,50;PLN;'C992319514898180;TRANSAKCJA KARTĄ PŁATNICZĄ;Restauracje i kawiarnie
14.07.2023;14.07.2023;JMP S.A. BIEDRONKA 445 WARSZAWA;;'23124015321111001044176713;;*********3025639;-22,08;PLN;'C992319509645113;TRANSAKCJA KARTĄ PŁATNICZĄ;Artykuły spożywcze
14.07.2023;13.07.2023;JMP S.A. BIEDRONKA 445 WARSZAWA;;'23124015321111001044176713;;*********3025639;-14,30;PLN;'C992319421527931;TRANSAKCJA KARTĄ PŁATNICZĄ;Artykuły spożywcze
13.07.2023;13.07.2023;FLORA CAFFE TAKA AWAY  WARSZAWA;;'23124015321111001044176713;;*********3025639;-29,00;PLN;'C992319413214916;TRANSAKCJA KARTĄ PŁATNICZĄ;Restauracje i kawiarnie
13.07.2023;13.07.2023;MARIUSZ ZIECINA;;'23124015321111001044176713;'26102011270000130202564748;Przelew na telefon 48514***978. Przelew na telefon;-1,00;PLN;'M042100571974522;PRZELEW BLIK WYCHODZĄCY;Internet, TV, telefon
13.07.2023;13.07.2023;ZABKA Z4410 K.2        WARSZAWA;;'23124015321111001044176713;;*********3025639;-16,30;PLN;'C992319407955454;TRANSAKCJA KARTĄ PŁATNICZĄ;Artykuły spożywcze
12.07.2023;12.07.2023;JMP S.A. BIEDRONKA 445 WARSZAWA;;'23124015321111001044176713;;*********3025639;-13,77;PLN;'C992319318794214;TRANSAKCJA KARTĄ PŁATNICZĄ;Artykuły spożywcze
12.07.2023;12.07.2023;AUTOMATSPEC SPZOO      LISZKI;;'23124015321111001044176713;;*********3025639;-4,00;PLN;'C992319317746280;TRANSAKCJA KARTĄ PŁATNICZĄ;Artykuły spożywcze
12.07.2023;12.07.2023;MACHOP SP. Z O.O.      WARSZAWA;;'23124015321111001044176713;;*********3025639;-25,00;PLN;'C992319315680615;TRANSAKCJA KARTĄ PŁATNICZĄ;Restauracje i kawiarnie
12.07.2023;12.07.2023;MAŁGORZATA UŁASIUK TRENER OSOBISTY;UL.ŁUCKA 20 M.62 00-845 WARSZAWA;'25114020040000310281874201;'23124015321111001044176713;SPLITWIESE: WYDATKI MIESZKANIE;370,85;PLN;'XGL0001707045284;PRZELEW KRAJOWY MIĘDZYBANKOWY;Przychody z najmu
12.07.2023;12.07.2023;CARREFOUR EXPRESS H82  WARSZAWA;;'23124015321111001044176713;;*********3025639;-4,99;PLN;'C992319308336127;TRANSAKCJA KARTĄ PŁATNICZĄ;Artykuły spożywcze
12.07.2023;12.07.2023;AK OTREBUSY 4017105976 OTREBUSY;;'23124015321111001044176713;;*********3025639;-3,22;PLN;'C992319307334626;TRANSAKCJA KARTĄ PŁATNICZĄ;Artykuły spożywcze
11.07.2023;11.07.2023;JMP S.A. BIEDRONKA 631 WARSZAWA;;'23124015321111001044176713;;*********3025639;-5,74;PLN;'C992319218181342;TRANSAKCJA KARTĄ PŁATNICZĄ;Artykuły spożywcze
11.07.2023;11.07.2023;JAKDOJADE.PL           POZNAN;;'23124015321111001044176713;;*********3025639;-10,00;PLN;'C992319218154404;TRANSAKCJA KARTĄ PŁATNICZĄ;Transport publiczny
11.07.2023;11.07.2023;LUX MED. SP. Z O.O.    WARSZAWA;;'23124015321111001044176713;;*********3025639;-323,10;PLN;'C992319217150584;TRANSAKCJA KARTĄ PŁATNICZĄ;Opieka medyczna
11.07.2023;11.07.2023;ZABKA Z4370 K.2        WARSZAWA;;'23124015321111001044176713;;*********3025639;-6,20;PLN;'C992319216082612;TRANSAKCJA KARTĄ PŁATNICZĄ;Artykuły spożywcze
11.07.2023;11.07.2023;BAR MLECZNY 02         WARSZAWA;;'23124015321111001044176713;;*********3025639;-25,00;PLN;'C992319213908575;TRANSAKCJA KARTĄ PŁATNICZĄ;Puby i kluby
11.07.2023;11.07.2023;AUTOMATSPEC SPZOO      LISZKI;;'23124015321111001044176713;;*********3025639;-4,00;PLN;'C992319210775663;TRANSAKCJA KARTĄ PŁATNICZĄ;Artykuły spożywcze
10.07.2023;10.07.2023;JMP S.A. BIEDRONKA 445 WARSZAWA;;'23124015321111001044176713;;*********3025639;-20,53;PLN;'C992319118505299;TRANSAKCJA KARTĄ PŁATNICZĄ;Artykuły spożywcze
10.07.2023;10.07.2023;JMP S.A. BIEDRONKA 445 WARSZAWA;;'23124015321111001044176713;;*********3025639;-15,59;PLN;'C992319117484939;TRANSAKCJA KARTĄ PŁATNICZĄ;Artykuły spożywcze
10.07.2023;10.07.2023;MISS KIMCHI            WARSZAWA;;'23124015321111001044176713;;*********3025639;-33,00;PLN;'C992319117449298;TRANSAKCJA KARTĄ PŁATNICZĄ;Restauracje i kawiarnie
10.07.2023;10.07.2023;WACŁAW SEBASTIAN BOROWSKI;UL. DARŁOWSKA 3  M.46 04-091 WARSZAWA;'50102055581111138370700074;'23124015321111001044176713;KAMIL ZIOM KWIECIEŃ MAJ CZERWIEC;45,00;PLN;'XGJ0001704995873;PRZELEW KRAJOWY MIĘDZYBANKOWY;Inne
10.07.2023;10.07.2023;JMP S.A. BIEDRONKA 445 WARSZAWA;;'23124015321111001044176713;;*********3025639;-47,27;PLN;'C992319109052856;TRANSAKCJA KARTĄ PŁATNICZĄ;Artykuły spożywcze
10.07.2023;10.07.2023;IKE BOSSA;;'23124015321111001044176713;'83154011578129000000814183;IKE 814183;-500,00;PLN;'014237AA71008907;ZLECENIE STAŁE;Bez kategorii
10.07.2023;09.07.2023;ZABKA Z8085 K.1        WARSZAWA;;'23124015321111001044176713;;*********3025639;-16,50;PLN;'C992319021948567;TRANSAKCJA KARTĄ PŁATNICZĄ;Artykuły spożywcze
10.07.2023;09.07.2023;PAYU;PYSZNE.PL Grunwaldzka 186,Poznan;'23124015321111001044176713;;BLIK REF       74758422974;-86,29;PLN;'C992319017236575;PŁATNOŚĆ BLIK;Zakupy przez internet
10.07.2023;09.07.2023;REVOLUT**3619*         DUBLIN;;'23124015321111001044176713;;;-4 000,00;PLN;'C992319014853077;TRANSAKCJA KARTĄ PŁATNICZĄ;Bez kategorii
10.07.2023;09.07.2023;ZABKA Z4410 K.2        WARSZAWA;;'23124015321111001044176713;;*********3025639;-7,60;PLN;'C992319015848878;TRANSAKCJA KARTĄ PŁATNICZĄ;Artykuły spożywcze
10.07.2023;09.07.2023;GOOD LOOD              KRAKOW;;'23124015321111001044176713;;*********3025639;-7,00;PLN;'C992319013840961;TRANSAKCJA KARTĄ PŁATNICZĄ;Restauracje i kawiarnie
10.07.2023;09.07.2023;ZABKA Z4410 K.2        WARSZAWA;;'23124015321111001044176713;;*********3025639;-18,79;PLN;'C992319011760504;TRANSAKCJA KARTĄ PŁATNICZĄ;Artykuły spożywcze
08.07.2023;08.07.2023;DARWINA.PL             WARSZAWA;;'23124015321111001044176713;;*********3025639;-26,98;PLN;'C992318918569046;TRANSAKCJA KARTĄ PŁATNICZĄ;Alkohol
08.07.2023;08.07.2023;JMP S.A. BIEDRONKA 445 WARSZAWA;;'23124015321111001044176713;;*********3025639;-9,58;PLN;'C992318912285073;TRANSAKCJA KARTĄ PŁATNICZĄ;Artykuły spożywcze
08.07.2023;08.07.2023;JMP S.A. BIEDRONKA 445 WARSZAWA;;'23124015321111001044176713;;*********3025639;-46,33;PLN;'C992318907018145;TRANSAKCJA KARTĄ PŁATNICZĄ;Artykuły spożywcze
07.07.2023;07.07.2023;JMP S.A. BIEDRONKA 445 WARSZAWA;;'23124015321111001044176713;;*********3025639;-17,48;PLN;'C992318818843886;TRANSAKCJA KARTĄ PŁATNICZĄ;Artykuły spożywcze
07.07.2023;07.07.2023;YAFFO                  WARSZAWA;;'23124015321111001044176713;;*********3025639;-44,00;PLN;'C992318817824523;TRANSAKCJA KARTĄ PŁATNICZĄ;Restauracje i kawiarnie
07.07.2023;07.07.2023;ASSECO POLAND SA PŁACE;UL. OLCHOWA 14 35-322 RZESZÓW;'42124059181111000049090675;'23124015321111001044176713;WYNAGRODZENIE 06/2023 **202306U4**23119;7 880,88;PLN;'4910707981124781;PRZELEW;Wynagrodzenie
07.07.2023;07.07.2023;ZABKA Z4410 K.2        WARSZAWA;;'23124015321111001044176713;;*********3025639;-6,50;PLN;'C992318809384899;TRANSAKCJA KARTĄ PŁATNICZĄ;Artykuły spożywcze
07.07.2023;07.07.2023;JMP S.A. BIEDRONKA 445 WARSZAWA;;'23124015321111001044176713;;*********3025639;-15,73;PLN;'C992318809382503;TRANSAKCJA KARTĄ PŁATNICZĄ;Artykuły spożywcze
06.07.2023;06.07.2023;ZABKA Z4237 K.2        WARSZAWA;;'23124015321111001044176713;;*********3025639;-9,98;PLN;'C992318720242090;TRANSAKCJA KARTĄ PŁATNICZĄ;Artykuły spożywcze
06.07.2023;06.07.2023;PIEKARNIA ORMIANSKA ZE WARSZAWA;;'23124015321111001044176713;;*********3025639;-34,00;PLN;'C992318716102052;TRANSAKCJA KARTĄ PŁATNICZĄ;Artykuły spożywcze
06.07.2023;06.07.2023;BELLA PASTA LE DINH TU WARSZAWA;;'23124015321111001044176713;;*********3025639;-38,00;PLN;'C992318716081920;TRANSAKCJA KARTĄ PŁATNICZĄ;Restauracje i kawiarnie
06.07.2023;06.07.2023;PAYPAL *PATRONITE      35314369001;;'23124015321111001044176713;;*********3025639;-7,00;PLN;'C992318713918151;TRANSAKCJA KARTĄ PŁATNICZĄ;Kino i teatr
06.07.2023;05.07.2023;BANK PEKAO S.A.;CENTRALA-OŚRODEK OPERACJI KART ul.Grzybowska 53/57 00-844 Warszawa;'53124000270999999999999999;'23124015321111001044176713;ZWROT TRANSAKCJI PEOPAYWYKONANEJ: /PayPro S.A.///PLZ DNIA 04/07/202347281514 006;45,00;PLN;'0323070660029882;ZWROT PŁATNOŚCI PEOPAY;Inne
06.07.2023;06.07.2023;JMP S.A. BIEDRONKA 445 WARSZAWA;;'23124015321111001044176713;;*********3025639;-21,78;PLN;'C992318709747917;TRANSAKCJA KARTĄ PŁATNICZĄ;Artykuły spożywcze
05.07.2023;05.07.2023;JMP S.A. BIEDRONKA 445 WARSZAWA;;'23124015321111001044176713;;*********3025639;-12,93;PLN;'C992318614365120;TRANSAKCJA KARTĄ PŁATNICZĄ;Artykuły spożywcze
05.07.2023;05.07.2023;BISTRO GRZYBOWSKA 61   WARSZAWA;;'23124015321111001044176713;;*********3025639;-23,00;PLN;'C992318614355755;TRANSAKCJA KARTĄ PŁATNICZĄ;Restauracje i kawiarnie
05.07.2023;05.07.2023;JMP S.A. BIEDRONKA 445 WARSZAWA;;'23124015321111001044176713;;*********3025639;-9,18;PLN;'C992318610163078;TRANSAKCJA KARTĄ PŁATNICZĄ;Artykuły spożywcze
04.07.2023;04.07.2023;JMP S.A. BIEDRONKA 445 WARSZAWA;;'23124015321111001044176713;;*********3025639;-15,40;PLN;'C992318519999340;TRANSAKCJA KARTĄ PŁATNICZĄ;Artykuły spożywcze
04.07.2023;04.07.2023;MACHOP SP. Z O.O.      WARSZAWA;;'23124015321111001044176713;;*********3025639;-35,50;PLN;'C992318513690827;TRANSAKCJA KARTĄ PŁATNICZĄ;Restauracje i kawiarnie
04.07.2023;04.07.2023;GORACO POLECAM         WARSZAWA;;'23124015321111001044176713;;*********3025639;-9,90;PLN;'C992318508507672;TRANSAKCJA KARTĄ PŁATNICZĄ;Artykuły spożywcze
04.07.2023;03.07.2023;JAROSŁAW JAKUB MILLER;RYNEK 65 26-025    ŁAGÓW               PL;'75124060031111001047891677;'23124015321111001044176713;Przelew na telefon 48502***789. splitwise;84,38;PLN;'5032373629600279;PRZELEW;Sprzedaż
04.07.2023;03.07.2023;JMP S.A. BIEDRONKA 445 WARSZAWA;;'23124015321111001044176713;;*********3025639;-20,53;PLN;'C992318421417713;TRANSAKCJA KARTĄ PŁATNICZĄ;Artykuły spożywcze
03.07.2023;03.07.2023;MISS KIMCHI            WARSZAWA;;'23124015321111001044176713;;*********3025639;-35,00;PLN;'C992318414153289;TRANSAKCJA KARTĄ PŁATNICZĄ;Restauracje i kawiarnie
03.07.2023;03.07.2023;JMP S.A. BIEDRONKA 445 WARSZAWA;;'23124015321111001044176713;;*********3025639;-7,99;PLN;'C992318409900181;TRANSAKCJA KARTĄ PŁATNICZĄ;Artykuły spożywcze
03.07.2023;02.07.2023;ZABKA Z4410 K.2        WARSZAWA;;'23124015321111001044176713;;*********3025639;-17,48;PLN;'C992318313684642;TRANSAKCJA KARTĄ PŁATNICZĄ;Artykuły spożywcze
03.07.2023;01.07.2023;REVOLUT**3619*         DUBLIN;;'23124015321111001044176713;;;-360,00;PLN;'C992318220583539;TRANSAKCJA KARTĄ PŁATNICZĄ;Bez kategorii
01.07.2023;01.07.2023;JMP S.A. BIEDRONKA 445 WARSZAWA;;'23124015321111001044176713;;*********3025639;-27,22;PLN;'C992318218483990;TRANSAKCJA KARTĄ PŁATNICZĄ;Artykuły spożywcze
01.07.2023;01.07.2023;STEAMGAMES.COM 4259522 BELLEVUE;;'23124015321111001044176713;;;-1 709,10;PLN;'C992318217460514;TRANSAKCJA KARTĄ PŁATNICZĄ;Multimedia
01.07.2023;01.07.2023;ALLEGRO.PL;WWW.ALLEGRO.PL WIERZBIECICE 1B,Poznan;'23124015321111001044176713;;BLIK REF       74597785807;-86,59;PLN;'C992318217968064;PŁATNOŚĆ BLIK;Zakupy przez internet
01.07.2023;01.07.2023;ALLEGRO.PL;WWW.ALLEGRO.PL WIERZBIECICE 1B,Poznan;'23124015321111001044176713;;BLIK REF       74595451993;-39,00;PLN;'C992318217957856;PŁATNOŚĆ BLIK;Zakupy przez internet
01.07.2023;01.07.2023;BUDZIŃSKA JULIA;;'15105015591000009267210426;'23124015321111001044176713;Przelew na telefon +48xxxxxx789PączkiDla Kamil SobierajOd BUDZIŃSKA JULIA;14,00;PLN;'M042000065238542;PRZELEW BLIK PRZYCHODZĄCY;Inne
01.07.2023;01.07.2023;JMP S.A. BIEDRONKA 445 WARSZAWA;;'23124015321111001044176713;;*********3025639;-49,65;PLN;'C992318210109478;TRANSAKCJA KARTĄ PŁATNICZĄ;Artykuły spożywcze
30.06.2023;30.06.2023;;;;'23124015321111001044176713;ODSETKI OD DEPOZYTU;0,53;PLN;'014236U98C001082;ODSETKI OD DEPOZYTU;Odsetki, zwrot z inwestycji
30.06.2023;30.06.2023;;;'23124015321111001044176713;;PODATEK POBRANY;-0,10;PLN;'014236U98C001081;PODATEK POBRANY;Podatki
30.06.2023;30.06.2023;ZABKA Z4410 K.1        WARSZAWA;;'23124015321111001044176713;;*********3025639;-8,10;PLN;'C992318118839348;TRANSAKCJA KARTĄ PŁATNICZĄ;Artykuły spożywcze
30.06.2023;30.06.2023;PYSZNE.PL ZU1N56       WROCLAW;;'23124015321111001044176713;;;-79,99;PLN;'C992318114607128;TRANSAKCJA KARTĄ PŁATNICZĄ;Restauracje i kawiarnie
30.06.2023;30.06.2023;ASSECO POLAND SA PŁACE;UL. OLCHOWA 14 35-322 RZESZÓW;'42124059181111000049090675;'23124015321111001044176713;WYNAGRODZENIE ZA PRACE W NOCY I NADGODZINY **202306N3** 23119;635,16;PLN;'4910630987452670;PRZELEW;Wynagrodzenie
30.06.2023;30.06.2023;ZABKA Z4410 K.2        WARSZAWA;;'23124015321111001044176713;;*********3025639;-2,99;PLN;'C992318114596700;TRANSAKCJA KARTĄ PŁATNICZĄ;Artykuły spożywcze
30.06.2023;30.06.2023;ZABKA Z4410 K.2        WARSZAWA;;'23124015321111001044176713;;*********3025639;-19,97;PLN;'C992318110422512;TRANSAKCJA KARTĄ PŁATNICZĄ;Artykuły spożywcze
30.06.2023;24.06.2023;BANK PEKAO S.A.;CENTRALA-OŚRODEK OPERACJI KART ul.Grzybowska 53/57 00-844 Warszawa;'53124000270999999999999999;'23124015321111001044176713;ZWROT NIEROZLICZONEJ TRANSAKCJINA KARTĘ **** **** 4302 5639WYKONANEJ DN. 24/06/2023;42,72;PLN;'0323063060023908;PRZELEW;Inne
30.06.2023;29.06.2023;JMP S.A. BIEDRONKA 445 WARSZAWA;;'23124015321111001044176713;;*********3025639;-43,77;PLN;'C992318021260875;TRANSAKCJA KARTĄ PŁATNICZĄ;Artykuły spożywcze
29.06.2023;29.06.2023;PAYU;PYSZNE.PL Grunwaldzka 186,Poznan;'23124015321111001044176713;;BLIK REF       74545100916;-32,39;PLN;'C992318016131703;PŁATNOŚĆ BLIK;Zakupy przez internet
29.06.2023;29.06.2023;JMP S.A. BIEDRONKA 445 WARSZAWA;;'23124015321111001044176713;;*********3025639;-4,75;PLN;'C992318014967658;TRANSAKCJA KARTĄ PŁATNICZĄ;Artykuły spożywcze
29.06.2023;29.06.2023;BISTRO GRZYBOWSKA 61   WARSZAWA;;'23124015321111001044176713;;*********3025639;-23,00;PLN;'C992318014955718;TRANSAKCJA KARTĄ PŁATNICZĄ;Restauracje i kawiarnie
29.06.2023;29.06.2023;PAWEŁ;;'23124015321111001044176713;'64102042870000210200979294;Przelew na telefon 48667***159. Winiar;-30,00;PLN;'M042100561303204;PRZELEW BLIK WYCHODZĄCY;Internet, TV, telefon
29.06.2023;29.06.2023;JMP S.A. BIEDRONKA 445 WARSZAWA;;'23124015321111001044176713;;*********3025639;-18,02;PLN;'C992318010803750;TRANSAKCJA KARTĄ PŁATNICZĄ;Artykuły spożywcze
28.06.2023;28.06.2023;JMDIF SP.Z.O.O. HEBE R WARSZAWA;;'23124015321111001044176713;;*********3025639;-25,09;PLN;'C992317919614427;TRANSAKCJA KARTĄ PŁATNICZĄ;Kosmetyki
28.06.2023;28.06.2023;GOOD LOOD              KRAKOW;;'23124015321111001044176713;;*********3025639;-14,00;PLN;'C992317917603386;TRANSAKCJA KARTĄ PŁATNICZĄ;Restauracje i kawiarnie
28.06.2023;28.06.2023;ALLEGRO SP. Z O.O.;ALLEGRO.PL ul. Wierzbiecice 1B,Poznan;'23124015321111001044176713;;BLIK REF       74530642719;-39,90;PLN;'C992317919794951;PŁATNOŚĆ BLIK;Zakupy przez internet
28.06.2023;28.06.2023;ALLEGRO SP. Z O.O.;ALLEGRO.PL ul. Wierzbiecice 1B,Poznan;'23124015321111001044176713;;BLIK REF       74539973766;-45,00;PLN;'C992317918791178;PŁATNOŚĆ BLIK;Zakupy przez internet
28.06.2023;28.06.2023;JMP S.A. BIEDRONKA 445 WARSZAWA;;'23124015321111001044176713;;*********3025639;-21,97;PLN;'C992317909165092;TRANSAKCJA KARTĄ PŁATNICZĄ;Artykuły spożywcze
27.06.2023;27.06.2023;MISS KIMCHI            WARSZAWA;;'23124015321111001044176713;;*********3025639;-39,00;PLN;'C992317813785797;TRANSAKCJA KARTĄ PŁATNICZĄ;Restauracje i kawiarnie
27.06.2023;27.06.2023;GOOD LOOD              KRAKOW;;'23124015321111001044176713;;*********3025639;-14,00;PLN;'C992317814917272;TRANSAKCJA KARTĄ PŁATNICZĄ;Restauracje i kawiarnie
27.06.2023;27.06.2023;ZABKA Z4410 K.1        WARSZAWA;;'23124015321111001044176713;;*********3025639;-9,00;PLN;'C992317813792157;TRANSAKCJA KARTĄ PŁATNICZĄ;Artykuły spożywcze
26.06.2023;26.06.2023;TOOGOODTOG K7PDCCYE6WQ COPENHAGEN S;;'23124015321111001044176713;;;-22,49;PLN;'C992317719461483;TRANSAKCJA KARTĄ PŁATNICZĄ;Restauracje i kawiarnie
26.06.2023;26.06.2023;JMP S.A. BIEDRONKA 445 WARSZAWA;;'23124015321111001044176713;;*********3025639;-8,74;PLN;'C992317709044435;TRANSAKCJA KARTĄ PŁATNICZĄ;Artykuły spożywcze
26.06.2023;26.06.2023;JAKDOJADE.PL           POZNAN;;'23124015321111001044176713;;*********3025639;-10,00;PLN;'C992317718441220;TRANSAKCJA KARTĄ PŁATNICZĄ;Transport publiczny
26.06.2023;25.06.2023;ZABKA Z4410 K.1        WARSZAWA;;'23124015321111001044176713;;*********3025639;-13,98;PLN;'C992317619937462;TRANSAKCJA KARTĄ PŁATNICZĄ;Artykuły spożywcze
26.06.2023;26.06.2023;ZABKA Z4410 K.2        WARSZAWA;;'23124015321111001044176713;;*********3025639;-9,00;PLN;'C992317719478474;TRANSAKCJA KARTĄ PŁATNICZĄ;Artykuły spożywcze
26.06.2023;25.06.2023;JMP S.A. BIEDRONKA 445 WARSZAWA;;'23124015321111001044176713;;*********3025639;-121,51;PLN;'C992317614799941;TRANSAKCJA KARTĄ PŁATNICZĄ;Artykuły spożywcze
26.06.2023;26.06.2023;BISTRO GRZYBOWSKA 61   WARSZAWA;;'23124015321111001044176713;;*********3025639;-27,50;PLN;'C992317713222677;TRANSAKCJA KARTĄ PŁATNICZĄ;Restauracje i kawiarnie
26.06.2023;26.06.2023;LUX MED. SP. Z O.O.    WARSZAWA;;'23124015321111001044176713;;*********3025639;-650,70;PLN;'C992317718444054;TRANSAKCJA KARTĄ PŁATNICZĄ;Opieka medyczna
26.06.2023;25.06.2023;JMP S.A. BIEDRONKA 445 WARSZAWA;;'23124015321111001044176713;;*********3025639;-40,61;PLN;'C992317608649291;TRANSAKCJA KARTĄ PŁATNICZĄ;Artykuły spożywcze
24.06.2023;24.06.2023;PAYPRO S.A.;TELESAJGON.PL Pastelowa 8,Poznan;'23124015321111001044176713;;BLIK REF       74457383299;-80,50;PLN;'C992317517233802;PŁATNOŚĆ BLIK;Zakupy przez internet
24.06.2023;24.06.2023;BISTRO GRZYBOWSKA 61   WARSZAWA;;'23124015321111001044176713;;*********3025639;-9,00;PLN;'C992317516476387;TRANSAKCJA KARTĄ PŁATNICZĄ;Restauracje i kawiarnie
24.06.2023;24.06.2023;ZABKA Z2831 K.1        SWIDNIK;;'23124015321111001044176713;;*********3025639;-30,00;PLN;'C992317513324564;WYPŁATA GOTÓWKI;Wypłata z rachunku
24.06.2023;24.06.2023;ZABKA Z2831 K.1        SWIDNIK;;'23124015321111001044176713;;*********3025639;-21,10;PLN;'C992317513324564;TRANSAKCJA KARTĄ PŁATNICZĄ;Artykuły spożywcze
24.06.2023;24.06.2023;FIRMA TOMAR S.C.       SWIDNIK;;'23124015321111001044176713;;*********3025639;-13,50;PLN;'C992317513320818;TRANSAKCJA KARTĄ PŁATNICZĄ;Artykuły spożywcze
24.06.2023;24.06.2023;UBR* PENDING.UBER.COM  AMSTERDAM;;'23124015321111001044176713;;*********3025639;-42,72;PLN;'C992317501017323;TRANSAKCJA KARTĄ PŁATNICZĄ;Taxi
23.06.2023;23.06.2023;ZABKA Z2831 K.2        SWIDNIK;;'23124015321111001044176713;;*********3025639;-13,79;PLN;'C992317414685050;TRANSAKCJA KARTĄ PŁATNICZĄ;Artykuły spożywcze
23.06.2023;23.06.2023;HOTEL KAPRYS           SWIDNIK;;'23124015321111001044176713;;*********3025639;-125,00;PLN;'C992317413658045;TRANSAKCJA KARTĄ PŁATNICZĄ;Hotele
23.06.2023;23.06.2023;JAKDOJADE.PL           POZNAN;;'23124015321111001044176713;;*********3025639;-10,00;PLN;'C992317411517314;TRANSAKCJA KARTĄ PŁATNICZĄ;Transport publiczny
23.06.2023;23.06.2023;MICHAŁ MATEUSZ GRZEGOLEC;GŁOWNA 91C 05-540    JEZIÓRKO            PL;'64124060031111001048046687;'23124015321111001044176713;Przelew na telefon 48502***789. Przelew na telefon;3,40;PLN;'503236N605802949;PRZELEW;Sprzedaż
23.06.2023;23.06.2023;ZABKA Z4410 K.2        WARSZAWA;;'23124015321111001044176713;;*********3025639;-13,19;PLN;'C992317411511369;TRANSAKCJA KARTĄ PŁATNICZĄ;Artykuły spożywcze
23.06.2023;23.06.2023;JMP S.A. BIEDRONKA 445 WARSZAWA;;'23124015321111001044176713;;*********3025639;-13,17;PLN;'C992317408397604;TRANSAKCJA KARTĄ PŁATNICZĄ;Artykuły spożywcze
23.06.2023;22.06.2023;ZABKA Z4410 K.1        WARSZAWA;;'23124015321111001044176713;;*********3025639;-2,99;PLN;'C992317321325023;TRANSAKCJA KARTĄ PŁATNICZĄ;Artykuły spożywcze
22.06.2023;22.06.2023;MERITUM                WARSZAWA;;'23124015321111001044176713;;*********3025639;-415,00;PLN;'C992317317171951;TRANSAKCJA KARTĄ PŁATNICZĄ;Artykuły spożywcze
22.06.2023;22.06.2023;JMP S.A. BIEDRONKA 445 WARSZAWA;;'23124015321111001044176713;;*********3025639;-19,48;PLN;'C992317307750642;TRANSAKCJA KARTĄ PŁATNICZĄ;Artykuły spożywcze
22.06.2023;22.06.2023;TRUNG ANH              WARSZAWA;;'23124015321111001044176713;;*********3025639;-32,00;PLN;'C992317316148313;TRANSAKCJA KARTĄ PŁATNICZĄ;Restauracje i kawiarnie
21.06.2023;21.06.2023;PAYU;MYSTICTRAVEL.CO Grunwaldzka 186,Poznan;'23124015321111001044176713;;BLIK REF       74389572997;-485,00;PLN;'C992317212921344;PŁATNOŚĆ BLIK;Zakupy przez internet
21.06.2023;20.06.2023;BAJSZCZAK ADAM MATEUSZ;;'30105010381000009241279729;'23124015321111001044176713;Przelew na telefon +48xxxxxx789Przelew na telefonDla KamilOd BAJSZCZAK ADAM MATEUSZ;31,00;PLN;'M042000064043840;PRZELEW BLIK PRZYCHODZĄCY;Inne
21.06.2023;21.06.2023;BISTRO GRZYBOWSKA 61   WARSZAWA;;'23124015321111001044176713;;*********3025639;-20,70;PLN;'C992317218587048;TRANSAKCJA KARTĄ PŁATNICZĄ;Restauracje i kawiarnie
21.06.2023;21.06.2023;JMP S.A. BIEDRONKA 445 WARSZAWA;;'23124015321111001044176713;;*********3025639;-8,81;PLN;'C992317218599141;TRANSAKCJA KARTĄ PŁATNICZĄ;Artykuły spożywcze
21.06.2023;20.06.2023;PYSZNE.PL LUVH9I       WROCLAW;;'23124015321111001044176713;;;-91,96;PLN;'C992317121094708;TRANSAKCJA KARTĄ PŁATNICZĄ;Restauracje i kawiarnie
21.06.2023;21.06.2023;JMP S.A. BIEDRONKA 445 WARSZAWA;;'23124015321111001044176713;;*********3025639;-11,66;PLN;'C992317208178172;TRANSAKCJA KARTĄ PŁATNICZĄ;Artykuły spożywcze
21.06.2023;21.06.2023;;;'23124015321111001044176713;'92124020921362991111000000;Opłata za obsługę kartyMasterCard Debit*43025639 za miesiąc 06.2023;-1,00;PLN;'M0150NFL00396860;PROWIZJE AUT.;Opłaty bankowe
20.06.2023;20.06.2023;JMP S.A. BIEDRONKA 445 WARSZAWA;;'23124015321111001044176713;;*********3025639;-15,17;PLN;'C992317107530116;TRANSAKCJA KARTĄ PŁATNICZĄ;Artykuły spożywcze
20.06.2023;20.06.2023;MACHOP SP. Z O.O.      WARSZAWA;;'23124015321111001044176713;;*********3025639;-26,50;PLN;'C992317114792669;TRANSAKCJA KARTĄ PŁATNICZĄ;Restauracje i kawiarnie
20.06.2023;20.06.2023;ZABKA Z4410 K.2        WARSZAWA;;'23124015321111001044176713;;*********3025639;-11,98;PLN;'C992317117951591;TRANSAKCJA KARTĄ PŁATNICZĄ;Artykuły spożywcze
19.06.2023;19.06.2023;APPLE.COM/BILL         APPLE.COM/BI;;'23124015321111001044176713;;*********3025639;-3,99;PLN;'C992317005088531;TRANSAKCJA KARTĄ PŁATNICZĄ;Bez kategorii
19.06.2023;18.06.2023;ZABKA Z4410 K.2        WARSZAWA;;'23124015321111001044176713;;*********3025639;-9,59;PLN;'C992316919863489;TRANSAKCJA KARTĄ PŁATNICZĄ;Artykuły spożywcze
19.06.2023;18.06.2023;APPLE.COM/BILL         APPLE.COM/BI;;'23124015321111001044176713;;*********3025639;-289,99;PLN;'C992316916885160;TRANSAKCJA KARTĄ PŁATNICZĄ;Bez kategorii
19.06.2023;18.06.2023;CUKIERNIA A.CIESLIKO 0 WARSZAWA;;'23124015321111001044176713;;*********3025639;-48,92;PLN;'C992316916811107;TRANSAKCJA KARTĄ PŁATNICZĄ;Artykuły spożywcze
19.06.2023;19.06.2023;ZABKA Z4410 K.1        WARSZAWA;;'23124015321111001044176713;;*********3025639;-5,98;PLN;'C992317011069684;TRANSAKCJA KARTĄ PŁATNICZĄ;Artykuły spożywcze
19.06.2023;19.06.2023;MISS KIMCHI            WARSZAWA;;'23124015321111001044176713;;*********3025639;-35,00;PLN;'C992317014211256;TRANSAKCJA KARTĄ PŁATNICZĄ;Restauracje i kawiarnie
19.06.2023;18.06.2023;KACPER BANASIK;;'23124015321111001044176713;'69124060031111001048178711;Splitwise;-2 059,74;PLN;'014236I625704516;REALIZACJA PŁATNOŚCI PEOPAY;Bez kategorii
19.06.2023;17.06.2023;ZABKA Z4410 K.2        WARSZAWA;;'23124015321111001044176713;;*********3025639;-7,99;PLN;'C992316820628553;TRANSAKCJA KARTĄ PŁATNICZĄ;Artykuły spożywcze
17.06.2023;17.06.2023;JMP S.A. BIEDRONKA 445 WARSZAWA;;'23124015321111001044176713;;*********3025639;-64,54;PLN;'C992316819596210;TRANSAKCJA KARTĄ PŁATNICZĄ;Artykuły spożywcze
17.06.2023;17.06.2023;BISTRO GRZYBOWSKA 61   WARSZAWA;;'23124015321111001044176713;;*********3025639;-28,50;PLN;'C992316813353660;TRANSAKCJA KARTĄ PŁATNICZĄ;Restauracje i kawiarnie
17.06.2023;17.06.2023;AGNIESZKA KROLAK 75838 WARSZAWA;;'23124015321111001044176713;;*********3025639;-23,50;PLN;'C992316813338289;TRANSAKCJA KARTĄ PŁATNICZĄ;Artykuły spożywcze
17.06.2023;17.06.2023;TS O/WARSZAWA 24       WARSZAWA;;'23124015321111001044176713;;*********3025639;-10,00;PLN;'C992316813328608;TRANSAKCJA KARTĄ PŁATNICZĄ;Bez kategorii
17.06.2023;17.06.2023;VERTEX EUROPA          WARSZAWA;;'23124015321111001044176713;;*********3025639;-5,99;PLN;'C992316812320590;TRANSAKCJA KARTĄ PŁATNICZĄ;Artykuły spożywcze
17.06.2023;16.06.2023;JMP S.A. BIEDRONKA 445 WARSZAWA;;'23124015321111001044176713;;*********3025639;-23,64;PLN;'C992316721977263;TRANSAKCJA KARTĄ PŁATNICZĄ;Artykuły spożywcze
16.06.2023;16.06.2023;ŁUKASZ WOŹNICKI UL. JÓZEFA MIRECKIE;;'89109028510000000135786869;'23124015321111001044176713;Przelew na telefon;42,00;PLN;'M042000063593798;PRZELEW BLIK PRZYCHODZĄCY;Sprzedaż
16.06.2023;16.06.2023;CARREFOUR              KRAKOW;;'23124015321111001044176713;;*********3025639;-16,77;PLN;'C992316716778973;TRANSAKCJA KARTĄ PŁATNICZĄ;Artykuły spożywcze
15.06.2023;15.06.2023;PDUG;;'23124015321111001044176713;'94105010251000009080640205;Kamil Sobieraj 2023;-100,00;PLN;'014236F604503293;REALIZACJA PŁATNOŚCI PEOPAY;Bez kategorii
15.06.2023;14.06.2023;J. WALUGA-NIENASYCENIE KRAKOW;;'23124015321111001044176713;;*********3025639;-10,00;PLN;'C992316522716382;TRANSAKCJA KARTĄ PŁATNICZĄ;Puby i kluby
15.06.2023;14.06.2023;PRONTO01               KRAKOW;;'23124015321111001044176713;;*********3025639;-211,00;PLN;'C992316522714816;TRANSAKCJA KARTĄ PŁATNICZĄ;Restauracje i kawiarnie
15.06.2023;14.06.2023;WITOLD WOJCIECH CZACHOR;;'21102010970000700203200128;'23124015321111001044176713;burgerOd: 48697169475 Do: 485*****789;81,00;PLN;'M042000063361131;PRZELEW BLIK PRZYCHODZĄCY;Inne
15.06.2023;14.06.2023;ŁUKASZ WOŹNICKI UL. JÓZEFA MIRECKIE;;'89109028510000000135786869;'23124015321111001044176713;przelew;55,00;PLN;'M042000063361166;PRZELEW BLIK PRZYCHODZĄCY;Inne
14.06.2023;14.06.2023;PIJANA WISNIA          KRAKOW;;'23124015321111001044176713;;*********3025639;-41,00;PLN;'C992316520685642;TRANSAKCJA KARTĄ PŁATNICZĄ;Puby i kluby
14.06.2023;14.06.2023;1-MINUTE 34307         WARSZAWA;;'23124015321111001044176713;;*********3025639;-7,39;PLN;'C992316516527128;TRANSAKCJA KARTĄ PŁATNICZĄ;Artykuły spożywcze
14.06.2023;14.06.2023;JMP S.A. BIEDRONKA 445 WARSZAWA;;'23124015321111001044176713;;*********3025639;-18,22;PLN;'C992316510247391;TRANSAKCJA KARTĄ PŁATNICZĄ;Artykuły spożywcze
13.06.2023;13.06.2023;ZABKA Z4410 K.2        WARSZAWA;;'23124015321111001044176713;;*********3025639;-8,80;PLN;'C992316417974187;TRANSAKCJA KARTĄ PŁATNICZĄ;Artykuły spożywcze
13.06.2023;13.06.2023;GORACO POLECAM         WARSZAWA;;'23124015321111001044176713;;*********3025639;-13,90;PLN;'C992316408587734;TRANSAKCJA KARTĄ PŁATNICZĄ;Artykuły spożywcze
12.06.2023;11.06.2023;SKLEP MDK              MUSZYNA;;'23124015321111001044176713;;*********3025639;-52,50;PLN;'C992316215782093;TRANSAKCJA KARTĄ PŁATNICZĄ;Alkohol
12.06.2023;11.06.2023;LODZIARNIA-CUKIERNIA M PIWNICZNA-ZD;;'23124015321111001044176713;;*********3025639;-9,00;PLN;'C992316211693521;TRANSAKCJA KARTĄ PŁATNICZĄ;Artykuły spożywcze
12.06.2023;12.06.2023;BISTRO GRZYBOWSKA 61   WARSZAWA;;'23124015321111001044176713;;*********3025639;-52,50;PLN;'C992316314225596;TRANSAKCJA KARTĄ PŁATNICZĄ;Restauracje i kawiarnie
12.06.2023;12.06.2023;JMP S.A. BIEDRONKA 445 WARSZAWA;;'23124015321111001044176713;;*********3025639;-33,35;PLN;'C992316314244720;TRANSAKCJA KARTĄ PŁATNICZĄ;Artykuły spożywcze
12.06.2023;12.06.2023;JMP S.A. BIEDRONKA 445 WARSZAWA;;'23124015321111001044176713;;*********3025639;-27,46;PLN;'C992316319467370;TRANSAKCJA KARTĄ PŁATNICZĄ;Artykuły spożywcze
12.06.2023;11.06.2023;SHELL                  KRASNIK;;'23124015321111001044176713;;*********3025639;-30,47;PLN;'C992316221882665;TRANSAKCJA KARTĄ PŁATNICZĄ;Paliwo
12.06.2023;12.06.2023;JMP S.A. BIEDRONKA 445 WARSZAWA;;'23124015321111001044176713;;*********3025639;-20,26;PLN;'C992316309991909;TRANSAKCJA KARTĄ PŁATNICZĄ;Artykuły spożywcze
10.06.2023;10.06.2023;FIRMA GASTRONOMICZNA 0 SZCZAWNICA;;'23124015321111001044176713;;*********3025639;-60,80;PLN;'C992316114407393;TRANSAKCJA KARTĄ PŁATNICZĄ;Restauracje i kawiarnie
10.06.2023;10.06.2023;MOYA 100-NIEDZICA      NIEDZICA;;'23124015321111001044176713;;*********3025639;-4,99;PLN;'C992316109082500;TRANSAKCJA KARTĄ PŁATNICZĄ;Paliwo
10.06.2023;10.06.2023;BUFET CYPRIAN          CERVENY KLAS;;'23124015321111001044176713;;*********3025639;-22,63;PLN;'C992316110148135;TRANSAKCJA KARTĄ PŁATNICZĄ;Restauracje i kawiarnie
10.06.2023;10.06.2023;BUFET CYPRIAN          CERVENY KLAS;;'23124015321111001044176713;;*********3025639;-20,37;PLN;'C992316110139525;TRANSAKCJA KARTĄ PŁATNICZĄ;Restauracje i kawiarnie
10.06.2023;10.06.2023;IKE BOSSA;;'23124015321111001044176713;'83154011578129000000814183;IKE 814183;-500,00;PLN;'014236AA71005141;ZLECENIE STAŁE;Bez kategorii
09.06.2023;09.06.2023;PIZZERIA MARGO DEBNO   DEBNO;;'23124015321111001044176713;;*********3025639;-10,00;PLN;'C992316014640295;TRANSAKCJA KARTĄ PŁATNICZĄ;Restauracje i kawiarnie
09.06.2023;09.06.2023;PIZZERIA MARGO DEBNO   DEBNO;;'23124015321111001044176713;;*********3025639;-54,00;PLN;'C992316012531950;TRANSAKCJA KARTĄ PŁATNICZĄ;Restauracje i kawiarnie
09.06.2023;09.06.2023;PRZYSTAN FRYDMAN       FRYDMAN;;'23124015321111001044176713;;*********3025639;-21,00;PLN;'C992316011465941;TRANSAKCJA KARTĄ PŁATNICZĄ;Restauracje i kawiarnie
09.06.2023;08.06.2023;CAFFE LATTE            NIEDZICA;;'23124015321111001044176713;;*********3025639;-10,50;PLN;'C992315920213080;TRANSAKCJA KARTĄ PŁATNICZĄ;Restauracje i kawiarnie
08.06.2023;08.06.2023;RESTAURACJA BY MARCO   NIEDZICA;;'23124015321111001044176713;;*********3025639;-44,00;PLN;'C992315915132056;TRANSAKCJA KARTĄ PŁATNICZĄ;Restauracje i kawiarnie
08.06.2023;08.06.2023;PRZYSTAN FRYDMAN       FRYDMAN;;'23124015321111001044176713;;*********3025639;-16,00;PLN;'C992315913083439;TRANSAKCJA KARTĄ PŁATNICZĄ;Restauracje i kawiarnie
08.06.2023;08.06.2023;FIRMA ROLBUD M.WEGRZYN NOWY TARG;;'23124015321111001044176713;;*********3025639;-10,00;PLN;'C992315910038502;TRANSAKCJA KARTĄ PŁATNICZĄ;Restauracje i kawiarnie
07.06.2023;07.06.2023;LIDL OSTROBRAMSKA      WARSZAWA;;'23124015321111001044176713;;*********3025639;-91,42;PLN;'C992315820935009;TRANSAKCJA KARTĄ PŁATNICZĄ;Artykuły spożywcze
07.06.2023;07.06.2023;DECATHLON WARSZAWA O 0 WARSZAWA;;'23124015321111001044176713;;*********3025639;-119,96;PLN;'C992315819907882;TRANSAKCJA KARTĄ PŁATNICZĄ;Sport
07.06.2023;07.06.2023;LA GRIVE SP Z OO       WARSZAWA;;'23124015321111001044176713;;*********3025639;-150,00;PLN;'C992315818828033;TRANSAKCJA KARTĄ PŁATNICZĄ;Uroda, fryzjer, kosmetyczka
07.06.2023;07.06.2023;ASSECO POLAND SA PŁACE;UL. OLCHOWA 14 35-322 RZESZÓW;'42124059181111000049090675;'23124015321111001044176713;WYNAGRODZENIE 05/2023 **202305U5**23119;7 883,93;PLN;'4910607986824968;PRZELEW;Wynagrodzenie
07.06.2023;07.06.2023;JMP S.A. BIEDRONKA 445 WARSZAWA;;'23124015321111001044176713;;*********3025639;-4,73;PLN;'C992315810411820;TRANSAKCJA KARTĄ PŁATNICZĄ;Artykuły spożywcze
07.06.2023;06.06.2023;JMP S.A. BIEDRONKA 445 WARSZAWA;;'23124015321111001044176713;;*********3025639;-17,48;PLN;'C992315720195103;TRANSAKCJA KARTĄ PŁATNICZĄ;Artykuły spożywcze
07.06.2023;07.06.2023;BISTRO GRZYBOWSKA 61   WARSZAWA;;'23124015321111001044176713;;*********3025639;-34,50;PLN;'C992315810414077;TRANSAKCJA KARTĄ PŁATNICZĄ;Restauracje i kawiarnie
06.06.2023;06.06.2023;AUTOMATSPEC SPZOO      LISZKI;;'23124015321111001044176713;;*********3025639;-4,50;PLN;'C992315717054639;TRANSAKCJA KARTĄ PŁATNICZĄ;Artykuły spożywcze
06.06.2023;06.06.2023;MARIUSZ ZIECINA;;'23124015321111001044176713;'26102011270000130202564748;Przelew na telefon 48514***978. Kebab;-26,50;PLN;'M042100545991819;PRZELEW BLIK WYCHODZĄCY;Internet, TV, telefon
06.06.2023;06.06.2023;JMP S.A. BIEDRONKA 445 WARSZAWA;;'23124015321111001044176713;;*********3025639;-17,57;PLN;'C992315709704826;TRANSAKCJA KARTĄ PŁATNICZĄ;Artykuły spożywcze
05.06.2023;05.06.2023;JMP S.A. BIEDRONKA 445 WARSZAWA;;'23124015321111001044176713;;*********3025639;-12,88;PLN;'C992315612225079;TRANSAKCJA KARTĄ PŁATNICZĄ;Artykuły spożywcze
05.06.2023;04.06.2023;ZABKA Z5352 K.1        WARSZAWA;;'23124015321111001044176713;;*********3025639;-14,30;PLN;'C992315513856222;TRANSAKCJA KARTĄ PŁATNICZĄ;Artykuły spożywcze
03.06.2023;03.06.2023;JMP S.A. BIEDRONKA 445 WARSZAWA;;'23124015321111001044176713;;*********3025639;-16,89;PLN;'C992315418647060;TRANSAKCJA KARTĄ PŁATNICZĄ;Artykuły spożywcze
03.06.2023;03.06.2023;LIDL KAROLKOWA         WARSZAWA;;'23124015321111001044176713;;*********3025639;-101,54;PLN;'C992315413447214;TRANSAKCJA KARTĄ PŁATNICZĄ;Artykuły spożywcze
02.06.2023;02.06.2023;ZABKA Z4410 K.2        WARSZAWA;;'23124015321111001044176713;;*********3025639;-3,99;PLN;'C992315319048592;TRANSAKCJA KARTĄ PŁATNICZĄ;Artykuły spożywcze
02.06.2023;02.06.2023;MISS KIMCHI            WARSZAWA;;'23124015321111001044176713;;*********3025639;-35,00;PLN;'C992315319040262;TRANSAKCJA KARTĄ PŁATNICZĄ;Restauracje i kawiarnie
02.06.2023;02.06.2023;JMP S.A. BIEDRONKA 445 WARSZAWA;;'23124015321111001044176713;;*********3025639;-15,16;PLN;'C992315310580119;TRANSAKCJA KARTĄ PŁATNICZĄ;Artykuły spożywcze
02.06.2023;02.06.2023;NETFLIX.COM            NETFLIX.COM;;'23124015321111001044176713;;*********3025639;-60,00;PLN;'C992315300464808;TRANSAKCJA KARTĄ PŁATNICZĄ;Internet, TV, telefon
02.06.2023;02.06.2023;JAROSŁAW JAKUB MILLER;RYNEK 65 26-025    ŁAGÓW               PL;'75124060031111001047891677;'23124015321111001044176713;Przelew na telefon 48502***789. Splitwise;342,25;PLN;'5032362620405114;PRZELEW;Sprzedaż
01.06.2023;01.06.2023;BISTRO GRZYBOWSKA 61   WARSZAWA;;'23124015321111001044176713;;*********3025639;-24,50;PLN;'C992315213070046;TRANSAKCJA KARTĄ PŁATNICZĄ;Restauracje i kawiarnie
01.06.2023;01.06.2023;JMP S.A. BIEDRONKA 445 WARSZAWA;;'23124015321111001044176713;;*********3025639;-9,52;PLN;'C992315208846136;TRANSAKCJA KARTĄ PŁATNICZĄ;Artykuły spożywcze
01.06.2023;01.06.2023;JMP S.A. BIEDRONKA 445 WARSZAWA;;'23124015321111001044176713;;*********3025639;-43,33;PLN;'C992315218336695;TRANSAKCJA KARTĄ PŁATNICZĄ;Artykuły spożywcze
31.05.2023;31.05.2023;;;;'23124015321111001044176713;ODSETKI OD DEPOZYTU;0,53;PLN;'014235V98C001073;ODSETKI OD DEPOZYTU;Odsetki, zwrot z inwestycji
31.05.2023;31.05.2023;IKEA RETAIL SP. Z O.O. WARSZAWA;;'23124015321111001044176713;;*********3025639;-3,99;PLN;'C992315119700263;TRANSAKCJA KARTĄ PŁATNICZĄ;Wyposażenie
31.05.2023;31.05.2023;IKEA RETAIL SP. Z O. 0 WARSZAWA;;'23124015321111001044176713;;*********3025639;-28,00;PLN;'C992315119706940;TRANSAKCJA KARTĄ PŁATNICZĄ;Wyposażenie
31.05.2023;31.05.2023;IKEA RETAIL SP. Z O. 0 WARSZAWA;;'23124015321111001044176713;;*********3025639;-5,00;PLN;'C992315119702500;TRANSAKCJA KARTĄ PŁATNICZĄ;Wyposażenie
31.05.2023;31.05.2023;;;'23124015321111001044176713;;PODATEK POBRANY;-0,10;PLN;'014235V98C001072;PODATEK POBRANY;Podatki
31.05.2023;31.05.2023;JAKDOJADE.PL           POZNAN;;'23124015321111001044176713;;*********3025639;-25,00;PLN;'C992315120729914;TRANSAKCJA KARTĄ PŁATNICZĄ;Transport publiczny
31.05.2023;31.05.2023;ASSECO POLAND SA PŁACE;UL. OLCHOWA 14 35-322 RZESZÓW;'42124059181111000049090675;'23124015321111001044176713;WYNAGRODZENIE ZA PRACE W NOCY I NADGODZINY **202305N3** 23119;877,08;PLN;'4910531986982259;PRZELEW;Wynagrodzenie
31.05.2023;31.05.2023;BISTRO GRZYBOWSKA 61   WARSZAWA;;'23124015321111001044176713;;*********3025639;-9,00;PLN;'C992315113418040;TRANSAKCJA KARTĄ PŁATNICZĄ;Restauracje i kawiarnie
31.05.2023;31.05.2023;BISTRO GRZYBOWSKA 61   WARSZAWA;;'23124015321111001044176713;;*********3025639;-27,50;PLN;'C992315113413837;TRANSAKCJA KARTĄ PŁATNICZĄ;Restauracje i kawiarnie
31.05.2023;31.05.2023;JMP S.A. BIEDRONKA 445 WARSZAWA;;'23124015321111001044176713;;*********3025639;-12,48;PLN;'C992315109270679;TRANSAKCJA KARTĄ PŁATNICZĄ;Artykuły spożywcze
31.05.2023;30.05.2023;KACPER BANASIK;;'23124015321111001044176713;'69124060031111001048178711;Splitwase;-1 638,53;PLN;'014235U602803473;REALIZACJA PŁATNOŚCI PEOPAY;Bez kategorii
30.05.2023;30.05.2023;KUCHNIA WIETNAMSK83619 WARSZAWA;;'23124015321111001044176713;;*********3025639;-35,00;PLN;'C992315015948918;TRANSAKCJA KARTĄ PŁATNICZĄ;Restauracje i kawiarnie
30.05.2023;30.05.2023;LIDL KAROLKOWA         WARSZAWA;;'23124015321111001044176713;;*********3025639;-68,18;PLN;'C992315015946636;TRANSAKCJA KARTĄ PŁATNICZĄ;Artykuły spożywcze
30.05.2023;30.05.2023;LUX MED SP. Z O.O 14   WARSZAWA;;'23124015321111001044176713;;*********3025639;-476,00;PLN;'C992315014891827;TRANSAKCJA KARTĄ PŁATNICZĄ;Opieka medyczna
29.05.2023;29.05.2023;JMP S.A. BIEDRONKA 445 WARSZAWA;;'23124015321111001044176713;;*********3025639;-16,09;PLN;'C992314908077384;TRANSAKCJA KARTĄ PŁATNICZĄ;Artykuły spożywcze
29.05.2023;28.05.2023;ZABKA Z8085 K.2        WARSZAWA;;'23124015321111001044176713;;*********3025639;-4,50;PLN;'C992314811748991;TRANSAKCJA KARTĄ PŁATNICZĄ;Artykuły spożywcze
29.05.2023;28.05.2023;WARSZAWA ASEC SA       WARSZAWA;;'23124015321111001044176713;;*********3025639;-12,10;PLN;'C992314809729994;TRANSAKCJA KARTĄ PŁATNICZĄ;Transport publiczny
29.05.2023;29.05.2023;JMP S.A. BIEDRONKA 445 WARSZAWA;;'23124015321111001044176713;;*********3025639;-8,72;PLN;'C992314914300137;TRANSAKCJA KARTĄ PŁATNICZĄ;Artykuły spożywcze
29.05.2023;29.05.2023;BISTRO GRZYBOWSKA 61   WARSZAWA;;'23124015321111001044176713;;*********3025639;-24,50;PLN;'C992314914301712;TRANSAKCJA KARTĄ PŁATNICZĄ;Restauracje i kawiarnie
29.05.2023;28.05.2023;ZABKA Z4410 K.1        WARSZAWA;;'23124015321111001044176713;;*********3025639;-20,45;PLN;'C992314821921779;TRANSAKCJA KARTĄ PŁATNICZĄ;Artykuły spożywcze
29.05.2023;28.05.2023;OH MY PHO 02           WARSZAWA;;'23124015321111001044176713;;*********3025639;-87,00;PLN;'C992314812766040;TRANSAKCJA KARTĄ PŁATNICZĄ;Restauracje i kawiarnie
29.05.2023;28.05.2023;JOANNA BEZUBIK;;'98102047240000320200993535;'23124015321111001044176713;chinolOd: 48796934315 Do: 485*****789;53,00;PLN;'M042000061276969;PRZELEW BLIK PRZYCHODZĄCY;Inne
29.05.2023;28.05.2023;WARSZAWA ASEC SA       WARSZAWA;;'23124015321111001044176713;;*********3025639;-4,40;PLN;'C992314810736302;TRANSAKCJA KARTĄ PŁATNICZĄ;Transport publiczny
27.05.2023;27.05.2023;JAYMA INTERNATIONAL    NOWY DWOR MA;;'23124015321111001044176713;;*********3025639;-30,00;PLN;'C992314718596053;TRANSAKCJA KARTĄ PŁATNICZĄ;Restauracje i kawiarnie
27.05.2023;27.05.2023;CIRCLE K KARPIN        DLBROWKA;;'23124015321111001044176713;;*********3025639;-19,58;PLN;'C992314713412552;TRANSAKCJA KARTĄ PŁATNICZĄ;Paliwo
27.05.2023;27.05.2023;CATERINGMNIAMMNIAMDM   NOWY DWOR MA;;'23124015321111001044176713;;*********3025639;-162,00;PLN;'C992314720657938;TRANSAKCJA KARTĄ PŁATNICZĄ;Artykuły spożywcze
27.05.2023;27.05.2023;WARSZAWA GDANSKA 01    WARSZAWA;;'23124015321111001044176713;;*********3025639;-12,10;PLN;'C992314716519309;TRANSAKCJA KARTĄ PŁATNICZĄ;Transport publiczny
27.05.2023;27.05.2023;REVOLUT**3619*         DUBLIN;;'23124015321111001044176713;;;-300,00;PLN;'C992314707191344;TRANSAKCJA KARTĄ PŁATNICZĄ;Bez kategorii
27.05.2023;27.05.2023;GOOD LOOD              KRAKOW;;'23124015321111001044176713;;*********3025639;-7,00;PLN;'C992314713481811;TRANSAKCJA KARTĄ PŁATNICZĄ;Restauracje i kawiarnie
27.05.2023;27.05.2023;LIDL INZYNIERSKA       NOWY DWOR MA;;'23124015321111001044176713;;*********3025639;-11,56;PLN;'C992314718592832;TRANSAKCJA KARTĄ PŁATNICZĄ;Artykuły spożywcze
25.05.2023;25.05.2023;JMP S.A. BIEDRONKA 445 WARSZAWA;;'23124015321111001044176713;;*********3025639;-16,27;PLN;'C992314509830381;TRANSAKCJA KARTĄ PŁATNICZĄ;Artykuły spożywcze
25.05.2023;25.05.2023;CIRCLE K OSTROLEKA     OSTROLEKA;;'23124015321111001044176713;;*********3025639;-9,90;PLN;'C992314518259898;TRANSAKCJA KARTĄ PŁATNICZĄ;Paliwo
25.05.2023;25.05.2023;MCDONALDS 354 OSTROLEK OSTROLEKA;;'23124015321111001044176713;;*********3025639;-16,50;PLN;'C992314518250424;TRANSAKCJA KARTĄ PŁATNICZĄ;Restauracje i kawiarnie
25.05.2023;25.05.2023;ZABKA Z5046 K.1        WARSZAWA;;'23124015321111001044176713;;*********3025639;-42,08;PLN;'C992314514054231;TRANSAKCJA KARTĄ PŁATNICZĄ;Artykuły spożywcze
24.05.2023;24.05.2023;BISTRO GRZYBOWSKA 61   WARSZAWA;;'23124015321111001044176713;;*********3025639;-24,50;PLN;'C992314414492279;TRANSAKCJA KARTĄ PŁATNICZĄ;Restauracje i kawiarnie
24.05.2023;24.05.2023;JMP S.A. BIEDRONKA 445 WARSZAWA;;'23124015321111001044176713;;*********3025639;-23,15;PLN;'C992314417630348;TRANSAKCJA KARTĄ PŁATNICZĄ;Artykuły spożywcze
23.05.2023;23.05.2023;ZABKA Z4410 K.2        WARSZAWA;;'23124015321111001044176713;;*********3025639;-7,50;PLN;'C992314319128046;TRANSAKCJA KARTĄ PŁATNICZĄ;Artykuły spożywcze
23.05.2023;23.05.2023;ZABKA Z4370 K.1        WARSZAWA;;'23124015321111001044176713;;*********3025639;-7,00;PLN;'C992314310731058;TRANSAKCJA KARTĄ PŁATNICZĄ;Artykuły spożywcze
23.05.2023;23.05.2023;AUTOMATSPEC SPZOO      LISZKI;;'23124015321111001044176713;;*********3025639;-3,00;PLN;'C992314318079946;TRANSAKCJA KARTĄ PŁATNICZĄ;Artykuły spożywcze
23.05.2023;23.05.2023;SIRIN BODRUM DONER KEB WARSZAWA;;'23124015321111001044176713;;*********3025639;-65,80;PLN;'C992314319118983;TRANSAKCJA KARTĄ PŁATNICZĄ;Restauracje i kawiarnie
23.05.2023;22.05.2023;JMP S.A. BIEDRONKA 445 WARSZAWA;;'23124015321111001044176713;;*********3025639;-9,40;PLN;'C992314222585833;TRANSAKCJA KARTĄ PŁATNICZĄ;Artykuły spożywcze
23.05.2023;23.05.2023;GORACO POLECAM         WARSZAWA;;'23124015321111001044176713;;*********3025639;-13,90;PLN;'C992314315923505;TRANSAKCJA KARTĄ PŁATNICZĄ;Artykuły spożywcze
22.05.2023;22.05.2023;SKLEP MONOPOLOWO-SPOZY WARSZAWA;;'23124015321111001044176713;;*********3025639;-19,00;PLN;'C992314212219779;TRANSAKCJA KARTĄ PŁATNICZĄ;Artykuły spożywcze
22.05.2023;21.05.2023;CARREFOUR EXPRESS P04  WARSZAWA;;'23124015321111001044176713;;*********3025639;-4,19;PLN;'C992314115163725;TRANSAKCJA KARTĄ PŁATNICZĄ;Artykuły spożywcze
22.05.2023;21.05.2023;BAR LAGUNA             BIALOBRZEGI;;'23124015321111001044176713;;*********3025639;-60,00;PLN;'C992314112115222;TRANSAKCJA KARTĄ PŁATNICZĄ;Puby i kluby
22.05.2023;21.05.2023;MISS KIMCHI            WARSZAWA;;'23124015321111001044176713;;*********3025639;-33,00;PLN;'C992314119239803;TRANSAKCJA KARTĄ PŁATNICZĄ;Restauracje i kawiarnie
22.05.2023;21.05.2023;ZABKA Z4410 K.2        WARSZAWA;;'23124015321111001044176713;;*********3025639;-7,19;PLN;'C992314116191383;TRANSAKCJA KARTĄ PŁATNICZĄ;Artykuły spożywcze
22.05.2023;21.05.2023;MARIUSZ ZIECINA;;'23124015321111001044176713;'26102011270000130202564748;Przelew na telefon 48514***978. Przelew na telefon;-22,00;PLN;'M042100534982316;PRZELEW BLIK WYCHODZĄCY;Internet, TV, telefon
22.05.2023;20.05.2023;JMP S.A. BIEDRONKA 445 WARSZAWA;;'23124015321111001044176713;;*********3025639;-41,05;PLN;'C992314021013037;TRANSAKCJA KARTĄ PŁATNICZĄ;Artykuły spożywcze
20.05.2023;20.05.2023;JMP S.A. BIEDRONKA 445 WARSZAWA;;'23124015321111001044176713;;*********3025639;-6,57;PLN;'C992314016848419;TRANSAKCJA KARTĄ PŁATNICZĄ;Artykuły spożywcze
20.05.2023;20.05.2023;BISTRO GRZYBOWSKA 61   WARSZAWA;;'23124015321111001044176713;;*********3025639;-28,50;PLN;'C992314016840436;TRANSAKCJA KARTĄ PŁATNICZĄ;Restauracje i kawiarnie
20.05.2023;20.05.2023;ZABKA Z4410 K.2        WARSZAWA;;'23124015321111001044176713;;*********3025639;-7,00;PLN;'C992314011598010;TRANSAKCJA KARTĄ PŁATNICZĄ;Artykuły spożywcze
20.05.2023;20.05.2023;JMP S.A. BIEDRONKA 445 WARSZAWA;;'23124015321111001044176713;;*********3025639;-18,48;PLN;'C992314011594405;TRANSAKCJA KARTĄ PŁATNICZĄ;Artykuły spożywcze
19.05.2023;19.05.2023;ZABKA Z4410 K.1        WARSZAWA;;'23124015321111001044176713;;*********3025639;-5,50;PLN;'C992313918295948;TRANSAKCJA KARTĄ PŁATNICZĄ;Artykuły spożywcze
19.05.2023;19.05.2023;MISS KIMCHI            WARSZAWA;;'23124015321111001044176713;;*********3025639;-35,00;PLN;'C992313917254757;TRANSAKCJA KARTĄ PŁATNICZĄ;Restauracje i kawiarnie
19.05.2023;19.05.2023;MARIUSZ GRZEGORZ ZIĘCINA;;'26102011270000130202564748;'23124015321111001044176713;Apartamenty szczesliwickieOd: 48514655978 Do: 485*****789;51,00;PLN;'M042000060317266;PRZELEW BLIK PRZYCHODZĄCY;Inne
19.05.2023;19.05.2023;LIPONOGA NINA;;'23116022020000000081891379;'23124015321111001044176713;Imprezy;110,00;PLN;'M042000060316652;PRZELEW BLIK PRZYCHODZĄCY;Inne
19.05.2023;19.05.2023;ZABKA Z4410 K.2        WARSZAWA;;'23124015321111001044176713;;*********3025639;-7,00;PLN;'C992313910878469;TRANSAKCJA KARTĄ PŁATNICZĄ;Artykuły spożywcze
19.05.2023;19.05.2023;APTEKA 37              WARSZAWA;;'23124015321111001044176713;;*********3025639;-33,00;PLN;'C992313910877631;TRANSAKCJA KARTĄ PŁATNICZĄ;Lekarstwa
19.05.2023;18.05.2023;ŁUKASZ WOŹNICKI UL. JÓZEFA MIRECKIE;;'89109028510000000135786869;'23124015321111001044176713;Łukasz i Janka;167,00;PLN;'M042000060276117;PRZELEW BLIK PRZYCHODZĄCY;Inne
19.05.2023;18.05.2023;JMP S.A. BIEDRONKA 445 WARSZAWA;;'23124015321111001044176713;;*********3025639;-28,16;PLN;'C992313821714904;TRANSAKCJA KARTĄ PŁATNICZĄ;Artykuły spożywcze
19.05.2023;18.05.2023;MARIUSZ GRZEGORZ ZIĘCINA;;'26102011270000130202564748;'23124015321111001044176713;Jeszcze napiwekOd: 48514655978 Do: 485*****789;8,00;PLN;'M042000060268282;PRZELEW BLIK PRZYCHODZĄCY;Darowizny
18.05.2023;18.05.2023;MARIUSZ GRZEGORZ ZIĘCINA;;'26102011270000130202564748;'23124015321111001044176713;GruzjaOd: 48514655978 Do: 485*****789;110,00;PLN;'M042000060268117;PRZELEW BLIK PRZYCHODZĄCY;Inne
18.05.2023;18.05.2023;MALA GRUZJA            WARSZAWA;;'23124015321111001044176713;;*********3025639;-531,80;PLN;'C992313820694637;TRANSAKCJA KARTĄ PŁATNICZĄ;Restauracje i kawiarnie
18.05.2023;18.05.2023;JAKDOJADE.PL           POZNAN;;'23124015321111001044176713;;*********3025639;-25,00;PLN;'C992313814436996;TRANSAKCJA KARTĄ PŁATNICZĄ;Transport publiczny
18.05.2023;18.05.2023;GORACO POLECAM         WARSZAWA;;'23124015321111001044176713;;*********3025639;-13,90;PLN;'C992313812341869;TRANSAKCJA KARTĄ PŁATNICZĄ;Artykuły spożywcze
18.05.2023;17.05.2023;MPSA - A 102           WARSZAWA;;'23124015321111001044176713;;*********3025639;-4,40;PLN;'C992313722132606;TRANSAKCJA KARTĄ PŁATNICZĄ;Transport publiczny
17.05.2023;17.05.2023;KREGIELNIA- TB         WARSZAWA;;'23124015321111001044176713;;*********3025639;-32,00;PLN;'C992313718062006;TRANSAKCJA KARTĄ PŁATNICZĄ;Kino i teatr
17.05.2023;17.05.2023;KREGIELNIA- TB         WARSZAWA;;'23124015321111001044176713;;*********3025639;-47,00;PLN;'C992313718048156;TRANSAKCJA KARTĄ PŁATNICZĄ;Kino i teatr
17.05.2023;17.05.2023;KREGIELNIA- TB         WARSZAWA;;'23124015321111001044176713;;*********3025639;-16,00;PLN;'C992313717014194;TRANSAKCJA KARTĄ PŁATNICZĄ;Kino i teatr
17.05.2023;17.05.2023;LIDL PILECKIEGO        WARSZAWA;;'23124015321111001044176713;;*********3025639;-10,43;PLN;'C992313717008916;TRANSAKCJA KARTĄ PŁATNICZĄ;Artykuły spożywcze
17.05.2023;17.05.2023;SHELL 05               WARSZAWA;;'23124015321111001044176713;;*********3025639;-8,99;PLN;'C992313717990316;TRANSAKCJA KARTĄ PŁATNICZĄ;Paliwo
17.05.2023;17.05.2023;;;'23124015321111001044176713;'92124020921362991111000000;Opłata za obsługę kartyMasterCard Debit*43025639 za miesiąc 05.2023;-1,00;PLN;'M0150NEI00335489;PROWIZJE AUT.;Opłaty bankowe
17.05.2023;17.05.2023;JMP S.A. BIEDRONKA 445 WARSZAWA;;'23124015321111001044176713;;*********3025639;-20,11;PLN;'C992313709682504;TRANSAKCJA KARTĄ PŁATNICZĄ;Artykuły spożywcze
16.05.2023;16.05.2023;CARREFOUR HIPERMARKET  WARSZAWA;;'23124015321111001044176713;;*********3025639;-99,24;PLN;'C992313618504991;TRANSAKCJA KARTĄ PŁATNICZĄ;Artykuły spożywcze
16.05.2023;16.05.2023;SPOLEM WOLA SKLEP NR 3 WARSZAWA;;'23124015321111001044176713;;*********3025639;-4,49;PLN;'C992313613279027;TRANSAKCJA KARTĄ PŁATNICZĄ;Artykuły spożywcze
16.05.2023;16.05.2023;JAKDOJADE.PL           POZNAN;;'23124015321111001044176713;;*********3025639;-10,00;PLN;'C992313618482886;TRANSAKCJA KARTĄ PŁATNICZĄ;Transport publiczny
16.05.2023;16.05.2023;PEPCO 110452 WARSZAWA  WARSZAWA;;'23124015321111001044176713;;*********3025639;-40,00;PLN;'C992313618495205;TRANSAKCJA KARTĄ PŁATNICZĄ;Ubrania
16.05.2023;16.05.2023;JMP S.A. BIEDRONKA 445 WARSZAWA;;'23124015321111001044176713;;*********3025639;-14,43;PLN;'C992313609110597;TRANSAKCJA KARTĄ PŁATNICZĄ;Artykuły spożywcze
16.05.2023;16.05.2023;MACHOP SP. Z O.O.      WARSZAWA;;'23124015321111001044176713;;*********3025639;-26,00;PLN;'C992313613273534;TRANSAKCJA KARTĄ PŁATNICZĄ;Restauracje i kawiarnie
15.05.2023;13.05.2023;ZABKA Z4779 K.1        WARSZAWA;;'23124015321111001044176713;;*********3025639;-19,79;PLN;'C992313322184204;TRANSAKCJA KARTĄ PŁATNICZĄ;Artykuły spożywcze
15.05.2023;14.05.2023;ZABKA Z4410 K.2        WARSZAWA;;'23124015321111001044176713;;*********3025639;-3,60;PLN;'C992313416338998;TRANSAKCJA KARTĄ PŁATNICZĄ;Artykuły spożywcze
15.05.2023;14.05.2023;ZABKA Z4410 K.2        WARSZAWA;;'23124015321111001044176713;;*********3025639;-11,00;PLN;'C992313420413196;TRANSAKCJA KARTĄ PŁATNICZĄ;Artykuły spożywcze
15.05.2023;14.05.2023;ZABKA Z4410 K.2        WARSZAWA;;'23124015321111001044176713;;*********3025639;-7,00;PLN;'C992313413285135;TRANSAKCJA KARTĄ PŁATNICZĄ;Artykuły spożywcze
15.05.2023;13.05.2023;SPICY KEBAB AND GRILL  WARSZAWA;;'23124015321111001044176713;;*********3025639;-23,99;PLN;'C992313323194048;TRANSAKCJA KARTĄ PŁATNICZĄ;Restauracje i kawiarnie
13.05.2023;13.05.2023;KUCHNIA WIETNAMSK83619 WARSZAWA;;'23124015321111001044176713;;*********3025639;-35,00;PLN;'C992313316995566;TRANSAKCJA KARTĄ PŁATNICZĄ;Restauracje i kawiarnie
13.05.2023;13.05.2023;LIDL KAROLKOWA         WARSZAWA;;'23124015321111001044176713;;*********3025639;-66,81;PLN;'C992313316990888;TRANSAKCJA KARTĄ PŁATNICZĄ;Artykuły spożywcze
12.05.2023;12.05.2023;DARWINA.PL             WARSZAWA;;'23124015321111001044176713;;*********3025639;-42,97;PLN;'C992313218391690;TRANSAKCJA KARTĄ PŁATNICZĄ;Alkohol
12.05.2023;12.05.2023;JMP S.A. BIEDRONKA 445 WARSZAWA;;'23124015321111001044176713;;*********3025639;-5,65;PLN;'C992313213094506;TRANSAKCJA KARTĄ PŁATNICZĄ;Artykuły spożywcze
12.05.2023;12.05.2023;JMP S.A. BIEDRONKA 445 WARSZAWA;;'23124015321111001044176713;;*********3025639;-4,99;PLN;'C992313209903430;TRANSAKCJA KARTĄ PŁATNICZĄ;Artykuły spożywcze
12.05.2023;12.05.2023;BISTRO GRZYBOWSKA 61   WARSZAWA;;'23124015321111001044176713;;*********3025639;-25,50;PLN;'C992313212087967;TRANSAKCJA KARTĄ PŁATNICZĄ;Restauracje i kawiarnie
11.05.2023;11.05.2023;JMP S.A. BIEDRONKA 445 WARSZAWA;;'23124015321111001044176713;;*********3025639;-31,38;PLN;'C992313116615184;TRANSAKCJA KARTĄ PŁATNICZĄ;Artykuły spożywcze
11.05.2023;11.05.2023;AUTOMATSPEC SPZOO      LISZKI;;'23124015321111001044176713;;*********3025639;-4,50;PLN;'C992313112385158;TRANSAKCJA KARTĄ PŁATNICZĄ;Artykuły spożywcze
10.05.2023;10.05.2023;JMP S.A. BIEDRONKA 445 WARSZAWA;;'23124015321111001044176713;;*********3025639;-9,78;PLN;'C992313017983696;TRANSAKCJA KARTĄ PŁATNICZĄ;Artykuły spożywcze
10.05.2023;10.05.2023;BISTRO GRZYBOWSKA 61   WARSZAWA;;'23124015321111001044176713;;*********3025639;-24,50;PLN;'C992313016974998;TRANSAKCJA KARTĄ PŁATNICZĄ;Restauracje i kawiarnie
10.05.2023;10.05.2023;MISS KIMCHI            WARSZAWA;;'23124015321111001044176713;;*********3025639;-33,00;PLN;'C992313016934527;TRANSAKCJA KARTĄ PŁATNICZĄ;Restauracje i kawiarnie
10.05.2023;10.05.2023;JMP S.A. BIEDRONKA 445 WARSZAWA;;'23124015321111001044176713;;*********3025639;-14,46;PLN;'C992313010673746;TRANSAKCJA KARTĄ PŁATNICZĄ;Artykuły spożywcze
10.05.2023;10.05.2023;IKE BOSSA;;'23124015321111001044176713;'83154011578129000000814183;IKE 814183;-500,00;PLN;'014235AA71008164;ZLECENIE STAŁE;Bez kategorii
09.05.2023;09.05.2023;MACHOP SP. Z O.O.      WARSZAWA;;'23124015321111001044176713;;*********3025639;-24,50;PLN;'C992312918426367;TRANSAKCJA KARTĄ PŁATNICZĄ;Restauracje i kawiarnie
09.05.2023;09.05.2023;ASSECO POLAND SA PŁACE;UL. OLCHOWA 14 35-322 RZESZÓW;'42124059181111000049090675;'23124015321111001044176713;WYNAGRODZENIE 04/2023 **202304U3**23119;7 786,95;PLN;'4910509987653459;PRZELEW;Wynagrodzenie
09.05.2023;09.05.2023;AUTOMATSPEC SPZOO      LISZKI;;'23124015321111001044176713;;*********3025639;-4,00;PLN;'C992312912130894;TRANSAKCJA KARTĄ PŁATNICZĄ;Artykuły spożywcze
09.05.2023;09.05.2023;STOLICA SMAKOW SP.K    WARSZAWA;;'23124015321111001044176713;;*********3025639;-71,01;PLN;'C992312909012658;TRANSAKCJA KARTĄ PŁATNICZĄ;Artykuły spożywcze
09.05.2023;09.05.2023;JAKDOJADE.PL           POZNAN;;'23124015321111001044176713;;*********3025639;-10,00;PLN;'C992312909004585;TRANSAKCJA KARTĄ PŁATNICZĄ;Transport publiczny
09.05.2023;09.05.2023;JMP S.A. BIEDRONKA 445 WARSZAWA;;'23124015321111001044176713;;*********3025639;-9,27;PLN;'C992312909999672;TRANSAKCJA KARTĄ PŁATNICZĄ;Artykuły spożywcze
08.05.2023;08.05.2023;BISTRO GRZYBOWSKA 61   WARSZAWA;;'23124015321111001044176713;;*********3025639;-28,50;PLN;'C992312813575141;TRANSAKCJA KARTĄ PŁATNICZĄ;Restauracje i kawiarnie
08.05.2023;08.05.2023;JMP S.A. BIEDRONKA 445 WARSZAWA;;'23124015321111001044176713;;*********3025639;-18,09;PLN;'C992312813572243;TRANSAKCJA KARTĄ PŁATNICZĄ;Artykuły spożywcze
08.05.2023;07.05.2023;ZABKA Z4410 K.2        WARSZAWA;;'23124015321111001044176713;;*********3025639;-13,88;PLN;'C992312717260325;TRANSAKCJA KARTĄ PŁATNICZĄ;Artykuły spożywcze
08.05.2023;07.05.2023;MISS KIMCHI            WARSZAWA;;'23124015321111001044176713;;*********3025639;-34,00;PLN;'C992312716256994;TRANSAKCJA KARTĄ PŁATNICZĄ;Restauracje i kawiarnie
06.05.2023;05.05.2023;JMP S.A. BIEDRONKA 445 WARSZAWA;;'23124015321111001044176713;;*********3025639;-39,21;PLN;'C992312521502740;TRANSAKCJA KARTĄ PŁATNICZĄ;Artykuły spożywcze
06.05.2023;06.05.2023;ZABKA Z4410 K.2        WARSZAWA;;'23124015321111001044176713;;*********3025639;-12,57;PLN;'C992312610673311;TRANSAKCJA KARTĄ PŁATNICZĄ;Artykuły spożywcze
06.05.2023;06.05.2023;BAR SILVER DRAGON      WARSZAWA;;'23124015321111001044176713;;*********3025639;-33,00;PLN;'C992312618024078;TRANSAKCJA KARTĄ PŁATNICZĄ;Puby i kluby
06.05.2023;06.05.2023;LIDL KAROLKOWA         WARSZAWA;;'23124015321111001044176713;;*********3025639;-70,83;PLN;'C992312617020702;TRANSAKCJA KARTĄ PŁATNICZĄ;Artykuły spożywcze
04.05.2023;04.05.2023;REVOLUT**3619*         DUBLIN;;'23124015321111001044176713;;;-300,00;PLN;'C992312413605632;TRANSAKCJA KARTĄ PŁATNICZĄ;Bez kategorii
04.05.2023;04.05.2023;JMP S.A. BIEDRONKA 445 WARSZAWA;;'23124015321111001044176713;;*********3025639;-14,87;PLN;'C992312410336794;TRANSAKCJA KARTĄ PŁATNICZĄ;Artykuły spożywcze
04.05.2023;04.05.2023;JMP S.A. BIEDRONKA 445 WARSZAWA;;'23124015321111001044176713;;*********3025639;-7,41;PLN;'C992312412440703;TRANSAKCJA KARTĄ PŁATNICZĄ;Artykuły spożywcze
04.05.2023;04.05.2023;JMP S.A. BIEDRONKA 445 WARSZAWA;;'23124015321111001044176713;;*********3025639;-51,97;PLN;'C992312417729053;TRANSAKCJA KARTĄ PŁATNICZĄ;Artykuły spożywcze
03.05.2023;03.05.2023;ZABKA Z4410 K.2        WARSZAWA;;'23124015321111001044176713;;*********3025639;-9,99;PLN;'C992312312052867;TRANSAKCJA KARTĄ PŁATNICZĄ;Artykuły spożywcze
03.05.2023;02.05.2023;JMP S.A. BIEDRONKA 445 WARSZAWA;;'23124015321111001044176713;;*********3025639;-29,10;PLN;'C992312221985955;TRANSAKCJA KARTĄ PŁATNICZĄ;Artykuły spożywcze
02.05.2023;01.05.2023;ZABKA Z4410 K.2        WARSZAWA;;'23124015321111001044176713;;*********3025639;-25,19;PLN;'C992312120308798;TRANSAKCJA KARTĄ PŁATNICZĄ;Artykuły spożywcze
02.05.2023;02.05.2023;CHEESECAKE CORNER      WARSZAWA;;'23124015321111001044176713;;*********3025639;-24,00;PLN;'C992312213678471;TRANSAKCJA KARTĄ PŁATNICZĄ;Artykuły spożywcze
02.05.2023;02.05.2023;VIET MY                WARSZAWA;;'23124015321111001044176713;;*********3025639;-35,50;PLN;'C992312214697109;TRANSAKCJA KARTĄ PŁATNICZĄ;Restauracje i kawiarnie
02.05.2023;02.05.2023;NETFLIX.COM            NETFLIX.COM;;'23124015321111001044176713;;*********3025639;-60,00;PLN;'C992312201342363;TRANSAKCJA KARTĄ PŁATNICZĄ;Internet, TV, telefon
01.05.2023;01.05.2023;JUPITER                WARSZAWA;;'23124015321111001044176713;;*********3025639;-10,00;PLN;'C992312117260038;TRANSAKCJA KARTĄ PŁATNICZĄ;Restauracje i kawiarnie
01.05.2023;30.04.2023;JMP S.A. BIEDRONKA 445 WARSZAWA;;'23124015321111001044176713;;*********3025639;-24,13;PLN;'C992312020073327;TRANSAKCJA KARTĄ PŁATNICZĄ;Artykuły spożywcze
01.05.2023;01.05.2023;RESTAURACJA MODEL98520 NOWY DWOR MA;;'23124015321111001044176713;;*********3025639;-51,00;PLN;'C992312115225018;TRANSAKCJA KARTĄ PŁATNICZĄ;Restauracje i kawiarnie
01.05.2023;01.05.2023;JUPITER                WARSZAWA;;'23124015321111001044176713;;*********3025639;-14,00;PLN;'C992312111150093;TRANSAKCJA KARTĄ PŁATNICZĄ;Restauracje i kawiarnie
01.05.2023;30.04.2023;JMP S.A. BIEDRONKA 445 WARSZAWA;;'23124015321111001044176713;;*********3025639;-69,85;PLN;'C992312012810760;TRANSAKCJA KARTĄ PŁATNICZĄ;Artykuły spożywcze
01.05.2023;29.04.2023;REVOLUT**3619*         DUBLIN;;'23124015321111001044176713;;;-300,00;PLN;'C992311921699480;TRANSAKCJA KARTĄ PŁATNICZĄ;Bez kategorii
29.04.2023;29.04.2023;;;;'23124015321111001044176713;ODSETKI OD DEPOZYTU;0,45;PLN;'014234T98C001119;ODSETKI OD DEPOZYTU;Odsetki, zwrot z inwestycji
29.04.2023;29.04.2023;;;'23124015321111001044176713;;PODATEK POBRANY;-0,09;PLN;'014234T98C001118;PODATEK POBRANY;Podatki
29.04.2023;29.04.2023;GOOD LOOD              KRAKOW;;'23124015321111001044176713;;*********3025639;-7,00;PLN;'C992311914548853;TRANSAKCJA KARTĄ PŁATNICZĄ;Restauracje i kawiarnie
29.04.2023;29.04.2023;MISS KIMCHI            WARSZAWA;;'23124015321111001044176713;;*********3025639;-48,00;PLN;'C992311916525174;TRANSAKCJA KARTĄ PŁATNICZĄ;Restauracje i kawiarnie
29.04.2023;29.04.2023;JMP S.A. BIEDRONKA 445 WARSZAWA;;'23124015321111001044176713;;*********3025639;-55,67;PLN;'C992311912327568;TRANSAKCJA KARTĄ PŁATNICZĄ;Artykuły spożywcze
29.04.2023;28.04.2023;JMP S.A. BIEDRONKA 445 WARSZAWA;;'23124015321111001044176713;;*********3025639;-8,16;PLN;'C992311821012159;TRANSAKCJA KARTĄ PŁATNICZĄ;Artykuły spożywcze
28.04.2023;28.04.2023;PAYU;KFCDOSTAWA.PL Grunwaldzka 186,Poznan;'23124015321111001044176713;;BLIK REF       73305392149;-44,98;PLN;'C992311814934207;PŁATNOŚĆ BLIK;Zakupy przez internet
28.04.2023;28.04.2023;ASSECO POLAND SA PŁACE;UL. OLCHOWA 14 35-322 RZESZÓW;'42124059181111000049090675;'23124015321111001044176713;NAGRODA SPECJALNA **202304P6** 23119;4 742,67;PLN;'4910428987312555;PRZELEW;Premia, nagroda
28.04.2023;28.04.2023;ASSECO POLAND SA PŁACE;UL. OLCHOWA 14 35-322 RZESZÓW;'42124059181111000049090675;'23124015321111001044176713;WYNAGRODZENIE ZA PRACE W NOCY I NADGODZINY **202304N2** 23119;939,33;PLN;'4910428981192563;PRZELEW;Wynagrodzenie
28.04.2023;28.04.2023;ASSECO POLAND SA PŁACE;UL. OLCHOWA 14 35-322 RZESZÓW;'42124059181111000049090675;'23124015321111001044176713;PREMIA STANDBY **202304P8** 23119;633,99;PLN;'4910428981122559;PRZELEW;Premia, nagroda
28.04.2023;28.04.2023;JMP S.A. BIEDRONKA 445 WARSZAWA;;'23124015321111001044176713;;*********3025639;-29,76;PLN;'C992311810494684;TRANSAKCJA KARTĄ PŁATNICZĄ;Artykuły spożywcze
27.04.2023;27.04.2023;BISTRO GRZYBOWSKA 61   WARSZAWA;;'23124015321111001044176713;;*********3025639;-26,50;PLN;'C992311715067886;TRANSAKCJA KARTĄ PŁATNICZĄ;Restauracje i kawiarnie
27.04.2023;27.04.2023;JMP S.A. BIEDRONKA 445 WARSZAWA;;'23124015321111001044176713;;*********3025639;-7,99;PLN;'C992311710863267;TRANSAKCJA KARTĄ PŁATNICZĄ;Artykuły spożywcze
26.04.2023;26.04.2023;ZABKA Z4410 K.2        WARSZAWA;;'23124015321111001044176713;;*********3025639;-3,80;PLN;'C992311608190740;TRANSAKCJA KARTĄ PŁATNICZĄ;Artykuły spożywcze
26.04.2023;26.04.2023;JAKDOJADE.PL           POZNAN;;'23124015321111001044176713;;*********3025639;-10,00;PLN;'C992311609253981;TRANSAKCJA KARTĄ PŁATNICZĄ;Transport publiczny
26.04.2023;26.04.2023;LUX MED SP. Z O.O 14   WARSZAWA;;'23124015321111001044176713;;*********3025639;-101,60;PLN;'C992311609243379;TRANSAKCJA KARTĄ PŁATNICZĄ;Opieka medyczna
26.04.2023;26.04.2023;APTEKI CENTRUM         WARSZAWA;;'23124015321111001044176713;;*********3025639;-44,89;PLN;'C992311610285967;TRANSAKCJA KARTĄ PŁATNICZĄ;Lekarstwa
26.04.2023;26.04.2023;KUCHNIA WIETNAMSK83619 WARSZAWA;;'23124015321111001044176713;;*********3025639;-24,00;PLN;'C992311610275693;TRANSAKCJA KARTĄ PŁATNICZĄ;Restauracje i kawiarnie
26.04.2023;25.04.2023;JMP S.A. BIEDRONKA 445 WARSZAWA;;'23124015321111001044176713;;*********3025639;-14,87;PLN;'C992311522136810;TRANSAKCJA KARTĄ PŁATNICZĄ;Artykuły spożywcze
26.04.2023;26.04.2023;LIDL KAROLKOWA         WARSZAWA;;'23124015321111001044176713;;*********3025639;-18,90;PLN;'C992311610274093;TRANSAKCJA KARTĄ PŁATNICZĄ;Artykuły spożywcze
25.04.2023;25.04.2023;ZABKA Z4410 K.2        WARSZAWA;;'23124015321111001044176713;;*********3025639;-8,80;PLN;'C992311518047591;TRANSAKCJA KARTĄ PŁATNICZĄ;Artykuły spożywcze
25.04.2023;25.04.2023;ART-NIERDZEWNE.PL STANISŁAW SAWICKI;;'23124015321111001044176713;'44105019241000009090060618;PRO/839/2023;-37,78;PLN;'014234P602409578;PRZELEW INTERNET M/B;Bez kategorii
25.04.2023;25.04.2023;JMP S.A. BIEDRONKA 445 WARSZAWA;;'23124015321111001044176713;;*********3025639;-5,12;PLN;'C992311517013168;TRANSAKCJA KARTĄ PŁATNICZĄ;Artykuły spożywcze
25.04.2023;25.04.2023;AUTOMATSPEC SPZOO      LISZKI;;'23124015321111001044176713;;*********3025639;-4,50;PLN;'C992311514897842;TRANSAKCJA KARTĄ PŁATNICZĄ;Artykuły spożywcze
25.04.2023;24.04.2023;JMP S.A. BIEDRONKA 445 WARSZAWA;;'23124015321111001044176713;;*********3025639;-29,85;PLN;'C992311421568635;TRANSAKCJA KARTĄ PŁATNICZĄ;Artykuły spożywcze
24.04.2023;24.04.2023;JMP S.A. BIEDRONKA 445 WARSZAWA;;'23124015321111001044176713;;*********3025639;-7,88;PLN;'C992311410147303;TRANSAKCJA KARTĄ PŁATNICZĄ;Artykuły spożywcze
24.04.2023;23.04.2023;ZABKA Z4410 K.2        WARSZAWA;;'23124015321111001044176713;;*********3025639;-7,50;PLN;'C992311320509217;TRANSAKCJA KARTĄ PŁATNICZĄ;Artykuły spożywcze
24.04.2023;23.04.2023;KAWIARNIA KAFKA        WARSZAWA;;'23124015321111001044176713;;*********3025639;-29,80;PLN;'C992311318482899;TRANSAKCJA KARTĄ PŁATNICZĄ;Restauracje i kawiarnie
24.04.2023;23.04.2023;JUPITER                WARSZAWA;;'23124015321111001044176713;;*********3025639;-45,00;PLN;'C992311315423039;TRANSAKCJA KARTĄ PŁATNICZĄ;Restauracje i kawiarnie
24.04.2023;22.04.2023;ALLEGRO                POZNAN;;'23124015321111001044176713;;*********3025639;-48,00;PLN;'C992311222294097;TRANSAKCJA KARTĄ PŁATNICZĄ;Zakupy przez internet
22.04.2023;22.04.2023;JMP S.A. BIEDRONKA 445 WARSZAWA;;'23124015321111001044176713;;*********3025639;-30,43;PLN;'C992311210855264;TRANSAKCJA KARTĄ PŁATNICZĄ;Artykuły spożywcze
22.04.2023;22.04.2023;BOLT.EU/D/2304221316;FOOD.BOLT.EU Vana-Louna tn,Tallinn;'23124015321111001044176713;;BLIK REF       73183668994;-34,82;PLN;'C992311215753506;PŁATNOŚĆ BLIK;Restauracje i kawiarnie
21.04.2023;21.04.2023;GOOD LOOD              KRAKOW;;'23124015321111001044176713;;*********3025639;-7,00;PLN;'C992311112374524;TRANSAKCJA KARTĄ PŁATNICZĄ;Restauracje i kawiarnie
21.04.2023;20.04.2023;JMP S.A. BIEDRONKA 445 WARSZAWA;;'23124015321111001044176713;;*********3025639;-14,34;PLN;'C992311021000708;TRANSAKCJA KARTĄ PŁATNICZĄ;Artykuły spożywcze
21.04.2023;21.04.2023;JMP S.A. BIEDRONKA 445 WARSZAWA;;'23124015321111001044176713;;*********3025639;-10,98;PLN;'C992311110178545;TRANSAKCJA KARTĄ PŁATNICZĄ;Artykuły spożywcze
21.04.2023;20.04.2023;MPSA A 378             WARSZAWA;;'23124015321111001044176713;;*********3025639;-3,40;PLN;'C992311020993804;TRANSAKCJA KARTĄ PŁATNICZĄ;Transport publiczny
21.04.2023;21.04.2023;BISTRO GRZYBOWSKA 61   WARSZAWA;;'23124015321111001044176713;;*********3025639;-26,50;PLN;'C992311115382429;TRANSAKCJA KARTĄ PŁATNICZĄ;Restauracje i kawiarnie
20.04.2023;20.04.2023;NINA LIPONOGA;;'23124015321111001044176713;'23116022020000000081891379;Przelew na telefon 48693***870. Ceska;-71,00;PLN;'M042100514699530;PRZELEW BLIK WYCHODZĄCY;Internet, TV, telefon
20.04.2023;20.04.2023;ZDROFIT MOKOTOW EUROPL WARSZAWA;;'23124015321111001044176713;;*********3025639;-5,00;PLN;'C992311014739106;TRANSAKCJA KARTĄ PŁATNICZĄ;Hobby
20.04.2023;20.04.2023;ZABKA Z4410 K.2        WARSZAWA;;'23124015321111001044176713;;*********3025639;-9,00;PLN;'C992311007461172;TRANSAKCJA KARTĄ PŁATNICZĄ;Artykuły spożywcze
19.04.2023;19.04.2023;JMP S.A. BIEDRONKA 445 WARSZAWA;;'23124015321111001044176713;;*********3025639;-5,49;PLN;'C992310919376436;TRANSAKCJA KARTĄ PŁATNICZĄ;Artykuły spożywcze
19.04.2023;19.04.2023;GOOD LOOD              KRAKOW;;'23124015321111001044176713;;*********3025639;-7,00;PLN;'C992310917362043;TRANSAKCJA KARTĄ PŁATNICZĄ;Restauracje i kawiarnie
19.04.2023;19.04.2023;BOLT.EU/D/2304191530;FOOD.BOLT.EU Vana-Louna tn,Tallinn;'23124015321111001044176713;;BLIK REF       73134724303;-30,82;PLN;'C992310917591029;PŁATNOŚĆ BLIK;Bez kategorii
19.04.2023;19.04.2023;;;'23124015321111001044176713;'92124020921362991111000000;Opłata za obsługę kartyMasterCard Debit*43025639 za miesiąc 04.2023;-1,00;PLN;'M0150NDK00328906;PROWIZJE AUT.;Opłaty bankowe
19.04.2023;19.04.2023;ZABKA Z4410 K.2        WARSZAWA;;'23124015321111001044176713;;*********3025639;-8,80;PLN;'C992310909959854;TRANSAKCJA KARTĄ PŁATNICZĄ;Artykuły spożywcze
18.04.2023;18.04.2023;MACHOP SP. Z O.O.      WARSZAWA;;'23124015321111001044176713;;*********3025639;-26,00;PLN;'C992310812522866;TRANSAKCJA KARTĄ PŁATNICZĄ;Restauracje i kawiarnie
18.04.2023;18.04.2023;AUTOMATSPEC SPZOO      LISZKI;;'23124015321111001044176713;;*********3025639;-3,00;PLN;'C992310809408510;TRANSAKCJA KARTĄ PŁATNICZĄ;Artykuły spożywcze
18.04.2023;18.04.2023;JMP S.A. BIEDRONKA 4456WARSZAWA;;'23124015321111001044176713;;*********3025639;-7,99;PLN;'C992310807355697;TRANSAKCJA KARTĄ PŁATNICZĄ;Artykuły spożywcze
17.04.2023;17.04.2023;BISTRO GRZYBOWSKA 61   WARSZAWA;;'23124015321111001044176713;;*********3025639;-23,50;PLN;'C992310717185212;TRANSAKCJA KARTĄ PŁATNICZĄ;Restauracje i kawiarnie
17.04.2023;17.04.2023;JMP S.A. BIEDRONKA 445 WARSZAWA;;'23124015321111001044176713;;*********3025639;-32,56;PLN;'C992310717183076;TRANSAKCJA KARTĄ PŁATNICZĄ;Artykuły spożywcze
17.04.2023;17.04.2023;MISS KIMCHI            WARSZAWA;;'23124015321111001044176713;;*********3025639;-32,00;PLN;'C992310716158667;TRANSAKCJA KARTĄ PŁATNICZĄ;Restauracje i kawiarnie
17.04.2023;17.04.2023;JMP S.A. BIEDRONKA 445 WARSZAWA;;'23124015321111001044176713;;*********3025639;-10,98;PLN;'C992310709854753;TRANSAKCJA KARTĄ PŁATNICZĄ;Artykuły spożywcze
17.04.2023;16.04.2023;ZABKA Z4410 K.2        WARSZAWA;;'23124015321111001044176713;;*********3025639;-9,00;PLN;'C992310618710084;TRANSAKCJA KARTĄ PŁATNICZĄ;Artykuły spożywcze
17.04.2023;16.04.2023;NINA LIPONOGA;;'23124015321111001044176713;'23116022020000000081891379;Przelew na telefon 48693***870. pizza;-50,00;PLN;'M042100511672085;PRZELEW BLIK WYCHODZĄCY;Internet, TV, telefon
17.04.2023;15.04.2023;KACPER BANASIK;;'23124015321111001044176713;'69124060031111001048178711;Podliczylem wszystkie pierdoły;-1 875,30;PLN;'014234F602602637;REALIZACJA PŁATNOŚCI PEOPAY;Bez kategorii
15.04.2023;15.04.2023;ALLEGRO                POZNAN;;'23124015321111001044176713;;*********3025639;-179,69;PLN;'C992310518461822;TRANSAKCJA KARTĄ PŁATNICZĄ;Zakupy przez internet
15.04.2023;15.04.2023;KUCHNIA WIETNAMSK83619 WARSZAWA;;'23124015321111001044176713;;*********3025639;-35,00;PLN;'C992310516393246;TRANSAKCJA KARTĄ PŁATNICZĄ;Restauracje i kawiarnie
15.04.2023;15.04.2023;LIDL KAROLKOWA         WARSZAWA;;'23124015321111001044176713;;*********3025639;-80,28;PLN;'C992310516391419;TRANSAKCJA KARTĄ PŁATNICZĄ;Artykuły spożywcze
14.04.2023;14.04.2023;BOLT.EU/D/2304141656;FOOD.BOLT.EU Vana-Louna tn,Tallinn;'23124015321111001044176713;;BLIK REF       73035142570;-30,82;PLN;'C992310418632559;PŁATNOŚĆ BLIK;Bez kategorii
14.04.2023;14.04.2023;BISTRO GRZYBOWSKA 61   WARSZAWA;;'23124015321111001044176713;;*********3025639;-25,50;PLN;'C992310413579034;TRANSAKCJA KARTĄ PŁATNICZĄ;Restauracje i kawiarnie
14.04.2023;14.04.2023;JMP S.A. BIEDRONKA 445 WARSZAWA;;'23124015321111001044176713;;*********3025639;-11,92;PLN;'C992310410443263;TRANSAKCJA KARTĄ PŁATNICZĄ;Artykuły spożywcze
14.04.2023;13.04.2023;REVOLUT**8234*         DUBLIN;;'23124015321111001044176713;;;-150,00;PLN;'C992310320293859;TRANSAKCJA KARTĄ PŁATNICZĄ;Bez kategorii
13.04.2023;13.04.2023;MISS KIMCHI            WARSZAWA;;'23124015321111001044176713;;*********3025639;-34,00;PLN;'C992310317157610;TRANSAKCJA KARTĄ PŁATNICZĄ;Restauracje i kawiarnie
13.04.2023;13.04.2023;JMP S.A. BIEDRONKA 445 WARSZAWA;;'23124015321111001044176713;;*********3025639;-41,78;PLN;'C992310310867448;TRANSAKCJA KARTĄ PŁATNICZĄ;Artykuły spożywcze
13.04.2023;12.04.2023;BANK PEKAO S.A.;CENTRALA-OŚRODEK OPERACJI KART ul.Grzybowska 53/57 00-844 Warszawa;'23124015321111001044176713;'53124000270999999999999999;ROZLICZENIE TRANSAKCJI PEOPAYWYKONANEJ: PayU S.A./Grunwaldzka 18Z DNIA 07/04/202347281514 006;-84,42;PLN;'0323041260354635;KOREKTA PEOPAY;Bez kategorii
12.04.2023;12.04.2023;JMP S.A. BIEDRONKA 445 WARSZAWA;;'23124015321111001044176713;;*********3025639;-18,63;PLN;'C992310210301588;TRANSAKCJA KARTĄ PŁATNICZĄ;Artykuły spożywcze
12.04.2023;07.04.2023;BANK PEKAO S.A.;CENTRALA-OŚRODEK OPERACJI KART ul.Grzybowska 53/57 00-844 Warszawa;'53124000270999999999999999;'23124015321111001044176713;ZWROT NIEROZLICZONEJ TRANSAKCJI PEOPAYZ DNIA 07/04/2023Grunwaldzka 47281514 006;84,42;PLN;'0323041160214605;KOREKTA PEOPAY;Inne
12.04.2023;11.04.2023;JMP S.A. BIEDRONKA 445 WARSZAWA;;'23124015321111001044176713;;*********3025639;-10,38;PLN;'C992310121173387;TRANSAKCJA KARTĄ PŁATNICZĄ;Artykuły spożywcze
11.04.2023;11.04.2023;REVOLUT**8234*         DUBLIN;;'23124015321111001044176713;;;-150,00;PLN;'C992310118154688;TRANSAKCJA KARTĄ PŁATNICZĄ;Bez kategorii
11.04.2023;11.04.2023;JMP S.A. BIEDRONKA 445 WARSZAWA;;'23124015321111001044176713;;*********3025639;-12,37;PLN;'C992310110769058;TRANSAKCJA KARTĄ PŁATNICZĄ;Artykuły spożywcze
11.04.2023;11.04.2023;EOBUWIE.COM.PL         ZIELONA GORA;;'23124015321111001044176713;;*********3025639;-309,99;PLN;'C992310117052013;TRANSAKCJA KARTĄ PŁATNICZĄ;Obuwie
10.04.2023;10.04.2023;IKE BOSSA;;'23124015321111001044176713;'83154011578129000000814183;IKE 814183;-500,00;PLN;'014234AA71005335;ZLECENIE STAŁE;Bez kategorii
10.04.2023;10.04.2023;ZABKA Z4410 K.1        WARSZAWA;;'23124015321111001044176713;;*********3025639;-8,80;PLN;'C992310020656510;TRANSAKCJA KARTĄ PŁATNICZĄ;Artykuły spożywcze
08.04.2023;08.04.2023;CASHBILL;POLSKIEPREMIUM. Sobieskiego 2,Katowice;'23124015321111001044176713;;BLIK REF       72916359453;-13,99;PLN;'C992309820276448;PŁATNOŚĆ BLIK;Zakupy przez internet
08.04.2023;08.04.2023;LIDL SIKORSKIEGO       LOMZA;;'23124015321111001044176713;;*********3025639;-34,67;PLN;'C992309812274680;TRANSAKCJA KARTĄ PŁATNICZĄ;Artykuły spożywcze
08.04.2023;08.04.2023;ZABKA Z4410 K.2        WARSZAWA;;'23124015321111001044176713;;*********3025639;-18,79;PLN;'C992309808078016;TRANSAKCJA KARTĄ PŁATNICZĄ;Artykuły spożywcze
07.04.2023;07.04.2023;MADO KEBAB GRILL       WARSZAWA;;'23124015321111001044176713;;*********3025639;-33,00;PLN;'C992309719937608;TRANSAKCJA KARTĄ PŁATNICZĄ;Restauracje i kawiarnie
07.04.2023;07.04.2023;JMP S.A. BIEDRONKA 445 WARSZAWA;;'23124015321111001044176713;;*********3025639;-24,47;PLN;'C992309719923416;TRANSAKCJA KARTĄ PŁATNICZĄ;Artykuły spożywcze
07.04.2023;07.04.2023;PAYU;ZAKEXPRESS.COM. Grunwaldzka 186,Poznan;'23124015321111001044176713;;BLIK REF       72883630531;-84,42;PLN;'C992309710657619;PŁATNOŚĆ BLIK;Zakupy przez internet
06.04.2023;06.04.2023;ASSECO POLAND SA PŁACE;UL. OLCHOWA 14 35-322 RZESZÓW;'42124059181111000049090675;'23124015321111001044176713;WYNAGRODZENIE 03/2023 **202303U2**23119;6 349,70;PLN;'4910406987094405;PRZELEW;Wynagrodzenie
06.04.2023;06.04.2023;PAYPAL *PATRONITE      35314369001;;'23124015321111001044176713;;*********3025639;-7,00;PLN;'C992309613818674;TRANSAKCJA KARTĄ PŁATNICZĄ;Kino i teatr
06.04.2023;06.04.2023;JMP S.A. BIEDRONKA 445 WARSZAWA;;'23124015321111001044176713;;*********3025639;-18,02;PLN;'C992309611718056;TRANSAKCJA KARTĄ PŁATNICZĄ;Artykuły spożywcze
06.04.2023;06.04.2023;LA GRIVE SP Z OO       WARSZAWA;;'23124015321111001044176713;;*********3025639;-150,00;PLN;'C992309611704070;TRANSAKCJA KARTĄ PŁATNICZĄ;Uroda, fryzjer, kosmetyczka
06.04.2023;05.04.2023;GOOGLE *GOOGLE PLAY AP 650-253-0000;;'23124015321111001044176713;;*********3025639;-6,99;PLN;'C992309517508694;TRANSAKCJA KARTĄ PŁATNICZĄ;Multimedia
06.04.2023;05.04.2023;ZABKA Z2050 K.2        WARSZAWA;;'23124015321111001044176713;;*********3025639;-34,88;PLN;'C992309522502763;TRANSAKCJA KARTĄ PŁATNICZĄ;Artykuły spożywcze
06.04.2023;05.04.2023;KAROLINA;;'23124015321111001044176713;'55102039160000070202300325;Przelew na telefon 48725***375. Przelew na telefon;-123,00;PLN;'M042100504464666;PRZELEW BLIK WYCHODZĄCY;Internet, TV, telefon
05.04.2023;05.04.2023;NINA LIPONOGA;;'23124015321111001044176713;'23116022020000000081891379;Przelew na telefon 48693***870. kort;-20,00;PLN;'M042100504324343;PRZELEW BLIK WYCHODZĄCY;Internet, TV, telefon
04.04.2023;04.04.2023;JMP S.A. BIEDRONKA 445 WARSZAWA;;'23124015321111001044176713;;*********3025639;-21,39;PLN;'C992309419838786;TRANSAKCJA KARTĄ PŁATNICZĄ;Artykuły spożywcze
04.04.2023;04.04.2023;JMP S.A. BIEDRONKA 445 WARSZAWA;;'23124015321111001044176713;;*********3025639;-13,98;PLN;'C992309406303902;TRANSAKCJA KARTĄ PŁATNICZĄ;Artykuły spożywcze
03.04.2023;03.04.2023;JMP S.A. BIEDRONKA 445 WARSZAWA;;'23124015321111001044176713;;*********3025639;-2,25;PLN;'C992309314018888;TRANSAKCJA KARTĄ PŁATNICZĄ;Artykuły spożywcze
03.04.2023;03.04.2023;BISTRO GRZYBOWSKA 61   WARSZAWA;;'23124015321111001044176713;;*********3025639;-48,00;PLN;'C992309314014737;TRANSAKCJA KARTĄ PŁATNICZĄ;Restauracje i kawiarnie
03.04.2023;02.04.2023;ALLEGRO                POZNAN;;'23124015321111001044176713;;*********3025639;-221,58;PLN;'C992309218672223;TRANSAKCJA KARTĄ PŁATNICZĄ;Zakupy przez internet
03.04.2023;02.04.2023;PAYPRO S.A.;WOLT ul. Pastelowa 8,Poznan;'23124015321111001044176713;;BLIK REF       72796445892;-58,99;PLN;'C992309217655994;PŁATNOŚĆ BLIK;Zakupy przez internet
03.04.2023;02.04.2023;NETFLIX.COM            LOS GATOS;;'23124015321111001044176713;;;-60,00;PLN;'C992309206415452;TRANSAKCJA KARTĄ PŁATNICZĄ;Internet, TV, telefon
01.04.2023;01.04.2023;BISTRO GRZYBOWSKA 61   WARSZAWA;;'23124015321111001044176713;;*********3025639;-25,50;PLN;'C992309116243302;TRANSAKCJA KARTĄ PŁATNICZĄ;Restauracje i kawiarnie
01.04.2023;01.04.2023;JMP S.A. BIEDRONKA 445 WARSZAWA;;'23124015321111001044176713;;*********3025639;-76,85;PLN;'C992309116241473;TRANSAKCJA KARTĄ PŁATNICZĄ;Artykuły spożywcze
31.03.2023;31.03.2023;;;;'23124015321111001044176713;ODSETKI OD DEPOZYTU;0,44;PLN;'014233V98C001073;ODSETKI OD DEPOZYTU;Odsetki, zwrot z inwestycji
31.03.2023;31.03.2023;;;'23124015321111001044176713;;PODATEK POBRANY;-0,09;PLN;'014233V98C001072;PODATEK POBRANY;Podatki
31.03.2023;31.03.2023;JMP S.A. BIEDRONKA 445 WARSZAWA;;'23124015321111001044176713;;*********3025639;-31,57;PLN;'C992309020744233;TRANSAKCJA KARTĄ PŁATNICZĄ;Artykuły spożywcze
31.03.2023;31.03.2023;SUSHI TU THAI          WARSZAWA;;'23124015321111001044176713;;*********3025639;-49,00;PLN;'C992309019734083;TRANSAKCJA KARTĄ PŁATNICZĄ;Restauracje i kawiarnie
31.03.2023;31.03.2023;ASSECO POLAND SA;UL. OLCHOWA 14 35-322    RZESZÓW             PL;'42124059181111000049090675;'23124015321111001044176713;WYNAGRODZENIE ZA PRACE W NOCY I NADGODZINY **202303N2** 23119;675,25;PLN;'4910331614103662;PRZELEW;Wynagrodzenie
31.03.2023;31.03.2023;JMP S.A. BIEDRONKA 445 WARSZAWA;;'23124015321111001044176713;;*********3025639;-28,11;PLN;'C992309010308599;TRANSAKCJA KARTĄ PŁATNICZĄ;Artykuły spożywcze
30.03.2023;30.03.2023;POCZTA POLSKA          WARSZAWA (WO;;'23124015321111001044176713;;*********3025639;-7,50;PLN;'C992308912801067;TRANSAKCJA KARTĄ PŁATNICZĄ;Inne
30.03.2023;30.03.2023;PL KFC WARSZAWA ZLO    WARSZAWA;;'23124015321111001044176713;;*********3025639;-42,99;PLN;'C992308913846270;TRANSAKCJA KARTĄ PŁATNICZĄ;Restauracje i kawiarnie
30.03.2023;30.03.2023;CARREFOUR EXPRESS 3352 WARSZAWA;;'23124015321111001044176713;;*********3025639;-12,18;PLN;'C992308913838176;TRANSAKCJA KARTĄ PŁATNICZĄ;Artykuły spożywcze
29.03.2023;29.03.2023;LUX MED SP. Z O.O.     WARSZAWA;;'23124015321111001044176713;;*********3025639;-88,80;PLN;'C992308809131920;TRANSAKCJA KARTĄ PŁATNICZĄ;Opieka medyczna
29.03.2023;29.03.2023;AUCHAN WOLA            WARSZAWA;;'23124015321111001044176713;;*********3025639;-64,40;PLN;'C992308810162623;TRANSAKCJA KARTĄ PŁATNICZĄ;Artykuły spożywcze
29.03.2023;29.03.2023;MPSA A 156             WARSZAWA;;'23124015321111001044176713;;*********3025639;-3,40;PLN;'C992308810170011;TRANSAKCJA KARTĄ PŁATNICZĄ;Transport publiczny
29.03.2023;29.03.2023;AUCHAN WOLA            WARSZAWA;;'23124015321111001044176713;;*********3025639;-10,50;PLN;'C992308809148998;TRANSAKCJA KARTĄ PŁATNICZĄ;Artykuły spożywcze
28.03.2023;28.03.2023;ZABKA Z4410 K.2        WARSZAWA;;'23124015321111001044176713;;*********3025639;-8,80;PLN;'C992308716910547;TRANSAKCJA KARTĄ PŁATNICZĄ;Artykuły spożywcze
28.03.2023;28.03.2023;JMP S.A. BIEDRONKA 445 WARSZAWA;;'23124015321111001044176713;;*********3025639;-5,13;PLN;'C992308716908119;TRANSAKCJA KARTĄ PŁATNICZĄ;Artykuły spożywcze
28.03.2023;28.03.2023;MAŁGORZATA;;'23124015321111001044176713;'43114020040000370281539224;Przelew na telefon 48794***964. pizza;-44,00;PLN;'M042100498193189;PRZELEW BLIK WYCHODZĄCY;Internet, TV, telefon
27.03.2023;27.03.2023;BISTRO GRZYBOWSKA 61   WARSZAWA;;'23124015321111001044176713;;*********3025639;-25,50;PLN;'C992308613238284;TRANSAKCJA KARTĄ PŁATNICZĄ;Restauracje i kawiarnie
27.03.2023;27.03.2023;JMP S.A. BIEDRONKA 445 WARSZAWA;;'23124015321111001044176713;;*********3025639;-16,73;PLN;'C992308610115731;TRANSAKCJA KARTĄ PŁATNICZĄ;Artykuły spożywcze
27.03.2023;27.03.2023;KACPER BANASIK;;'23124015321111001044176713;'69124060031111001048178711;splitwase;-1 679,70;PLN;'014233R623604752;REALIZACJA PŁATNOŚCI PEOPAY;Bez kategorii
27.03.2023;26.03.2023;ZABKA Z4410 K.2        WARSZAWA;;'23124015321111001044176713;;*********3025639;-6,99;PLN;'C992308518336204;TRANSAKCJA KARTĄ PŁATNICZĄ;Artykuły spożywcze
27.03.2023;26.03.2023;MEKONG                 WARSZAWA;;'23124015321111001044176713;;*********3025639;-25,90;PLN;'C992308515305526;TRANSAKCJA KARTĄ PŁATNICZĄ;Restauracje i kawiarnie
27.03.2023;25.03.2023;JMP S.A. BIEDRONKA 445 WARSZAWA;;'23124015321111001044176713;;*********3025639;-61,55;PLN;'C992308420171096;TRANSAKCJA KARTĄ PŁATNICZĄ;Artykuły spożywcze
25.03.2023;25.03.2023;MISS KIMCHI            WARSZAWA;;'23124015321111001044176713;;*********3025639;-34,00;PLN;'C992308416039357;TRANSAKCJA KARTĄ PŁATNICZĄ;Restauracje i kawiarnie
25.03.2023;25.03.2023;JMP S.A. BIEDRONKA 445 WARSZAWA;;'23124015321111001044176713;;*********3025639;-12,99;PLN;'C992308410764424;TRANSAKCJA KARTĄ PŁATNICZĄ;Artykuły spożywcze
25.03.2023;25.03.2023;JAROSŁAW JAKUB MILLER;RYNEK 65 26-025    ŁAGÓW               PL;'75124060031111001047891677;'23124015321111001044176713;Przelew na telefon 48502***789. wydatki mieszkaniowe;42,71;PLN;'503233P623703752;PRZELEW;Sprzedaż
25.03.2023;24.03.2023;ZABKA Z4410 K.1        WARSZAWA;;'23124015321111001044176713;;*********3025639;-11,00;PLN;'C992308322584882;TRANSAKCJA KARTĄ PŁATNICZĄ;Artykuły spożywcze
24.03.2023;24.03.2023;JMP S.A. BIEDRONKA 445 WARSZAWA;;'23124015321111001044176713;;*********3025639;-36,11;PLN;'C992308309088398;TRANSAKCJA KARTĄ PŁATNICZĄ;Artykuły spożywcze
24.03.2023;24.03.2023;BISTRO GRZYBOWSKA 61   WARSZAWA;;'23124015321111001044176713;;*********3025639;-25,50;PLN;'C992308314277248;TRANSAKCJA KARTĄ PŁATNICZĄ;Restauracje i kawiarnie
23.03.2023;23.03.2023;JMP S.A. BIEDRONKA 445 WARSZAWA;;'23124015321111001044176713;;*********3025639;-13,31;PLN;'C992308211599427;TRANSAKCJA KARTĄ PŁATNICZĄ;Artykuły spożywcze
23.03.2023;23.03.2023;BISTRO GRZYBOWSKA 61   WARSZAWA;;'23124015321111001044176713;;*********3025639;-23,10;PLN;'C992308216817785;TRANSAKCJA KARTĄ PŁATNICZĄ;Restauracje i kawiarnie
23.03.2023;23.03.2023;GOOD LOOD              KRAKOW;;'23124015321111001044176713;;*********3025639;-14,00;PLN;'C992308218922203;TRANSAKCJA KARTĄ PŁATNICZĄ;Restauracje i kawiarnie
22.03.2023;22.03.2023;BISTRO GRZYBOWSKA 61   WARSZAWA;;'23124015321111001044176713;;*********3025639;-24,50;PLN;'C992308117304755;TRANSAKCJA KARTĄ PŁATNICZĄ;Restauracje i kawiarnie
22.03.2023;22.03.2023;ZABKA Z4410 K.2        WARSZAWA;;'23124015321111001044176713;;*********3025639;-16,50;PLN;'C992308109974449;TRANSAKCJA KARTĄ PŁATNICZĄ;Artykuły spożywcze
21.03.2023;21.03.2023;ZABKA Z4410 K.2        WARSZAWA;;'23124015321111001044176713;;*********3025639;-11,98;PLN;'C992308019853151;TRANSAKCJA KARTĄ PŁATNICZĄ;Artykuły spożywcze
21.03.2023;21.03.2023;PAYPRO SPÓŁKA AKCYJNA;UL. PASTELOWA 8 60-198 POZNAŃ;'54124066091111001061912208;'23124015321111001044176713;143742995:Przelewy24 zwrot p24-E3E-T9G-J0A 109850164;119,99;PLN;'5630320987683175;PRZELEW;Inne
20.03.2023;20.03.2023;KACPER BANASIK;;'23124015321111001044176713;'69124060031111001048178711;Przelew na telefon 48724***340. Goska gift;-34,00;PLN;'014233K602508931;REALIZACJA PŁATNOŚCI PEOPAY;Internet, TV, telefon
20.03.2023;20.03.2023;BISTRO GRZYBOWSKA 61   WARSZAWA;;'23124015321111001044176713;;*********3025639;-21,30;PLN;'C992307913088951;TRANSAKCJA KARTĄ PŁATNICZĄ;Restauracje i kawiarnie
20.03.2023;20.03.2023;ZABKA Z4410 K.2        WARSZAWA;;'23124015321111001044176713;;*********3025639;-16,50;PLN;'C992307911003176;TRANSAKCJA KARTĄ PŁATNICZĄ;Artykuły spożywcze
20.03.2023;19.03.2023;ZABKA Z4410 K.1        WARSZAWA;;'23124015321111001044176713;;*********3025639;-22,99;PLN;'C992307811667881;TRANSAKCJA KARTĄ PŁATNICZĄ;Artykuły spożywcze
18.03.2023;17.03.2023;ZABKA Z4410 K.2        WARSZAWA;;'23124015321111001044176713;;*********3025639;-7,50;PLN;'C992307622000287;TRANSAKCJA KARTĄ PŁATNICZĄ;Artykuły spożywcze
17.03.2023;17.03.2023;BISTRO GRZYBOWSKA 61   WARSZAWA;;'23124015321111001044176713;;*********3025639;-22,50;PLN;'C992307615749499;TRANSAKCJA KARTĄ PŁATNICZĄ;Restauracje i kawiarnie
17.03.2023;17.03.2023;ZABKA Z4410 K.2        WARSZAWA;;'23124015321111001044176713;;*********3025639;-9,00;PLN;'C992307615753249;TRANSAKCJA KARTĄ PŁATNICZĄ;Artykuły spożywcze
16.03.2023;16.03.2023;LUX MED SP. Z O.O 1    WARSZAWA;;'23124015321111001044176713;;*********3025639;-35,20;PLN;'C992307510944454;TRANSAKCJA KARTĄ PŁATNICZĄ;Opieka medyczna
16.03.2023;16.03.2023;LIDL KAROLKOWA         WARSZAWA;;'23124015321111001044176713;;*********3025639;-114,22;PLN;'C992307511989557;TRANSAKCJA KARTĄ PŁATNICZĄ;Artykuły spożywcze
16.03.2023;16.03.2023;JAKDOJADE.PL           POZNAN;;'23124015321111001044176713;;*********3025639;-25,00;PLN;'C992307508882434;TRANSAKCJA KARTĄ PŁATNICZĄ;Transport publiczny
15.03.2023;15.03.2023;;;'23124015321111001044176713;'92124020921362991111000000;Opłata za obsługę kartyMasterCard Debit*43025639 za miesiąc 3.2023;-1,00;PLN;'M01506CE00089199;PROWIZJE AUT.;Opłaty bankowe
15.03.2023;14.03.2023;ALLEGRO                POZNAN;;'23124015321111001044176713;;*********3025639;-229,00;PLN;'C992307323288766;TRANSAKCJA KARTĄ PŁATNICZĄ;Zakupy przez internet
15.03.2023;15.03.2023;ZABKA Z8820 K.2        WARSZAWA;;'23124015321111001044176713;;*********3025639;-6,80;PLN;'C992307417710371;TRANSAKCJA KARTĄ PŁATNICZĄ;Artykuły spożywcze
15.03.2023;15.03.2023;JMP S.A. BIEDRONKA 631 WARSZAWA;;'23124015321111001044176713;;*********3025639;-54,58;PLN;'C992307419786522;TRANSAKCJA KARTĄ PŁATNICZĄ;Artykuły spożywcze
15.03.2023;15.03.2023;ZABKA Z4410 K.2        WARSZAWA;;'23124015321111001044176713;;*********3025639;-20,97;PLN;'C992307409394094;TRANSAKCJA KARTĄ PŁATNICZĄ;Artykuły spożywcze
15.03.2023;14.03.2023;ALLEGRO                POZNAN;;'23124015321111001044176713;;*********3025639;-45,31;PLN;'C992307322283175;TRANSAKCJA KARTĄ PŁATNICZĄ;Zakupy przez internet
14.03.2023;14.03.2023;AUTOMATSPEC SPZOO      LISZKI;;'23124015321111001044176713;;*********3025639;-4,50;PLN;'C992307314048348;TRANSAKCJA KARTĄ PŁATNICZĄ;Artykuły spożywcze
14.03.2023;14.03.2023;MACHOP SP. Z O.O.      WARSZAWA;;'23124015321111001044176713;;*********3025639;-33,00;PLN;'C992307313999097;TRANSAKCJA KARTĄ PŁATNICZĄ;Restauracje i kawiarnie
14.03.2023;14.03.2023;WACŁAW SEBASTIAN BOROWSKI;UL. DARŁOWSKA 3  M.46 04-091 WARSZAWA;'50102055581111138370700074;'23124015321111001044176713;KAMIL ZIOM2023 STYCZEŃ, LUTY, MARZEC;45,00;PLN;'XCN0001603465547;PRZELEW KRAJOWY MIĘDZYBANKOWY;Inne
14.03.2023;14.03.2023;EURO-DOM 01            WARSZAWA;;'23124015321111001044176713;;*********3025639;-2,60;PLN;'C992307307786799;TRANSAKCJA KARTĄ PŁATNICZĄ;Artykuły spożywcze
14.03.2023;14.03.2023;SKLEP FIRMOWY NR 117   WARSZAWA;;'23124015321111001044176713;;*********3025639;-15,39;PLN;'C992307307786335;TRANSAKCJA KARTĄ PŁATNICZĄ;Artykuły spożywcze
13.03.2023;13.03.2023;ZABKA Z4410 K.1        WARSZAWA;;'23124015321111001044176713;;*********3025639;-4,60;PLN;'C992307218672600;TRANSAKCJA KARTĄ PŁATNICZĄ;Artykuły spożywcze
13.03.2023;13.03.2023;BISTRO GRZYBOWSKA 61   WARSZAWA;;'23124015321111001044176713;;*********3025639;-25,50;PLN;'C992307214495805;TRANSAKCJA KARTĄ PŁATNICZĄ;Restauracje i kawiarnie
13.03.2023;13.03.2023;ZABKA Z4410 K.2        WARSZAWA;;'23124015321111001044176713;;*********3025639;-7,50;PLN;'C992307210349344;TRANSAKCJA KARTĄ PŁATNICZĄ;Artykuły spożywcze
13.03.2023;10.03.2023;BANK PEKAO S.A.;CENTRALA-OŚRODEK OPERACJI KART ul.Grzybowska 53/57 00-844 Warszawa;'53124000270999999999999999;'23124015321111001044176713;ZWROT TRANSAKCJI PEOPAYWYKONANEJ: /ul.  KR  LOWEJ JADWIGIZ DNIA 09/03/202347281514 006;162,50;PLN;'0323031160056134;ZWROT PŁATNOŚCI PEOPAY;Inne
13.03.2023;12.03.2023;MISS KIMCHI            WARSZAWA;;'23124015321111001044176713;;*********3025639;-34,00;PLN;'C992307119184976;TRANSAKCJA KARTĄ PŁATNICZĄ;Restauracje i kawiarnie
13.03.2023;12.03.2023;ZABKA Z4410 K.2        WARSZAWA;;'23124015321111001044176713;;*********3025639;-19,90;PLN;'C992307116143830;TRANSAKCJA KARTĄ PŁATNICZĄ;Artykuły spożywcze
13.03.2023;12.03.2023;GOOD LOOD              KRAKOW;;'23124015321111001044176713;;*********3025639;-29,00;PLN;'C992307114121862;TRANSAKCJA KARTĄ PŁATNICZĄ;Restauracje i kawiarnie
13.03.2023;12.03.2023;KAWIARNIA ZONA KRAWCA  WARSZAWA;;'23124015321111001044176713;;*********3025639;-16,00;PLN;'C992307114104404;TRANSAKCJA KARTĄ PŁATNICZĄ;Restauracje i kawiarnie
11.03.2023;11.03.2023;JAKDOJADE.PL           POZNAN;;'23124015321111001044176713;;*********3025639;-10,00;PLN;'C992307000411350;TRANSAKCJA KARTĄ PŁATNICZĄ;Transport publiczny
10.03.2023;10.03.2023;ZABKA Z4410 K.2        WARSZAWA;;'23124015321111001044176713;;*********3025639;-9,00;PLN;'C992306917241066;TRANSAKCJA KARTĄ PŁATNICZĄ;Artykuły spożywcze
10.03.2023;10.03.2023;ZABKA Z9154 K.2        WARSZAWA;;'23124015321111001044176713;;*********3025639;-13,00;PLN;'C992306920364785;TRANSAKCJA KARTĄ PŁATNICZĄ;Artykuły spożywcze
10.03.2023;10.03.2023;PAYPRO S.A.;;'23124015321111001044176713;'65124059341111001093613108;P24-A2E-W8B-H4N Allegro e41627cd-bf6;-100,36;PLN;'014233A624900586;PRZELEW WEWNĘTRZNY - DOSTAWCA;Zakupy przez internet
10.03.2023;10.03.2023;ZABKA Z4410 K.2        WARSZAWA;;'23124015321111001044176713;;*********3025639;-12,40;PLN;'C992306909880967;TRANSAKCJA KARTĄ PŁATNICZĄ;Artykuły spożywcze
10.03.2023;10.03.2023;IKE BOSSA;;'23124015321111001044176713;'83154011578129000000814183;IKE 814183;-500,00;PLN;'014233AA71008720;ZLECENIE STAŁE;Bez kategorii
10.03.2023;10.03.2023;BISTRO GRZYBOWSKA 61   WARSZAWA;;'23124015321111001044176713;;*********3025639;-34,00;PLN;'C992306916235646;TRANSAKCJA KARTĄ PŁATNICZĄ;Restauracje i kawiarnie
10.03.2023;09.03.2023;TOOGOODTOG ZDOPYINO55O COPENHAGEN S;;'23124015321111001044176713;;;-9,99;PLN;'C992306821749537;TRANSAKCJA KARTĄ PŁATNICZĄ;Restauracje i kawiarnie
09.03.2023;09.03.2023;ZABKA Z4410 K.2        WARSZAWA;;'23124015321111001044176713;;*********3025639;-14,50;PLN;'C992306810329277;TRANSAKCJA KARTĄ PŁATNICZĄ;Artykuły spożywcze
09.03.2023;09.03.2023;ASSECO POLAND SA PŁACE;UL. OLCHOWA 14 35-322 RZESZÓW;'42124059181111000049090675;'23124015321111001044176713;WYNAGRODZENIE 02/2023 **202302U** 23119;6 349,70;PLN;'4910309987613057;PRZELEW;Wynagrodzenie
08.03.2023;08.03.2023;NINA LIPONOGA;;'23124015321111001044176713;'23116022020000000081891379;słoik;-90,00;PLN;'M042100484904707;PRZELEW BLIK WYCHODZĄCY;Bez kategorii
08.03.2023;08.03.2023;LIDL KAROLKOWA         WARSZAWA;;'23124015321111001044176713;;*********3025639;-203,77;PLN;'C992306711825042;TRANSAKCJA KARTĄ PŁATNICZĄ;Artykuły spożywcze
08.03.2023;07.03.2023;PAYU;WWW.OLX.PL Grunwaldzka 186,Poznan;'23124015321111001044176713;;BLIK REF       72279971373;-162,50;PLN;'C992306623182834;PŁATNOŚĆ BLIK;Zakupy przez internet
07.03.2023;07.03.2023;ZABKA Z4410 K.1        WARSZAWA;;'23124015321111001044176713;;*********3025639;-12,40;PLN;'C992306620612609;TRANSAKCJA KARTĄ PŁATNICZĄ;Artykuły spożywcze
07.03.2023;07.03.2023;EURO-DOM 01            WARSZAWA;;'23124015321111001044176713;;*********3025639;-2,60;PLN;'C992306613339934;TRANSAKCJA KARTĄ PŁATNICZĄ;Artykuły spożywcze
07.03.2023;07.03.2023;FADI KEBAB             WARSZAWA;;'23124015321111001044176713;;*********3025639;-22,00;PLN;'C992306613333086;TRANSAKCJA KARTĄ PŁATNICZĄ;Restauracje i kawiarnie
07.03.2023;07.03.2023;GORACO POLECAM         WARSZAWA;;'23124015321111001044176713;;*********3025639;-12,90;PLN;'C992306609196265;TRANSAKCJA KARTĄ PŁATNICZĄ;Artykuły spożywcze
06.03.2023;06.03.2023;ZABKA Z4410 K.2        WARSZAWA;;'23124015321111001044176713;;*********3025639;-7,50;PLN;'C992306509655499;TRANSAKCJA KARTĄ PŁATNICZĄ;Artykuły spożywcze
06.03.2023;05.03.2023;UBER   * EATS PENDING  AMSTERDAM;;'23124015321111001044176713;;*********3025639;-94,99;PLN;'C992306416529860;TRANSAKCJA KARTĄ PŁATNICZĄ;Restauracje i kawiarnie
06.03.2023;06.03.2023;BISTRO GRZYBOWSKA 61   WARSZAWA;;'23124015321111001044176713;;*********3025639;-27,50;PLN;'C992306513801164;TRANSAKCJA KARTĄ PŁATNICZĄ;Restauracje i kawiarnie
06.03.2023;06.03.2023;PAYPAL *PATRONITE      35314369001;;'23124015321111001044176713;;*********3025639;-7,00;PLN;'C992306511719512;TRANSAKCJA KARTĄ PŁATNICZĄ;Kino i teatr
06.03.2023;05.03.2023;ZABKA Z4410 K.2        WARSZAWA;;'23124015321111001044176713;;*********3025639;-7,00;PLN;'C992306417524565;TRANSAKCJA KARTĄ PŁATNICZĄ;Artykuły spożywcze
04.03.2023;04.03.2023;KUCHNIA WIETNAMSK83619 WARSZAWA;;'23124015321111001044176713;;*********3025639;-35,00;PLN;'C992306318325085;TRANSAKCJA KARTĄ PŁATNICZĄ;Restauracje i kawiarnie
04.03.2023;04.03.2023;PAYPRO S.A.;;'23124015321111001044176713;'65124059341111001093613108;P24-A7E-U7R-C2C Allegro bb3ad15a-bab;-49,50;PLN;'0142334626602635;PRZELEW WEWNĘTRZNY - DOSTAWCA;Zakupy przez internet
04.03.2023;03.03.2023;ZABKA Z4410 K.2        WARSZAWA;;'23124015321111001044176713;;*********3025639;-21,00;PLN;'C992306222808289;TRANSAKCJA KARTĄ PŁATNICZĄ;Artykuły spożywcze
04.03.2023;04.03.2023;LIDL KAROLKOWA         WARSZAWA;;'23124015321111001044176713;;*********3025639;-46,24;PLN;'C992306318323740;TRANSAKCJA KARTĄ PŁATNICZĄ;Artykuły spożywcze
04.03.2023;03.03.2023;PAYU;WWW.OLX.PL Grunwaldzka 186,Poznan;'23124015321111001044176713;;BLIK REF       72198224182;-34,90;PLN;'C992306221606001;PŁATNOŚĆ BLIK;Zakupy przez internet
03.03.2023;03.03.2023;ZABKA Z4410 K.2        WARSZAWA;;'23124015321111001044176713;;*********3025639;-14,50;PLN;'C992306212448928;TRANSAKCJA KARTĄ PŁATNICZĄ;Artykuły spożywcze
03.03.2023;03.03.2023;BISTRO GRZYBOWSKA 61   WARSZAWA;;'23124015321111001044176713;;*********3025639;-22,50;PLN;'C992306219770042;TRANSAKCJA KARTĄ PŁATNICZĄ;Restauracje i kawiarnie
03.03.2023;02.03.2023;MEDIA MARKT P506 K.103 WARSZAWA;;'23124015321111001044176713;;*********3025639;-9,99;PLN;'C992306120191517;TRANSAKCJA KARTĄ PŁATNICZĄ;Sprzęt AGD i RTV
03.03.2023;02.03.2023;ZABKA Z4410 K.1        WARSZAWA;;'23124015321111001044176713;;*********3025639;-14,10;PLN;'C992306121198212;TRANSAKCJA KARTĄ PŁATNICZĄ;Artykuły spożywcze
02.03.2023;02.03.2023;BISTRO GRZYBOWSKA 61   WARSZAWA;;'23124015321111001044176713;;*********3025639;-27,50;PLN;'C992306113885782;TRANSAKCJA KARTĄ PŁATNICZĄ;Restauracje i kawiarnie
02.03.2023;02.03.2023;BILETOMAT TW 31111     WARSZAWA;;'23124015321111001044176713;;*********3025639;-3,40;PLN;'C992306114962656;TRANSAKCJA KARTĄ PŁATNICZĄ;Transport publiczny
02.03.2023;02.03.2023;NETFLIX.COM            NETFLIX.COM;;'23124015321111001044176713;;*********3025639;-60,00;PLN;'C992306023660577;TRANSAKCJA KARTĄ PŁATNICZĄ;Internet, TV, telefon
02.03.2023;02.03.2023;;;'23124015321111001044176713;'92124020921362991111000000;Opłata za wysłane kodyautoryzacyjne SMS - 1 szt.;-0,20;PLN;'M0150NC200432878;PROWIZJE AUT.;Opłaty bankowe
02.03.2023;02.03.2023;ZABKA Z4410 K.2        WARSZAWA;;'23124015321111001044176713;;*********3025639;-7,00;PLN;'C992306113890617;TRANSAKCJA KARTĄ PŁATNICZĄ;Artykuły spożywcze
02.03.2023;02.03.2023;ZDROFIT MOKOTOW EUROPL WARSZAWA;;'23124015321111001044176713;;*********3025639;-5,00;PLN;'C992306118121903;TRANSAKCJA KARTĄ PŁATNICZĄ;Hobby
01.03.2023;01.03.2023;JMP S.A. BIEDRONKA 631 WARSZAWA;;'23124015321111001044176713;;*********3025639;-77,50;PLN;'C992306010244822;TRANSAKCJA KARTĄ PŁATNICZĄ;Artykuły spożywcze
28.02.2023;28.02.2023;ASSECO POLAND SA PŁACE;UL. OLCHOWA 14 35-322 RZESZÓW;'42124059181111000049090675;'23124015321111001044176713;WYNAGRODZENIE ZA PRACE W NOCY I NADGODZINY **202302N2** 23119;745,20;PLN;'4910228987642361;PRZELEW;Wynagrodzenie
28.02.2023;28.02.2023;;;'23124015321111001044176713;;PODATEK POBRANY;-0,08;PLN;'014232S98C001069;PODATEK POBRANY;Podatki
28.02.2023;28.02.2023;;;;'23124015321111001044176713;ODSETKI OD DEPOZYTU;0,39;PLN;'014232S98C001070;ODSETKI OD DEPOZYTU;Odsetki, zwrot z inwestycji
28.02.2023;28.02.2023;MAŁGORZATA;;'23124015321111001044176713;'43114020040000370281539224;pizza;-29,00;PLN;'M042100478588469;PRZELEW BLIK WYCHODZĄCY;Restauracje i kawiarnie
28.02.2023;28.02.2023;GORACO POLECAM         WARSZAWA;;'23124015321111001044176713;;*********3025639;-8,90;PLN;'C992305907601364;TRANSAKCJA KARTĄ PŁATNICZĄ;Artykuły spożywcze
28.02.2023;27.02.2023;BANK PEKAO S.A.;CENTRALA-OŚRODEK OPERACJI KART ul.Giełdowa 5 01-211 Warszawa;'53124000270999999999999999;'23124015321111001044176713;ZWROT TRANSAKCJI PEOPAYWYKONANEJ: /ul.  KR  LOWEJ JADWIGIZ DNIA 26/02/202347281514 006;168,80;PLN;'0323022760084387;ZWROT PŁATNOŚCI PEOPAY;Inne
27.02.2023;27.02.2023;ZABKA Z4410 K.1        WARSZAWA;;'23124015321111001044176713;;*********3025639;-9,80;PLN;'C992305817453518;TRANSAKCJA KARTĄ PŁATNICZĄ;Artykuły spożywcze
27.02.2023;27.02.2023;BISTRO GRZYBOWSKA 61   WARSZAWA;;'23124015321111001044176713;;*********3025639;-25,50;PLN;'C992305814343680;TRANSAKCJA KARTĄ PŁATNICZĄ;Restauracje i kawiarnie
27.02.2023;27.02.2023;ZABKA Z4410 K.2        WARSZAWA;;'23124015321111001044176713;;*********3025639;-23,49;PLN;'C992305811222482;TRANSAKCJA KARTĄ PŁATNICZĄ;Artykuły spożywcze
27.02.2023;27.02.2023;KACPER BANASIK;;'23124015321111001044176713;'69124060031111001048178711;marzec;-1 700,00;PLN;'014232R625905432;REALIZACJA PŁATNOŚCI PEOPAY;Bez kategorii
27.02.2023;27.02.2023;MINISTERSTWO FINANSOW;MF/TEP PIT-38/2 Swietokrzyska 12,Warszawa;'23124015321111001044176713;;BLIK REF       72100583149;-4,12;PLN;'C992305800505060;PŁATNOŚĆ BLIK;Bez kategorii
27.02.2023;27.02.2023;MINISTERSTWO FINANSOW;MF/TEP PIT-37/2 Swietokrzyska 12,Warszawa;'23124015321111001044176713;;BLIK REF       72109529159;-447,12;PLN;'C992305800505012;PŁATNOŚĆ BLIK;Bez kategorii
27.02.2023;26.02.2023;NINA LIPONOGA;;'23124015321111001044176713;'23116022020000000081891379;kort;-18,00;PLN;'M042100477401999;PRZELEW BLIK WYCHODZĄCY;Bez kategorii
27.02.2023;26.02.2023;PAYPRO S.A.;;'23124015321111001044176713;'65124059341111001093613108;P24-E3E-T9G-J0A Allegro ed3d2eaa-b61;-119,99;PLN;'014232Q601806372;PRZELEW WEWNĘTRZNY - DOSTAWCA;Zakupy przez internet
27.02.2023;26.02.2023;MARIUSZ GRZEGORZ ZIĘCINA;;'26102011270000130202564748;'23124015321111001044176713;Burger piwkoOd: 48514655978 Do: 485*****789;44,00;PLN;'M042000051756381;PRZELEW BLIK PRZYCHODZĄCY;Inne
27.02.2023;26.02.2023;ZABKA Z4410 K.1        WARSZAWA;;'23124015321111001044176713;;*********3025639;-4,90;PLN;'C992305718016841;TRANSAKCJA KARTĄ PŁATNICZĄ;Artykuły spożywcze
27.02.2023;26.02.2023;ANNA LIPONOGA;UL.RAYSKIEGO 7 M.70 01-307 WARSZAWA;'37114020040000340274820386;'23124015321111001044176713;KSIĄŻENICE ROZLICZENIE;53,00;PLN;'M042000051750767;PRZELEW BLIK PRZYCHODZĄCY;Inne
27.02.2023;26.02.2023;LIPONOGA NINA;;'23116022020000000081891379;'23124015321111001044176713;Przelew BLIK na telefon;55,00;PLN;'M042000051750671;PRZELEW BLIK PRZYCHODZĄCY;Sprzedaż
27.02.2023;26.02.2023;VOZNITSKA YANA;;'61116022020000000338292832;'23124015321111001044176713;Przelew BLIK na telefon;28,00;PLN;'M042000051750610;PRZELEW BLIK PRZYCHODZĄCY;Sprzedaż
27.02.2023;26.02.2023;KAWIARNIA              GRODZISK MAZ;;'23124015321111001044176713;;*********3025639;-332,00;PLN;'C992305717004814;TRANSAKCJA KARTĄ PŁATNICZĄ;Restauracje i kawiarnie
27.02.2023;26.02.2023;MPSA - A 171           WARSZAWA;;'23124015321111001044176713;;*********3025639;-3,40;PLN;'C992305712942000;TRANSAKCJA KARTĄ PŁATNICZĄ;Transport publiczny
27.02.2023;25.02.2023;ZABKA Z4410 K.1        WARSZAWA;;'23124015321111001044176713;;*********3025639;-14,48;PLN;'C992305622882591;TRANSAKCJA KARTĄ PŁATNICZĄ;Artykuły spożywcze
27.02.2023;25.02.2023;99150 BILETOMAT ARRIVA GRODZISK MAZ;;'23124015321111001044176713;;*********3025639;-4,40;PLN;'C992305622879400;TRANSAKCJA KARTĄ PŁATNICZĄ;Transport publiczny
25.02.2023;25.02.2023;CHILLI KEBAB           WARSZAWA;;'23124015321111001044176713;;*********3025639;-21,00;PLN;'C992305615704880;TRANSAKCJA KARTĄ PŁATNICZĄ;Restauracje i kawiarnie
25.02.2023;25.02.2023;ZABKA Z8656 K.2        WARSZAWA;;'23124015321111001044176713;;*********3025639;-21,79;PLN;'C992305615702222;TRANSAKCJA KARTĄ PŁATNICZĄ;Artykuły spożywcze
25.02.2023;24.02.2023;ZABKA Z4410 K.2        WARSZAWA;;'23124015321111001044176713;;*********3025639;-7,00;PLN;'C992305522319550;TRANSAKCJA KARTĄ PŁATNICZĄ;Artykuły spożywcze
24.02.2023;24.02.2023;JMP S.A. BIEDRONKA 631 WARSZAWA;;'23124015321111001044176713;;*********3025639;-41,81;PLN;'C992305519261002;TRANSAKCJA KARTĄ PŁATNICZĄ;Artykuły spożywcze
24.02.2023;24.02.2023;ANIA WODZYNSKA;;'23124015321111001044176713;'98102034400000790201514421;Przelew na telefon;-27,00;PLN;'M042100476337055;PRZELEW BLIK WYCHODZĄCY;Internet, TV, telefon
24.02.2023;24.02.2023;ZABKA Z4410 K.2        WARSZAWA;;'23124015321111001044176713;;*********3025639;-9,00;PLN;'C992305515076398;TRANSAKCJA KARTĄ PŁATNICZĄ;Artykuły spożywcze
24.02.2023;24.02.2023;BISTRO GRZYBOWSKA 61   WARSZAWA;;'23124015321111001044176713;;*********3025639;-25,50;PLN;'C992305514072998;TRANSAKCJA KARTĄ PŁATNICZĄ;Restauracje i kawiarnie
24.02.2023;24.02.2023;BUDZIŃSKA JULIA;;'15105015591000009267210426;'23124015321111001044176713;Przelew na telefon +48xxxxxx789ObiadDla Kamil SobierajOd BUDZIŃSKA JULIA;25,00;PLN;'M042000051578691;PRZELEW BLIK PRZYCHODZĄCY;Inne
23.02.2023;23.02.2023;ZABKA Z4410 K.2        WARSZAWA;;'23124015321111001044176713;;*********3025639;-4,90;PLN;'C992305417620108;TRANSAKCJA KARTĄ PŁATNICZĄ;Artykuły spożywcze
23.02.2023;23.02.2023;MARIUSZ ZIECINA;;'23124015321111001044176713;'26102011270000130202564748;Singapur;-26,00;PLN;'M042100475644297;PRZELEW BLIK WYCHODZĄCY;Bez kategorii
23.02.2023;22.02.2023;BANK PEKAO S.A.;CENTRALA-OŚRODEK OPERACJI KART ul.Giełdowa 5 01-211 Warszawa;'53124000270999999999999999;'23124015321111001044176713;ZWROT TRANSAKCJI PEOPAYWYKONANEJ: /ul.  KR  LOWEJ JADWIGIZ DNIA 20/02/202347281514 006;168,80;PLN;'0323022360008789;ZWROT PŁATNOŚCI PEOPAY;Inne
23.02.2023;23.02.2023;MARIUSZ ZIECINA;;'23124015321111001044176713;'26102011270000130202564748;Przelew na telefon;-57,50;PLN;'M042100475477261;PRZELEW BLIK WYCHODZĄCY;Internet, TV, telefon
23.02.2023;23.02.2023;GORACO POLECAM         WARSZAWA;;'23124015321111001044176713;;*********3025639;-12,90;PLN;'C992305407255364;TRANSAKCJA KARTĄ PŁATNICZĄ;Artykuły spożywcze
23.02.2023;23.02.2023;BARTOSZ ADAM SULIMA;UL. JANA KAZIMIERZA 21 M. 5 01-248    WARSZAWA            PL;'36195000012006000928060001;'23124015321111001044176713;za koszulki;148,00;PLN;'668232N602102429;PRZELEW;Inne
23.02.2023;23.02.2023;BUDZIŃSKA JULIA;;'15105015591000009267210426;'23124015321111001044176713;Przelew na telefon +48xxxxxx789Przelew na telefonDla Kamil SobierajOd BUDZIŃSKA JULIA;31,50;PLN;'M042000051434305;PRZELEW BLIK PRZYCHODZĄCY;Inne
23.02.2023;22.02.2023;REVOLUT**8234*         DUBLIN;;'23124015321111001044176713;;;-500,00;PLN;'C992305322216477;TRANSAKCJA KARTĄ PŁATNICZĄ;Bez kategorii
22.02.2023;22.02.2023;BARTEK;;'23124015321111001044176713;'36195000012006000928060001;Paryż;-113,00;PLN;'014232M629605539;REALIZACJA PŁATNOŚCI PEOPAY;Bez kategorii
22.02.2023;22.02.2023;ZABKA Z4410 K.2        WARSZAWA;;'23124015321111001044176713;;*********3025639;-13,50;PLN;'C992305317104041;TRANSAKCJA KARTĄ PŁATNICZĄ;Artykuły spożywcze
22.02.2023;22.02.2023;BISTRO GRZYBOWSKA 61   WARSZAWA;;'23124015321111001044176713;;*********3025639;-23,50;PLN;'C992305317099409;TRANSAKCJA KARTĄ PŁATNICZĄ;Restauracje i kawiarnie
22.02.2023;22.02.2023;MAŁGORZATA UŁASIUK TRENER OSOBISTY;UL.ŁUCKA 20 M.62 00-845 WARSZAWA;'25114020040000310281874201;'23124015321111001044176713;PREZENT + JEDZENIE;47,50;PLN;'M042000051377100;PRZELEW BLIK PRZYCHODZĄCY;Darowizny
22.02.2023;21.02.2023;MCDONALDS 427 WARSZ    WARSZAWA;;'23124015321111001044176713;;*********3025639;-30,50;PLN;'C992305223728378;TRANSAKCJA KARTĄ PŁATNICZĄ;Restauracje i kawiarnie
21.02.2023;21.02.2023;BARSTUDIO SP. Z O.O.   WARSZAWA;;'23124015321111001044176713;;*********3025639;-18,00;PLN;'C992305220699931;TRANSAKCJA KARTĄ PŁATNICZĄ;Restauracje i kawiarnie
21.02.2023;21.02.2023;BARSTUDIO SP. Z O.O.   WARSZAWA;;'23124015321111001044176713;;*********3025639;-38,00;PLN;'C992305218668111;TRANSAKCJA KARTĄ PŁATNICZĄ;Restauracje i kawiarnie
21.02.2023;21.02.2023;PAYU;WWW.OLX.PL Grunwaldzka 186,Poznan;'23124015321111001044176713;;BLIK REF       71982970009;-168,80;PLN;'C992305216573803;PŁATNOŚĆ BLIK;Zakupy przez internet
21.02.2023;21.02.2023;NACHYŁA KINGA;;'66116022020000000380850716;'23124015321111001044176713;Jedzonko;22,00;PLN;'M042000051291744;PRZELEW BLIK PRZYCHODZĄCY;Inne
21.02.2023;21.02.2023;AUTOMATSPEC SPZOO      LISZKI;;'23124015321111001044176713;;*********3025639;-4,50;PLN;'C992305214471107;TRANSAKCJA KARTĄ PŁATNICZĄ;Artykuły spożywcze
21.02.2023;21.02.2023;GORACO POLECAM         WARSZAWA;;'23124015321111001044176713;;*********3025639;-8,90;PLN;'C992305210334166;TRANSAKCJA KARTĄ PŁATNICZĄ;Artykuły spożywcze
21.02.2023;20.02.2023;OSKAR PTAK;UL.PIASTOWSKA 32 M.10 48-200 PRUDNI K;'93114020040000380274752931;'23124015321111001044176713;ZA JEDZONKO;40,00;PLN;'M042000051239418;PRZELEW BLIK PRZYCHODZĄCY;Inne
20.02.2023;20.02.2023;BISTRO GRZYBOWSKA 61   WARSZAWA;;'23124015321111001044176713;;*********3025639;-42,00;PLN;'C992305111879340;TRANSAKCJA KARTĄ PŁATNICZĄ;Restauracje i kawiarnie
20.02.2023;20.02.2023;JMP S.A. BIEDRONKA 631 WARSZAWA;;'23124015321111001044176713;;*********3025639;-75,95;PLN;'C992305111865961;TRANSAKCJA KARTĄ PŁATNICZĄ;Artykuły spożywcze
20.02.2023;20.02.2023;ZABKA Z4410 K.2        WARSZAWA;;'23124015321111001044176713;;*********3025639;-9,99;PLN;'C992305120196677;TRANSAKCJA KARTĄ PŁATNICZĄ;Artykuły spożywcze
20.02.2023;19.02.2023;ROWERTOUR.COM;WWW.ROWERTOUR.C Fordonska 2,Bydgoszcz;'23124015321111001044176713;;BLIK REF       71945416585;-609,13;PLN;'C992305015801589;PŁATNOŚĆ BLIK;Bez kategorii
20.02.2023;19.02.2023;PAYU;WWW.OLX.PL Grunwaldzka 186,Poznan;'23124015321111001044176713;;BLIK REF       71942400895;-168,80;PLN;'C992305015795679;PŁATNOŚĆ BLIK;Zakupy przez internet
20.02.2023;19.02.2023;ZABKA Z4410 K.2        WARSZAWA;;'23124015321111001044176713;;*********3025639;-22,79;PLN;'C992305014622002;TRANSAKCJA KARTĄ PŁATNICZĄ;Artykuły spożywcze
20.02.2023;19.02.2023;PAYPRO S.A.;TELESAJGON.PL Pastelowa 8,Poznan;'23124015321111001044176713;;BLIK REF       71948165686;-160,50;PLN;'C992305012741701;PŁATNOŚĆ BLIK;Zakupy przez internet
18.02.2023;18.02.2023;MARIANNA GŁADYSZ;KRĘŻNICA JARA 377 20-515 LUBLIN;'16114020040000300275265317;'23124015321111001044176713;JARU;31,50;PLN;'M042000051070203;PRZELEW BLIK PRZYCHODZĄCY;Inne
18.02.2023;18.02.2023;DARWINA.PL             WARSZAWA;;'23124015321111001044176713;;*********3025639;-57,96;PLN;'C992304918456585;TRANSAKCJA KARTĄ PŁATNICZĄ;Alkohol
18.02.2023;18.02.2023;ŁUKASZ MAREK ADAMCZYK;;'73102043170000560204407417;'23124015321111001044176713;Prezent Jarek, Łukasz i MonikaOd: 48504190165 Do: 485*****789;63,00;PLN;'M042000051059585;PRZELEW BLIK PRZYCHODZĄCY;Darowizny
18.02.2023;18.02.2023;JMP S.A. BIEDRONKA 631 WARSZAWA;;'23124015321111001044176713;;*********3025639;-58,17;PLN;'C992304914335116;TRANSAKCJA KARTĄ PŁATNICZĄ;Artykuły spożywcze
18.02.2023;18.02.2023;ZDROFIT WOLA WARSAW SP WARSZAWA;;'23124015321111001044176713;;*********3025639;-6,50;PLN;'C992304912246692;TRANSAKCJA KARTĄ PŁATNICZĄ;Hobby
18.02.2023;18.02.2023;GALA ŁUKASZ;;'54105014611000009093020387;'23124015321111001044176713;Przelew na telefon +48xxxxxx789Przelew na telefonDla Kamil SobierajOd GALA ŁUKASZ;31,50;PLN;'M042000051026502;PRZELEW BLIK PRZYCHODZĄCY;Inne
18.02.2023;18.02.2023;ZABKA Z4410 K.2        WARSZAWA;;'23124015321111001044176713;;*********3025639;-9,99;PLN;'C992304909075282;TRANSAKCJA KARTĄ PŁATNICZĄ;Artykuły spożywcze
17.02.2023;17.02.2023;JAKDOJADE.PL           POZNAN;;'23124015321111001044176713;;*********3025639;-10,00;PLN;'C992304813684159;TRANSAKCJA KARTĄ PŁATNICZĄ;Transport publiczny
17.02.2023;17.02.2023;BISTRO GRZYBOWSKA 61   WARSZAWA;;'23124015321111001044176713;;*********3025639;-25,50;PLN;'C992304814726655;TRANSAKCJA KARTĄ PŁATNICZĄ;Restauracje i kawiarnie
17.02.2023;17.02.2023;LUX MED SP. Z O.O 1    WARSZAWA;;'23124015321111001044176713;;*********3025639;-580,80;PLN;'C992304813665940;TRANSAKCJA KARTĄ PŁATNICZĄ;Opieka medyczna
17.02.2023;17.02.2023;ZABKA Z4410 K.1        WARSZAWA;;'23124015321111001044176713;;*********3025639;-18,39;PLN;'C992304808483762;TRANSAKCJA KARTĄ PŁATNICZĄ;Artykuły spożywcze
17.02.2023;17.02.2023;ZABKA Z4410 K.2        WARSZAWA;;'23124015321111001044176713;;*********3025639;-9,98;PLN;'C992304814731344;TRANSAKCJA KARTĄ PŁATNICZĄ;Artykuły spożywcze
17.02.2023;17.02.2023;JMP S.A. BIEDRONKA 553 WARSZAWA;;'23124015321111001044176713;;*********3025639;-37,51;PLN;'C992304814709144;TRANSAKCJA KARTĄ PŁATNICZĄ;Artykuły spożywcze
17.02.2023;17.02.2023;PIOTR WINIARSKI;UL. NOWY RYNEK 12M12 87-500    RYPIN               PL;'20124034061111001058657721;'23124015321111001044176713;uro Jara;31,50;PLN;'454232H622207553;PRZELEW;Inne
16.02.2023;16.02.2023;CARREFOUR EXPRESS H82  WARSZAWA;;'23124015321111001044176713;;*********3025639;-4,89;PLN;'C992304707907345;TRANSAKCJA KARTĄ PŁATNICZĄ;Artykuły spożywcze
16.02.2023;16.02.2023;FADI KEBAB             WARSZAWA;;'23124015321111001044176713;;*********3025639;-26,00;PLN;'C992304716278231;TRANSAKCJA KARTĄ PŁATNICZĄ;Restauracje i kawiarnie
15.02.2023;15.02.2023;OSKAR PTAK;UL.PIASTOWSKA 32 M.10 48-200 PRUDNI K;'93114020040000380274752931;'23124015321111001044176713;PREZENT JARKA;31,50;PLN;'M042000050786075;PRZELEW BLIK PRZYCHODZĄCY;Darowizny
15.02.2023;15.02.2023;ANNA AGNIESZKA WODZYŃSKA;;'98102034400000790201514421;'23124015321111001044176713;prezent dla JarkaOd: 48607230065 Do: 485*****789;31,50;PLN;'M042000050788121;PRZELEW BLIK PRZYCHODZĄCY;Darowizny
15.02.2023;15.02.2023;MARTA;;'23124015321111001044176713;'60253000082016103771170001;bilet;-169,00;PLN;'014232F602507629;REALIZACJA PŁATNOŚCI PEOPAY;Bez kategorii
15.02.2023;15.02.2023;KAMIL CIELEŃ;UL.OTWARTA 11 37-200 PRZEWORSK;'65114020040000340274159506;'23124015321111001044176713;PRZELEW ŚRODKÓW;31,50;PLN;'M042000050779522;PRZELEW BLIK PRZYCHODZĄCY;Inne
15.02.2023;15.02.2023;PIEKARNIA ORMIANSKA    WARSZAWA;;'23124015321111001044176713;;*********3025639;-12,00;PLN;'C992304617746603;TRANSAKCJA KARTĄ PŁATNICZĄ;Artykuły spożywcze
15.02.2023;15.02.2023;CARREFOUR EXPRESS 3352 WARSZAWA;;'23124015321111001044176713;;*********3025639;-5,49;PLN;'C992304617730294;TRANSAKCJA KARTĄ PŁATNICZĄ;Artykuły spożywcze
15.02.2023;15.02.2023;EMPIK S.A. PPSCO L3000 WARSZAWA;;'23124015321111001044176713;;*********3025639;-12,99;PLN;'C992304616719896;TRANSAKCJA KARTĄ PŁATNICZĄ;Książki
15.02.2023;15.02.2023;KUCHNIA MARCHE ZLOTA   WARSZAWA;;'23124015321111001044176713;;*********3025639;-21,99;PLN;'C992304616700655;TRANSAKCJA KARTĄ PŁATNICZĄ;Restauracje i kawiarnie
15.02.2023;15.02.2023;AUGUSTYN SZYMON;;'62116022020000000356556944;'23124015321111001044176713;Zrzuta na prezent jara;32,00;PLN;'M042000050754461;PRZELEW BLIK PRZYCHODZĄCY;Darowizny
15.02.2023;15.02.2023;PAWEŁ ANDRZEJ PTASZYŃSKI;;'64102042870000210200979294;'23124015321111001044176713;Prezent Jaro MartaOd: 48667145159 Do: 485*****789;31,50;PLN;'M042000050744462;PRZELEW BLIK PRZYCHODZĄCY;Darowizny
15.02.2023;15.02.2023;PAWEŁ ANDRZEJ PTASZYŃSKI;;'64102042870000210200979294;'23124015321111001044176713;prezent JaroOd: 48667145159 Do: 485*****789;31,50;PLN;'M042000050729778;PRZELEW BLIK PRZYCHODZĄCY;Darowizny
15.02.2023;15.02.2023;;;'23124015321111001044176713;'92124020921362991111000000;Opłata za obsługę kartyMasterCard Debit*43025639 za miesiąc 2.2023;-1,00;PLN;'M01506BE00054185;PROWIZJE AUT.;Opłaty bankowe
14.02.2023;14.02.2023;BISTRO GRZYBOWSKA 61   WARSZAWA;;'23124015321111001044176713;;*********3025639;-23,50;PLN;'C992304516163510;TRANSAKCJA KARTĄ PŁATNICZĄ;Restauracje i kawiarnie
14.02.2023;14.02.2023;SEBASTIAN KURYŁO;AUGUSTÓW 16-300 16-300 AUGUSTÓW UL. NADRZECZNA 140A;'20194010764625325400000000;'23124015321111001044176713;Przelew na telefon BLIK;31,50;PLN;'M042000050626245;PRZELEW BLIK PRZYCHODZĄCY;Sprzedaż
14.02.2023;14.02.2023;KRZYSZTOF KALBARCZYK;UL.KAROLA ADAMIECKIEGO 3 M.40 02-49 5 WARSZAWA;'02114020040000300282956117;'23124015321111001044176713;NA PREZENT DLA JARA OD AŚKI I KALBARA;63,00;PLN;'M042000050625508;PRZELEW BLIK PRZYCHODZĄCY;Darowizny
14.02.2023;14.02.2023;BARTOSZ SULIMA SOLUTIONS;JANA KAZIMIERZA 21/5 01-248    WARSZAWA            PL;'32124062181111001106391946;'23124015321111001044176713;za prezent - Sulima i Sylwia;63,00;PLN;'524232E627400395;PRZELEW;Darowizny
14.02.2023;14.02.2023;RÓŻA GŁADYSZ;UL.MSZCZONOWSKA 9 M.6 02-337 WARSZA WA;'70114020040000340270546748;'23124015321111001044176713;JAREK 30;31,50;PLN;'M042000050620938;PRZELEW BLIK PRZYCHODZĄCY;Inne
14.02.2023;14.02.2023;NACHYŁA KINGA;;'66116022020000000380850716;'23124015321111001044176713;Prezent Jarka;31,50;PLN;'M042000050620999;PRZELEW BLIK PRZYCHODZĄCY;Darowizny
14.02.2023;14.02.2023;ZABKA Z4410 K.2        WARSZAWA;;'23124015321111001044176713;;*********3025639;-18,99;PLN;'C992304509824088;TRANSAKCJA KARTĄ PŁATNICZĄ;Artykuły spożywcze
13.02.2023;13.02.2023;TRANSFERUJ.PL;PLAC ANDERSA 3 61-894 POZNAN;'23124015321111001044176713;'06124059181111001052283171;TR-DPD-89A75LXdla 8a.pl;-461,17;PLN;'014232D60J000911;PRZELEW MOBILE;Bez kategorii
13.02.2023;13.02.2023;JMP S.A. BIEDRONKA 631 WARSZAWA;;'23124015321111001044176713;;*********3025639;-25,15;PLN;'C992304411330096;TRANSAKCJA KARTĄ PŁATNICZĄ;Artykuły spożywcze
13.02.2023;10.02.2023;BANK PEKAO S.A.;CENTRALA-OŚRODEK OPERACJI KART ul.Giełdowa 5 01-211 Warszawa;'53124000270999999999999999;'23124015321111001044176713;ZWROT TRANSAKCJI PEOPAYWYKONANEJ: /ul.  POWSTA  C  W   LZ DNIA 09/02/202347281514 006;82,29;PLN;'0323021160054855;ZWROT PŁATNOŚCI PEOPAY;Inne
13.02.2023;12.02.2023;ZABKA Z4410 K.2        WARSZAWA;;'23124015321111001044176713;;*********3025639;-1,78;PLN;'C992304321174932;TRANSAKCJA KARTĄ PŁATNICZĄ;Artykuły spożywcze
13.02.2023;12.02.2023;GOOD LOOD              KRAKOW;;'23124015321111001044176713;;*********3025639;-20,00;PLN;'C992304317144811;TRANSAKCJA KARTĄ PŁATNICZĄ;Restauracje i kawiarnie
13.02.2023;12.02.2023;PAYPRO S.A.;;'23124015321111001044176713;'65124059341111001093613108;P24-F1E-N9H-G2K Allegro 83ff3df3-aae;-124,98;PLN;'014232C621406295;PRZELEW WEWNĘTRZNY - DOSTAWCA;Zakupy przez internet
13.02.2023;12.02.2023;ZABKA Z4410 K.2        WARSZAWA;;'23124015321111001044176713;;*********3025639;-14,50;PLN;'C992304315110705;TRANSAKCJA KARTĄ PŁATNICZĄ;Artykuły spożywcze
13.02.2023;11.02.2023;BLUE MEDIA S.A.;BIK.PL/ Powstancow Warszawy 6,Sopot;'23124015321111001044176713;;BLIK REF       71794020163;-24,00;PLN;'C992304222361357;PŁATNOŚĆ BLIK;Zakupy przez internet
11.02.2023;11.02.2023;JMP S.A. BIEDRONKA 631 WARSZAWA;;'23124015321111001044176713;;*********3025639;-8,74;PLN;'C992304210684123;TRANSAKCJA KARTĄ PŁATNICZĄ;Artykuły spożywcze
11.02.2023;11.02.2023;JMP S.A. BIEDRONKA 631 WARSZAWA;;'23124015321111001044176713;;*********3025639;-41,52;PLN;'C992304212798587;TRANSAKCJA KARTĄ PŁATNICZĄ;Artykuły spożywcze
10.02.2023;10.02.2023;IKE BOSSA;;'23124015321111001044176713;'83154011578129000000814183;IKE 814183;-500,00;PLN;'014232AA71008669;ZLECENIE STAŁE;Bez kategorii
10.02.2023;09.02.2023;PAYU;PYSZNE.PL Grunwaldzka 186,Poznan;'23124015321111001044176713;;BLIK REF       71756516255;-73,12;PLN;'C992304020487915;PŁATNOŚĆ BLIK;Zakupy przez internet
10.02.2023;10.02.2023;ZABKA Z4410 K.2        WARSZAWA;;'23124015321111001044176713;;*********3025639;-16,50;PLN;'C992304111067539;TRANSAKCJA KARTĄ PŁATNICZĄ;Artykuły spożywcze
10.02.2023;10.02.2023;BISTRO GRZYBOWSKA 61   WARSZAWA;;'23124015321111001044176713;;*********3025639;-25,50;PLN;'C992304115283129;TRANSAKCJA KARTĄ PŁATNICZĄ;Restauracje i kawiarnie
09.02.2023;09.02.2023;GORACO POLECAM         WARSZAWA;;'23124015321111001044176713;;*********3025639;-12,90;PLN;'C992304007372850;TRANSAKCJA KARTĄ PŁATNICZĄ;Artykuły spożywcze
09.02.2023;09.02.2023;MACHOP SP. Z O.O.      WARSZAWA;;'23124015321111001044176713;;*********3025639;-86,00;PLN;'C992304013555290;TRANSAKCJA KARTĄ PŁATNICZĄ;Restauracje i kawiarnie
09.02.2023;09.02.2023;KRZYSZTOF P KRYGIER UL. JANA BYTNAR;;'03109025900000000132707486;'23124015321111001044176713;Za chińczyka;25,00;PLN;'M042000050139775;PRZELEW BLIK PRZYCHODZĄCY;Inne
09.02.2023;09.02.2023;ASSECO POLAND SA PŁACE;UL. OLCHOWA 14 35-322 RZESZÓW;'42124059181111000049090675;'23124015321111001044176713;WYNAGRODZENIE 01/2023 **202301U** 23119;6 349,70;PLN;'4910209987723633;PRZELEW;Wynagrodzenie
09.02.2023;09.02.2023;AUTOMATSPEC SPZOO      LISZKI;;'23124015321111001044176713;;*********3025639;-4,50;PLN;'C992304012518783;TRANSAKCJA KARTĄ PŁATNICZĄ;Artykuły spożywcze
09.02.2023;09.02.2023;PAYU;PYSZNE.PL Grunwaldzka 186,Poznan;'23124015321111001044176713;;BLIK REF       71752728372;-82,29;PLN;'C992304020474533;PŁATNOŚĆ BLIK;Zakupy przez internet
08.02.2023;08.02.2023;LIDL KAROLKOWA         WARSZAWA;;'23124015321111001044176713;;*********3025639;-74,96;PLN;'C992303918253981;TRANSAKCJA KARTĄ PŁATNICZĄ;Artykuły spożywcze
08.02.2023;08.02.2023;BISTRO GRZYBOWSKA 61   WARSZAWA;;'23124015321111001044176713;;*********3025639;-21,50;PLN;'C992303914077271;TRANSAKCJA KARTĄ PŁATNICZĄ;Restauracje i kawiarnie
08.02.2023;08.02.2023;ZABKA Z4410 K.1        WARSZAWA;;'23124015321111001044176713;;*********3025639;-10,90;PLN;'C992303907855562;TRANSAKCJA KARTĄ PŁATNICZĄ;Artykuły spożywcze
07.02.2023;07.02.2023;PIEKARNIA CUKIERNIA    WARSZAWA;;'23124015321111001044176713;;*********3025639;-4,40;PLN;'C992303810430783;TRANSAKCJA KARTĄ PŁATNICZĄ;Artykuły spożywcze
07.02.2023;07.02.2023;CUKIERNIA PAWLOWICZ    WARSZAWA;;'23124015321111001044176713;;*********3025639;-12,00;PLN;'C992303810433478;TRANSAKCJA KARTĄ PŁATNICZĄ;Artykuły spożywcze
06.02.2023;06.02.2023;ŁUKASZ GALA;;'23124015321111001044176713;'54105014611000009093020387;paliwo;-50,00;PLN;'M042100464444996;PRZELEW BLIK WYCHODZĄCY;Paliwo
06.02.2023;06.02.2023;JAKDOJADE.PL           POZNAN;;'23124015321111001044176713;;*********3025639;-10,00;PLN;'C992303712015549;TRANSAKCJA KARTĄ PŁATNICZĄ;Transport publiczny
06.02.2023;06.02.2023;CARREFOUR HIPERMARKET  WARSZAWA;;'23124015321111001044176713;;*********3025639;-140,21;PLN;'C992303712010334;TRANSAKCJA KARTĄ PŁATNICZĄ;Artykuły spożywcze
06.02.2023;06.02.2023;PAYPAL *PATRONITE      35314369001;;'23124015321111001044176713;;*********3025639;-7,00;PLN;'C992303711969762;TRANSAKCJA KARTĄ PŁATNICZĄ;Kino i teatr
06.02.2023;06.02.2023;JMP S.A. BIEDRONKA 631 WARSZAWA;;'23124015321111001044176713;;*********3025639;-13,48;PLN;'C992303710944531;TRANSAKCJA KARTĄ PŁATNICZĄ;Artykuły spożywcze
06.02.2023;05.02.2023;SKLEP STACJA PALIW     KADZIDLO;;'23124015321111001044176713;;*********3025639;-17,40;PLN;'C992303619795735;TRANSAKCJA KARTĄ PŁATNICZĄ;Paliwo
06.02.2023;05.02.2023;STACJA PALIW NR 760    GOWOROWO;;'23124015321111001044176713;;*********3025639;-9,99;PLN;'C992303612699670;TRANSAKCJA KARTĄ PŁATNICZĄ;Paliwo
06.02.2023;05.02.2023;ZABKA Z8085 K.2        WARSZAWA;;'23124015321111001044176713;;*********3025639;-9,00;PLN;'C992303610682025;TRANSAKCJA KARTĄ PŁATNICZĄ;Artykuły spożywcze
04.02.2023;04.02.2023;ZABKA Z4410 K.2        WARSZAWA;;'23124015321111001044176713;;*********3025639;-6,70;PLN;'C992303519613482;TRANSAKCJA KARTĄ PŁATNICZĄ;Artykuły spożywcze
04.02.2023;04.02.2023;MACHOP SP. Z O.O.      WARSZAWA;;'23124015321111001044176713;;*********3025639;-32,00;PLN;'C992303519605290;TRANSAKCJA KARTĄ PŁATNICZĄ;Restauracje i kawiarnie
04.02.2023;04.02.2023;LIPONOGA NINA;;'23116022020000000081891379;'23124015321111001044176713;Jedzonko;160,00;PLN;'M042000049707750;PRZELEW BLIK PRZYCHODZĄCY;Inne
04.02.2023;04.02.2023;JAKDOJADE.PL           POZNAN;;'23124015321111001044176713;;*********3025639;-10,00;PLN;'C992303518585202;TRANSAKCJA KARTĄ PŁATNICZĄ;Transport publiczny
04.02.2023;04.02.2023;KAROLINA MONIKA SADA;;'55102039160000070202300325;'23124015321111001044176713;Byk barOd: 48725371375 Do: 485*****789;58,00;PLN;'M042000049704524;PRZELEW BLIK PRZYCHODZĄCY;Inne
04.02.2023;04.02.2023;VOZNITSKA YANA;;'61116022020000000338292832;'23124015321111001044176713;Przelew BLIK na telefon;90,00;PLN;'M042000049704318;PRZELEW BLIK PRZYCHODZĄCY;Sprzedaż
04.02.2023;04.02.2023;PLACES SP. Z O.O. ROZB WARSZAWA;;'23124015321111001044176713;;*********3025639;-489,00;PLN;'C992303518581539;TRANSAKCJA KARTĄ PŁATNICZĄ;Restauracje i kawiarnie
03.02.2023;03.02.2023;BISTRO GRZYBOWSKA 61   WARSZAWA;;'23124015321111001044176713;;*********3025639;-25,50;PLN;'C992303413798415;TRANSAKCJA KARTĄ PŁATNICZĄ;Restauracje i kawiarnie
03.02.2023;03.02.2023;JMP S.A. BIEDRONKA 445 WARSZAWA;;'23124015321111001044176713;;*********3025639;-30,18;PLN;'C992303413795204;TRANSAKCJA KARTĄ PŁATNICZĄ;Artykuły spożywcze
03.02.2023;02.02.2023;ZABKA Z4410 K.2        WARSZAWA;;'23124015321111001044176713;;*********3025639;-7,50;PLN;'C992303322549046;TRANSAKCJA KARTĄ PŁATNICZĄ;Artykuły spożywcze
02.02.2023;02.02.2023;LIDL KAROLKOWA         WARSZAWA;;'23124015321111001044176713;;*********3025639;-177,47;PLN;'C992303312211309;TRANSAKCJA KARTĄ PŁATNICZĄ;Artykuły spożywcze
02.02.2023;02.02.2023;BISTRO GRZYBOWSKA 61   WARSZAWA;;'23124015321111001044176713;;*********3025639;-24,50;PLN;'C992303312224318;TRANSAKCJA KARTĄ PŁATNICZĄ;Restauracje i kawiarnie
02.02.2023;02.02.2023;;;'23124015321111001044176713;'92124020921362991111000000;Opłata za wysłane kodyautoryzacyjne SMS - 1 szt.;-0,20;PLN;'M0150NB200348289;PROWIZJE AUT.;Opłaty bankowe
02.02.2023;02.02.2023;ŁUKASZ GALA;;'23124015321111001044176713;'54105014611000009093020387;pogrzeb;-50,00;PLN;'M042100461373815;PRZELEW BLIK WYCHODZĄCY;Bez kategorii
02.02.2023;02.02.2023;NETFLIX.COM            AMSTERDAM;;'23124015321111001044176713;;;-60,00;PLN;'C992303304034717;TRANSAKCJA KARTĄ PŁATNICZĄ;Internet, TV, telefon
01.02.2023;01.02.2023;TOOGOODTOG 0CW677BK104 COPENHAGEN S;;'23124015321111001044176713;;;-15,79;PLN;'C992303218964679;TRANSAKCJA KARTĄ PŁATNICZĄ;Restauracje i kawiarnie
01.02.2023;01.02.2023;TOOGOODTOG 1I7KFUX6XMY COPENHAGEN S;;'23124015321111001044176713;;;-9,99;PLN;'C992303218956476;TRANSAKCJA KARTĄ PŁATNICZĄ;Restauracje i kawiarnie
01.02.2023;01.02.2023;JMP S.A. BIEDRONKA 445 WARSZAWA;;'23124015321111001044176713;;*********3025639;-15,97;PLN;'C992303210644460;TRANSAKCJA KARTĄ PŁATNICZĄ;Artykuły spożywcze
31.01.2023;31.01.2023;;;;'23124015321111001044176713;ODSETKI OD DEPOZYTU;0,42;PLN;'014231V98C001135;ODSETKI OD DEPOZYTU;Odsetki, zwrot z inwestycji
31.01.2023;31.01.2023;;;'23124015321111001044176713;;PODATEK POBRANY;-0,08;PLN;'014231V98C001134;PODATEK POBRANY;Podatki
31.01.2023;31.01.2023;JMP S.A. BIEDRONKA 445 WARSZAWA;;'23124015321111001044176713;;*********3025639;-8,72;PLN;'C992303117427146;TRANSAKCJA KARTĄ PŁATNICZĄ;Artykuły spożywcze
31.01.2023;31.01.2023;MONIKA ADAMOWICZ-BALCERCZYK UL.LEGI;;'21191010482205037537810001;'23124015321111001044176713;Pay to mobile;33,00;PLN;'M042000049270599;PRZELEW BLIK PRZYCHODZĄCY;Inne
31.01.2023;31.01.2023;ASSECO POLAND SA PŁACE;UL. OLCHOWA 14 35-322 RZESZÓW;'42124059181111000049090675;'23124015321111001044176713;WYNAGRODZENIE ZA PRACE W NOCY I NADGODZINY **202301N2** 23119;900,00;PLN;'4910131987382340;PRZELEW;Wynagrodzenie
31.01.2023;31.01.2023;AUTOMATSPEC SPZOO      LISZKI;;'23124015321111001044176713;;*********3025639;-4,50;PLN;'C992303114296820;TRANSAKCJA KARTĄ PŁATNICZĄ;Artykuły spożywcze
31.01.2023;31.01.2023;MACHOP SP. Z O.O.      WARSZAWA;;'23124015321111001044176713;;*********3025639;-56,50;PLN;'C992303113264621;TRANSAKCJA KARTĄ PŁATNICZĄ;Restauracje i kawiarnie
31.01.2023;31.01.2023;GORACO POLECAM         WARSZAWA;;'23124015321111001044176713;;*********3025639;-12,90;PLN;'C992303109124327;TRANSAKCJA KARTĄ PŁATNICZĄ;Artykuły spożywcze
30.01.2023;30.01.2023;JMP S.A. BIEDRONKA 445 WARSZAWA;;'23124015321111001044176713;;*********3025639;-14,99;PLN;'C992303020016747;TRANSAKCJA KARTĄ PŁATNICZĄ;Artykuły spożywcze
30.01.2023;30.01.2023;JMP S.A. BIEDRONKA 445 WARSZAWA;;'23124015321111001044176713;;*********3025639;-8,06;PLN;'C992303011718465;TRANSAKCJA KARTĄ PŁATNICZĄ;Artykuły spożywcze
30.01.2023;30.01.2023;PAYPRO S.A.;;'23124015321111001044176713;'65124059341111001093613108;P24-J1E-J3H-Q2M Allegro 54462a04-a07;-58,99;PLN;'014231U602106502;PRZELEW WEWNĘTRZNY - DOSTAWCA;Zakupy przez internet
30.01.2023;29.01.2023;KIP;HTTPS://MIKR.US plac Andersa 3 73,Poznan;'23124015321111001044176713;;BLIK REF       71539796696;-168,01;PLN;'C992302923283939;PŁATNOŚĆ BLIK;Zakupy przez internet
30.01.2023;29.01.2023;KAROLINA;;'23124015321111001044176713;'55102039160000070202300325;sushi;-57,50;PLN;'M042100458894428;PRZELEW BLIK WYCHODZĄCY;Restauracje i kawiarnie
30.01.2023;29.01.2023;MILENA;;'23124015321111001044176713;'70102033520000120201538990;tort Nina;-6,50;PLN;'M042100458883485;PRZELEW BLIK WYCHODZĄCY;Bez kategorii
30.01.2023;29.01.2023;JMP S.A. BIEDRONKA 445 WARSZAWA;;'23124015321111001044176713;;*********3025639;-6,28;PLN;'C992302917532126;TRANSAKCJA KARTĄ PŁATNICZĄ;Artykuły spożywcze
30.01.2023;29.01.2023;JAKDOJADE.PL           POZNAN;;'23124015321111001044176713;;*********3025639;-10,00;PLN;'C992302911374577;TRANSAKCJA KARTĄ PŁATNICZĄ;Transport publiczny
30.01.2023;29.01.2023;ZABKA Z4410 K.2        WARSZAWA;;'23124015321111001044176713;;*********3025639;-11,50;PLN;'C992302910350811;TRANSAKCJA KARTĄ PŁATNICZĄ;Artykuły spożywcze
28.01.2023;28.01.2023;JMP S.A. BIEDRONKA 445 WARSZAWA;;'23124015321111001044176713;;*********3025639;-24,27;PLN;'C992302812999528;TRANSAKCJA KARTĄ PŁATNICZĄ;Artykuły spożywcze
27.01.2023;27.01.2023;BISTRO GRZYBOWSKA 61   WARSZAWA;;'23124015321111001044176713;;*********3025639;-25,50;PLN;'C992302713477537;TRANSAKCJA KARTĄ PŁATNICZĄ;Restauracje i kawiarnie
27.01.2023;27.01.2023;JMP S.A. BIEDRONKA 445 WARSZAWA;;'23124015321111001044176713;;*********3025639;-54,94;PLN;'C992302713471627;TRANSAKCJA KARTĄ PŁATNICZĄ;Artykuły spożywcze
27.01.2023;27.01.2023;LUX MED SP. Z O.O 1    WARSZAWA;;'23124015321111001044176713;;*********3025639;-48,80;PLN;'C992302712415594;TRANSAKCJA KARTĄ PŁATNICZĄ;Opieka medyczna
27.01.2023;27.01.2023;JAKDOJADE.PL           POZNAN;;'23124015321111001044176713;;*********3025639;-10,00;PLN;'C992302710341032;TRANSAKCJA KARTĄ PŁATNICZĄ;Transport publiczny
27.01.2023;27.01.2023;ZABKA Z4410 K.1        WARSZAWA;;'23124015321111001044176713;;*********3025639;-20,57;PLN;'C992302708291116;TRANSAKCJA KARTĄ PŁATNICZĄ;Artykuły spożywcze
26.01.2023;26.01.2023;JAROSŁAW JAKUB MILLER;RYNEK 65 26-025    ŁAGÓW               PL;'75124060031111001047891677;'23124015321111001044176713;splitwise;36,24;PLN;'503231Q622609540;PRZELEW;Inne
25.01.2023;25.01.2023;BISTRO GRZYBOWSKA 61   WARSZAWA;;'23124015321111001044176713;;*********3025639;-25,50;PLN;'C992302516598243;TRANSAKCJA KARTĄ PŁATNICZĄ;Restauracje i kawiarnie
25.01.2023;25.01.2023;JMP S.A. BIEDRONKA 445 WARSZAWA;;'23124015321111001044176713;;*********3025639;-38,22;PLN;'C992302516597142;TRANSAKCJA KARTĄ PŁATNICZĄ;Artykuły spożywcze
25.01.2023;25.01.2023;JMP S.A. BIEDRONKA 445 WARSZAWA;;'23124015321111001044176713;;*********3025639;-14,03;PLN;'C992302511388632;TRANSAKCJA KARTĄ PŁATNICZĄ;Artykuły spożywcze
24.01.2023;24.01.2023;AUTOMATSPEC SPZOO      LISZKI;;'23124015321111001044176713;;*********3025639;-4,50;PLN;'C992302413969701;TRANSAKCJA KARTĄ PŁATNICZĄ;Artykuły spożywcze
24.01.2023;24.01.2023;MACHOP SP. Z O.O.      WARSZAWA;;'23124015321111001044176713;;*********3025639;-25,00;PLN;'C992302413954677;TRANSAKCJA KARTĄ PŁATNICZĄ;Restauracje i kawiarnie
23.01.2023;23.01.2023;MARIUSZ ZIECINA;;'23124015321111001044176713;'26102011270000130202564748;prezent + bilety;-62,00;PLN;'M042100455655217;PRZELEW BLIK WYCHODZĄCY;Prezenty, upominki
23.01.2023;23.01.2023;BISTRO GRZYBOWSKA 61   WARSZAWA;;'23124015321111001044176713;;*********3025639;-27,50;PLN;'C992302313491626;TRANSAKCJA KARTĄ PŁATNICZĄ;Restauracje i kawiarnie
23.01.2023;23.01.2023;JMP S.A. BIEDRONKA 445 WARSZAWA;;'23124015321111001044176713;;*********3025639;-32,31;PLN;'C992302313487578;TRANSAKCJA KARTĄ PŁATNICZĄ;Artykuły spożywcze
23.01.2023;23.01.2023;SUPER - PHARM WARSZ    WARSZAWA;;'23124015321111001044176713;;*********3025639;-20,99;PLN;'C992302310351742;TRANSAKCJA KARTĄ PŁATNICZĄ;Lekarstwa
23.01.2023;23.01.2023;AUCHAN POLSKA SP. Z    WARSZAWA;;'23124015321111001044176713;;*********3025639;-44,27;PLN;'C992302310349326;TRANSAKCJA KARTĄ PŁATNICZĄ;Artykuły spożywcze
23.01.2023;23.01.2023;AUCHAN POLSKA SP. Z    WARSZAWA;;'23124015321111001044176713;;*********3025639;-7,50;PLN;'C992302309344084;TRANSAKCJA KARTĄ PŁATNICZĄ;Artykuły spożywcze
23.01.2023;23.01.2023;LUX MED SP. Z O.O.     WARSZAWA;;'23124015321111001044176713;;*********3025639;-140,00;PLN;'C992302309334368;TRANSAKCJA KARTĄ PŁATNICZĄ;Opieka medyczna
23.01.2023;22.01.2023;VINA EXPRESS           WARSZAWA;;'23124015321111001044176713;;*********3025639;-42,00;PLN;'C992302216209892;TRANSAKCJA KARTĄ PŁATNICZĄ;Puby i kluby
21.01.2023;21.01.2023;JMP S.A. BIEDRONKA 445 WARSZAWA;;'23124015321111001044176713;;*********3025639;-39,26;PLN;'C992302118024739;TRANSAKCJA KARTĄ PŁATNICZĄ;Artykuły spożywcze
21.01.2023;21.01.2023;ZABKA Z4410 K.2        WARSZAWA;;'23124015321111001044176713;;*********3025639;-6,40;PLN;'C992302113866932;TRANSAKCJA KARTĄ PŁATNICZĄ;Artykuły spożywcze
21.01.2023;21.01.2023;BISTRO GRZYBOWSKA 61   WARSZAWA;;'23124015321111001044176713;;*********3025639;-25,50;PLN;'C992302113863172;TRANSAKCJA KARTĄ PŁATNICZĄ;Restauracje i kawiarnie
21.01.2023;21.01.2023;BISTRO GRZYBOWSKA 61   WARSZAWA;;'23124015321111001044176713;;*********3025639;-36,50;PLN;'C992302113859078;TRANSAKCJA KARTĄ PŁATNICZĄ;Restauracje i kawiarnie
21.01.2023;21.01.2023;LA GRIVE SP Z OO       WARSZAWA;;'23124015321111001044176713;;*********3025639;-150,00;PLN;'C992302113846400;TRANSAKCJA KARTĄ PŁATNICZĄ;Uroda, fryzjer, kosmetyczka
21.01.2023;21.01.2023;APTEKA PRZY OKOPOWE    WARSZAWA;;'23124015321111001044176713;;*********3025639;-14,50;PLN;'C992302111765960;TRANSAKCJA KARTĄ PŁATNICZĄ;Lekarstwa
21.01.2023;21.01.2023;UBER *TRIP HELP.UBER.C AMSTERDAM;;'23124015321111001044176713;;;-0,93;PLN;'C992302102576152;TRANSAKCJA KARTĄ PŁATNICZĄ;Taxi
21.01.2023;21.01.2023;UBER   * PENDING       AMSTERDAM;;'23124015321111001044176713;;*********3025639;-27,30;PLN;'C992302100575619;TRANSAKCJA KARTĄ PŁATNICZĄ;Taxi
20.01.2023;20.01.2023;PEPCO 1698 WARSZAWA 9  WARSZAWA;;'23124015321111001044176713;;*********3025639;-40,00;PLN;'C992302017454265;TRANSAKCJA KARTĄ PŁATNICZĄ;Ubrania
20.01.2023;20.01.2023;DARWINA.PL             WARSZAWA;;'23124015321111001044176713;;*********3025639;-69,90;PLN;'C992302018487468;TRANSAKCJA KARTĄ PŁATNICZĄ;Alkohol
20.01.2023;20.01.2023;DARWINA.PL             WARSZAWA;;'23124015321111001044176713;;*********3025639;-23,98;PLN;'C992302019523909;TRANSAKCJA KARTĄ PŁATNICZĄ;Alkohol
20.01.2023;20.01.2023;SUPER - PHARM WARSZ    WARSZAWA;;'23124015321111001044176713;;*********3025639;-39,99;PLN;'C992302017466787;TRANSAKCJA KARTĄ PŁATNICZĄ;Lekarstwa
18.01.2023;18.01.2023;;;'23124015321111001044176713;'92124020921362991111000000;Opłata za obsługę kartyMasterCard Debit*43025639 za miesiąc 1.2023;-1,00;PLN;'M01506AH00068950;PROWIZJE AUT.;Opłaty bankowe
18.01.2023;18.01.2023;BISTRO GRZYBOWSKA 61   WARSZAWA;;'23124015321111001044176713;;*********3025639;-22,00;PLN;'C992301818595205;TRANSAKCJA KARTĄ PŁATNICZĄ;Restauracje i kawiarnie
18.01.2023;18.01.2023;JMP S.A. BIEDRONKA 445 WARSZAWA;;'23124015321111001044176713;;*********3025639;-23,71;PLN;'C992301812364052;TRANSAKCJA KARTĄ PŁATNICZĄ;Artykuły spożywcze
18.01.2023;17.01.2023;FOOD KING NOWY SWIAT   WARSZAWA;;'23124015321111001044176713;;*********3025639;-27,00;PLN;'C992301722167565;TRANSAKCJA KARTĄ PŁATNICZĄ;Restauracje i kawiarnie
18.01.2023;17.01.2023;ZAGRYWKI               WARSZAWA;;'23124015321111001044176713;;*********3025639;-5,00;PLN;'C992301720151491;TRANSAKCJA KARTĄ PŁATNICZĄ;Hobby
18.01.2023;18.01.2023;JMP S.A. BIEDRONKA 445 WARSZAWA;;'23124015321111001044176713;;*********3025639;-23,90;PLN;'C992301818605439;TRANSAKCJA KARTĄ PŁATNICZĄ;Artykuły spożywcze
17.01.2023;17.01.2023;MIKOŁAJ KLESZCZ;;'23124015321111001044176713;'93109017530000000117302362;Przelew na telefon;-32,00;PLN;'M042100452582282;PRZELEW BLIK WYCHODZĄCY;Internet, TV, telefon
17.01.2023;17.01.2023;JAKDOJADE.PL           POZNAN;;'23124015321111001044176713;;*********3025639;-25,00;PLN;'C992301718103039;TRANSAKCJA KARTĄ PŁATNICZĄ;Transport publiczny
17.01.2023;17.01.2023;JMP S.A. BIEDRONKA 445 WARSZAWA;;'23124015321111001044176713;;*********3025639;-13,48;PLN;'C992301710773668;TRANSAKCJA KARTĄ PŁATNICZĄ;Artykuły spożywcze
16.01.2023;15.01.2023;ZABKA Z4410 K.2        WARSZAWA;;'23124015321111001044176713;;*********3025639;-11,30;PLN;'C992301514076678;TRANSAKCJA KARTĄ PŁATNICZĄ;Artykuły spożywcze
14.01.2023;14.01.2023;TOOGOODTOG F4CUWNW92NN COPENHAGEN S;;'23124015321111001044176713;;;-11,99;PLN;'C992301418472177;TRANSAKCJA KARTĄ PŁATNICZĄ;Restauracje i kawiarnie
14.01.2023;14.01.2023;SMOKE ZELAZNA  51 LOK. WARSZAWA;;'23124015321111001044176713;;*********3025639;-36,00;PLN;'C992301418458591;TRANSAKCJA KARTĄ PŁATNICZĄ;Restauracje i kawiarnie
14.01.2023;14.01.2023;REVOLUT**8234*         DUBLIN;;'23124015321111001044176713;;;-200,00;PLN;'C992301413291464;TRANSAKCJA KARTĄ PŁATNICZĄ;Bez kategorii
14.01.2023;13.01.2023;ZABKA Z4410 K.2        WARSZAWA;;'23124015321111001044176713;;*********3025639;-6,40;PLN;'C992301320927772;TRANSAKCJA KARTĄ PŁATNICZĄ;Artykuły spożywcze
13.01.2023;13.01.2023;TOOGOODTOG R579W6G4RLZ COPENHAGEN S;;'23124015321111001044176713;;;-14,99;PLN;'C992301318879092;TRANSAKCJA KARTĄ PŁATNICZĄ;Restauracje i kawiarnie
13.01.2023;13.01.2023;TOOGOODTOG LR32NVYTXET COPENHAGEN S;;'23124015321111001044176713;;;-12,99;PLN;'C992301318878910;TRANSAKCJA KARTĄ PŁATNICZĄ;Restauracje i kawiarnie
13.01.2023;13.01.2023;PAYU;MYSTICTRAVEL.CO Grunwaldzka 186,Poznan;'23124015321111001044176713;;BLIK REF       71204013383;-950,00;PLN;'C992301316768591;PŁATNOŚĆ BLIK;Zakupy przez internet
13.01.2023;13.01.2023;ZABKA Z4410 K.2        WARSZAWA;;'23124015321111001044176713;;*********3025639;-12,40;PLN;'C992301312596229;TRANSAKCJA KARTĄ PŁATNICZĄ;Artykuły spożywcze
12.01.2023;12.01.2023;TOOGOODTOG OWES84EADP3 COPENHAGEN S;;'23124015321111001044176713;;;-11,99;PLN;'C992301218312292;TRANSAKCJA KARTĄ PŁATNICZĄ;Restauracje i kawiarnie
12.01.2023;12.01.2023;JMP S.A. BIEDRONKA 445 WARSZAWA;;'23124015321111001044176713;;*********3025639;-54,36;PLN;'C992301217263729;TRANSAKCJA KARTĄ PŁATNICZĄ;Artykuły spożywcze
12.01.2023;12.01.2023;FADI KEBAB             WARSZAWA;;'23124015321111001044176713;;*********3025639;-23,00;PLN;'C992301212038182;TRANSAKCJA KARTĄ PŁATNICZĄ;Restauracje i kawiarnie
12.01.2023;12.01.2023;GORACO POLECAM         WARSZAWA;;'23124015321111001044176713;;*********3025639;-12,90;PLN;'C992301207874862;TRANSAKCJA KARTĄ PŁATNICZĄ;Artykuły spożywcze
11.01.2023;11.01.2023;PAYU;EMARKET.LUXMED. Grunwaldzka 186,Poznan;'23124015321111001044176713;;BLIK REF       71163402221;-69,00;PLN;'C992301101661118;PŁATNOŚĆ BLIK;Zakupy przez internet
10.01.2023;10.01.2023;MACHOP SP. Z O.O.      WARSZAWA;;'23124015321111001044176713;;*********3025639;-36,00;PLN;'C992301012960588;TRANSAKCJA KARTĄ PŁATNICZĄ;Restauracje i kawiarnie
10.01.2023;10.01.2023;MLECZARNIA JEROZOLIMSK WARSZAWA;;'23124015321111001044176713;;*********3025639;-15,04;PLN;'C992301009835620;TRANSAKCJA KARTĄ PŁATNICZĄ;Restauracje i kawiarnie
10.01.2023;10.01.2023;JMP S.A. BIEDRONKA 445 WARSZAWA;;'23124015321111001044176713;;*********3025639;-25,95;PLN;'C992301018211270;TRANSAKCJA KARTĄ PŁATNICZĄ;Artykuły spożywcze
10.01.2023;10.01.2023;IKE BOSSA;;'23124015321111001044176713;'83154011578129000000814183;IKE 814183;-500,00;PLN;'014231AA71008042;ZLECENIE STAŁE;Bez kategorii
09.01.2023;08.01.2023;ZABKA Z4410 K.2        WARSZAWA;;'23124015321111001044176713;;*********3025639;-4,20;PLN;'C992300821227130;TRANSAKCJA KARTĄ PŁATNICZĄ;Artykuły spożywcze
09.01.2023;09.01.2023;ASSECO POLAND SA PŁACE;UL. OLCHOWA 14 35-322 RZESZÓW;'42124059181111000049090675;'23124015321111001044176713;WYNAGRODZENIE 12/2022 **202212U** 23119;6 369,26;PLN;'4910109987845316;PRZELEW;Wynagrodzenie
09.01.2023;09.01.2023;JMP S.A. BIEDRONKA 445 WARSZAWA;;'23124015321111001044176713;;*********3025639;-27,38;PLN;'C992300913464268;TRANSAKCJA KARTĄ PŁATNICZĄ;Artykuły spożywcze
07.01.2023;07.01.2023;JMP S.A. BIEDRONKA 445 WARSZAWA;;'23124015321111001044176713;;*********3025639;-69,35;PLN;'C992300711670523;TRANSAKCJA KARTĄ PŁATNICZĄ;Artykuły spożywcze
07.01.2023;07.01.2023;ZABKA Z4410 K.1        WARSZAWA;;'23124015321111001044176713;;*********3025639;-12,00;PLN;'C992300720050829;TRANSAKCJA KARTĄ PŁATNICZĄ;Artykuły spożywcze
06.01.2023;05.01.2023;JMP S.A. BIEDRONKA 445 WARSZAWA;;'23124015321111001044176713;;*********3025639;-32,88;PLN;'C992300521325357;TRANSAKCJA KARTĄ PŁATNICZĄ;Artykuły spożywcze
06.01.2023;06.01.2023;PAYPAL *PATRONITE      35314369001;;'23124015321111001044176713;;*********3025639;-7,00;PLN;'C992300612385515;TRANSAKCJA KARTĄ PŁATNICZĄ;Kino i teatr
06.01.2023;06.01.2023;ZABKA Z4410 K.1        WARSZAWA;;'23124015321111001044176713;;*********3025639;-11,68;PLN;'C992300612379548;TRANSAKCJA KARTĄ PŁATNICZĄ;Artykuły spożywcze
05.01.2023;05.01.2023;PAYPRO S.A.;;'23124015321111001044176713;'65124059341111001093613108;P24-H8E-D9M-C4V Allegro cfe0f546-8d2;-76,89;PLN;'0142315620606407;PRZELEW WEWNĘTRZNY - DOSTAWCA;Zakupy przez internet
05.01.2023;05.01.2023;JA KEBAB SP ZOO        WARSZAWA;;'23124015321111001044176713;;*********3025639;-20,00;PLN;'C992300518236645;TRANSAKCJA KARTĄ PŁATNICZĄ;Restauracje i kawiarnie
04.01.2023;04.01.2023;KUCHNIA WIETNAMSK83619 WARSZAWA;;'23124015321111001044176713;;*********3025639;-25,00;PLN;'C992300416583658;TRANSAKCJA KARTĄ PŁATNICZĄ;Restauracje i kawiarnie
04.01.2023;04.01.2023;LIDL KAROLKOWA         WARSZAWA;;'23124015321111001044176713;;*********3025639;-54,93;PLN;'C992300417622734;TRANSAKCJA KARTĄ PŁATNICZĄ;Artykuły spożywcze
03.01.2023;03.01.2023;SEBASTIAN KURYŁO;AUGUSTÓW 16-300 16-300 AUGUSTÓW UL. NADRZECZNA 140A;'20194010764625325400000000;'23124015321111001044176713;Przelew na telefon BLIK;46,50;PLN;'M042000046868607;PRZELEW BLIK PRZYCHODZĄCY;Sprzedaż
03.01.2023;03.01.2023;PAYU;PYSZNE.PL Grunwaldzka 186,Poznan;'23124015321111001044176713;;BLIK REF       71019856279;-132,50;PLN;'C992300319963487;PŁATNOŚĆ BLIK;Zakupy przez internet
02.01.2023;02.01.2023;NETFLIX.COM            AMSTERDAM;;'23124015321111001044176713;;;-60,00;PLN;'C992300204327004;TRANSAKCJA KARTĄ PŁATNICZĄ;Internet, TV, telefon
02.01.2023;02.01.2023;JMP S.A. BIEDRONKA 445 WARSZAWA;;'23124015321111001044176713;;*********3025639;-26,11;PLN;'C992300212465391;TRANSAKCJA KARTĄ PŁATNICZĄ;Artykuły spożywcze
02.01.2023;02.01.2023;JMP S.A. BIEDRONKA 445 WARSZAWA;;'23124015321111001044176713;;*********3025639;-6,22;PLN;'C992300207353346;TRANSAKCJA KARTĄ PŁATNICZĄ;Artykuły spożywcze
02.01.2023;01.01.2023;PAYPRO S.A.;TELESAJGON.PL Pastelowa 8,Poznan;'23124015321111001044176713;;BLIK REF       70962780663;-42,50;PLN;'C992300116110843;PŁATNOŚĆ BLIK;Zakupy przez internet
02.01.2023;01.01.2023;UBER   * PENDING       AMSTERDAM;;'23124015321111001044176713;;*********3025639;-36,57;PLN;'C992300103231973;TRANSAKCJA KARTĄ PŁATNICZĄ;Taxi
