Data księgowania;Data waluty;Nadawca / Odbiorca;Adres nadawcy / odbiorcy;Rachunek źródłowy;Rachunek docelowy;Tytułem;Kwota operacji;Waluta;Numer referencyjny;Typ operacji;Kategoria
31.12.2022;31.12.2022;;;;'23124015321111001044176713;ODSETKI OD DEPOZYTU;0,36;PLN;'01422CV98C001119;ODSETKI OD DEPOZYTU;Odsetki, zwrot z inwestycji
31.12.2022;31.12.2022;;;'23124015321111001044176713;;PODATEK POBRANY;-0,07;PLN;'01422CV98C001118;PODATEK POBRANY;Podatki
31.12.2022;31.12.2022;ZABKA Z7373 K.1        WARSZAWA;;'23124015321111001044176713;;*********3025639;-69,49;PLN;'C992236520209080;TRANSAKCJA KARTĄ PŁATNICZĄ;Artykuły spożywcze
31.12.2022;31.12.2022;JMP S.A. BIEDRONKA 445 WARSZAWA;;'23124015321111001044176713;;*********3025639;-49,70;PLN;'C992236514084248;TRANSAKCJA KARTĄ PŁATNICZĄ;Artykuły spożywcze
30.12.2022;30.12.2022;JMP S.A. BIEDRONKA 4456WARSZAWA;;'23124015321111001044176713;;*********3025639;-30,35;PLN;'C992236412316792;TRANSAKCJA KARTĄ PŁATNICZĄ;Artykuły spożywcze
29.12.2022;29.12.2022;ASSECO POLAND SA;UL. OLCHOWA 14 35-322    RZESZÓW             PL;'42124059181111000049090675;'23124015321111001044176713;NAGRODA SPECJALNA **202212P11** 23119;4 742,67;PLN;'4911229614601677;PRZELEW;Premia, nagroda
29.12.2022;29.12.2022;ASSECO POLAND SA;UL. OLCHOWA 14 35-322    RZESZÓW             PL;'42124059181111000049090675;'23124015321111001044176713;WYNAGRODZENIE ZA PRACE W NOCY I NADGODZINY **202212N3** 23119;1 187,77;PLN;'4911229614401177;PRZELEW;Wynagrodzenie
27.12.2022;27.12.2022;LIDL KAROLKOWA         WARSZAWA;;'23124015321111001044176713;;*********3025639;-104,16;PLN;'C992236117049723;TRANSAKCJA KARTĄ PŁATNICZĄ;Artykuły spożywcze
26.12.2022;25.12.2022;ALLEGRO.PL;WWW.ALLEGRO.PL WIERZBIECICE 1B,Poznan;'23124015321111001044176713;;BLIK REF       70831399501;-29,99;PLN;'C992235921025492;PŁATNOŚĆ BLIK;Zakupy przez internet
26.12.2022;25.12.2022;JAROSŁAW JAKUB MILLER;RYNEK 65 26-025    ŁAGÓW               PL;'75124060031111001047891677;'23124015321111001044176713;splitwise;108,07;PLN;'50322CP627403117;PRZELEW;Inne
26.12.2022;25.12.2022;KACPER BANASIK;;'23124015321111001044176713;'69124060031111001048178711;splitwase;-1 848,24;PLN;'01422CP629204145;REALIZACJA PŁATNOŚCI PEOPAY;Bez kategorii
24.12.2022;24.12.2022;MATEUSZ SOBIERAJ;JÓZEFA BEMA 5/4 18-400    ŁOMŻA               PL;'92124015321111001056581965;'23124015321111001044176713;Przelew środków;270,00;PLN;'01422CO604001710;PRZELEW;Inne
24.12.2022;24.12.2022;PAYPRO S.A.;WWW.E-PODROZNIK Pastelowa 8,Poznan;'23124015321111001044176713;;BLIK REF       70800162040;-41,43;PLN;'C992235813798528;PŁATNOŚĆ BLIK;Zakupy przez internet
23.12.2022;23.12.2022;JAKDOJADE.PL           POZNAN;;'23124015321111001044176713;;*********3025639;-10,00;PLN;'C992235718157935;TRANSAKCJA KARTĄ PŁATNICZĄ;Transport publiczny
22.12.2022;22.12.2022;KUCHNIA WIETNAMSK83619 WARSZAWA;;'23124015321111001044176713;;*********3025639;-33,00;PLN;'C992235617357101;TRANSAKCJA KARTĄ PŁATNICZĄ;Restauracje i kawiarnie
22.12.2022;22.12.2022;LIDL KAROLKOWA         WARSZAWA;;'23124015321111001044176713;;*********3025639;-35,41;PLN;'C992235617354680;TRANSAKCJA KARTĄ PŁATNICZĄ;Artykuły spożywcze
22.12.2022;22.12.2022;PAYPRO S.A.;UL. PASTELOWA 8 60-198 POZNAŃ;'23124015321111001044176713;'38124059341111001091785920;P24-G9E-B7A-W8V;-43,03;PLN;'01422CM626108453;PRZELEW MOBILE;Bez kategorii
22.12.2022;21.12.2022;PAYU;PYSZNE.PL Grunwaldzka 186,Poznan;'23124015321111001044176713;;BLIK REF       70756561634;-64,50;PLN;'C992235520953503;PŁATNOŚĆ BLIK;Zakupy przez internet
21.12.2022;21.12.2022;AUCHAN POLSKA SP. Z    WARSZAWA;;'23124015321111001044176713;;*********3025639;-50,96;PLN;'C992235509270759;TRANSAKCJA KARTĄ PŁATNICZĄ;Artykuły spożywcze
21.12.2022;21.12.2022;AUCHAN POLSKA SP. Z    WARSZAWA;;'23124015321111001044176713;;*********3025639;-8,50;PLN;'C992235509257368;TRANSAKCJA KARTĄ PŁATNICZĄ;Artykuły spożywcze
21.12.2022;21.12.2022;LUX MED SP. Z O.O.     WARSZAWA;;'23124015321111001044176713;;*********3025639;-216,20;PLN;'C992235508239351;TRANSAKCJA KARTĄ PŁATNICZĄ;Opieka medyczna
21.12.2022;21.12.2022;LUX MED SP. Z O.O.     WARSZAWA;;'23124015321111001044176713;;*********3025639;-171,20;PLN;'C992235508233530;TRANSAKCJA KARTĄ PŁATNICZĄ;Opieka medyczna
21.12.2022;21.12.2022;JAKDOJADE.PL           POZNAN;;'23124015321111001044176713;;*********3025639;-10,00;PLN;'C992235507205407;TRANSAKCJA KARTĄ PŁATNICZĄ;Transport publiczny
19.12.2022;19.12.2022;JMP S.A. BIEDRONKA 445 WARSZAWA;;'23124015321111001044176713;;*********3025639;-39,54;PLN;'C992235310166209;TRANSAKCJA KARTĄ PŁATNICZĄ;Artykuły spożywcze
19.12.2022;18.12.2022;BOLT;FOOD.BOLT.EU Vana-Louna tn,Tallinn;'23124015321111001044176713;;BLIK REF       70689973130;-72,00;PLN;'C992235213454260;PŁATNOŚĆ BLIK;Restauracje i kawiarnie
17.12.2022;16.12.2022;LIDL KAROLKOWA         WARSZAWA;;'23124015321111001044176713;;*********3025639;-113,97;PLN;'C992235020094324;TRANSAKCJA KARTĄ PŁATNICZĄ;Artykuły spożywcze
17.12.2022;17.12.2022;JMP S.A. BIEDRONKA 445 WARSZAWA;;'23124015321111001044176713;;*********3025639;-15,61;PLN;'C992235113446500;TRANSAKCJA KARTĄ PŁATNICZĄ;Artykuły spożywcze
15.12.2022;15.12.2022;ZABKA Z4410 K.2        WARSZAWA;;'23124015321111001044176713;;*********3025639;-6,60;PLN;'C992234914248703;TRANSAKCJA KARTĄ PŁATNICZĄ;Artykuły spożywcze
15.12.2022;15.12.2022;ASSECO POLAND SA PŁACE;UL. OLCHOWA 14 35-322 RZESZÓW;'42124059181111000049090675;'23124015321111001044176713;PREMIA STANDBY **202212P1** 23119;650,83;PLN;'4911215986962513;PRZELEW;Premia, nagroda
15.12.2022;15.12.2022;JMP S.A. BIEDRONKA 445 WARSZAWA;;'23124015321111001044176713;;*********3025639;-19,21;PLN;'C992234911140856;TRANSAKCJA KARTĄ PŁATNICZĄ;Artykuły spożywcze
15.12.2022;15.12.2022;;;'23124015321111001044176713;'92124020921362991111000000;Opłata za obsługę kartyMasterCard Debit*43025639 za miesiąc 12.2022;-1,00;PLN;'M01505LE00005767;PROWIZJE AUT.;Opłaty bankowe
14.12.2022;14.12.2022;BAR MLECZNY 02         WARSZAWA;;'23124015321111001044176713;;*********3025639;-26,00;PLN;'C992234812629547;TRANSAKCJA KARTĄ PŁATNICZĄ;Puby i kluby
14.12.2022;14.12.2022;CARREFOUR EXPRESS H82  WARSZAWA;;'23124015321111001044176713;;*********3025639;-3,29;PLN;'C992234809502053;TRANSAKCJA KARTĄ PŁATNICZĄ;Artykuły spożywcze
14.12.2022;14.12.2022;GORACO POLECAM         WARSZAWA;;'23124015321111001044176713;;*********3025639;-8,90;PLN;'C992234807450839;TRANSAKCJA KARTĄ PŁATNICZĄ;Artykuły spożywcze
13.12.2022;13.12.2022;AUTOMATSPEC SPZOO      LISZKI;;'23124015321111001044176713;;*********3025639;-4,50;PLN;'C992234714169138;TRANSAKCJA KARTĄ PŁATNICZĄ;Artykuły spożywcze
13.12.2022;13.12.2022;JMP S.A. BIEDRONKA 445 WARSZAWA;;'23124015321111001044176713;;*********3025639;-15,85;PLN;'C992234718322069;TRANSAKCJA KARTĄ PŁATNICZĄ;Artykuły spożywcze
13.12.2022;13.12.2022;MACHOP SP. Z O.O.      WARSZAWA;;'23124015321111001044176713;;*********3025639;-62,00;PLN;'C992234713106008;TRANSAKCJA KARTĄ PŁATNICZĄ;Restauracje i kawiarnie
12.12.2022;11.12.2022;ZABKA Z4410 K.2        WARSZAWA;;'23124015321111001044176713;;*********3025639;-14,00;PLN;'C992234520330500;TRANSAKCJA KARTĄ PŁATNICZĄ;Artykuły spożywcze
12.12.2022;12.12.2022;APTEKA 37              WARSZAWA;;'23124015321111001044176713;;*********3025639;-29,90;PLN;'C992234608410582;TRANSAKCJA KARTĄ PŁATNICZĄ;Lekarstwa
12.12.2022;12.12.2022;AUCHAN POLSKA SP. Z    WARSZAWA;;'23124015321111001044176713;;*********3025639;-71,80;PLN;'C992234611492041;TRANSAKCJA KARTĄ PŁATNICZĄ;Artykuły spożywcze
12.12.2022;12.12.2022;AUCHAN POLSKA SP. Z    WARSZAWA;;'23124015321111001044176713;;*********3025639;-10,50;PLN;'C992234610479227;TRANSAKCJA KARTĄ PŁATNICZĄ;Artykuły spożywcze
12.12.2022;12.12.2022;KAWIARNIA SO] COFFE 34 WARSZAWA;;'23124015321111001044176713;;*********3025639;-3,39;PLN;'C992234609414798;TRANSAKCJA KARTĄ PŁATNICZĄ;Restauracje i kawiarnie
10.12.2022;10.12.2022;BARTOSZ SULIMA SOLUTIONS;JANA KAZIMIERZA 21/5 01-248    WARSZAWA            PL;'32124062181111001106391946;'23124015321111001044176713;zwrot za burrito;36,00;PLN;'52422CA627903676;PRZELEW;Inne
10.12.2022;10.12.2022;ZABKA Z4410 K.1        WARSZAWA;;'23124015321111001044176713;;*********3025639;-3,80;PLN;'C992234417922032;TRANSAKCJA KARTĄ PŁATNICZĄ;Artykuły spożywcze
10.12.2022;10.12.2022;IKE BOSSA;;'23124015321111001044176713;'83154011578129000000814183;IKE 814183;-500,00;PLN;'01422CAA71005076;ZLECENIE STAŁE;Bez kategorii
09.12.2022;09.12.2022;JMP S.A. BIEDRONKA 445 WARSZAWA;;'23124015321111001044176713;;*********3025639;-41,81;PLN;'C992234310917342;TRANSAKCJA KARTĄ PŁATNICZĄ;Artykuły spożywcze
08.12.2022;08.12.2022;ASSECO POLAND SA PŁACE;UL. OLCHOWA 14 35-322 RZESZÓW;'42124059181111000049090675;'23124015321111001044176713;202211U **202211U** 23119;6 173,80;PLN;'4911208987373721;PRZELEW;Wynagrodzenie
08.12.2022;08.12.2022;ZABKA Z4410 K.2        WARSZAWA;;'23124015321111001044176713;;*********3025639;-8,40;PLN;'C992234211362280;TRANSAKCJA KARTĄ PŁATNICZĄ;Artykuły spożywcze
07.12.2022;07.12.2022;JAKDOJADE.PL           POZNAN;;'23124015321111001044176713;;*********3025639;-10,00;PLN;'C992234110827740;TRANSAKCJA KARTĄ PŁATNICZĄ;Transport publiczny
07.12.2022;07.12.2022;AUCHAN WOLA            WARSZAWA;;'23124015321111001044176713;;*********3025639;-0,65;PLN;'C992234110811589;TRANSAKCJA KARTĄ PŁATNICZĄ;Artykuły spożywcze
07.12.2022;07.12.2022;AUCHAN WOLA            WARSZAWA;;'23124015321111001044176713;;*********3025639;-82,29;PLN;'C992234110810896;TRANSAKCJA KARTĄ PŁATNICZĄ;Artykuły spożywcze
07.12.2022;07.12.2022;LUX MED SP. Z O.O.     WARSZAWA;;'23124015321111001044176713;;*********3025639;-92,80;PLN;'C992234109776434;TRANSAKCJA KARTĄ PŁATNICZĄ;Opieka medyczna
07.12.2022;06.12.2022;JMP S.A. BIEDRONKA 445 WARSZAWA;;'23124015321111001044176713;;*********3025639;-4,45;PLN;'C992234020677450;TRANSAKCJA KARTĄ PŁATNICZĄ;Artykuły spożywcze
06.12.2022;06.12.2022;KACPER BANASIK;;'23124015321111001044176713;'69124060031111001048178711;splitwise;-2 221,61;PLN;'01422C6604705928;PRZELEW INTERNET;Bez kategorii
06.12.2022;06.12.2022;ZABKA Z4410 K.2        WARSZAWA;;'23124015321111001044176713;;*********3025639;-7,50;PLN;'C992234016536840;TRANSAKCJA KARTĄ PŁATNICZĄ;Artykuły spożywcze
06.12.2022;06.12.2022;MARIUSZ ZIECINA;;'23124015321111001044176713;'26102011270000130202564748;Przelew na telefon;-18,50;PLN;'M042100425596496;PRZELEW BLIK WYCHODZĄCY;Internet, TV, telefon
06.12.2022;06.12.2022;PAYPAL *PATRONITE      35314369001;;'23124015321111001044176713;;*********3025639;-2,60;PLN;'C992234011321426;TRANSAKCJA KARTĄ PŁATNICZĄ;Kino i teatr
06.12.2022;06.12.2022;GORACO POLECAM         WARSZAWA;;'23124015321111001044176713;;*********3025639;-12,90;PLN;'C992234007190037;TRANSAKCJA KARTĄ PŁATNICZĄ;Artykuły spożywcze
06.12.2022;06.12.2022;CARREFOUR EXPRESS H82  WARSZAWA;;'23124015321111001044176713;;*********3025639;-3,69;PLN;'C992234007189369;TRANSAKCJA KARTĄ PŁATNICZĄ;Artykuły spożywcze
05.12.2022;05.12.2022;DOLADOWANIA.PLAY.PL    POZNAN;;'23124015321111001044176713;;*********3025639;-30,00;PLN;'C992233911709074;TRANSAKCJA KARTĄ PŁATNICZĄ;Internet, TV, telefon
05.12.2022;04.12.2022;ZABKA Z4410 K.1        WARSZAWA;;'23124015321111001044176713;;*********3025639;-28,39;PLN;'C992233815498740;TRANSAKCJA KARTĄ PŁATNICZĄ;Artykuły spożywcze
03.12.2022;03.12.2022;VOZNITSKA YANA;;'61116022020000000338292832;'23124015321111001044176713;Przelew BLIK na telefon;96,00;PLN;'M042000044117663;PRZELEW BLIK PRZYCHODZĄCY;Sprzedaż
03.12.2022;03.12.2022;MARIUSZ GRZEGORZ ZIĘCINA;;'26102011270000130202564748;'23124015321111001044176713;RamenOd: 48514655978 Do: 485*****789;48,00;PLN;'M042000044117614;PRZELEW BLIK PRZYCHODZĄCY;Inne
03.12.2022;03.12.2022;LIPONOGA NINA;;'23116022020000000081891379;'23124015321111001044176713;Obiadek;47,00;PLN;'M042000044117640;PRZELEW BLIK PRZYCHODZĄCY;Inne
03.12.2022;03.12.2022;KAWIARNIA              GRODZISK MAZ;;'23124015321111001044176713;;*********3025639;-242,00;PLN;'C992233715189588;TRANSAKCJA KARTĄ PŁATNICZĄ;Restauracje i kawiarnie
03.12.2022;03.12.2022;JMP S.A. BIEDRONKA 445 WARSZAWA;;'23124015321111001044176713;;*********3025639;-36,16;PLN;'C992233719328863;TRANSAKCJA KARTĄ PŁATNICZĄ;Artykuły spożywcze
02.12.2022;02.12.2022;LIDL KAROLKOWA         WARSZAWA;;'23124015321111001044176713;;*********3025639;-87,43;PLN;'C992233618682835;TRANSAKCJA KARTĄ PŁATNICZĄ;Artykuły spożywcze
02.12.2022;02.12.2022;NETFLIX.COM            AMSTERDAM;;'23124015321111001044176713;;;-60,00;PLN;'C992233605161870;TRANSAKCJA KARTĄ PŁATNICZĄ;Internet, TV, telefon
02.12.2022;02.12.2022;ZABKA Z4410 K.1        WARSZAWA;;'23124015321111001044176713;;*********3025639;-17,08;PLN;'C992233613418405;TRANSAKCJA KARTĄ PŁATNICZĄ;Artykuły spożywcze
01.12.2022;01.12.2022;JMP S.A. BIEDRONKA 445 WARSZAWA;;'23124015321111001044176713;;*********3025639;-71,12;PLN;'C992233519094810;TRANSAKCJA KARTĄ PŁATNICZĄ;Artykuły spożywcze
01.12.2022;30.11.2022;ZABKA Z4370 K.1        WARSZAWA;;'23124015321111001044176713;;*********3025639;-8,99;PLN;'C992233422593223;TRANSAKCJA KARTĄ PŁATNICZĄ;Artykuły spożywcze
01.12.2022;01.12.2022;JMP S.A. BIEDRONKA 445 WARSZAWA;;'23124015321111001044176713;;*********3025639;-21,53;PLN;'C992233511773512;TRANSAKCJA KARTĄ PŁATNICZĄ;Artykuły spożywcze
01.12.2022;30.11.2022;UWAGA PIWO             WARSZAWA;;'23124015321111001044176713;;*********3025639;-16,00;PLN;'C992233421586247;TRANSAKCJA KARTĄ PŁATNICZĄ;Alkohol
01.12.2022;30.11.2022;UWAGA PIWO             WARSZAWA;;'23124015321111001044176713;;*********3025639;-32,00;PLN;'C992233420580107;TRANSAKCJA KARTĄ PŁATNICZĄ;Alkohol
01.12.2022;01.12.2022;MARIUSZ GRZEGORZ ZIĘCINA;;'26102011270000130202564748;'23124015321111001044176713;PiwkoOd: 48514655978 Do: 485*****789;48,00;PLN;'M042000043935698;PRZELEW BLIK PRZYCHODZĄCY;Inne
30.11.2022;30.11.2022;ASSECO POLAND SA PŁACE;UL. OLCHOWA 14 35-322 RZESZÓW;'42124059181111000049090675;'23124015321111001044176713;WYNAGRODZENIE ZA PRACE W NOCY I NAD;1 079,61;PLN;'4911130986972669;PRZELEW;Wynagrodzenie
30.11.2022;30.11.2022;;;'23124015321111001044176713;;PODATEK POBRANY;-0,06;PLN;'01422BU98C001124;PODATEK POBRANY;Podatki
30.11.2022;30.11.2022;KOZACZOK ZELAZNA 51-53 WARSZAWA;;'23124015321111001044176713;;*********3025639;-31,00;PLN;'C992233418518518;TRANSAKCJA KARTĄ PŁATNICZĄ;Restauracje i kawiarnie
30.11.2022;30.11.2022;AUTOMATSPEC SPZOO      LISZKI;;'23124015321111001044176713;;*********3025639;-4,50;PLN;'C992233416429125;TRANSAKCJA KARTĄ PŁATNICZĄ;Artykuły spożywcze
30.11.2022;30.11.2022;;;;'23124015321111001044176713;ODSETKI OD DEPOZYTU;0,32;PLN;'01422BU98C001125;ODSETKI OD DEPOZYTU;Odsetki, zwrot z inwestycji
30.11.2022;30.11.2022;UWAGA PIWO             WARSZAWA;;'23124015321111001044176713;;*********3025639;-22,00;PLN;'C992233417458490;TRANSAKCJA KARTĄ PŁATNICZĄ;Alkohol
30.11.2022;30.11.2022;FADI KEBAB             WARSZAWA;;'23124015321111001044176713;;*********3025639;-21,50;PLN;'C992233413287466;TRANSAKCJA KARTĄ PŁATNICZĄ;Restauracje i kawiarnie
30.11.2022;30.11.2022;WACŁAW SEBASTIAN BOROWSKI;UL. DARŁOWSKA 3  M.46 04-091 WARSZAWA;'50102055581111138370700074;'23124015321111001044176713;KAMIL ZIOM 2022 LIPEIC-GRUDZIEŃ;90,00;PLN;'WK30001511489651;PRZELEW KRAJOWY MIĘDZYBANKOWY;Inne
30.11.2022;30.11.2022;GORACO POLECAM         WARSZAWA;;'23124015321111001044176713;;*********3025639;-8,90;PLN;'C992233407082904;TRANSAKCJA KARTĄ PŁATNICZĄ;Artykuły spożywcze
30.11.2022;30.11.2022;UWAGA PIWO             WARSZAWA;;'23124015321111001044176713;;*********3025639;-48,00;PLN;'C992233419555948;TRANSAKCJA KARTĄ PŁATNICZĄ;Alkohol
29.11.2022;29.11.2022;MACHOP SP. Z O.O.      WARSZAWA;;'23124015321111001044176713;;*********3025639;-27,00;PLN;'C992233313773506;TRANSAKCJA KARTĄ PŁATNICZĄ;Restauracje i kawiarnie
28.11.2022;28.11.2022;ŁUCJA;;'23124015321111001044176713;'09124015321111001041567374;prezent lalka;-100,00;PLN;'01422BS606303190;REALIZACJA PŁATNOŚCI PEOPAY;Prezenty, upominki
28.11.2022;28.11.2022;CARREFOUR HIPERMARKET  WARSZAWA;;'23124015321111001044176713;;*********3025639;-58,88;PLN;'C992233212200976;TRANSAKCJA KARTĄ PŁATNICZĄ;Artykuły spożywcze
28.11.2022;28.11.2022;LEROY MERLIN WARSZA    WARSZAWA;;'23124015321111001044176713;;*********3025639;-11,55;PLN;'C992233211181741;TRANSAKCJA KARTĄ PŁATNICZĄ;Wyposażenie
28.11.2022;28.11.2022;CARREFOUR HIPERMARKET  WARSZAWA;;'23124015321111001044176713;;*********3025639;-14,00;PLN;'C992233210141304;TRANSAKCJA KARTĄ PŁATNICZĄ;Artykuły spożywcze
28.11.2022;22.11.2022;BANK PEKAO S.A.;CENTRALA-OŚRODEK OPERACJI KART ul.Giełdowa 5 01-211 Warszawa;'53124000270999999999999999;'23124015321111001044176713;ZWROT NIEROZLICZONEJ TRANSAKCJINA KARTĘ **** **** 4302 5639WYKONANEJ DN. 22/11/2022;44,67;PLN;'0322112660041364;PRZELEW;Inne
28.11.2022;27.11.2022;REVOLUT**8234*         DUBLIN;;'23124015321111001044176713;;;-150,00;PLN;'C992233116965411;TRANSAKCJA KARTĄ PŁATNICZĄ;Bez kategorii
28.11.2022;27.11.2022;ZABKA Z4410 K.1        WARSZAWA;;'23124015321111001044176713;;*********3025639;-12,40;PLN;'C992233111879111;TRANSAKCJA KARTĄ PŁATNICZĄ;Artykuły spożywcze
26.11.2022;26.11.2022;JMP S.A. BIEDRONKA 445 WARSZAWA;;'23124015321111001044176713;;*********3025639;-32,18;PLN;'C992233019797930;TRANSAKCJA KARTĄ PŁATNICZĄ;Artykuły spożywcze
26.11.2022;26.11.2022;AUCHAN WOLA            WARSZAWA;;'23124015321111001044176713;;*********3025639;-116,82;PLN;'C992233014618484;TRANSAKCJA KARTĄ PŁATNICZĄ;Artykuły spożywcze
26.11.2022;26.11.2022;AUCHAN WOLA            WARSZAWA;;'23124015321111001044176713;;*********3025639;-2,58;PLN;'C992233012519671;TRANSAKCJA KARTĄ PŁATNICZĄ;Artykuły spożywcze
26.11.2022;26.11.2022;AUCHAN WOLA            WARSZAWA;;'23124015321111001044176713;;*********3025639;-8,50;PLN;'C992233012509282;TRANSAKCJA KARTĄ PŁATNICZĄ;Artykuły spożywcze
26.11.2022;25.11.2022;JMP S.A. BIEDRONKA 445 WARSZAWA;;'23124015321111001044176713;;*********3025639;-25,23;PLN;'C992232920240449;TRANSAKCJA KARTĄ PŁATNICZĄ;Artykuły spożywcze
25.11.2022;25.11.2022;ZABKA Z4410 K.1        WARSZAWA;;'23124015321111001044176713;;*********3025639;-3,70;PLN;'C992232917145057;TRANSAKCJA KARTĄ PŁATNICZĄ;Artykuły spożywcze
25.11.2022;25.11.2022;VINA EXPRESS           WARSZAWA;;'23124015321111001044176713;;*********3025639;-44,00;PLN;'C992232917130161;TRANSAKCJA KARTĄ PŁATNICZĄ;Puby i kluby
25.11.2022;25.11.2022;ANIA;;'23124015321111001044176713;'37114020040000340274820386;Pizza;-25,00;PLN;'M042100418342229;PRZELEW BLIK WYCHODZĄCY;Restauracje i kawiarnie
24.11.2022;24.11.2022;JMP S.A. BIEDRONKA 445 WARSZAWA;;'23124015321111001044176713;;*********3025639;-15,98;PLN;'C992232818596621;TRANSAKCJA KARTĄ PŁATNICZĄ;Artykuły spożywcze
24.11.2022;24.11.2022;VINKIEL                WARSZAWA;;'23124015321111001044176713;;*********3025639;-30,00;PLN;'C992232818580097;TRANSAKCJA KARTĄ PŁATNICZĄ;Restauracje i kawiarnie
24.11.2022;24.11.2022;JMP S.A. BIEDRONKA 445 WARSZAWA;;'23124015321111001044176713;;*********3025639;-15,04;PLN;'C992232810260026;TRANSAKCJA KARTĄ PŁATNICZĄ;Artykuły spożywcze
23.11.2022;23.11.2022;JMP S.A. BIEDRONKA 445 WARSZAWA;;'23124015321111001044176713;;*********3025639;-12,89;PLN;'C992232716989707;TRANSAKCJA KARTĄ PŁATNICZĄ;Artykuły spożywcze
23.11.2022;23.11.2022;MACHOP SP. Z O.O.      WARSZAWA;;'23124015321111001044176713;;*********3025639;-24,00;PLN;'C992232715961816;TRANSAKCJA KARTĄ PŁATNICZĄ;Restauracje i kawiarnie
23.11.2022;23.11.2022;GORACO POLECAM         WARSZAWA;;'23124015321111001044176713;;*********3025639;-12,90;PLN;'C992232707655353;TRANSAKCJA KARTĄ PŁATNICZĄ;Artykuły spożywcze
23.11.2022;23.11.2022;ZABKA Z4370 K.2        WARSZAWA;;'23124015321111001044176713;;*********3025639;-6,70;PLN;'C992232707653723;TRANSAKCJA KARTĄ PŁATNICZĄ;Artykuły spożywcze
22.11.2022;22.11.2022;NINA LIPONOGA;;'23124015321111001044176713;'23116022020000000081891379;ceska;-100,00;PLN;'M042100416667577;PRZELEW BLIK WYCHODZĄCY;Bez kategorii
22.11.2022;22.11.2022;UBER * PENDING         AMSTERDAM;;'23124015321111001044176713;;;-53,13;PLN;'C992232616493766;TRANSAKCJA KARTĄ PŁATNICZĄ;Taxi
22.11.2022;22.11.2022;UBER   * PENDING       AMSTERDAM;;'23124015321111001044176713;;*********3025639;-44,67;PLN;'C992232615489574;TRANSAKCJA KARTĄ PŁATNICZĄ;Taxi
22.11.2022;22.11.2022;CARREFOUR EXPRESS H82  WARSZAWA;;'23124015321111001044176713;;*********3025639;-13,08;PLN;'C992232610229124;TRANSAKCJA KARTĄ PŁATNICZĄ;Artykuły spożywcze
21.11.2022;21.11.2022;JMP S.A. BIEDRONKA 445 WARSZAWA;;'23124015321111001044176713;;*********3025639;-22,91;PLN;'C992232514880817;TRANSAKCJA KARTĄ PŁATNICZĄ;Artykuły spożywcze
21.11.2022;20.11.2022;ZABKA Z4410 K.2        WARSZAWA;;'23124015321111001044176713;;*********3025639;-9,00;PLN;'C992232421590056;TRANSAKCJA KARTĄ PŁATNICZĄ;Artykuły spożywcze
21.11.2022;20.11.2022;SPICY KEBAB AND GRILL  WARSZAWA;;'23124015321111001044176713;;*********3025639;-22,99;PLN;'C992232421588895;TRANSAKCJA KARTĄ PŁATNICZĄ;Restauracje i kawiarnie
19.11.2022;19.11.2022;JMP S.A. BIEDRONKA 445 WARSZAWA;;'23124015321111001044176713;;*********3025639;-19,77;PLN;'C992232319378823;TRANSAKCJA KARTĄ PŁATNICZĄ;Artykuły spożywcze
19.11.2022;19.11.2022;JMP S.A. BIEDRONKA 445 WARSZAWA;;'23124015321111001044176713;;*********3025639;-71,84;PLN;'C992232315235874;TRANSAKCJA KARTĄ PŁATNICZĄ;Artykuły spożywcze
18.11.2022;18.11.2022;ZABKA Z4410 K.1        WARSZAWA;;'23124015321111001044176713;;*********3025639;-8,60;PLN;'C992232209338295;TRANSAKCJA KARTĄ PŁATNICZĄ;Artykuły spożywcze
18.11.2022;18.11.2022;ZABKA Z4410 K.2        WARSZAWA;;'23124015321111001044176713;;*********3025639;-9,40;PLN;'C992232219798679;TRANSAKCJA KARTĄ PŁATNICZĄ;Artykuły spożywcze
18.11.2022;18.11.2022;JMP S.A. BIEDRONKA 445 WARSZAWA;;'23124015321111001044176713;;*********3025639;-22,27;PLN;'C992232209336184;TRANSAKCJA KARTĄ PŁATNICZĄ;Artykuły spożywcze
18.11.2022;18.11.2022;MADO KEBAB GRILL       WARSZAWA;;'23124015321111001044176713;;*********3025639;-26,50;PLN;'C992232219793011;TRANSAKCJA KARTĄ PŁATNICZĄ;Restauracje i kawiarnie
18.11.2022;18.11.2022;ZDROFIT WOLA POS       WARSZAWA;;'23124015321111001044176713;;*********3025639;-4,00;PLN;'C992232218748697;TRANSAKCJA KARTĄ PŁATNICZĄ;Hobby
17.11.2022;17.11.2022;PAYU;PYSZNE.PL Grunwaldzka 186,Poznan;'23124015321111001044176713;;BLIK REF       70074777637;-57,80;PLN;'C992232120327462;PŁATNOŚĆ BLIK;Zakupy przez internet
17.11.2022;17.11.2022;JMP S.A. BIEDRONKA 445 WARSZAWA;;'23124015321111001044176713;;*********3025639;-20,98;PLN;'C992232119212851;TRANSAKCJA KARTĄ PŁATNICZĄ;Artykuły spożywcze
17.11.2022;17.11.2022;ZABKA Z4410 K.1        WARSZAWA;;'23124015321111001044176713;;*********3025639;-5,98;PLN;'C992232111843891;TRANSAKCJA KARTĄ PŁATNICZĄ;Artykuły spożywcze
17.11.2022;17.11.2022;JMP S.A. BIEDRONKA 445 WARSZAWA;;'23124015321111001044176713;;*********3025639;-18,27;PLN;'C992232110840315;TRANSAKCJA KARTĄ PŁATNICZĄ;Artykuły spożywcze
16.11.2022;16.11.2022;FADI KEBAB             WARSZAWA;;'23124015321111001044176713;;*********3025639;-26,00;PLN;'C992232013425744;TRANSAKCJA KARTĄ PŁATNICZĄ;Restauracje i kawiarnie
16.11.2022;16.11.2022;KLUBOKAWIARNIA MIAU GR WARSZAWA;;'23124015321111001044176713;;*********3025639;-34,90;PLN;'C992232011356775;TRANSAKCJA KARTĄ PŁATNICZĄ;Restauracje i kawiarnie
16.11.2022;16.11.2022;GREEN CAFFE NERO       WARSZAWA;;'23124015321111001044176713;;*********3025639;-25,00;PLN;'C992232011331150;TRANSAKCJA KARTĄ PŁATNICZĄ;Restauracje i kawiarnie
16.11.2022;16.11.2022;;;'23124015321111001044176713;'92124020921362991111000000;Opłata za obsługę kartyMasterCard Debit*43025639 za miesiąc 11.2022;-1,00;PLN;'M01505KF00055175;PROWIZJE AUT.;Opłaty bankowe
16.11.2022;15.11.2022;JMP S.A. BIEDRONKA 445 WARSZAWA;;'23124015321111001044176713;;*********3025639;-11,49;PLN;'C992231922176551;TRANSAKCJA KARTĄ PŁATNICZĄ;Artykuły spożywcze
15.11.2022;15.11.2022;JMP S.A. BIEDRONKA 553 WARSZAWA;;'23124015321111001044176713;;*********3025639;-10,17;PLN;'C992231920151563;TRANSAKCJA KARTĄ PŁATNICZĄ;Artykuły spożywcze
15.11.2022;15.11.2022;JAKDOJADE.PL           POZNAN;;'23124015321111001044176713;;*********3025639;-25,00;PLN;'C992231919144238;TRANSAKCJA KARTĄ PŁATNICZĄ;Transport publiczny
15.11.2022;15.11.2022;MACHOP SP. Z O.O.      WARSZAWA;;'23124015321111001044176713;;*********3025639;-32,00;PLN;'C992231912845090;TRANSAKCJA KARTĄ PŁATNICZĄ;Restauracje i kawiarnie
15.11.2022;15.11.2022;GORACO POLECAM         WARSZAWA;;'23124015321111001044176713;;*********3025639;-12,90;PLN;'C992231907676399;TRANSAKCJA KARTĄ PŁATNICZĄ;Artykuły spożywcze
14.11.2022;14.11.2022;JMP S.A. BIEDRONKA 445 WARSZAWA;;'23124015321111001044176713;;*********3025639;-28,83;PLN;'C992231809357518;TRANSAKCJA KARTĄ PŁATNICZĄ;Artykuły spożywcze
12.11.2022;12.11.2022;AMAZON PRIME*2GPYHRZAF WARSAW;;'23124015321111001044176713;;;-49,00;PLN;'C992231600852831;TRANSAKCJA KARTĄ PŁATNICZĄ;Zakupy przez internet
12.11.2022;12.11.2022;LIDL KAROLKOWA         WARSZAWA;;'23124015321111001044176713;;*********3025639;-52,16;PLN;'C992231618161961;TRANSAKCJA KARTĄ PŁATNICZĄ;Artykuły spożywcze
11.11.2022;10.11.2022;JMP S.A. BIEDRONKA 445 WARSZAWA;;'23124015321111001044176713;;*********3025639;-38,61;PLN;'C992231421729557;TRANSAKCJA KARTĄ PŁATNICZĄ;Artykuły spożywcze
11.11.2022;11.11.2022;PAYU;PYSZNE.PL Grunwaldzka 186,Poznan;'23124015321111001044176713;;BLIK REF       69942996374;-207,82;PLN;'C992231516899927;PŁATNOŚĆ BLIK;Zakupy przez internet
11.11.2022;10.11.2022;ZABKA Z4410 K.2        WARSZAWA;;'23124015321111001044176713;;*********3025639;-6,90;PLN;'C992231421730372;TRANSAKCJA KARTĄ PŁATNICZĄ;Artykuły spożywcze
10.11.2022;10.11.2022;IKE BOSSA;;'23124015321111001044176713;'83154011578129000000814183;IKE 814183;-500,00;PLN;'01422BAA71008883;ZLECENIE STAŁE;Bez kategorii
09.11.2022;09.11.2022;ASSECO POLAND SA PŁACE;UL. OLCHOWA 14 35-322 RZESZÓW;'42124059181111000049090675;'23124015321111001044176713;WYNAGRODZENIE 10/2022 **202210U** 23119;6 353,26;PLN;'4911109986813751;PRZELEW;Wynagrodzenie
07.11.2022;06.11.2022;PAYU;PYSZNE.PL Grunwaldzka 186,Poznan;'23124015321111001044176713;;BLIK REF       69844419575;-73,27;PLN;'C992231016885381;PŁATNOŚĆ BLIK;Zakupy przez internet
07.11.2022;06.11.2022;BUDZIŃSKA JULIA;;'15105015591000009267210426;'23124015321111001044176713;Przelew na telefon +48xxxxxx789GruzjaDla Kamil SobierajOd BUDZIŃSKA JULIA;115,37;PLN;'M042000041730806;PRZELEW BLIK PRZYCHODZĄCY;Inne
05.11.2022;05.11.2022;REVOLUT**8234*         DUBLIN;;'23124015321111001044176713;;;-500,00;PLN;'C992230905945467;TRANSAKCJA KARTĄ PŁATNICZĄ;Bez kategorii
04.11.2022;04.11.2022;REVOLUT**8234*         DUBLIN;;'23124015321111001044176713;;;-500,00;PLN;'C992230814802411;TRANSAKCJA KARTĄ PŁATNICZĄ;Bez kategorii
04.11.2022;04.11.2022;RÓŻA MAREK;;'23124015321111001044176713;'93114020040000310274769667;Przelew środków;-42,00;PLN;'01422B4626202065;REALIZACJA PŁATNOŚCI PEOPAY;Bez kategorii
04.11.2022;04.11.2022;REVOLUT**8234*         DUBLIN;;'23124015321111001044176713;;;-500,00;PLN;'C992230808640886;TRANSAKCJA KARTĄ PŁATNICZĄ;Bez kategorii
03.11.2022;03.11.2022;BUDZIŃSKA JULIA;;'15105015591000009267210426;'23124015321111001044176713;Przelew na telefon +48xxxxxx789KutaisiDla Kamil SobierajOd BUDZIŃSKA JULIA;365,75;PLN;'M042000041502062;PRZELEW BLIK PRZYCHODZĄCY;Inne
03.11.2022;03.11.2022;RÓŻA MAREK;;'23124015321111001044176713;'93114020040000310274769667;kebab;-21,00;PLN;'01422B3629207117;REALIZACJA PŁATNOŚCI PEOPAY;Bez kategorii
02.11.2022;02.11.2022;KIP;HTTPS://MIKR.US plac Andersa 3 73,Poznan;'23124015321111001044176713;;BLIK REF       69761119928;-111,00;PLN;'C992230613275312;PŁATNOŚĆ BLIK;Zakupy przez internet
02.11.2022;02.11.2022;REVOLUT**8234*         DUBLIN;;'23124015321111001044176713;;;-500,00;PLN;'C992230611091095;TRANSAKCJA KARTĄ PŁATNICZĄ;Bez kategorii
02.11.2022;02.11.2022;NETFLIX.COM            AMSTERDAM;;'23124015321111001044176713;;;-60,00;PLN;'C992230605976284;TRANSAKCJA KARTĄ PŁATNICZĄ;Internet, TV, telefon
31.10.2022;31.10.2022;;;;'23124015321111001044176713;ODSETKI OD DEPOZYTU;0,32;PLN;'01422AV98C001189;ODSETKI OD DEPOZYTU;Odsetki, zwrot z inwestycji
31.10.2022;31.10.2022;;;'23124015321111001044176713;;PODATEK POBRANY;-0,06;PLN;'01422AV98C001188;PODATEK POBRANY;Podatki
31.10.2022;30.10.2022;REVOLUT**8234*         DUBLIN;;'23124015321111001044176713;;;-1 000,00;PLN;'C992230305405295;TRANSAKCJA KARTĄ PŁATNICZĄ;Bez kategorii
29.10.2022;29.10.2022;BUDZIŃSKA JULIA;;'15105015591000009267210426;'23124015321111001044176713;Przelew na telefon +48xxxxxx789Dla Kamil SobierajOd BUDZIŃSKA JULIA;200,00;PLN;'M042000041053339;PRZELEW BLIK PRZYCHODZĄCY;Inne
28.10.2022;28.10.2022;ASSECO POLAND SA PŁACE;UL. OLCHOWA 14 35-322 RZESZÓW;'42124059181111000049090675;'23124015321111001044176713;WYNAGRODZENIE ZA PRACE W NOCY I NADGODZINY **202210N2** 23119;97,79;PLN;'4911028987033369;PRZELEW;Wynagrodzenie
28.10.2022;28.10.2022;JMP S.A. BIEDRONKA 445 WARSZAWA;;'23124015321111001044176713;;*********3025639;-60,01;PLN;'C992230118989067;TRANSAKCJA KARTĄ PŁATNICZĄ;Artykuły spożywcze
28.10.2022;28.10.2022;UBEZPIECZENIA RANKOMAT;RANKOMAT.PL WOLSKA 88,Warszawa;'23124015321111001044176713;;BLIK REF       69677969263;-77,58;PLN;'C992230117774287;PŁATNOŚĆ BLIK;Ubezpieczenia
28.10.2022;28.10.2022;APTEKA 37              WARSZAWA;;'23124015321111001044176713;;*********3025639;-50,90;PLN;'C992230119018776;TRANSAKCJA KARTĄ PŁATNICZĄ;Lekarstwa
27.10.2022;27.10.2022;QUOC DUC PHAM HARU SUS WARSZAWA;;'23124015321111001044176713;;*********3025639;-55,00;PLN;'C992230016581285;TRANSAKCJA KARTĄ PŁATNICZĄ;Restauracje i kawiarnie
27.10.2022;27.10.2022;MLECZARNIA JEROZOLIMSK WARSZAWA;;'23124015321111001044176713;;*********3025639;-15,61;PLN;'C992230009426021;TRANSAKCJA KARTĄ PŁATNICZĄ;Restauracje i kawiarnie
27.10.2022;27.10.2022;ZABKA Z8085 K.1        WARSZAWA;;'23124015321111001044176713;;*********3025639;-8,60;PLN;'C992230010432308;TRANSAKCJA KARTĄ PŁATNICZĄ;Artykuły spożywcze
27.10.2022;27.10.2022;JMP S.A. BIEDRONKA 445 WARSZAWA;;'23124015321111001044176713;;*********3025639;-11,96;PLN;'C992230015575960;TRANSAKCJA KARTĄ PŁATNICZĄ;Artykuły spożywcze
27.10.2022;26.10.2022;JMP S.A. BIEDRONKA 445 WARSZAWA;;'23124015321111001044176713;;*********3025639;-19,91;PLN;'C992229921363475;TRANSAKCJA KARTĄ PŁATNICZĄ;Artykuły spożywcze
26.10.2022;26.10.2022;JULIA BUDZIŃSKA;;'23124015321111001044176713;'15105015591000009267210426;Przelew na telefon;-200,00;PLN;'M042100400146165;PRZELEW BLIK WYCHODZĄCY;Internet, TV, telefon
26.10.2022;26.10.2022;WITOLD WOJCIECH CZACHOR;;'21102010970000700203200128;'23124015321111001044176713;obiadOd: 48697169475 Do: 485*****789;22,00;PLN;'M042000040811483;PRZELEW BLIK PRZYCHODZĄCY;Inne
26.10.2022;26.10.2022;MACHOP SP. Z O.O.      WARSZAWA;;'23124015321111001044176713;;*********3025639;-47,50;PLN;'C992229914215268;TRANSAKCJA KARTĄ PŁATNICZĄ;Restauracje i kawiarnie
26.10.2022;26.10.2022;GORACO POLECAM         WARSZAWA;;'23124015321111001044176713;;*********3025639;-12,90;PLN;'C992229907087500;TRANSAKCJA KARTĄ PŁATNICZĄ;Artykuły spożywcze
26.10.2022;26.10.2022;ZABKA Z4410 K.2        WARSZAWA;;'23124015321111001044176713;;*********3025639;-5,98;PLN;'C992229907084077;TRANSAKCJA KARTĄ PŁATNICZĄ;Artykuły spożywcze
25.10.2022;25.10.2022;GORACO POLECAM         WARSZAWA;;'23124015321111001044176713;;*********3025639;-17,80;PLN;'C992229809804533;TRANSAKCJA KARTĄ PŁATNICZĄ;Artykuły spożywcze
25.10.2022;25.10.2022;ZABKA Z4370 K.2        WARSZAWA;;'23124015321111001044176713;;*********3025639;-8,60;PLN;'C992229808787844;TRANSAKCJA KARTĄ PŁATNICZĄ;Artykuły spożywcze
24.10.2022;24.10.2022;KAWALEK                WARSZAWA;;'23124015321111001044176713;;*********3025639;-17,90;PLN;'C992229713590863;TRANSAKCJA KARTĄ PŁATNICZĄ;Restauracje i kawiarnie
24.10.2022;23.10.2022;ZABKA Z4410 K.1        WARSZAWA;;'23124015321111001044176713;;*********3025639;-13,68;PLN;'C992229618437250;TRANSAKCJA KARTĄ PŁATNICZĄ;Artykuły spożywcze
24.10.2022;24.10.2022;BAR DLA WSZYSTKICH     WARSZAWA;;'23124015321111001044176713;;*********3025639;-27,00;PLN;'C992229713585311;TRANSAKCJA KARTĄ PŁATNICZĄ;Puby i kluby
22.10.2022;22.10.2022;LIDL KAROLKOWA         WARSZAWA;;'23124015321111001044176713;;*********3025639;-111,03;PLN;'C992229516266249;TRANSAKCJA KARTĄ PŁATNICZĄ;Artykuły spożywcze
22.10.2022;22.10.2022;KACPER BANASIK;;'23124015321111001044176713;'69124060031111001048178711;splitwise rozliczenie całe;-1 418,06;PLN;'01422AM627705899;PRZELEW INTERNET;Bez kategorii
21.10.2022;21.10.2022;CARREFOUR EXPRESS 3352 WARSZAWA;;'23124015321111001044176713;;*********3025639;-15,78;PLN;'C992229419006144;TRANSAKCJA KARTĄ PŁATNICZĄ;Artykuły spożywcze
21.10.2022;21.10.2022;PAYU S.A.;UL. GRUNWALDZKA 186 60-166 Poznań;'23124015321111001044176713;'71124010401111001086116852;PayU XX2854453899XX Pyszne.pl zamowienie nr E2ZMKM;-57,25;PLN;'01422AL621503516;PRZELEW WEWNĘTRZNY - DOSTAWCA;Bez kategorii
20.10.2022;20.10.2022;JMP S.A. BIEDRONKA 445 WARSZAWA;;'23124015321111001044176713;;*********3025639;-37,53;PLN;'C992229317629313;TRANSAKCJA KARTĄ PŁATNICZĄ;Artykuły spożywcze
20.10.2022;20.10.2022;ZABKA Z4410 K.2        WARSZAWA;;'23124015321111001044176713;;*********3025639;-9,00;PLN;'C992229310443471;TRANSAKCJA KARTĄ PŁATNICZĄ;Artykuły spożywcze
19.10.2022;19.10.2022;;;'23124015321111001044176713;'92124020921362991111000000;Opłata za obsługę kartyMasterCard Debit*43025639 za miesiąc 10.2022;-1,00;PLN;'M01505JI00013790;PROWIZJE AUT.;Opłaty bankowe
19.10.2022;19.10.2022;JMP S.A. BIEDRONKA 445 WARSZAWA;;'23124015321111001044176713;;*********3025639;-8,35;PLN;'C992229208108878;TRANSAKCJA KARTĄ PŁATNICZĄ;Artykuły spożywcze
19.10.2022;18.10.2022;FOODSI.PL              LUBLIN;;'23124015321111001044176713;;*********3025639;-9,99;PLN;'C992229123072051;TRANSAKCJA KARTĄ PŁATNICZĄ;Restauracje i kawiarnie
19.10.2022;19.10.2022;JMP S.A. BIEDRONKA 445 WARSZAWA;;'23124015321111001044176713;;*********3025639;-30,48;PLN;'C992229218322464;TRANSAKCJA KARTĄ PŁATNICZĄ;Artykuły spożywcze
19.10.2022;18.10.2022;ZABKA Z7112 K.1        WARSZAWA;;'23124015321111001044176713;;*********3025639;-19,79;PLN;'C992229122068899;TRANSAKCJA KARTĄ PŁATNICZĄ;Artykuły spożywcze
18.10.2022;18.10.2022;AUTOMATSPEC SPZOO      LISZKI;;'23124015321111001044176713;;*********3025639;-4,50;PLN;'C992229113901165;TRANSAKCJA KARTĄ PŁATNICZĄ;Artykuły spożywcze
18.10.2022;18.10.2022;EURO-DOM 01            WARSZAWA;;'23124015321111001044176713;;*********3025639;-2,80;PLN;'C992229107795983;TRANSAKCJA KARTĄ PŁATNICZĄ;Artykuły spożywcze
18.10.2022;17.10.2022;JMP S.A. BIEDRONKA 445 WARSZAWA;;'23124015321111001044176713;;*********3025639;-14,17;PLN;'C992229022768431;TRANSAKCJA KARTĄ PŁATNICZĄ;Artykuły spożywcze
17.10.2022;17.10.2022;BUDZIŃSKA JULIA;;'15105015591000009267210426;'23124015321111001044176713;Przelew na telefon +48xxxxxx789Miss kimchiDla Kamil SobierajOd BUDZIŃSKA JULIA;34,00;PLN;'M042000040123565;PRZELEW BLIK PRZYCHODZĄCY;Inne
17.10.2022;16.10.2022;PAYU S.A.;GRUNWALDZKA 186 60-166 POZNAŃ;'23124015321111001044176713;'25124059181111001053651984;PayU w Allegro XX2847321721XX www.allegro.pl Allegro 30738618 4d9;-104,95;PLN;'01422AG603604581;PRZELEW MOBILE;Zakupy przez internet
17.10.2022;16.10.2022;ZABKA Z4410 K.2        WARSZAWA;;'23124015321111001044176713;;*********3025639;-9,20;PLN;'C992228919449167;TRANSAKCJA KARTĄ PŁATNICZĄ;Artykuły spożywcze
17.10.2022;16.10.2022;MISS KIMCHI            WARSZAWA;;'23124015321111001044176713;;*********3025639;-68,00;PLN;'C992228918442508;TRANSAKCJA KARTĄ PŁATNICZĄ;Restauracje i kawiarnie
17.10.2022;16.10.2022;ZABKA Z4410 K.2        WARSZAWA;;'23124015321111001044176713;;*********3025639;-13,70;PLN;'C992228916423223;TRANSAKCJA KARTĄ PŁATNICZĄ;Artykuły spożywcze
17.10.2022;15.10.2022;JAKDOJADE.PL           POZNAN;;'23124015321111001044176713;;*********3025639;-10,00;PLN;'C992228823346062;TRANSAKCJA KARTĄ PŁATNICZĄ;Transport publiczny
15.10.2022;15.10.2022;KUCHNIA WIETNAMSK83619 WARSZAWA;;'23124015321111001044176713;;*********3025639;-33,00;PLN;'C992228815246375;TRANSAKCJA KARTĄ PŁATNICZĄ;Restauracje i kawiarnie
15.10.2022;15.10.2022;LIDL KAROLKOWA         WARSZAWA;;'23124015321111001044176713;;*********3025639;-98,48;PLN;'C992228815245267;TRANSAKCJA KARTĄ PŁATNICZĄ;Artykuły spożywcze
14.10.2022;14.10.2022;JMP S.A. BIEDRONKA 445 WARSZAWA;;'23124015321111001044176713;;*********3025639;-48,33;PLN;'C992228708693883;TRANSAKCJA KARTĄ PŁATNICZĄ;Artykuły spożywcze
13.10.2022;13.10.2022;MISS KIMCHI            WARSZAWA;;'23124015321111001044176713;;*********3025639;-34,00;PLN;'C992228616564523;TRANSAKCJA KARTĄ PŁATNICZĄ;Restauracje i kawiarnie
13.10.2022;13.10.2022;REVOLUT**8234*         DUBLIN;;'23124015321111001044176713;;;-700,00;PLN;'C992228614549606;TRANSAKCJA KARTĄ PŁATNICZĄ;Bez kategorii
13.10.2022;13.10.2022;PAWEŁ;;'23124015321111001044176713;'64102042870000210200979294;prezent dla Kozaka;-36,00;PLN;'M042100393439375;PRZELEW BLIK WYCHODZĄCY;Prezenty, upominki
13.10.2022;13.10.2022;JMP S.A. BIEDRONKA 445 WARSZAWA;;'23124015321111001044176713;;*********3025639;-12,78;PLN;'C992228609376768;TRANSAKCJA KARTĄ PŁATNICZĄ;Artykuły spożywcze
11.10.2022;10.10.2022;JMP S.A. BIEDRONKA 445 WARSZAWA;;'23124015321111001044176713;;*********3025639;-65,40;PLN;'C992228321681269;TRANSAKCJA KARTĄ PŁATNICZĄ;Artykuły spożywcze
10.10.2022;10.10.2022;MAŁGORZATA UŁASIUK TRENER OSOBISTY;UL.ŁUCKA 20 M.62 00-845 WARSZAWA;'25114020040000310281874201;'23124015321111001044176713;CZYNSZ WRZESIEŃ;1 460,00;PLN;'WJJ0001466558561;PRZELEW KRAJOWY MIĘDZYBANKOWY;Inne
10.10.2022;09.10.2022;VINA EXPRESS           WARSZAWA;;'23124015321111001044176713;;*********3025639;-30,00;PLN;'C992228218330733;TRANSAKCJA KARTĄ PŁATNICZĄ;Puby i kluby
10.10.2022;10.10.2022;MAŁGORZATA UŁASIUK TRENER OSOBISTY;UL.ŁUCKA 20 M.62 00-845 WARSZAWA;'25114020040000310281874201;'23124015321111001044176713;SPLITWIESE WYDATKI MIESZKANIE WYRÓWNANIE;593,17;PLN;'WJJ0001466556919;PRZELEW KRAJOWY MIĘDZYBANKOWY;Przychody z najmu
10.10.2022;10.10.2022;IKE BOSSA;;'23124015321111001044176713;'83154011578129000000814183;IKE 814183;-500,00;PLN;'01422AAA71008769;ZLECENIE STAŁE;Bez kategorii
10.10.2022;10.10.2022;MAŁGORZATA UŁASIUK TRENER OSOBISTY;UL.ŁUCKA 20 M.62 00-845 WARSZAWA;'25114020040000310281874201;'23124015321111001044176713;CZYNSZ SIERPIEŃ;1 460,00;PLN;'WJJ0001466558560;PRZELEW KRAJOWY MIĘDZYBANKOWY;Inne
10.10.2022;08.10.2022;JMP S.A. BIEDRONKA 445 WARSZAWA;;'23124015321111001044176713;;*********3025639;-30,81;PLN;'C992228122238002;TRANSAKCJA KARTĄ PŁATNICZĄ;Artykuły spożywcze
08.10.2022;08.10.2022;CENTRUM WINA           WARSZAWA;;'23124015321111001044176713;;*********3025639;-8,90;PLN;'C992228111021576;TRANSAKCJA KARTĄ PŁATNICZĄ;Alkohol
08.10.2022;08.10.2022;LIDL KAROLKOWA         WARSZAWA;;'23124015321111001044176713;;*********3025639;-143,13;PLN;'C992228111003792;TRANSAKCJA KARTĄ PŁATNICZĄ;Artykuły spożywcze
08.10.2022;07.10.2022;BUDZIŃSKA JULIA;;'15105015591000009267210426;'23124015321111001044176713;Przelew na telefon +48xxxxxx789OdkurzaczDla Kamil SobierajOd BUDZIŃSKA JULIA;197,00;PLN;'M042000039292826;PRZELEW BLIK PRZYCHODZĄCY;Inne
08.10.2022;07.10.2022;PAYU S.A.;GRUNWALDZKA 186 60-166 POZNAŃ;'23124015321111001044176713;'25124059181111001053651984;PayU w Allegro XX2833277556XX www.allegro.pl Allegro 212d089d 468;-197,00;PLN;'01422A7601009024;PRZELEW MOBILE;Zakupy przez internet
08.10.2022;07.10.2022;ZABKA Z4410 K.1        WARSZAWA;;'23124015321111001044176713;;*********3025639;-17,96;PLN;'C992228022895629;TRANSAKCJA KARTĄ PŁATNICZĄ;Artykuły spożywcze
07.10.2022;07.10.2022;ASSECO POLAND SA PŁACE;UL. OLCHOWA 14 35-322 RZESZÓW;'42124059181111000049090675;'23124015321111001044176713;WYNAGRODZENIE 09/2022 **202209U** 23119;6 147,15;PLN;'4911007987694634;PRZELEW;Wynagrodzenie
07.10.2022;07.10.2022;JAROSŁAW JAKUB MILLER;RYNEK 65 26-025    ŁAGÓW               PL;'75124060031111001047891677;'23124015321111001044176713;Wydatki mieszkaniowe;265,00;PLN;'50322A7628900220;PRZELEW;Inne
07.10.2022;06.10.2022;ZABKA Z4410 K.1        WARSZAWA;;'23124015321111001044176713;;*********3025639;-7,98;PLN;'C992227920528791;TRANSAKCJA KARTĄ PŁATNICZĄ;Artykuły spożywcze
07.10.2022;06.10.2022;JMP S.A. BIEDRONKA 445 WARSZAWA;;'23124015321111001044176713;;*********3025639;-26,35;PLN;'C992227920528132;TRANSAKCJA KARTĄ PŁATNICZĄ;Artykuły spożywcze
06.10.2022;06.10.2022;ZABKA Z4410 K.2        WARSZAWA;;'23124015321111001044176713;;*********3025639;-6,90;PLN;'C992227910288787;TRANSAKCJA KARTĄ PŁATNICZĄ;Artykuły spożywcze
05.10.2022;05.10.2022;ZABKA Z4410 K.1        WARSZAWA;;'23124015321111001044176713;;*********3025639;-8,60;PLN;'C992227809962199;TRANSAKCJA KARTĄ PŁATNICZĄ;Artykuły spożywcze
04.10.2022;04.10.2022;LIDL KAROLKOWA         WARSZAWA;;'23124015321111001044176713;;*********3025639;-76,32;PLN;'C992227711698793;TRANSAKCJA KARTĄ PŁATNICZĄ;Artykuły spożywcze
03.10.2022;02.10.2022;ZABKA Z4410 K.1        WARSZAWA;;'23124015321111001044176713;;*********3025639;-11,00;PLN;'C992227522302661;TRANSAKCJA KARTĄ PŁATNICZĄ;Artykuły spożywcze
03.10.2022;03.10.2022;JMP S.A. BIEDRONKA 445 WARSZAWA;;'23124015321111001044176713;;*********3025639;-30,89;PLN;'C992227620593808;TRANSAKCJA KARTĄ PŁATNICZĄ;Artykuły spożywcze
03.10.2022;01.10.2022;JMP S.A. BIEDRONKA 445 WARSZAWA;;'23124015321111001044176713;;*********3025639;-35,95;PLN;'C992227422197547;TRANSAKCJA KARTĄ PŁATNICZĄ;Artykuły spożywcze
03.10.2022;02.10.2022;NETFLIX.COM            AMSTERDAM;;'23124015321111001044176713;;;-60,00;PLN;'C992227505206575;TRANSAKCJA KARTĄ PŁATNICZĄ;Internet, TV, telefon
01.10.2022;01.10.2022;PAYPRO S.A.;;'23124015321111001044176713;'65124059341111001093613108;P24-B8D-C2C-M3N;-94,53;PLN;'01422A1622003128;PRZELEW WEWNĘTRZNY - DOSTAWCA;Bez kategorii
01.10.2022;01.10.2022;SMOKE SHOP / ZLOTE TAR WARSZAWA;;'23124015321111001044176713;;*********3025639;-9,95;PLN;'C992227412025194;TRANSAKCJA KARTĄ PŁATNICZĄ;Papierosy
01.10.2022;01.10.2022;CHEESECAKE CORNER      WARSZAWA;;'23124015321111001044176713;;*********3025639;-29,00;PLN;'C992227412020761;TRANSAKCJA KARTĄ PŁATNICZĄ;Artykuły spożywcze
01.10.2022;01.10.2022;ISMOKING WARSZAWA CENT WARSZAWA;;'23124015321111001044176713;;*********3025639;-36,00;PLN;'C992227412017238;TRANSAKCJA KARTĄ PŁATNICZĄ;Papierosy
01.10.2022;01.10.2022;CARREFOUR EXPRESS 3352 WARSZAWA;;'23124015321111001044176713;;*********3025639;-11,66;PLN;'C992227412014195;TRANSAKCJA KARTĄ PŁATNICZĄ;Artykuły spożywcze
01.10.2022;01.10.2022;KUCHNIA MARCHE ZLOTA   WARSZAWA;;'23124015321111001044176713;;*********3025639;-38,27;PLN;'C992227412002808;TRANSAKCJA KARTĄ PŁATNICZĄ;Restauracje i kawiarnie
30.09.2022;30.09.2022;;;;'23124015321111001044176713;ODSETKI OD DEPOZYTU;0,37;PLN;'014229U98C001135;ODSETKI OD DEPOZYTU;Odsetki, zwrot z inwestycji
30.09.2022;30.09.2022;;;'23124015321111001044176713;;PODATEK POBRANY;-0,07;PLN;'014229U98C001134;PODATEK POBRANY;Podatki
30.09.2022;30.09.2022;ASSECO POLAND SA PŁACE;UL. OLCHOWA 14 35-322 RZESZÓW;'42124059181111000049090675;'23124015321111001044176713;WYNAGRODZENIE ZA PRACE W NOCY I NADGODZINY **202209N2** 23119;932,93;PLN;'4910930987822440;PRZELEW;Wynagrodzenie
30.09.2022;30.09.2022;ZABKA Z8085 K.2        WARSZAWA;;'23124015321111001044176713;;*********3025639;-8,60;PLN;'C992227311629020;TRANSAKCJA KARTĄ PŁATNICZĄ;Artykuły spożywcze
30.09.2022;30.09.2022;DOLADOWANIA.PLAY.PL    POZNAN;;'23124015321111001044176713;;*********3025639;-25,00;PLN;'C992227311611100;TRANSAKCJA KARTĄ PŁATNICZĄ;Internet, TV, telefon
29.09.2022;29.09.2022;KACPER BANASIK;;'23124015321111001044176713;'69124060031111001048178711;mieszkanie czynsz;-1 436,03;PLN;'014229T622307112;REALIZACJA PŁATNOŚCI PEOPAY;Czynsz
29.09.2022;29.09.2022;JMP S.A. BIEDRONKA 445 WARSZAWA;;'23124015321111001044176713;;*********3025639;-25,96;PLN;'C992227220497613;TRANSAKCJA KARTĄ PŁATNICZĄ;Artykuły spożywcze
28.09.2022;28.09.2022;JMP S.A. BIEDRONKA 445 WARSZAWA;;'23124015321111001044176713;;*********3025639;-19,87;PLN;'C992227117132264;TRANSAKCJA KARTĄ PŁATNICZĄ;Artykuły spożywcze
28.09.2022;28.09.2022;ZABKA Z4410 K.2        WARSZAWA;;'23124015321111001044176713;;*********3025639;-18,59;PLN;'C992227110972801;TRANSAKCJA KARTĄ PŁATNICZĄ;Artykuły spożywcze
28.09.2022;28.09.2022;UBER   * PENDING       AMSTERDAM;;'23124015321111001044176713;;*********3025639;-16,74;PLN;'C992227101627675;TRANSAKCJA KARTĄ PŁATNICZĄ;Taxi
28.09.2022;27.09.2022;SWIAT ALKOHOLI         WARSZAWA;;'23124015321111001044176713;;*********3025639;-15,88;PLN;'C992227023898849;TRANSAKCJA KARTĄ PŁATNICZĄ;Alkohol
28.09.2022;27.09.2022;UBER   * PENDING       AMSTERDAM;;'23124015321111001044176713;;*********3025639;-11,63;PLN;'C992227021898184;TRANSAKCJA KARTĄ PŁATNICZĄ;Taxi
27.09.2022;27.09.2022;PKO BP - BIUROWIEC     WARSZAWA;;'23124015321111001044176713;;*********3025639;-4,00;PLN;'C992227013736860;TRANSAKCJA KARTĄ PŁATNICZĄ;Artykuły spożywcze
27.09.2022;27.09.2022;MONIKA ADAMOWICZ;;'23124015321111001044176713;'21191010482205037537810001;prezent Gosia;-15,00;PLN;'M042100382542119;PRZELEW BLIK WYCHODZĄCY;Prezenty, upominki
27.09.2022;27.09.2022;LIPONOGA NINA;;'23116022020000000081891379;'23124015321111001044176713;Przelew BLIK na telefon;30,00;PLN;'M042000038351114;PRZELEW BLIK PRZYCHODZĄCY;Sprzedaż
27.09.2022;27.09.2022;GORACO POLECAM         WARSZAWA;;'23124015321111001044176713;;*********3025639;-12,90;PLN;'C992227009647394;TRANSAKCJA KARTĄ PŁATNICZĄ;Artykuły spożywcze
26.09.2022;26.09.2022;ZABKA Z4410 K.1        WARSZAWA;;'23124015321111001044176713;;*********3025639;-20,70;PLN;'C992226913429264;TRANSAKCJA KARTĄ PŁATNICZĄ;Artykuły spożywcze
26.09.2022;25.09.2022;ZABKA Z4410 K.2        WARSZAWA;;'23124015321111001044176713;;*********3025639;-9,00;PLN;'C992226815251785;TRANSAKCJA KARTĄ PŁATNICZĄ;Artykuły spożywcze
26.09.2022;25.09.2022;BALKANSKA DUSZA        WARSZAWA;;'23124015321111001044176713;;*********3025639;-95,00;PLN;'C992226814243006;TRANSAKCJA KARTĄ PŁATNICZĄ;Restauracje i kawiarnie
26.09.2022;24.09.2022;JMP S.A. BIEDRONKA 445 WARSZAWA;;'23124015321111001044176713;;*********3025639;-9,99;PLN;'C992226722192013;TRANSAKCJA KARTĄ PŁATNICZĄ;Artykuły spożywcze
26.09.2022;24.09.2022;FISH BROTHERS SP Z O.O WARSZAWA;;'23124015321111001044176713;;*********3025639;-38,00;PLN;'C992226721187704;TRANSAKCJA KARTĄ PŁATNICZĄ;Restauracje i kawiarnie
24.09.2022;24.09.2022;ZABKA Z8644 K.2        WARSZAWA;;'23124015321111001044176713;;*********3025639;-5,80;PLN;'C992226713049483;TRANSAKCJA KARTĄ PŁATNICZĄ;Artykuły spożywcze
24.09.2022;24.09.2022;JAKDOJADE.PL           POZNAN;;'23124015321111001044176713;;*********3025639;-25,00;PLN;'C992226711986928;TRANSAKCJA KARTĄ PŁATNICZĄ;Transport publiczny
23.09.2022;23.09.2022;JMP S.A. BIEDRONKA 445 WARSZAWA;;'23124015321111001044176713;;*********3025639;-14,77;PLN;'C992226610608869;TRANSAKCJA KARTĄ PŁATNICZĄ;Artykuły spożywcze
23.09.2022;22.09.2022;ZABKA Z8644 K.3        WARSZAWA;;'23124015321111001044176713;;*********3025639;-14,80;PLN;'C992226520521184;TRANSAKCJA KARTĄ PŁATNICZĄ;Artykuły spożywcze
23.09.2022;23.09.2022;ZABKA Z4410 K.2        WARSZAWA;;'23124015321111001044176713;;*********3025639;-5,80;PLN;'C992226615753708;TRANSAKCJA KARTĄ PŁATNICZĄ;Artykuły spożywcze
22.09.2022;21.09.2022;ZABKA Z4410 K.2        WARSZAWA;;'23124015321111001044176713;;*********3025639;-9,80;PLN;'C992226421218521;TRANSAKCJA KARTĄ PŁATNICZĄ;Artykuły spożywcze
22.09.2022;22.09.2022;DOZ APTEKA DBAM O ZDRO WARSZAWA;;'23124015321111001044176713;;*********3025639;-35,99;PLN;'C992226512335831;TRANSAKCJA KARTĄ PŁATNICZĄ;Lekarstwa
22.09.2022;22.09.2022;"""WARSZAWIANKA""         WARSZAWA";;'23124015321111001044176713;;*********3025639;-6,50;PLN;'C992226512348781;TRANSAKCJA KARTĄ PŁATNICZĄ;Artykuły spożywcze
22.09.2022;22.09.2022;SPICY KEBAB AND GRILL  WARSZAWA;;'23124015321111001044176713;;*********3025639;-22,99;PLN;'C992226512341336;TRANSAKCJA KARTĄ PŁATNICZĄ;Restauracje i kawiarnie
21.09.2022;21.09.2022;JMP S.A. BIEDRONKA 445 WARSZAWA;;'23124015321111001044176713;;*********3025639;-26,31;PLN;'C992226415092550;TRANSAKCJA KARTĄ PŁATNICZĄ;Artykuły spożywcze
20.09.2022;20.09.2022;LEGER - FACTORY URSUS  WARSZAWA;;'23124015321111001044176713;;*********3025639;-139,90;PLN;'C992226313764174;TRANSAKCJA KARTĄ PŁATNICZĄ;Ubrania
20.09.2022;20.09.2022;PRACOWNIA SUSHI        WARSZAWA;;'23124015321111001044176713;;*********3025639;-44,00;PLN;'C992226315798859;TRANSAKCJA KARTĄ PŁATNICZĄ;Restauracje i kawiarnie
20.09.2022;20.09.2022;PIERRE CARDIN SALON    WARSZAWA;;'23124015321111001044176713;;*********3025639;-249,00;PLN;'C992226313747639;TRANSAKCJA KARTĄ PŁATNICZĄ;Ubrania
20.09.2022;20.09.2022;JAKDOJADE.PL           POZNAN;;'23124015321111001044176713;;*********3025639;-10,00;PLN;'C992226311712190;TRANSAKCJA KARTĄ PŁATNICZĄ;Transport publiczny
19.09.2022;19.09.2022;JMP S.A. BIEDRONKA 445 WARSZAWA;;'23124015321111001044176713;;*********3025639;-9,40;PLN;'C992226219600992;TRANSAKCJA KARTĄ PŁATNICZĄ;Artykuły spożywcze
19.09.2022;19.09.2022;AUCHAN POLSKA SP. Z    WARSZAWA;;'23124015321111001044176713;;*********3025639;-2,28;PLN;'C992226213452119;TRANSAKCJA KARTĄ PŁATNICZĄ;Artykuły spożywcze
19.09.2022;19.09.2022;RESTAURACJA TAVOLO     WARSZAWA;;'23124015321111001044176713;;*********3025639;-41,88;PLN;'C992226213443251;TRANSAKCJA KARTĄ PŁATNICZĄ;Restauracje i kawiarnie
19.09.2022;19.09.2022;FIS-KOMP SERWIS DRUKAR WARSZAWA;;'23124015321111001044176713;;*********3025639;-80,40;PLN;'C992226212422218;TRANSAKCJA KARTĄ PŁATNICZĄ;Komputer, konsola
19.09.2022;18.09.2022;ZABKA Z4410 K.2        WARSZAWA;;'23124015321111001044176713;;*********3025639;-8,19;PLN;'C992226120308265;TRANSAKCJA KARTĄ PŁATNICZĄ;Artykuły spożywcze
19.09.2022;18.09.2022;JAKDOJADE.PL           POZNAN;;'23124015321111001044176713;;*********3025639;-10,00;PLN;'C992226101216176;TRANSAKCJA KARTĄ PŁATNICZĄ;Transport publiczny
19.09.2022;17.09.2022;JAROSŁAW JAKUB MILLER;RYNEK 65 26-025    ŁAGÓW               PL;'75124060031111001047891677;'23124015321111001044176713;splitwise;1 506,75;PLN;'503229H606401429;PRZELEW;Inne
19.09.2022;17.09.2022;WIKTOR;;'23124015321111001044176713;'52102036390000880201639046;żabka;-10,00;PLN;'M042100378018647;PRZELEW BLIK WYCHODZĄCY;Artykuły spożywcze
17.09.2022;17.09.2022;KORNEL;;'23124015321111001044176713;'32116022020000000338325946;prezent;-18,00;PLN;'M042100377897974;PRZELEW BLIK WYCHODZĄCY;Prezenty, upominki
17.09.2022;17.09.2022;JMP S.A. BIEDRONKA 631 WARSZAWA;;'23124015321111001044176713;;*********3025639;-25,76;PLN;'C992226013050792;TRANSAKCJA KARTĄ PŁATNICZĄ;Artykuły spożywcze
17.09.2022;17.09.2022;JMP S.A. BIEDRONKA 445 WARSZAWA;;'23124015321111001044176713;;*********3025639;-44,78;PLN;'C992226010961782;TRANSAKCJA KARTĄ PŁATNICZĄ;Artykuły spożywcze
16.09.2022;16.09.2022;PAYU S.A.;GRUNWALDZKA 186 60-166 POZNAŃ;'23124015321111001044176713;'25124059181111001053651984;PayU w Allegro XX2801436769XX www.allegro.pl Allegro 20ecb691 35a;-45,98;PLN;'014229G626504562;PRZELEW MOBILE;Zakupy przez internet
16.09.2022;16.09.2022;JMP S.A. BIEDRONKA 445 WARSZAWA;;'23124015321111001044176713;;*********3025639;-71,79;PLN;'C992225911647344;TRANSAKCJA KARTĄ PŁATNICZĄ;Artykuły spożywcze
16.09.2022;16.09.2022;PAYU S.A.;GRUNWALDZKA 186 60-166 POZNAŃ;'23124015321111001044176713;'25124059181111001053651984;PayU w Allegro XX2800939370XX www.allegro.pl Allegro 15fd3f41 354;-54,90;PLN;'014229G625305635;PRZELEW MOBILE;Zakupy przez internet
16.09.2022;15.09.2022;ZABKA Z4410 K.1        WARSZAWA;;'23124015321111001044176713;;*********3025639;-7,19;PLN;'C992225822537677;TRANSAKCJA KARTĄ PŁATNICZĄ;Artykuły spożywcze
15.09.2022;15.09.2022;JAN M;;'23124015321111001044176713;'35102010260000150202935955;szafka na buty 1;-149,00;PLN;'014229F604800674;REALIZACJA PŁATNOŚCI PEOPAY;Obuwie
15.09.2022;15.09.2022;KIWI.COM 278506250     BRNO, STAR*;;'23124015321111001044176713;;*********3025639;-908,81;PLN;'C992225815403462;TRANSAKCJA KARTĄ PŁATNICZĄ;Podróże
14.09.2022;14.09.2022;JMP S.A. BIEDRONKA 445 WARSZAWA;;'23124015321111001044176713;;*********3025639;-52,84;PLN;'C992225711990000;TRANSAKCJA KARTĄ PŁATNICZĄ;Artykuły spożywcze
14.09.2022;14.09.2022;;;'23124015321111001044176713;'92124020921362991111000000;Opłata za obsługę kartyMasterCard Debit*43025639 za miesiąc 9.2022;-1,00;PLN;'M01505ID00013712;PROWIZJE AUT.;Opłaty bankowe
14.09.2022;13.09.2022;OLD SHAKER ZELAZNA 51L WARSZAWA;;'23124015321111001044176713;;*********3025639;-127,00;PLN;'C992225620882593;TRANSAKCJA KARTĄ PŁATNICZĄ;Restauracje i kawiarnie
13.09.2022;13.09.2022;OLD SHAKER ZELAZNA 51L WARSZAWA;;'23124015321111001044176713;;*********3025639;-29,00;PLN;'C992225617825358;TRANSAKCJA KARTĄ PŁATNICZĄ;Restauracje i kawiarnie
13.09.2022;13.09.2022;OLD SHAKER ZELAZNA 51L WARSZAWA;;'23124015321111001044176713;;*********3025639;-29,00;PLN;'C992225619874996;TRANSAKCJA KARTĄ PŁATNICZĄ;Restauracje i kawiarnie
13.09.2022;12.09.2022;ZABKA Z4410 K.1        WARSZAWA;;'23124015321111001044176713;;*********3025639;-9,98;PLN;'C992225522577963;TRANSAKCJA KARTĄ PŁATNICZĄ;Artykuły spożywcze
13.09.2022;13.09.2022;YAFFO ZELAZNA 51L.53   WARSZAWA;;'23124015321111001044176713;;*********3025639;-41,00;PLN;'C992225615828431;TRANSAKCJA KARTĄ PŁATNICZĄ;Restauracje i kawiarnie
13.09.2022;13.09.2022;OLD SHAKER ZELAZNA 51L WARSZAWA;;'23124015321111001044176713;;*********3025639;-14,00;PLN;'C992225618846699;TRANSAKCJA KARTĄ PŁATNICZĄ;Restauracje i kawiarnie
12.09.2022;11.09.2022;KACPER MACIEJ BANASIK;ŁUCKA 20/62 00-845    WARSZAWA            PL;'69124060031111001048178711;'23124015321111001044176713;Dziena;1 604,00;PLN;'503229B605605093;PRZELEW;Inne
12.09.2022;12.09.2022;JMP S.A. BIEDRONKA 445 WARSZAWA;;'23124015321111001044176713;;*********3025639;-6,57;PLN;'C992225514425794;TRANSAKCJA KARTĄ PŁATNICZĄ;Artykuły spożywcze
12.09.2022;10.09.2022;JULIA BUDZIŃSKA;;'23124015321111001044176713;'15105015591000009267210426;Przelew na telefon;-50,00;PLN;'M042100373923574;PRZELEW BLIK WYCHODZĄCY;Internet, TV, telefon
10.09.2022;10.09.2022;RESTAURACJA ZENTHAI    WARSZAWA;;'23124015321111001044176713;;*********3025639;-30,00;PLN;'C992225315037050;TRANSAKCJA KARTĄ PŁATNICZĄ;Restauracje i kawiarnie
10.09.2022;10.09.2022;AUCHAN POLSKA SP. Z    WARSZAWA;;'23124015321111001044176713;;*********3025639;-82,01;PLN;'C992225315033160;TRANSAKCJA KARTĄ PŁATNICZĄ;Artykuły spożywcze
10.09.2022;10.09.2022;IKE BOSSA;;'23124015321111001044176713;'83154011578129000000814183;IKE 814183;-500,00;PLN;'014229AA71005027;ZLECENIE STAŁE;Bez kategorii
10.09.2022;09.09.2022;PAYU S.A.;GRUNWALDZKA 186 60-166 POZNAŃ;'23124015321111001044176713;'25124059181111001053651984;PayU w Allegro XX2791398812XX www.allegro.pl Allegro aaef5311 308;-79,99;PLN;'0142299600808848;PRZELEW MOBILE;Zakupy przez internet
09.09.2022;09.09.2022;JMP S.A. BIEDRONKA 445 WARSZAWA;;'23124015321111001044176713;;*********3025639;-12,60;PLN;'C992225213591530;TRANSAKCJA KARTĄ PŁATNICZĄ;Artykuły spożywcze
08.09.2022;08.09.2022;JMP S.A. BIEDRONKA 445 WARSZAWA;;'23124015321111001044176713;;*********3025639;-6,55;PLN;'C992225119394399;TRANSAKCJA KARTĄ PŁATNICZĄ;Artykuły spożywcze
08.09.2022;08.09.2022;ASSECO POLAND SA PŁACE;UL. OLCHOWA 14 35-322 RZESZÓW;'42124059181111000049090675;'23124015321111001044176713;WYNAGRODZENIE 08/2022 **202208U** 23119;6 369,26;PLN;'4910908987422519;PRZELEW;Wynagrodzenie
08.09.2022;08.09.2022;KAMIL SOBIERAJ;UL. H. KOŁŁĄTAJA 3/23 ŁOMŻA 18-400;'23124015321111001044176713;'98124015321111001117994594;Przelew środków;-50 000,00;PLN;'0142298600307052;PRZELEW INTERNET;Przelew wewnętrzny
07.09.2022;07.09.2022;JMP S.A. BIEDRONKA 445 WARSZAWA;;'23124015321111001044176713;;*********3025639;-50,84;PLN;'C992225011873995;TRANSAKCJA KARTĄ PŁATNICZĄ;Artykuły spożywcze
07.09.2022;07.09.2022;PAYU S.A.;UL. GRUNWALDZKA 186 60-166 Poznań;'23124015321111001044176713;'71124010401111001086116852;PayU XX2786748722XX Zamowienie nr 6382 Zamowienie od Kamil Sobieraj;-151,30;PLN;'0142297622409952;PRZELEW WEWNĘTRZNY - DOSTAWCA;Bez kategorii
06.09.2022;06.09.2022;JMP S.A. BIEDRONKA 445 WARSZAWA;;'23124015321111001044176713;;*********3025639;-23,45;PLN;'C992224919745335;TRANSAKCJA KARTĄ PŁATNICZĄ;Artykuły spożywcze
06.09.2022;06.09.2022;REVOLUT**8234*         DUBLIN;;'23124015321111001044176713;;;-10 000,00;PLN;'C992224912623717;TRANSAKCJA KARTĄ PŁATNICZĄ;Bez kategorii
06.09.2022;06.09.2022;ZABKA Z4410 K.2        WARSZAWA;;'23124015321111001044176713;;*********3025639;-13,96;PLN;'C992224914614421;TRANSAKCJA KARTĄ PŁATNICZĄ;Artykuły spożywcze
06.09.2022;06.09.2022;ZABKA Z3318 K.2        WARSZAWA;;'23124015321111001044176713;;*********3025639;-6,98;PLN;'C992224914610619;TRANSAKCJA KARTĄ PŁATNICZĄ;Artykuły spożywcze
06.09.2022;06.09.2022;CARREFOUR EXPRESS 3352 WARSZAWA;;'23124015321111001044176713;;*********3025639;-16,18;PLN;'C992224913604943;TRANSAKCJA KARTĄ PŁATNICZĄ;Artykuły spożywcze
06.09.2022;06.09.2022;KUCHNIA MARCHE ZLOTA   WARSZAWA;;'23124015321111001044176713;;*********3025639;-33,61;PLN;'C992224913597825;TRANSAKCJA KARTĄ PŁATNICZĄ;Restauracje i kawiarnie
05.09.2022;05.09.2022;LIDL POWSTANCOW SLA    WARSZAWA;;'23124015321111001044176713;;*********3025639;-95,27;PLN;'C992224818410667;TRANSAKCJA KARTĄ PŁATNICZĄ;Artykuły spożywcze
05.09.2022;05.09.2022;JMP S.A. BIEDRONKA 445 WARSZAWA;;'23124015321111001044176713;;*********3025639;-12,72;PLN;'C992224811225517;TRANSAKCJA KARTĄ PŁATNICZĄ;Artykuły spożywcze
05.09.2022;04.09.2022;ZABKA Z4410 K.2        WARSZAWA;;'23124015321111001044176713;;*********3025639;-12,62;PLN;'C992224720120594;TRANSAKCJA KARTĄ PŁATNICZĄ;Artykuły spożywcze
05.09.2022;04.09.2022;ZABKA Z4410 K.2        WARSZAWA;;'23124015321111001044176713;;*********3025639;-7,50;PLN;'C992224716087040;TRANSAKCJA KARTĄ PŁATNICZĄ;Artykuły spożywcze
05.09.2022;04.09.2022;VINA EXPRESS           WARSZAWA;;'23124015321111001044176713;;*********3025639;-30,00;PLN;'C992224716083822;TRANSAKCJA KARTĄ PŁATNICZĄ;Puby i kluby
05.09.2022;04.09.2022;ZABKA Z8085 K.2        WARSZAWA;;'23124015321111001044176713;;*********3025639;-9,80;PLN;'C992224711028223;TRANSAKCJA KARTĄ PŁATNICZĄ;Artykuły spożywcze
03.09.2022;03.09.2022;ZABKA Z4410 K.1        WARSZAWA;;'23124015321111001044176713;;*********3025639;-7,60;PLN;'C992224614862483;TRANSAKCJA KARTĄ PŁATNICZĄ;Artykuły spożywcze
03.09.2022;03.09.2022;JMP S.A. BIEDRONKA 445 WARSZAWA;;'23124015321111001044176713;;*********3025639;-7,63;PLN;'C992224614861152;TRANSAKCJA KARTĄ PŁATNICZĄ;Artykuły spożywcze
03.09.2022;02.09.2022;BUDZIŃSKA JULIA;;'15105015591000009267210426;'23124015321111001044176713;Przelew na telefon +48xxxxxx789BlikDla Kamil SobierajOd BUDZIŃSKA JULIA;33,74;PLN;'M042000036482823;PRZELEW BLIK PRZYCHODZĄCY;Inne
03.09.2022;02.09.2022;PAYPRO S.A.;INTERCITY.PL ul. Kanclerska 15,Poznan;'23124015321111001044176713;;BLIK REF       68558983629;-33,74;PLN;'C992224521910714;PŁATNOŚĆ BLIK;Zakupy przez internet
02.09.2022;02.09.2022;JMP S.A. BIEDRONKA 445 WARSZAWA;;'23124015321111001044176713;;*********3025639;-10,94;PLN;'C992224514504203;TRANSAKCJA KARTĄ PŁATNICZĄ;Artykuły spożywcze
02.09.2022;02.09.2022;JMP S.A. BIEDRONKA 445 WARSZAWA;;'23124015321111001044176713;;*********3025639;-26,72;PLN;'C992224513475893;TRANSAKCJA KARTĄ PŁATNICZĄ;Artykuły spożywcze
02.09.2022;02.09.2022;NETFLIX.COM            AMSTERDAM;;'23124015321111001044176713;;;-60,00;PLN;'C992224506317699;TRANSAKCJA KARTĄ PŁATNICZĄ;Internet, TV, telefon
02.09.2022;01.09.2022;JMP S.A. BIEDRONKA 445 WARSZAWA;;'23124015321111001044176713;;*********3025639;-18,84;PLN;'C992224423307393;TRANSAKCJA KARTĄ PŁATNICZĄ;Artykuły spożywcze
01.09.2022;31.08.2022;JMP S.A. BIEDRONKA 445 WARSZAWA;;'23124015321111001044176713;;*********3025639;-42,57;PLN;'C992224320942281;TRANSAKCJA KARTĄ PŁATNICZĄ;Artykuły spożywcze
01.09.2022;01.09.2022;DOLADOWANIA.PLAY.PL    POZNAN;;'23124015321111001044176713;;*********3025639;-25,00;PLN;'C992224411061300;TRANSAKCJA KARTĄ PŁATNICZĄ;Internet, TV, telefon
31.08.2022;31.08.2022;;;'23124015321111001044176713;;PODATEK POBRANY;-0,15;PLN;'014228V98C001138;PODATEK POBRANY;Podatki
31.08.2022;31.08.2022;;;;'23124015321111001044176713;ODSETKI OD DEPOZYTU;0,78;PLN;'014228V98C001139;ODSETKI OD DEPOZYTU;Odsetki, zwrot z inwestycji
31.08.2022;31.08.2022;ASSECO POLAND SA PŁACE;UL. OLCHOWA 14 35-322 RZESZÓW;'42124059181111000049090675;'23124015321111001044176713;NAGRODA SPECJALNA **202208P7** 23119;4 065,43;PLN;'4910831981392313;PRZELEW;Premia, nagroda
31.08.2022;31.08.2022;ASSECO POLAND SA PŁACE;UL. OLCHOWA 14 35-322 RZESZÓW;'42124059181111000049090675;'23124015321111001044176713;WYNAGRODZENIE ZA PRACE W NOCY I NADGODZINY **202208N2** 23119;1 800,00;PLN;'4910831987012312;PRZELEW;Wynagrodzenie
31.08.2022;31.08.2022;UBER   * PENDING       AMSTERDAM;;'23124015321111001044176713;;*********3025639;-14,03;PLN;'C992224222626640;TRANSAKCJA KARTĄ PŁATNICZĄ;Taxi
30.08.2022;30.08.2022;MARIUSZ ZIECINA;;'23124015321111001044176713;'26102011270000130202564748;Przelew na telefon;-14,50;PLN;'M042100366531892;PRZELEW BLIK WYCHODZĄCY;Internet, TV, telefon
30.08.2022;30.08.2022;MICHAEL I NELLIE MCGRATH;;'23124015321111001044176713;'72109028510000000105587583;september 2022;-5 940,00;PLN;'014228U604604525;REALIZACJA PŁATNOŚCI PEOPAY;Czynsz
30.08.2022;30.08.2022;PKO BP - BIUROWIEC     WARSZAWA;;'23124015321111001044176713;;*********3025639;-4,00;PLN;'C992224213455617;TRANSAKCJA KARTĄ PŁATNICZĄ;Artykuły spożywcze
30.08.2022;30.08.2022;SKLEP FIRMOWY NR 117   WARSZAWA;;'23124015321111001044176713;;*********3025639;-12,98;PLN;'C992224209359699;TRANSAKCJA KARTĄ PŁATNICZĄ;Artykuły spożywcze
30.08.2022;30.08.2022;EURO-DOM 01            WARSZAWA;;'23124015321111001044176713;;*********3025639;-2,60;PLN;'C992224209358999;TRANSAKCJA KARTĄ PŁATNICZĄ;Artykuły spożywcze
29.08.2022;29.08.2022;JMP S.A. BIEDRONKA 445 WARSZAWA;;'23124015321111001044176713;;*********3025639;-6,73;PLN;'C992224110053388;TRANSAKCJA KARTĄ PŁATNICZĄ;Artykuły spożywcze
29.08.2022;28.08.2022;ZABKA Z4410 K.2        WARSZAWA;;'23124015321111001044176713;;*********3025639;-5,60;PLN;'C992224018115828;TRANSAKCJA KARTĄ PŁATNICZĄ;Artykuły spożywcze
29.08.2022;28.08.2022;JMP S.A. BIEDRONKA 445 WARSZAWA;;'23124015321111001044176713;;*********3025639;-6,99;PLN;'C992224015080485;TRANSAKCJA KARTĄ PŁATNICZĄ;Artykuły spożywcze
29.08.2022;28.08.2022;JMP S.A. BIEDRONKA 445 WARSZAWA;;'23124015321111001044176713;;*********3025639;-2,99;PLN;'C992224010990148;TRANSAKCJA KARTĄ PŁATNICZĄ;Artykuły spożywcze
27.08.2022;27.08.2022;JMP S.A. BIEDRONKA 445 WARSZAWA;;'23124015321111001044176713;;*********3025639;-49,90;PLN;'C992223910720646;TRANSAKCJA KARTĄ PŁATNICZĄ;Artykuły spożywcze
27.08.2022;27.08.2022;MAŁGORZATA UŁASIUK;;'23124015321111001044176713;'61156000132008867040000001;kebab;-30,00;PLN;'M042100365058656;PRZELEW BLIK WYCHODZĄCY;Bez kategorii
27.08.2022;26.08.2022;JMP S.A. BIEDRONKA 445 WARSZAWA;;'23124015321111001044176713;;*********3025639;-39,25;PLN;'C992223821631465;TRANSAKCJA KARTĄ PŁATNICZĄ;Artykuły spożywcze
25.08.2022;25.08.2022;PAYU S.A.;UL. GRUNWALDZKA 186 60-166 Poznań;'23124015321111001044176713;'71124010401111001086116852;PayU XX2769540140XX Pyszne.pl zamowienie nr 6B88FF;-45,28;PLN;'014228P601704140;PRZELEW WEWNĘTRZNY - DOSTAWCA;Bez kategorii
25.08.2022;25.08.2022;JMP S.A. BIEDRONKA 445 WARSZAWA;;'23124015321111001044176713;;*********3025639;-15,48;PLN;'C992223714136483;TRANSAKCJA KARTĄ PŁATNICZĄ;Artykuły spożywcze
25.08.2022;25.08.2022;AKCJE BOSSA;;'23124015321111001044176713;'38154011578129000000156169;Przelew środków;-10 000,00;PLN;'014228P624305443;REALIZACJA PŁATNOŚCI PEOPAY;Bez kategorii
25.08.2022;25.08.2022;ZABKA Z4410 K.1        WARSZAWA;;'23124015321111001044176713;;*********3025639;-8,30;PLN;'C992223708986132;TRANSAKCJA KARTĄ PŁATNICZĄ;Artykuły spożywcze
25.08.2022;24.08.2022;KACPER MACIEJ BANASIK;ŁUCKA 20/62 00-845    WARSZAWA            PL;'69124060031111001048178711;'23124015321111001044176713;Czynsz i prąd;3 207,97;PLN;'503228O606209843;PRZELEW;Inne
24.08.2022;24.08.2022;JMP S.A. BIEDRONKA 445 WARSZAWA;;'23124015321111001044176713;;*********3025639;-21,86;PLN;'C992223612748632;TRANSAKCJA KARTĄ PŁATNICZĄ;Artykuły spożywcze
23.08.2022;23.08.2022;JMP S.A. BIEDRONKA 445 WARSZAWA;;'23124015321111001044176713;;*********3025639;-45,44;PLN;'C992223513463314;TRANSAKCJA KARTĄ PŁATNICZĄ;Artykuły spożywcze
22.08.2022;22.08.2022;JMP S.A. BIEDRONKA 445 WARSZAWA;;'23124015321111001044176713;;*********3025639;-22,66;PLN;'C992223411096412;TRANSAKCJA KARTĄ PŁATNICZĄ;Artykuły spożywcze
22.08.2022;21.08.2022;ZABKA Z4410 K.2        WARSZAWA;;'23124015321111001044176713;;*********3025639;-7,50;PLN;'C992223322622475;TRANSAKCJA KARTĄ PŁATNICZĄ;Artykuły spożywcze
20.08.2022;20.08.2022;JMP S.A. BIEDRONKA 445 WARSZAWA;;'23124015321111001044176713;;*********3025639;-11,56;PLN;'C992223213342937;TRANSAKCJA KARTĄ PŁATNICZĄ;Artykuły spożywcze
20.08.2022;19.08.2022;LIDL KAROLKOWA         WARSZAWA;;'23124015321111001044176713;;*********3025639;-148,47;PLN;'C992223121155533;TRANSAKCJA KARTĄ PŁATNICZĄ;Artykuły spożywcze
19.08.2022;19.08.2022;ZABKA Z4410 K.2        WARSZAWA;;'23124015321111001044176713;;*********3025639;-4,99;PLN;'C992223119119327;TRANSAKCJA KARTĄ PŁATNICZĄ;Artykuły spożywcze
19.08.2022;18.08.2022;JMP S.A. BIEDRONKA 445 WARSZAWA;;'23124015321111001044176713;;*********3025639;-2,65;PLN;'C992223023807100;TRANSAKCJA KARTĄ PŁATNICZĄ;Artykuły spożywcze
18.08.2022;18.08.2022;PL KFC WARSZAWA GAL    WARSZAWA;;'23124015321111001044176713;;*********3025639;-91,49;PLN;'C992223015657765;TRANSAKCJA KARTĄ PŁATNICZĄ;Restauracje i kawiarnie
18.08.2022;18.08.2022;ZDROFIT WOLA WARSAW SP WARSZAWA;;'23124015321111001044176713;;*********3025639;-15,00;PLN;'C992223011570952;TRANSAKCJA KARTĄ PŁATNICZĄ;Hobby
18.08.2022;18.08.2022;JMP S.A. BIEDRONKA 445 WARSZAWA;;'23124015321111001044176713;;*********3025639;-26,28;PLN;'C992223010531792;TRANSAKCJA KARTĄ PŁATNICZĄ;Artykuły spożywcze
17.08.2022;17.08.2022;CARREFOUR EXPRESS H53  WARSZAWA;;'23124015321111001044176713;;*********3025639;-2,79;PLN;'C992222919421970;TRANSAKCJA KARTĄ PŁATNICZĄ;Artykuły spożywcze
17.08.2022;17.08.2022;CHEESECAKE CORNER      WARSZAWA;;'23124015321111001044176713;;*********3025639;-24,00;PLN;'C992222918412291;TRANSAKCJA KARTĄ PŁATNICZĄ;Artykuły spożywcze
17.08.2022;17.08.2022;JAKDOJADE.PL           POZNAN;;'23124015321111001044176713;;*********3025639;-25,00;PLN;'C992222918399277;TRANSAKCJA KARTĄ PŁATNICZĄ;Transport publiczny
17.08.2022;17.08.2022;ZAWIJANY POLKOWSKA 11  WARSZAWA;;'23124015321111001044176713;;*********3025639;-33,00;PLN;'C992222917389151;TRANSAKCJA KARTĄ PŁATNICZĄ;Restauracje i kawiarnie
17.08.2022;17.08.2022;JMP S.A. BIEDRONKA 445 WARSZAWA;;'23124015321111001044176713;;*********3025639;-7,88;PLN;'C992222910197721;TRANSAKCJA KARTĄ PŁATNICZĄ;Artykuły spożywcze
17.08.2022;16.08.2022;JMP S.A. BIEDRONKA 445 WARSZAWA;;'23124015321111001044176713;;*********3025639;-10,64;PLN;'C992222821126205;TRANSAKCJA KARTĄ PŁATNICZĄ;Artykuły spożywcze
16.08.2022;16.08.2022;JMP S.A. BIEDRONKA 445 WARSZAWA;;'23124015321111001044176713;;*********3025639;-5,49;PLN;'C992222818074405;TRANSAKCJA KARTĄ PŁATNICZĄ;Artykuły spożywcze
16.08.2022;16.08.2022;PIEKARNIA ORMIANSKA    WARSZAWA;;'23124015321111001044176713;;*********3025639;-12,00;PLN;'C992222816030369;TRANSAKCJA KARTĄ PŁATNICZĄ;Artykuły spożywcze
16.08.2022;16.08.2022;JMP S.A. BIEDRONKA 445 WARSZAWA;;'23124015321111001044176713;;*********3025639;-7,58;PLN;'C992222816024584;TRANSAKCJA KARTĄ PŁATNICZĄ;Artykuły spożywcze
15.08.2022;14.08.2022;NASTOLI 02             LOMZA;;'23124015321111001044176713;;*********3025639;-21,00;PLN;'C992222619609771;TRANSAKCJA KARTĄ PŁATNICZĄ;Restauracje i kawiarnie
15.08.2022;15.08.2022;ZABKA Z6339 K.1        WARSZAWA;;'23124015321111001044176713;;*********3025639;-8,60;PLN;'C992222711655026;TRANSAKCJA KARTĄ PŁATNICZĄ;Artykuły spożywcze
15.08.2022;14.08.2022;PAYPRO S.A.;UL. KANCLERSKA 15 60-327 POZNAŃ;'23124015321111001044176713;'44124059341111001098127381;P24-J0C-Q6N-F8J;-35,59;PLN;'014228E600902036;PRZELEW MOBILE;Bez kategorii
13.08.2022;12.08.2022;JULIA BUDZIŃSKA;;'23124015321111001044176713;'15105015591000009267210426;Przelew na telefon;-100,00;PLN;'M042100358579256;PRZELEW BLIK WYCHODZĄCY;Internet, TV, telefon
13.08.2022;12.08.2022;ZABKA Z4410 K.1        WARSZAWA;;'23124015321111001044176713;;*********3025639;-14,39;PLN;'C992222421118134;TRANSAKCJA KARTĄ PŁATNICZĄ;Artykuły spożywcze
12.08.2022;12.08.2022;PAYPRO S.A.;UL. KANCLERSKA 15 60-327 POZNAŃ;'23124015321111001044176713;'51124017501111001068892552;P24-K9C-Q2G-H8T;-43,03;PLN;'014228C627107427;PRZELEW MOBILE;Bez kategorii
12.08.2022;12.08.2022;CHEESECAKE CORNER      WARSZAWA;;'23124015321111001044176713;;*********3025639;-25,00;PLN;'C992222419079531;TRANSAKCJA KARTĄ PŁATNICZĄ;Artykuły spożywcze
12.08.2022;12.08.2022;CARREFOUR HIPERMARKET  WARSZAWA;;'23124015321111001044176713;;*********3025639;-6,50;PLN;'C992222418065478;TRANSAKCJA KARTĄ PŁATNICZĄ;Artykuły spożywcze
12.08.2022;12.08.2022;CARREFOUR HIPERMARKET  WARSZAWA;;'23124015321111001044176713;;*********3025639;-16,00;PLN;'C992222418062369;TRANSAKCJA KARTĄ PŁATNICZĄ;Artykuły spożywcze
12.08.2022;12.08.2022;EMPIK S.A.             WARSZAWA;;'23124015321111001044176713;;*********3025639;-50,99;PLN;'C992222418058704;TRANSAKCJA KARTĄ PŁATNICZĄ;Książki
12.08.2022;12.08.2022;JAKDOJADE.PL           POZNAN;;'23124015321111001044176713;;*********3025639;-10,00;PLN;'C992222417033289;TRANSAKCJA KARTĄ PŁATNICZĄ;Transport publiczny
12.08.2022;12.08.2022;ZABKA Z4410 K.2        WARSZAWA;;'23124015321111001044176713;;*********3025639;-7,00;PLN;'C992222414943074;TRANSAKCJA KARTĄ PŁATNICZĄ;Artykuły spożywcze
11.08.2022;10.08.2022;JMP S.A. BIEDRONKA 445 WARSZAWA;;'23124015321111001044176713;;*********3025639;-14,37;PLN;'C992222221380484;TRANSAKCJA KARTĄ PŁATNICZĄ;Artykuły spożywcze
11.08.2022;11.08.2022;REVOLUT**8234*         DUBLIN;;'23124015321111001044176713;;;-100,00;PLN;'C992222317697354;TRANSAKCJA KARTĄ PŁATNICZĄ;Bez kategorii
10.08.2022;10.08.2022;MAŁGORZATA UŁASIUK TRENER OSOBISTY;UL.ŁUCKA 20 M.62 00-845 WARSZAWA;'25114020040000310281874201;'23124015321111001044176713;CZYNSZ CZERWIEC;1 460,00;PLN;'WHJ0001416559940;PRZELEW KRAJOWY MIĘDZYBANKOWY;Inne
10.08.2022;10.08.2022;IKE BOSSA;;'23124015321111001044176713;'83154011578129000000814183;IKE 814183;-500,00;PLN;'014228AA71007905;ZLECENIE STAŁE;Bez kategorii
10.08.2022;10.08.2022;;;'23124015321111001044176713;'92124020921362991111000000;Opłata za obsługę kartyMasterCard Debit*43025639 za miesiąc 8.2022;-1,00;PLN;'M01505H900057707;PROWIZJE AUT.;Opłaty bankowe
10.08.2022;10.08.2022;MAŁGORZATA UŁASIUK TRENER OSOBISTY;UL.ŁUCKA 20 M.62 00-845 WARSZAWA;'25114020040000310281874201;'23124015321111001044176713;CZYNSZ LIPIEC;1 460,00;PLN;'WHJ0001416559941;PRZELEW KRAJOWY MIĘDZYBANKOWY;Inne
10.08.2022;10.08.2022;JMP S.A. BIEDRONKA 445 WARSZAWA;;'23124015321111001044176713;;*********3025639;-29,44;PLN;'C992222213198365;TRANSAKCJA KARTĄ PŁATNICZĄ;Artykuły spożywcze
10.08.2022;09.08.2022;JMP S.A. BIEDRONKA 445 WARSZAWA;;'23124015321111001044176713;;*********3025639;-21,08;PLN;'C992222120013104;TRANSAKCJA KARTĄ PŁATNICZĄ;Artykuły spożywcze
09.08.2022;09.08.2022;AUTOMAT-SPEC SP.ZOO    WARSZAWA;;'23124015321111001044176713;;*********3025639;-4,00;PLN;'C992222115897141;TRANSAKCJA KARTĄ PŁATNICZĄ;Artykuły spożywcze
09.08.2022;09.08.2022;ASSECO POLAND SA PŁACE;UL. OLCHOWA 14 35-322 RZESZÓW;'42124059181111000049090675;'23124015321111001044176713;WYNAGRODZENIE 07/2022 **202207U** 23119;6 336,26;PLN;'4910809987882738;PRZELEW;Wynagrodzenie
09.08.2022;09.08.2022;GORACO POLECAM         WARSZAWA;;'23124015321111001044176713;;*********3025639;-7,50;PLN;'C992222108718154;TRANSAKCJA KARTĄ PŁATNICZĄ;Artykuły spożywcze
09.08.2022;09.08.2022;CARREFOUR EXPRESS H82  WARSZAWA;;'23124015321111001044176713;;*********3025639;-2,79;PLN;'C992222108717858;TRANSAKCJA KARTĄ PŁATNICZĄ;Artykuły spożywcze
08.08.2022;08.08.2022;GOOD LOOD              KRAKOW;;'23124015321111001044176713;;*********3025639;-6,00;PLN;'C992222015618297;TRANSAKCJA KARTĄ PŁATNICZĄ;Restauracje i kawiarnie
08.08.2022;08.08.2022;UŁASIUK MAŁGORZATA;UL. DĄBROWICA MAŁA 71 21-530 DĄBROW ICA MAŁA;'61156000132008867040000001;'23124015321111001044176713;Wałek i kanapka;31,00;PLN;'WHH0001412373668;PRZELEW KRAJOWY MIĘDZYBANKOWY;Inne
08.08.2022;08.08.2022;JMP S.A. BIEDRONKA 445 WARSZAWA;;'23124015321111001044176713;;*********3025639;-26,23;PLN;'C992222010419444;TRANSAKCJA KARTĄ PŁATNICZĄ;Artykuły spożywcze
08.08.2022;02.08.2022;BANK PEKAO S.A.;CENTRALA-OŚRODEK OPERACJI KART ul.Giełdowa 5 01-211 Warszawa;'23124015321111001044176713;'53124000270999999999999999;ROZLICZENIE TRANSAKCJINA KARTĘ **** **** 4302 5639WYKONANEJ: NETFLIX.COM\Keizersgracht 440, 2nd Floo DN. 02/08/2022;-60,00;PLN;'0322080760022168;PRZELEW;Inne
08.08.2022;07.08.2022;ZABKA Z8085 K.2        WARSZAWA;;'23124015321111001044176713;;*********3025639;-10,80;PLN;'C992221910244990;TRANSAKCJA KARTĄ PŁATNICZĄ;Artykuły spożywcze
06.08.2022;06.08.2022;JMP S.A. BIEDRONKA 445 WARSZAWA;;'23124015321111001044176713;;*********3025639;-22,47;PLN;'C992221818156799;TRANSAKCJA KARTĄ PŁATNICZĄ;Artykuły spożywcze
06.08.2022;06.08.2022;JMP S.A. BIEDRONKA 445 WARSZAWA;;'23124015321111001044176713;;*********3025639;-61,22;PLN;'C992221816126969;TRANSAKCJA KARTĄ PŁATNICZĄ;Artykuły spożywcze
06.08.2022;06.08.2022;PAYPAL *PATRONITE      35314369001;;'23124015321111001044176713;;*********3025639;-7,00;PLN;'C992221805074598;TRANSAKCJA KARTĄ PŁATNICZĄ;Kino i teatr
06.08.2022;05.08.2022;JMP S.A. BIEDRONKA 445 WARSZAWA;;'23124015321111001044176713;;*********3025639;-24,85;PLN;'C992221720873540;TRANSAKCJA KARTĄ PŁATNICZĄ;Artykuły spożywcze
05.08.2022;05.08.2022;JMP S.A. BIEDRONKA 445 WARSZAWA;;'23124015321111001044176713;;*********3025639;-15,26;PLN;'C992221714723966;TRANSAKCJA KARTĄ PŁATNICZĄ;Artykuły spożywcze
05.08.2022;05.08.2022;JAROSŁAW JAKUB MILLER;RYNEK 65 26-025    ŁAGÓW               PL;'75124060031111001047891677;'23124015321111001044176713;Prund;221,12;PLN;'5032285624409339;PRZELEW;Inne
05.08.2022;05.08.2022;WALEK WARSZAWSKI       WARSZAWA;;'23124015321111001044176713;;*********3025639;-46,00;PLN;'C992221714719301;TRANSAKCJA KARTĄ PŁATNICZĄ;Restauracje i kawiarnie
05.08.2022;05.08.2022;ODNOWA BIOLOGICZNA HEA WARSZAWA;;'23124015321111001044176713;;*********3025639;-7,00;PLN;'C992221712655071;TRANSAKCJA KARTĄ PŁATNICZĄ;Uroda, fryzjer, kosmetyczka
05.08.2022;05.08.2022;EFES                   WARSZAWA;;'23124015321111001044176713;;*********3025639;-17,00;PLN;'C992221711638453;TRANSAKCJA KARTĄ PŁATNICZĄ;Restauracje i kawiarnie
04.08.2022;04.08.2022;JMP S.A. BIEDRONKA 445 WARSZAWA;;'23124015321111001044176713;;*********3025639;-6,48;PLN;'C992221610262897;TRANSAKCJA KARTĄ PŁATNICZĄ;Artykuły spożywcze
04.08.2022;04.08.2022;VINA EXPRESS           WARSZAWA;;'23124015321111001044176713;;*********3025639;-24,00;PLN;'C992221618460516;TRANSAKCJA KARTĄ PŁATNICZĄ;Puby i kluby
03.08.2022;02.08.2022;JMP S.A. BIEDRONKA 445 WARSZAWA;;'23124015321111001044176713;;*********3025639;-9,44;PLN;'C992221422863947;TRANSAKCJA KARTĄ PŁATNICZĄ;Artykuły spożywcze
03.08.2022;03.08.2022;UŁASIUK MAŁGORZATA;UL. DĄBROWICA MAŁA 71 21-530 DĄBROW ICA MAŁA;'61156000132008867040000001;'23124015321111001044176713;Zakupy w biedrze;44,00;PLN;'WHC0001409901631;PRZELEW KRAJOWY MIĘDZYBANKOWY;Inne
03.08.2022;03.08.2022;"""WARSZAWIANKA""         WARSZAWA";;'23124015321111001044176713;;*********3025639;-4,00;PLN;'C992221519154608;TRANSAKCJA KARTĄ PŁATNICZĄ;Artykuły spożywcze
03.08.2022;03.08.2022;SPICY KEBAB AND GRILL  WARSZAWA;;'23124015321111001044176713;;*********3025639;-22,00;PLN;'C992221519154297;TRANSAKCJA KARTĄ PŁATNICZĄ;Restauracje i kawiarnie
02.08.2022;02.08.2022;LIPONOGA NINA;;'23116022020000000081891379;'23124015321111001044176713;Chinczyk;23,50;PLN;'M042000034122336;PRZELEW BLIK PRZYCHODZĄCY;Inne
02.08.2022;02.08.2022;CEZARY KANIA;WÓLKA - FOLWARK 29C 07-205 RZĄŚNIK;'45114020040000310234692944;'23124015321111001044176713;KULKI;23,50;PLN;'M042000034122295;PRZELEW BLIK PRZYCHODZĄCY;Inne
02.08.2022;02.08.2022;MACHOP SP. Z O.O.      WARSZAWA;;'23124015321111001044176713;;*********3025639;-72,50;PLN;'C992221413687456;TRANSAKCJA KARTĄ PŁATNICZĄ;Restauracje i kawiarnie
02.08.2022;02.08.2022;GORACO POLECAM         WARSZAWA;;'23124015321111001044176713;;*********3025639;-11,90;PLN;'C992221409590973;TRANSAKCJA KARTĄ PŁATNICZĄ;Artykuły spożywcze
02.08.2022;01.08.2022;JMP S.A. BIEDRONKA 445 WARSZAWA;;'23124015321111001044176713;;*********3025639;-14,40;PLN;'C992221321533468;TRANSAKCJA KARTĄ PŁATNICZĄ;Artykuły spożywcze
02.08.2022;01.08.2022;JMP S.A. BIEDRONKA 445 WARSZAWA;;'23124015321111001044176713;;*********3025639;-42,04;PLN;'C992221321533249;TRANSAKCJA KARTĄ PŁATNICZĄ;Artykuły spożywcze
01.08.2022;01.08.2022;E.ON POLSKA S.A;UL. WŁODARZEWSKA 68 02-384 WARSZAWA;'23124015321111001044176713;'96124069601701080000787371;Prognoza zużycia nr 224250698832;-2 369,14;PLN;'0142281603608495;PRZELEW INTERNET;Prąd
01.08.2022;01.08.2022;DOLADOWANIA.PLAY.PL    POZNAN;;'23124015321111001044176713;;*********3025639;-25,00;PLN;'C992221312330615;TRANSAKCJA KARTĄ PŁATNICZĄ;Internet, TV, telefon
01.08.2022;01.08.2022;JMP S.A. BIEDRONKA 445 WARSZAWA;;'23124015321111001044176713;;*********3025639;-27,74;PLN;'C992221310266489;TRANSAKCJA KARTĄ PŁATNICZĄ;Artykuły spożywcze
01.08.2022;31.07.2022;ZABKA Z4410 K.2        WARSZAWA;;'23124015321111001044176713;;*********3025639;-18,10;PLN;'C992221215151870;TRANSAKCJA KARTĄ PŁATNICZĄ;Artykuły spożywcze
30.07.2022;30.07.2022;;;;'23124015321111001044176713;ODSETKI OD DEPOZYTU;0,78;PLN;'014227U98C001199;ODSETKI OD DEPOZYTU;Odsetki, zwrot z inwestycji
30.07.2022;30.07.2022;;;'23124015321111001044176713;;PODATEK POBRANY;-0,15;PLN;'014227U98C001198;PODATEK POBRANY;Podatki
30.07.2022;30.07.2022;LEROY MERLIN WARSZA    WARSZAWA;;'23124015321111001044176713;;*********3025639;-9,99;PLN;'C992221115984479;TRANSAKCJA KARTĄ PŁATNICZĄ;Wyposażenie
30.07.2022;30.07.2022;CARREFOUR HIPERMARKET  WARSZAWA;;'23124015321111001044176713;;*********3025639;-81,45;PLN;'C992221115979086;TRANSAKCJA KARTĄ PŁATNICZĄ;Artykuły spożywcze
30.07.2022;29.07.2022;JAROSŁAW JAKUB MILLER;RYNEK 65 26-025    ŁAGÓW               PL;'75124060031111001047891677;'23124015321111001044176713;za mało przelałem przed chwilą xd;40,90;PLN;'503227T629103134;PRZELEW;Inne
30.07.2022;29.07.2022;JAROSŁAW JAKUB MILLER;RYNEK 65 26-025    ŁAGÓW               PL;'75124060031111001047891677;'23124015321111001044176713;Mieszkanie;3 020,70;PLN;'503227T620108444;PRZELEW;Przychody z najmu
30.07.2022;29.07.2022;ZABKA Z4410 K.2        WARSZAWA;;'23124015321111001044176713;;*********3025639;-7,50;PLN;'C992221022768822;TRANSAKCJA KARTĄ PŁATNICZĄ;Artykuły spożywcze
30.07.2022;29.07.2022;MICHAEL I NELLIE MCGRATH;;'23124015321111001044176713;'72109028510000000105587583;august 2022;-5 940,00;PLN;'014227T622301204;REALIZACJA PŁATNOŚCI PEOPAY;Czynsz
30.07.2022;29.07.2022;JMP S.A. BIEDRONKA 445 WARSZAWA;;'23124015321111001044176713;;*********3025639;-33,46;PLN;'C992221021762681;TRANSAKCJA KARTĄ PŁATNICZĄ;Artykuły spożywcze
29.07.2022;29.07.2022;JMP S.A. BIEDRONKA 631 WARSZAWA;;'23124015321111001044176713;;*********3025639;-7,38;PLN;'C992221019732667;TRANSAKCJA KARTĄ PŁATNICZĄ;Artykuły spożywcze
29.07.2022;29.07.2022;JMP S.A. BIEDRONKA 445 WARSZAWA;;'23124015321111001044176713;;*********3025639;-11,94;PLN;'C992221008451681;TRANSAKCJA KARTĄ PŁATNICZĄ;Artykuły spożywcze
28.07.2022;28.07.2022;PAYU;PYSZNE.PL Grunwaldzka 186,Poznan;'23124015321111001044176713;;BLIK REF       67836156787;-81,80;PLN;'C992220917072544;PŁATNOŚĆ BLIK;Zakupy przez internet
28.07.2022;28.07.2022;JMP S.A. BIEDRONKA 445 WARSZAWA;;'23124015321111001044176713;;*********3025639;-9,54;PLN;'C992220910143563;TRANSAKCJA KARTĄ PŁATNICZĄ;Artykuły spożywcze
26.07.2022;26.07.2022;JMP S.A. BIEDRONKA 445 WARSZAWA;;'23124015321111001044176713;;*********3025639;-8,28;PLN;'C992220714618329;TRANSAKCJA KARTĄ PŁATNICZĄ;Artykuły spożywcze
26.07.2022;26.07.2022;ZABKA Z4410 K.2        WARSZAWA;;'23124015321111001044176713;;*********3025639;-5,80;PLN;'C992220710513066;TRANSAKCJA KARTĄ PŁATNICZĄ;Artykuły spożywcze
25.07.2022;25.07.2022;JMP S.A. BIEDRONKA 445 WARSZAWA;;'23124015321111001044176713;;*********3025639;-84,62;PLN;'C992220613259113;TRANSAKCJA KARTĄ PŁATNICZĄ;Artykuły spożywcze
25.07.2022;25.07.2022;NINA LIPONOGA;;'23124015321111001044176713;'23116022020000000081891379;rowery;-214,60;PLN;'M042100347646382;PRZELEW BLIK WYCHODZĄCY;Bez kategorii
25.07.2022;24.07.2022;PAYU;PYSZNE.PL Grunwaldzka 186,Poznan;'23124015321111001044176713;;BLIK REF       67757218641;-44,49;PLN;'C992220520712705;PŁATNOŚĆ BLIK;Zakupy przez internet
25.07.2022;24.07.2022;F.H. KACPEREK K. KUSIA SMARDZEWICE;;'23124015321111001044176713;;*********3025639;-11,80;PLN;'C992220514055560;TRANSAKCJA KARTĄ PŁATNICZĄ;Artykuły spożywcze
25.07.2022;24.07.2022;RESTAURACJA URSZULA GW SULEJOW;;'23124015321111001044176713;;*********3025639;-12,00;PLN;'C992220512029444;TRANSAKCJA KARTĄ PŁATNICZĄ;Restauracje i kawiarnie
25.07.2022;24.07.2022;SKLEP U ZOSI Z.KRAWIEC BARKOWICE MO;;'23124015321111001044176713;;*********3025639;-3,30;PLN;'C992220511018756;TRANSAKCJA KARTĄ PŁATNICZĄ;Artykuły spożywcze
23.07.2022;23.07.2022;DINO SMARDZEWICE 1     TOMASZOW MAZ;;'23124015321111001044176713;;*********3025639;-46,83;PLN;'C992220417934548;TRANSAKCJA KARTĄ PŁATNICZĄ;Artykuły spożywcze
23.07.2022;23.07.2022;"FHU "" MAROB""           SPALA";;'23124015321111001044176713;;*********3025639;-51,00;PLN;'C992220416901367;TRANSAKCJA KARTĄ PŁATNICZĄ;Restauracje i kawiarnie
23.07.2022;23.07.2022;P.W. MORDAKA SP. J.    TOMASZOW MAZ;;'23124015321111001044176713;;*********3025639;-13,80;PLN;'C992220412825689;TRANSAKCJA KARTĄ PŁATNICZĄ;Artykuły spożywcze
23.07.2022;23.07.2022;JMP S.A. BIEDRONKA 445 WARSZAWA;;'23124015321111001044176713;;*********3025639;-7,85;PLN;'C992220407686816;TRANSAKCJA KARTĄ PŁATNICZĄ;Artykuły spożywcze
22.07.2022;22.07.2022;JMP S.A. BIEDRONKA 445 WARSZAWA;;'23124015321111001044176713;;*********3025639;-51,59;PLN;'C992220314508694;TRANSAKCJA KARTĄ PŁATNICZĄ;Artykuły spożywcze
21.07.2022;21.07.2022;TOOGOODTOG 1UMP02AR1QU COPENHAGEN S;;'23124015321111001044176713;;;-15,69;PLN;'C992220218241600;TRANSAKCJA KARTĄ PŁATNICZĄ;Restauracje i kawiarnie
21.07.2022;20.07.2022;JMP S.A. BIEDRONKA 445 WARSZAWA;;'23124015321111001044176713;;*********3025639;-41,13;PLN;'C992220122975804;TRANSAKCJA KARTĄ PŁATNICZĄ;Artykuły spożywcze
21.07.2022;21.07.2022;CARREFOUR EXPRESS H82  WARSZAWA;;'23124015321111001044176713;;*********3025639;-3,59;PLN;'C992220215165938;TRANSAKCJA KARTĄ PŁATNICZĄ;Artykuły spożywcze
21.07.2022;21.07.2022;AUTOMAT-SPEC SP.ZOO    WARSZAWA;;'23124015321111001044176713;;*********3025639;-4,00;PLN;'C992220210049862;TRANSAKCJA KARTĄ PŁATNICZĄ;Artykuły spożywcze
21.07.2022;21.07.2022;FADI KEBAB             WARSZAWA;;'23124015321111001044176713;;*********3025639;-20,00;PLN;'C992220214155167;TRANSAKCJA KARTĄ PŁATNICZĄ;Restauracje i kawiarnie
21.07.2022;21.07.2022;SKLEP FIRMOWY NR 117   WARSZAWA;;'23124015321111001044176713;;*********3025639;-17,90;PLN;'C992220208020099;TRANSAKCJA KARTĄ PŁATNICZĄ;Artykuły spożywcze
20.07.2022;20.07.2022;DECATHLON WARSZAWA     WARSZAWA;;'23124015321111001044176713;;*********3025639;-19,47;PLN;'C992220119934777;TRANSAKCJA KARTĄ PŁATNICZĄ;Sport
20.07.2022;20.07.2022;MACHOP SP. Z O.O.      WARSZAWA;;'23124015321111001044176713;;*********3025639;-27,50;PLN;'C992220113800410;TRANSAKCJA KARTĄ PŁATNICZĄ;Restauracje i kawiarnie
20.07.2022;20.07.2022;SKLEP FIRMOWY NR 117   WARSZAWA;;'23124015321111001044176713;;*********3025639;-18,90;PLN;'C992220110716884;TRANSAKCJA KARTĄ PŁATNICZĄ;Artykuły spożywcze
20.07.2022;20.07.2022;;;'23124015321111001044176713;'92124020921362991111000000;Opłata za obsługę kartyMasterCard Debit*43025639 za miesiąc 7.2022;-1,00;PLN;'M01505GJ00027308;PROWIZJE AUT.;Opłaty bankowe
19.07.2022;19.07.2022;JMP S.A. BIEDRONKA 445 WARSZAWA;;'23124015321111001044176713;;*********3025639;-11,77;PLN;'C992220019617346;TRANSAKCJA KARTĄ PŁATNICZĄ;Artykuły spożywcze
19.07.2022;19.07.2022;MACHOP SP. Z O.O.      WARSZAWA;;'23124015321111001044176713;;*********3025639;-35,00;PLN;'C992220012442068;TRANSAKCJA KARTĄ PŁATNICZĄ;Restauracje i kawiarnie
19.07.2022;19.07.2022;IRENEUSZ SZYMANIAK     GRODZISK MAZ;;'23124015321111001044176713;;*********3025639;-10,00;PLN;'C992220009374037;TRANSAKCJA KARTĄ PŁATNICZĄ;Artykuły spożywcze
19.07.2022;18.07.2022;JMP S.A. BIEDRONKA 445 WARSZAWA;;'23124015321111001044176713;;*********3025639;-9,67;PLN;'C992219922320535;TRANSAKCJA KARTĄ PŁATNICZĄ;Artykuły spożywcze
18.07.2022;18.07.2022;JMP S.A. BIEDRONKA 445 WARSZAWA;;'23124015321111001044176713;;*********3025639;-13,78;PLN;'C992219918263542;TRANSAKCJA KARTĄ PŁATNICZĄ;Artykuły spożywcze
18.07.2022;18.07.2022;MACHOP SP. Z O.O.      WARSZAWA;;'23124015321111001044176713;;*********3025639;-24,00;PLN;'C992219917249378;TRANSAKCJA KARTĄ PŁATNICZĄ;Restauracje i kawiarnie
18.07.2022;17.07.2022;JAKDOJADE.PL           POZNAN;;'23124015321111001044176713;;*********3025639;-10,00;PLN;'C992219821978554;TRANSAKCJA KARTĄ PŁATNICZĄ;Transport publiczny
18.07.2022;18.07.2022;SKLEP FIRMOWY NR 117   WARSZAWA;;'23124015321111001044176713;;*********3025639;-6,49;PLN;'C992219907008414;TRANSAKCJA KARTĄ PŁATNICZĄ;Artykuły spożywcze
18.07.2022;17.07.2022;ZABKA Z4410 K.2        WARSZAWA;;'23124015321111001044176713;;*********3025639;-4,99;PLN;'C992219822981748;TRANSAKCJA KARTĄ PŁATNICZĄ;Artykuły spożywcze
18.07.2022;18.07.2022;PAYPRO S.A.;TMAKCESORIA.PL Kanclerska 15,Poznan;'23124015321111001044176713;;BLIK REF       67633889777;-27,90;PLN;'C992219919697280;PŁATNOŚĆ BLIK;Zakupy przez internet
18.07.2022;17.07.2022;ZABKA Z8085 K.1        WARSZAWA;;'23124015321111001044176713;;*********3025639;-8,60;PLN;'C992219810873918;TRANSAKCJA KARTĄ PŁATNICZĄ;Artykuły spożywcze
18.07.2022;18.07.2022;AUTOMAT-SPEC SP.ZOO    WARSZAWA;;'23124015321111001044176713;;*********3025639;-4,00;PLN;'C992219914172255;TRANSAKCJA KARTĄ PŁATNICZĄ;Artykuły spożywcze
18.07.2022;16.07.2022;JMP S.A. BIEDRONKA 445 WARSZAWA;;'23124015321111001044176713;;*********3025639;-6,05;PLN;'C992219721841105;TRANSAKCJA KARTĄ PŁATNICZĄ;Artykuły spożywcze
18.07.2022;17.07.2022;BUKHARA ZELAZNA 51 LOK WARSZAWA;;'23124015321111001044176713;;*********3025639;-34,00;PLN;'C992219819980394;TRANSAKCJA KARTĄ PŁATNICZĄ;Restauracje i kawiarnie
16.07.2022;16.07.2022;JMP S.A. BIEDRONKA 445 WARSZAWA;;'23124015321111001044176713;;*********3025639;-14,16;PLN;'C992219713690446;TRANSAKCJA KARTĄ PŁATNICZĄ;Artykuły spożywcze
16.07.2022;16.07.2022;PAYU S.A.;GRUNWALDZKA 186 60-166 POZNAŃ;'23124015321111001044176713;'25124059181111001053651984;PayU w Allegro XX2715585263XX www.allegro.pl Allegro a9fe4cd1 051;-85,61;PLN;'014227G627003807;PRZELEW MOBILE;Zakupy przez internet
15.07.2022;14.07.2022;ZABKA Z4410 K.1        WARSZAWA;;'23124015321111001044176713;;*********3025639;-5,98;PLN;'C992219522145706;TRANSAKCJA KARTĄ PŁATNICZĄ;Artykuły spożywcze
15.07.2022;15.07.2022;JMP S.A. BIEDRONKA 445 WARSZAWA;;'23124015321111001044176713;;*********3025639;-11,87;PLN;'C992219610216309;TRANSAKCJA KARTĄ PŁATNICZĄ;Artykuły spożywcze
14.07.2022;14.07.2022;PAYU;PYSZNE.PL Grunwaldzka 186,Poznan;'23124015321111001044176713;;BLIK REF       67555596374;-82,79;PLN;'C992219518348388;PŁATNOŚĆ BLIK;Zakupy przez internet
14.07.2022;14.07.2022;ZABKA Z4410 K.2        WARSZAWA;;'23124015321111001044176713;;*********3025639;-5,00;PLN;'C992219509867885;TRANSAKCJA KARTĄ PŁATNICZĄ;Artykuły spożywcze
14.07.2022;14.07.2022;PIEKARNIA ORMIANSKO    WARSZAWA;;'23124015321111001044176713;;*********3025639;-13,00;PLN;'C992219515012061;TRANSAKCJA KARTĄ PŁATNICZĄ;Artykuły spożywcze
14.07.2022;14.07.2022;ASKA BEZUBIK;;'23124015321111001044176713;'98102047240000320200993535;Przelew na telefon;-20,00;PLN;'M042100342507117;PRZELEW BLIK WYCHODZĄCY;Internet, TV, telefon
14.07.2022;13.07.2022;MCDONALDS 45           WARSZAWA;;'23124015321111001044176713;;*********3025639;-14,50;PLN;'C992219421801003;TRANSAKCJA KARTĄ PŁATNICZĄ;Restauracje i kawiarnie
13.07.2022;13.07.2022;JMP S.A. BIEDRONKA 445 WARSZAWA;;'23124015321111001044176713;;*********3025639;-3,14;PLN;'C992219420788321;TRANSAKCJA KARTĄ PŁATNICZĄ;Artykuły spożywcze
13.07.2022;13.07.2022;JMP S.A. BIEDRONKA 445 WARSZAWA;;'23124015321111001044176713;;*********3025639;-11,13;PLN;'C992219413625728;TRANSAKCJA KARTĄ PŁATNICZĄ;Artykuły spożywcze
12.07.2022;12.07.2022;CARREFOUR EXPRESS 3352 WARSZAWA;;'23124015321111001044176713;;*********3025639;-14,37;PLN;'C992219312259751;TRANSAKCJA KARTĄ PŁATNICZĄ;Artykuły spożywcze
12.07.2022;12.07.2022;CARREFOUR HIPERMARKET  WARSZAWA;;'23124015321111001044176713;;*********3025639;-75,95;PLN;'C992219313298181;TRANSAKCJA KARTĄ PŁATNICZĄ;Artykuły spożywcze
11.07.2022;10.07.2022;IKE BOSSA;;'23124015321111001044176713;'83154011578129000000814183;IKE 814183;-500,00;PLN;'014227AA71005073;ZLECENIE STAŁE;Bez kategorii
11.07.2022;10.07.2022;ZABKA Z4410 K.2        WARSZAWA;;'23124015321111001044176713;;*********3025639;-9,00;PLN;'C992219117756760;TRANSAKCJA KARTĄ PŁATNICZĄ;Artykuły spożywcze
11.07.2022;11.07.2022;PAYU S.A.;GRUNWALDZKA 186 60-166 POZNAŃ;'23124015321111001044176713;'25124059181111001053651984;PayU w Allegro XX2707269572XX www.allegro.pl Allegro 6c811be1 00b;-299,87;PLN;'014227B629701357;PRZELEW MOBILE;Zakupy przez internet
11.07.2022;09.07.2022;KACPER MACIEJ BANASIK;ŁUCKA 20/62 00-845    WARSZAWA            PL;'69124060031111001048178711;'23124015321111001044176713;Na czynsz;1 750,49;PLN;'5032279601800629;PRZELEW;Inne
11.07.2022;11.07.2022;JMP S.A. BIEDRONKA 445 WARSZAWA;;'23124015321111001044176713;;*********3025639;-43,28;PLN;'C992219215003136;TRANSAKCJA KARTĄ PŁATNICZĄ;Artykuły spożywcze
11.07.2022;10.07.2022;MISS KIMCHI            WARSZAWA;;'23124015321111001044176713;;*********3025639;-34,00;PLN;'C992219116753166;TRANSAKCJA KARTĄ PŁATNICZĄ;Restauracje i kawiarnie
09.07.2022;09.07.2022;ZABKA Z4410 K.2        WARSZAWA;;'23124015321111001044176713;;*********3025639;-5,00;PLN;'C992219011422321;TRANSAKCJA KARTĄ PŁATNICZĄ;Artykuły spożywcze
09.07.2022;09.07.2022;PRYSTUPIUK KORNEL;;'32116022020000000338325946;'23124015321111001044176713;Za prezent dla Julki;20,00;PLN;'M042000032425475;PRZELEW BLIK PRZYCHODZĄCY;Darowizny
09.07.2022;08.07.2022;ZABKA Z4410 K.1        WARSZAWA;;'23124015321111001044176713;;*********3025639;-29,00;PLN;'C992218922303588;TRANSAKCJA KARTĄ PŁATNICZĄ;Artykuły spożywcze
08.07.2022;08.07.2022;KUCHNIA WIETNAMSK83619 WARSZAWA;;'23124015321111001044176713;;*********3025639;-30,00;PLN;'C992218914116397;TRANSAKCJA KARTĄ PŁATNICZĄ;Restauracje i kawiarnie
08.07.2022;08.07.2022;LIDL KAROLKOWA         WARSZAWA;;'23124015321111001044176713;;*********3025639;-132,86;PLN;'C992218914114417;TRANSAKCJA KARTĄ PŁATNICZĄ;Artykuły spożywcze
07.07.2022;07.07.2022;VIET MY                WARSZAWA;;'23124015321111001044176713;;*********3025639;-23,50;PLN;'C992218817830771;TRANSAKCJA KARTĄ PŁATNICZĄ;Restauracje i kawiarnie
07.07.2022;07.07.2022;ASSECO POLAND SA PŁACE;UL. OLCHOWA 14 35-322 RZESZÓW;'42124059181111000049090675;'23124015321111001044176713;WYNAGRODZENIE 06/2022 **202206U** 23119;6 336,26;PLN;'4910707987473341;PRZELEW;Wynagrodzenie
07.07.2022;07.07.2022;ZABKA Z4410 K.2        WARSZAWA;;'23124015321111001044176713;;*********3025639;-3,99;PLN;'C992218817836641;TRANSAKCJA KARTĄ PŁATNICZĄ;Artykuły spożywcze
07.07.2022;07.07.2022;POCZTA POLSKA          WARSZAWA (WO;;'23124015321111001044176713;;*********3025639;-7,50;PLN;'C992218816827882;TRANSAKCJA KARTĄ PŁATNICZĄ;Inne
06.07.2022;06.07.2022;PAYPAL *PATRONITE      35314369001;;'23124015321111001044176713;;*********3025639;-7,00;PLN;'C992218704391412;TRANSAKCJA KARTĄ PŁATNICZĄ;Kino i teatr
05.07.2022;05.07.2022;ZABKA Z4410 K.1        WARSZAWA;;'23124015321111001044176713;;*********3025639;-13,40;PLN;'C992218612048753;TRANSAKCJA KARTĄ PŁATNICZĄ;Artykuły spożywcze
05.07.2022;05.07.2022;JMP S.A. BIEDRONKA 445 WARSZAWA;;'23124015321111001044176713;;*********3025639;-60,70;PLN;'C992218619226766;TRANSAKCJA KARTĄ PŁATNICZĄ;Artykuły spożywcze
05.07.2022;05.07.2022;ZABKA Z4410 K.2        WARSZAWA;;'23124015321111001044176713;;*********3025639;-12,49;PLN;'C992218607955298;TRANSAKCJA KARTĄ PŁATNICZĄ;Artykuły spożywcze
04.07.2022;03.07.2022;SWEET FACTORY STORE    TORUN;;'23124015321111001044176713;;*********3025639;-12,96;PLN;'C992218411478151;TRANSAKCJA KARTĄ PŁATNICZĄ;Artykuły spożywcze
04.07.2022;04.07.2022;;;'23124015321111001044176713;'92124020921362991111000000;Opłata za wysłane kodyautoryzacyjne SMS - 2 szt.;-0,40;PLN;'M0150MG300493701;PROWIZJE AUT.;Opłaty bankowe
04.07.2022;04.07.2022;BATON S-1              BYDGOSZCZ;;'23124015321111001044176713;;*********3025639;-2,60;PLN;'C992218514772725;TRANSAKCJA KARTĄ PŁATNICZĄ;Artykuły spożywcze
04.07.2022;03.07.2022;PAYPRO S.A.;BLIK - BILET NA ul. Kanclerska 15,Poznan;'23124015321111001044176713;;BLIK REF       67333638109;-56,95;PLN;'C992218422222473;PŁATNOŚĆ BLIK;Zakupy przez internet
04.07.2022;03.07.2022;MONKA                  TORUN;;'23124015321111001044176713;;*********3025639;-234,00;PLN;'C992218414514426;TRANSAKCJA KARTĄ PŁATNICZĄ;Restauracje i kawiarnie
04.07.2022;03.07.2022;ZABKA Z6504 K.2        TORUN;;'23124015321111001044176713;;*********3025639;-3,80;PLN;'C992218411481196;TRANSAKCJA KARTĄ PŁATNICZĄ;Artykuły spożywcze
04.07.2022;04.07.2022;LODY                   BYDGOSZCZ;;'23124015321111001044176713;;*********3025639;-6,00;PLN;'C992218518874738;TRANSAKCJA KARTĄ PŁATNICZĄ;Artykuły spożywcze
04.07.2022;03.07.2022;SKLEP FIRMOWY KATARZYN TORUN;;'23124015321111001044176713;;*********3025639;-33,87;PLN;'C992218414515901;TRANSAKCJA KARTĄ PŁATNICZĄ;Artykuły spożywcze
04.07.2022;04.07.2022;ZABKA Z7438 K.1        BYDGOSZCZ;;'23124015321111001044176713;;*********3025639;-18,29;PLN;'C992218519885801;TRANSAKCJA KARTĄ PŁATNICZĄ;Artykuły spożywcze
04.07.2022;03.07.2022;ZABKA Z9901 K.1        TORUN;;'23124015321111001044176713;;*********3025639;-3,50;PLN;'C992218415523319;TRANSAKCJA KARTĄ PŁATNICZĄ;Artykuły spożywcze
04.07.2022;03.07.2022;BLUE MEDIA SA;UL. POWSTAŃCÓW WARSZAWY 6 81-718 Sopot;'23124015321111001044176713;'34124062921111001093236062;BPID:A1Y2YWSZGP droplabs Turystykai hotelarstwo;-45,00;PLN;'0142273620302978;PRZELEW WEWNĘTRZNY - DOSTAWCA;Bez kategorii
04.07.2022;02.07.2022;JMP S.A. BIEDRONKA 260 BYDGOSZCZ;;'23124015321111001044176713;;*********3025639;-29,74;PLN;'C992218321435628;TRANSAKCJA KARTĄ PŁATNICZĄ;Artykuły spożywcze
02.07.2022;02.07.2022;ZABKA Z7916 K.1        BYDGOSZCZ;;'23124015321111001044176713;;*********3025639;-39,77;PLN;'C992218319416978;TRANSAKCJA KARTĄ PŁATNICZĄ;Artykuły spożywcze
02.07.2022;02.07.2022;PRZYSTAN NA LODY       BYDGOSZCZ;;'23124015321111001044176713;;*********3025639;-5,50;PLN;'C992218319413821;TRANSAKCJA KARTĄ PŁATNICZĄ;Artykuły spożywcze
02.07.2022;02.07.2022;TRANSFERUJ.PL;PLAC ANDERSA 3 61-894 POZNAN;'23124015321111001044176713;'06124059181111001052283171;TR-978-6FKG4NXdla Muzeum Mydla sp.z o.o. sp.k.;-50,00;PLN;'0142272627000672;PRZELEW MOBILE;Bez kategorii
02.07.2022;02.07.2022;NETFLIX.COM            AMSTERDAM;;'23124015321111001044176713;;;-60,00;PLN;'C992218305104643;TRANSAKCJA KARTĄ PŁATNICZĄ;Internet, TV, telefon
02.07.2022;02.07.2022;"""APTEKA RESTAURACJA""   BYDGOSZCZ";;'23124015321111001044176713;;*********3025639;-157,00;PLN;'C992218300099106;TRANSAKCJA KARTĄ PŁATNICZĄ;Lekarstwa
02.07.2022;01.07.2022;LUMI SHOT BAR BYDGOSZC BYDGOSZCZ;;'23124015321111001044176713;;*********3025639;-64,00;PLN;'C992218222093825;TRANSAKCJA KARTĄ PŁATNICZĄ;Puby i kluby
01.07.2022;01.07.2022;CARREFOUR SUPERMARKET  BYDGOSZCZ;;'23124015321111001044176713;;*********3025639;-37,57;PLN;'C992218218031437;TRANSAKCJA KARTĄ PŁATNICZĄ;Artykuły spożywcze
01.07.2022;01.07.2022;OGNIEM I MIECZEM KARCZ BYDGOSZCZ;;'23124015321111001044176713;;*********3025639;-115,00;PLN;'C992218217009833;TRANSAKCJA KARTĄ PŁATNICZĄ;Restauracje i kawiarnie
01.07.2022;01.07.2022;SKLEP MONOPOLOWY 24    BYDGOSZCZ;;'23124015321111001044176713;;*********3025639;-17,97;PLN;'C992218201728917;TRANSAKCJA KARTĄ PŁATNICZĄ;Alkohol
01.07.2022;01.07.2022;DOLADOWANIA.PLAY.PL    POZNAN;;'23124015321111001044176713;;*********3025639;-25,00;PLN;'C992218211827166;TRANSAKCJA KARTĄ PŁATNICZĄ;Internet, TV, telefon
01.07.2022;01.07.2022;KEBAB CENTER           BYDGOSZCZ;;'23124015321111001044176713;;*********3025639;-15,00;PLN;'C992218200727857;TRANSAKCJA KARTĄ PŁATNICZĄ;Restauracje i kawiarnie
01.07.2022;01.07.2022;CUKIERNIA SOWA SP.     BYDGOSZCZ;;'23124015321111001044176713;;*********3025639;-19,00;PLN;'C992218210826868;TRANSAKCJA KARTĄ PŁATNICZĄ;Artykuły spożywcze
30.06.2022;30.06.2022;;;;'23124015321111001044176713;ODSETKI OD DEPOZYTU;0,76;PLN;'014226U98C001128;ODSETKI OD DEPOZYTU;Odsetki, zwrot z inwestycji
30.06.2022;30.06.2022;;;'23124015321111001044176713;;PODATEK POBRANY;-0,15;PLN;'014226U98C001127;PODATEK POBRANY;Podatki
30.06.2022;30.06.2022;BOGDAN SUDOL           WARSZAWA;;'23124015321111001044176713;;*********3025639;-35,00;PLN;'C992218119676951;TRANSAKCJA KARTĄ PŁATNICZĄ;Restauracje i kawiarnie
30.06.2022;30.06.2022;RELAY 33311            WARSZAWA;;'23124015321111001044176713;;*********3025639;-10,18;PLN;'C992218118662825;TRANSAKCJA KARTĄ PŁATNICZĄ;Gazety lub czasopisma
30.06.2022;30.06.2022;ASSECO POLAND SA;UL. OLCHOWA 14 35-322    RZESZÓW             PL;'42124059181111000049090675;'23124015321111001044176713;WYNAGRODZENIE ZA PRACE W NOCY I NADGODZINY **202206N2** 23119;1 085,59;PLN;'4910630608504181;PRZELEW;Wynagrodzenie
30.06.2022;30.06.2022;JMP S.A. BIEDRONKA 445 WARSZAWA;;'23124015321111001044176713;;*********3025639;-11,21;PLN;'C992218107401224;TRANSAKCJA KARTĄ PŁATNICZĄ;Artykuły spożywcze
30.06.2022;30.06.2022;E.ON POLSKA S.A;UL. WŁODARZEWSKA 68 02-384 WARSZAWA;'23124015321111001044176713;'96124069601701080000787371;Prognoza zużycia nr 225750593738;-337,62;PLN;'014226U625300665;PRZELEW INTERNET;Prąd
30.06.2022;30.06.2022;MICHAEL I NELLIE MCGRATH;;'23124015321111001044176713;'72109028510000000105587583;July 2022;-5 940,00;PLN;'014226U626801646;PRZELEW INTERNET M/B;Czynsz
29.06.2022;29.06.2022;MACHOP SP. Z O.O.      WARSZAWA;;'23124015321111001044176713;;*********3025639;-24,00;PLN;'C992218015250774;TRANSAKCJA KARTĄ PŁATNICZĄ;Restauracje i kawiarnie
29.06.2022;29.06.2022;AUTOMAT-SPEC SP.ZOO    WARSZAWA;;'23124015321111001044176713;;*********3025639;-4,00;PLN;'C992218012157981;TRANSAKCJA KARTĄ PŁATNICZĄ;Artykuły spożywcze
29.06.2022;29.06.2022;SKLEP FIRMOWY NR 117   WARSZAWA;;'23124015321111001044176713;;*********3025639;-18,90;PLN;'C992218010108785;TRANSAKCJA KARTĄ PŁATNICZĄ;Artykuły spożywcze
29.06.2022;29.06.2022;MARIUSZ ZIECINA;;'23124015321111001044176713;'26102011270000130202564748;bilard piłkarzyki jedzonko;-58,00;PLN;'M042100333142100;PRZELEW BLIK WYCHODZĄCY;Bez kategorii
29.06.2022;28.06.2022;JMP S.A. BIEDRONKA 445 WARSZAWA;;'23124015321111001044176713;;*********3025639;-29,40;PLN;'C992217922034941;TRANSAKCJA KARTĄ PŁATNICZĄ;Artykuły spożywcze
29.06.2022;28.06.2022;147 BREAK              WARSZAWA;;'23124015321111001044176713;;*********3025639;-12,00;PLN;'C992217921030752;TRANSAKCJA KARTĄ PŁATNICZĄ;Restauracje i kawiarnie
28.06.2022;28.06.2022;147 BREAK              WARSZAWA;;'23124015321111001044176713;;*********3025639;-46,00;PLN;'C992217918994026;TRANSAKCJA KARTĄ PŁATNICZĄ;Restauracje i kawiarnie
28.06.2022;28.06.2022;M - CAFE SPOLKA Z O    WARSZAWA;;'23124015321111001044176713;;*********3025639;-21,00;PLN;'C992217917955213;TRANSAKCJA KARTĄ PŁATNICZĄ;Restauracje i kawiarnie
28.06.2022;28.06.2022;AUTOMAT-SPEC SP.ZOO    WARSZAWA;;'23124015321111001044176713;;*********3025639;-4,00;PLN;'C992217916922404;TRANSAKCJA KARTĄ PŁATNICZĄ;Artykuły spożywcze
27.06.2022;27.06.2022;ZABKA Z4410 K.1        WARSZAWA;;'23124015321111001044176713;;*********3025639;-7,20;PLN;'C992217820686726;TRANSAKCJA KARTĄ PŁATNICZĄ;Artykuły spożywcze
27.06.2022;27.06.2022;AWAT KEBAB             WARSZAWA;;'23124015321111001044176713;;*********3025639;-45,00;PLN;'C992217818646249;TRANSAKCJA KARTĄ PŁATNICZĄ;Restauracje i kawiarnie
27.06.2022;27.06.2022;FOODSI.PL              LUBLIN;;'23124015321111001044176713;;*********3025639;-12,99;PLN;'C992217817632252;TRANSAKCJA KARTĄ PŁATNICZĄ;Restauracje i kawiarnie
27.06.2022;27.06.2022;ZABKA Z4410 K.2        WARSZAWA;;'23124015321111001044176713;;*********3025639;-9,00;PLN;'C992217813530608;TRANSAKCJA KARTĄ PŁATNICZĄ;Artykuły spożywcze
27.06.2022;27.06.2022;KIP;HTTPS://MIKR.US plac Andersa 3 73,Poznan;'23124015321111001044176713;;BLIK REF       67207992153;-472,00;PLN;'C992217800762147;PŁATNOŚĆ BLIK;Zakupy przez internet
27.06.2022;26.06.2022;JMP S.A. BIEDRONKA 445 WARSZAWA;;'23124015321111001044176713;;*********3025639;-26,03;PLN;'C992217714291462;TRANSAKCJA KARTĄ PŁATNICZĄ;Artykuły spożywcze
27.06.2022;25.06.2022;PUL37                  WARSZAWA;;'23124015321111001044176713;;*********3025639;-34,29;PLN;'C992217623193876;TRANSAKCJA KARTĄ PŁATNICZĄ;Alkohol
27.06.2022;25.06.2022;MONTOWNIA ROZRYWKI     WARSZAWA;;'23124015321111001044176713;;*********3025639;-20,00;PLN;'C992217621179661;TRANSAKCJA KARTĄ PŁATNICZĄ;Restauracje i kawiarnie
25.06.2022;25.06.2022;JMP S.A. BIEDRONKA 445 WARSZAWA;;'23124015321111001044176713;;*********3025639;-47,48;PLN;'C992217616099303;TRANSAKCJA KARTĄ PŁATNICZĄ;Artykuły spożywcze
25.06.2022;25.06.2022;PRACOWNIA SUSHI        WARSZAWA;;'23124015321111001044176713;;*********3025639;-177,99;PLN;'C992217613044142;TRANSAKCJA KARTĄ PŁATNICZĄ;Restauracje i kawiarnie
24.06.2022;24.06.2022;PAYPRO S.A.;BLIK - BILET NA ul. Kanclerska 15,Poznan;'23124015321111001044176713;;BLIK REF       67147706489;-113,90;PLN;'C992217501813611;PŁATNOŚĆ BLIK;Zakupy przez internet
24.06.2022;24.06.2022;JMP S.A. BIEDRONKA 445 WARSZAWA;;'23124015321111001044176713;;*********3025639;-24,72;PLN;'C992217512608814;TRANSAKCJA KARTĄ PŁATNICZĄ;Artykuły spożywcze
23.06.2022;23.06.2022;MICHAŁ;;'23124015321111001044176713;'95102032060000830200974626;góry;-173,00;PLN;'M042100330691411;PRZELEW BLIK WYCHODZĄCY;Bez kategorii
23.06.2022;23.06.2022;JMP S.A. BIEDRONKA 445 WARSZAWA;;'23124015321111001044176713;;*********3025639;-8,48;PLN;'C992217409184994;TRANSAKCJA KARTĄ PŁATNICZĄ;Artykuły spożywcze
22.06.2022;22.06.2022;PAYU S.A.;GRUNWALDZKA 186 60-166 POZNAŃ;'23124015321111001044176713;'25124059181111001053651984;PayU w Allegro XX2682312714XX www.allegro.pl Allegro c6c7f901 f23;-164,99;PLN;'014226M627706435;PRZELEW MOBILE;Zakupy przez internet
22.06.2022;21.06.2022;RAYSKIE DELIKATESY     WARSZAWA;;'23124015321111001044176713;;*********3025639;-106,96;PLN;'C992217221777998;TRANSAKCJA KARTĄ PŁATNICZĄ;Artykuły spożywcze
21.06.2022;21.06.2022;ZABKA Z4370 K.1        WARSZAWA;;'23124015321111001044176713;;*********3025639;-27,08;PLN;'C992217217700711;TRANSAKCJA KARTĄ PŁATNICZĄ;Artykuły spożywcze
21.06.2022;21.06.2022;MONIKA ADAMOWICZ;;'23124015321111001044176713;'21191010482205037537810001;kurczak;-22,50;PLN;'M042100329513376;PRZELEW BLIK WYCHODZĄCY;Bez kategorii
21.06.2022;21.06.2022;GORACO POLECAM         WARSZAWA;;'23124015321111001044176713;;*********3025639;-6,90;PLN;'C992217210523307;TRANSAKCJA KARTĄ PŁATNICZĄ;Artykuły spożywcze
21.06.2022;21.06.2022;MONIKA ADAMOWICZ;;'23124015321111001044176713;'21191010482205037537810001;Przelew na telefon;-17,00;PLN;'M042100329279641;PRZELEW BLIK WYCHODZĄCY;Internet, TV, telefon
21.06.2022;21.06.2022;;;'23124015321111001044176713;'92124020921362991111000000;Opłata za obsługę kartyMasterCard Debit*43025639 za miesiąc 6.2022;-1,00;PLN;'M01505FK00026421;PROWIZJE AUT.;Opłaty bankowe
20.06.2022;20.06.2022;JMP S.A. BIEDRONKA 445 WARSZAWA;;'23124015321111001044176713;;*********3025639;-61,02;PLN;'C992217113269531;TRANSAKCJA KARTĄ PŁATNICZĄ;Artykuły spożywcze
20.06.2022;20.06.2022;MONIKA;;'23124015321111001044176713;'64114020040000380278157668;busik;-6,00;PLN;'M042100328629649;PRZELEW BLIK WYCHODZĄCY;Bez kategorii
20.06.2022;19.06.2022;ZABKA Z4410 K.2        WARSZAWA;;'23124015321111001044176713;;*********3025639;-16,79;PLN;'C992217022121218;TRANSAKCJA KARTĄ PŁATNICZĄ;Artykuły spożywcze
20.06.2022;19.06.2022;OSKAR;;'23124015321111001044176713;'93114020040000380274752931;kajaki;-85,00;PLN;'M042100328446770;PRZELEW BLIK WYCHODZĄCY;Bez kategorii
20.06.2022;19.06.2022;PAYU;PYSZNE.PL Grunwaldzka 186,Poznan;'23124015321111001044176713;;BLIK REF       67052423734;-78,99;PLN;'C992217020246955;PŁATNOŚĆ BLIK;Zakupy przez internet
20.06.2022;19.06.2022;ZABKA Z4410 K.2        WARSZAWA;;'23124015321111001044176713;;*********3025639;-13,78;PLN;'C992217019104614;TRANSAKCJA KARTĄ PŁATNICZĄ;Artykuły spożywcze
20.06.2022;19.06.2022;H. M. SZUMNY PKP KRAKO KRAKOW;;'23124015321111001044176713;;*********3025639;-12,00;PLN;'C992217015061580;TRANSAKCJA KARTĄ PŁATNICZĄ;Transport publiczny
20.06.2022;19.06.2022;MCDONALDS 262 KRAKO    KRAKOW;;'23124015321111001044176713;;*********3025639;-28,90;PLN;'C992217013047481;TRANSAKCJA KARTĄ PŁATNICZĄ;Restauracje i kawiarnie
18.06.2022;18.06.2022;LIDL                   KROSCIENKO N;;'23124015321111001044176713;;*********3025639;-5,54;PLN;'C992216914862196;TRANSAKCJA KARTĄ PŁATNICZĄ;Artykuły spożywcze
17.06.2022;17.06.2022;SCHRONISKO ORLICA W SZ SZCZAWNICA;;'23124015321111001044176713;;*********3025639;-60,00;PLN;'C992216817579463;TRANSAKCJA KARTĄ PŁATNICZĄ;Hotele
17.06.2022;17.06.2022;LIDL                   KROSCIENKO N;;'23124015321111001044176713;;*********3025639;-59,53;PLN;'C992216808300216;TRANSAKCJA KARTĄ PŁATNICZĄ;Artykuły spożywcze
17.06.2022;17.06.2022;LIDL                   KROSCIENKO N;;'23124015321111001044176713;;*********3025639;-24,48;PLN;'C992216819624708;TRANSAKCJA KARTĄ PŁATNICZĄ;Artykuły spożywcze
16.06.2022;16.06.2022;2THELOO KRAKOW DWORZEC KRAKOW;;'23124015321111001044176713;;*********3025639;-3,50;PLN;'C992216709166682;TRANSAKCJA KARTĄ PŁATNICZĄ;Bez kategorii
16.06.2022;15.06.2022;JMP S.A. BIEDRONKA 445 WARSZAWA;;'23124015321111001044176713;;*********3025639;-87,66;PLN;'C992216620129971;TRANSAKCJA KARTĄ PŁATNICZĄ;Artykuły spożywcze
16.06.2022;16.06.2022;CARREFOUR EXPRESS U    KRAKOW;;'23124015321111001044176713;;*********3025639;-5,90;PLN;'C992216710170885;TRANSAKCJA KARTĄ PŁATNICZĄ;Artykuły spożywcze
16.06.2022;16.06.2022;KRK WYPIEKI DWORZEC PK KRAKOW;;'23124015321111001044176713;;*********3025639;-10,40;PLN;'C992216709167668;TRANSAKCJA KARTĄ PŁATNICZĄ;Artykuły spożywcze
15.06.2022;15.06.2022;WACŁAW SEBASTIAN BOROWSKI;UL. DARŁOWSKA 3  M.46 04-091 WARSZAWA;'50102055581111138370700074;'23124015321111001044176713;KAMIL ZIOM2022 KWIECIEN MAJ CZERWIEC;45,00;PLN;'WFO0001370748851;PRZELEW KRAJOWY MIĘDZYBANKOWY;Inne
15.06.2022;14.06.2022;DISNEY PLUS            HOOFDDORP;;'23124015321111001044176713;;;-229,90;PLN;'C992216521712459;TRANSAKCJA KARTĄ PŁATNICZĄ;Internet, TV, telefon
14.06.2022;14.06.2022;MONIKA ZBOROWSKA       WARSZAWA;;'23124015321111001044176713;;*********3025639;-4,20;PLN;'C992216510443110;TRANSAKCJA KARTĄ PŁATNICZĄ;Artykuły spożywcze
14.06.2022;14.06.2022;JMP S.A. BIEDRONKA 445 WARSZAWA;;'23124015321111001044176713;;*********3025639;-13,92;PLN;'C992216510436956;TRANSAKCJA KARTĄ PŁATNICZĄ;Artykuły spożywcze
13.06.2022;13.06.2022;JMP S.A. BIEDRONKA 445 WARSZAWA;;'23124015321111001044176713;;*********3025639;-50,50;PLN;'C992216419337458;TRANSAKCJA KARTĄ PŁATNICZĄ;Artykuły spożywcze
13.06.2022;13.06.2022;JMP S.A. BIEDRONKA 445 WARSZAWA;;'23124015321111001044176713;;*********3025639;-37,16;PLN;'C992216411121232;TRANSAKCJA KARTĄ PŁATNICZĄ;Artykuły spożywcze
13.06.2022;13.06.2022;BAJSZCZAK ADAM MATEUSZ;;'30105010381000009241279729;'23124015321111001044176713;Telephone transfer+48xxxxxx789LidlToKamil SobierajFromBAJSZCZAK ADAM MATEUSZ;57,00;PLN;'M042000030483693;PRZELEW BLIK PRZYCHODZĄCY;Inne
13.06.2022;12.06.2022;ZABKA Z4410 K.2        WARSZAWA;;'23124015321111001044176713;;*********3025639;-4,99;PLN;'C992216321024324;TRANSAKCJA KARTĄ PŁATNICZĄ;Artykuły spożywcze
13.06.2022;12.06.2022;MARIUSZ GRZEGORZ ZIĘCINA;;'26102011270000130202564748;'23124015321111001044176713;Przelew na telefonOd: 48514655978 Do: 485*****789;44,00;PLN;'M042000030442084;PRZELEW BLIK PRZYCHODZĄCY;Sprzedaż
13.06.2022;12.06.2022;ZABKA Z4410 K.2        WARSZAWA;;'23124015321111001044176713;;*********3025639;-6,55;PLN;'C992216313939897;TRANSAKCJA KARTĄ PŁATNICZĄ;Artykuły spożywcze
11.06.2022;11.06.2022;ZABKA Z4410 K.1        WARSZAWA;;'23124015321111001044176713;;*********3025639;-19,00;PLN;'C992216219856974;TRANSAKCJA KARTĄ PŁATNICZĄ;Artykuły spożywcze
11.06.2022;11.06.2022;UBER   * EATS PENDING  AMSTERDAM;;'23124015321111001044176713;;*********3025639;-88,76;PLN;'C992216217854222;TRANSAKCJA KARTĄ PŁATNICZĄ;Restauracje i kawiarnie
11.06.2022;11.06.2022;MPSA - A 312           WARSZAWA;;'23124015321111001044176713;;*********3025639;-4,40;PLN;'C992216212676768;TRANSAKCJA KARTĄ PŁATNICZĄ;Transport publiczny
11.06.2022;11.06.2022;BETA BEATA BRZEZINSKA  WARSZAWA;;'23124015321111001044176713;;*********3025639;-7,40;PLN;'C992216212672229;TRANSAKCJA KARTĄ PŁATNICZĄ;Artykuły spożywcze
10.06.2022;10.06.2022;ASSECO POLAND SA PŁACE;UL. OLCHOWA 14 35-322 RZESZÓW;'42124059181111000049090675;'23124015321111001044176713;WYNAGRODZENIE ZA PRACE W NOCY I NADGODZINY **202206N1** 23119;1 324,48;PLN;'4910610987553301;PRZELEW;Wynagrodzenie
10.06.2022;10.06.2022;BETA BEATA BRZEZINSKA  WARSZAWA;;'23124015321111001044176713;;*********3025639;-18,20;PLN;'C992216110218696;TRANSAKCJA KARTĄ PŁATNICZĄ;Artykuły spożywcze
10.06.2022;10.06.2022;BILETOMAT              WARSZAWA;;'23124015321111001044176713;;*********3025639;-3,40;PLN;'C992216110198731;TRANSAKCJA KARTĄ PŁATNICZĄ;Transport publiczny
10.06.2022;10.06.2022;JMP S.A. BIEDRONKA 445 WARSZAWA;;'23124015321111001044176713;;*********3025639;-6,27;PLN;'C992216109188384;TRANSAKCJA KARTĄ PŁATNICZĄ;Artykuły spożywcze
10.06.2022;10.06.2022;IKE BOSSA;;'23124015321111001044176713;'83154011578129000000814183;IKE 814183;-500,00;PLN;'014226AA71008736;ZLECENIE STAŁE;Bez kategorii
09.06.2022;09.06.2022;ZABKA Z4410 K.2        WARSZAWA;;'23124015321111001044176713;;*********3025639;-8,50;PLN;'C992216016017750;TRANSAKCJA KARTĄ PŁATNICZĄ;Artykuły spożywcze
09.06.2022;09.06.2022;ASSECO POLAND SA PŁACE;UL. OLCHOWA 14 35-322 RZESZÓW;'42124059181111000049090675;'23124015321111001044176713;WYNAGRODZENIE 05/2022 **202205U** 23119;6 462,26;PLN;'4910609987422917;PRZELEW;Wynagrodzenie
09.06.2022;09.06.2022;M - CAFE SPOLKA Z O    WARSZAWA;;'23124015321111001044176713;;*********3025639;-58,00;PLN;'C992216012914019;TRANSAKCJA KARTĄ PŁATNICZĄ;Restauracje i kawiarnie
09.06.2022;09.06.2022;SKLEP FIRMOWY NR 117   WARSZAWA;;'23124015321111001044176713;;*********3025639;-6,49;PLN;'C992216006793791;TRANSAKCJA KARTĄ PŁATNICZĄ;Artykuły spożywcze
09.06.2022;08.06.2022;JMP S.A. BIEDRONKA 445 WARSZAWA;;'23124015321111001044176713;;*********3025639;-28,92;PLN;'C992215921769263;TRANSAKCJA KARTĄ PŁATNICZĄ;Artykuły spożywcze
08.06.2022;08.06.2022;KACPER MACIEJ BANASIK;ŁUCKA 20/62 00-845    WARSZAWA            PL;'69124060031111001048178711;'23124015321111001044176713;Czynsz;1 570,33;PLN;'5032268605307437;PRZELEW;Inne
08.06.2022;07.06.2022;MISS KIMCHI            WARSZAWA;;'23124015321111001044176713;;*********3025639;-68,00;PLN;'C992215820437969;TRANSAKCJA KARTĄ PŁATNICZĄ;Restauracje i kawiarnie
06.06.2022;06.06.2022;JMP S.A. BIEDRONKA 445 WARSZAWA;;'23124015321111001044176713;;*********3025639;-52,48;PLN;'C992215714963516;TRANSAKCJA KARTĄ PŁATNICZĄ;Artykuły spożywcze
06.06.2022;06.06.2022;PAYPAL *PATRONITE      35314369001;;'23124015321111001044176713;;*********3025639;-7,00;PLN;'C992215703916609;TRANSAKCJA KARTĄ PŁATNICZĄ;Kino i teatr
06.06.2022;05.06.2022;LIPONOGA NINA;;'23116022020000000081891379;'23124015321111001044176713;Przelew BLIK na telefon;5,50;PLN;'M042000029924913;PRZELEW BLIK PRZYCHODZĄCY;Sprzedaż
06.06.2022;05.06.2022;ORLEN STACJA NR 450    OLSZTYNEK ZA;;'23124015321111001044176713;;*********3025639;-31,96;PLN;'C992215620784325;TRANSAKCJA KARTĄ PŁATNICZĄ;Paliwo
06.06.2022;05.06.2022;DAWID MERCHEL          MECHELINKI;;'23124015321111001044176713;;*********3025639;-7,48;PLN;'C992215616751601;TRANSAKCJA KARTĄ PŁATNICZĄ;Artykuły spożywcze
06.06.2022;05.06.2022;CAFE PAJAWI            REWA;;'23124015321111001044176713;;*********3025639;-18,00;PLN;'C992215615736803;TRANSAKCJA KARTĄ PŁATNICZĄ;Restauracje i kawiarnie
06.06.2022;05.06.2022;MIROSLAW WASIK         GDYNIA;;'23124015321111001044176713;;*********3025639;-16,00;PLN;'C992215615734601;TRANSAKCJA KARTĄ PŁATNICZĄ;Restauracje i kawiarnie
06.06.2022;05.06.2022;TAWERNA STRAND         JASTRZEBIA G;;'23124015321111001044176713;;*********3025639;-53,00;PLN;'C992215613712852;TRANSAKCJA KARTĄ PŁATNICZĄ;Restauracje i kawiarnie
06.06.2022;05.06.2022;TPNMM                  ROZEWIE;;'23124015321111001044176713;;*********3025639;-12,00;PLN;'C992215610683429;TRANSAKCJA KARTĄ PŁATNICZĄ;Podróże
04.06.2022;04.06.2022;LIDL STAROWIEJSKA      WLADYSLAWOWO;;'23124015321111001044176713;;*********3025639;-136,06;PLN;'C992215517583301;TRANSAKCJA KARTĄ PŁATNICZĄ;Artykuły spożywcze
04.06.2022;04.06.2022;ZABKA Z5768 K.1        GDYNIA;;'23124015321111001044176713;;*********3025639;-8,39;PLN;'C992215508360771;TRANSAKCJA KARTĄ PŁATNICZĄ;Artykuły spożywcze
04.06.2022;04.06.2022;SHELL                  PELPLIN;;'23124015321111001044176713;;*********3025639;-12,79;PLN;'C992215505328941;TRANSAKCJA KARTĄ PŁATNICZĄ;Paliwo
04.06.2022;04.06.2022;ZAPIEKANKI             HEL;;'23124015321111001044176713;;*********3025639;-17,00;PLN;'C992215512472314;TRANSAKCJA KARTĄ PŁATNICZĄ;Restauracje i kawiarnie
03.06.2022;02.06.2022;JMP S.A. BIEDRONKA 445 WARSZAWA;;'23124015321111001044176713;;*********3025639;-49,68;PLN;'C992215320935082;TRANSAKCJA KARTĄ PŁATNICZĄ;Artykuły spożywcze
03.06.2022;02.06.2022;ZABKA Z4410 K.2        WARSZAWA;;'23124015321111001044176713;;*********3025639;-3,10;PLN;'C992215322945435;TRANSAKCJA KARTĄ PŁATNICZĄ;Artykuły spożywcze
03.06.2022;03.06.2022;DECATHLON WARSZAWA     WARSZAWA;;'23124015321111001044176713;;*********3025639;-4,99;PLN;'C992215417218241;TRANSAKCJA KARTĄ PŁATNICZĄ;Sport
02.06.2022;01.06.2022;ZABKA Z4410 K.2        WARSZAWA;;'23124015321111001044176713;;*********3025639;-2,90;PLN;'C992215221599220;TRANSAKCJA KARTĄ PŁATNICZĄ;Artykuły spożywcze
02.06.2022;02.06.2022;MONIKA;;'23124015321111001044176713;'64114020040000380278157668;Przelew na telefon;-145,80;PLN;'M042100318814417;PRZELEW BLIK WYCHODZĄCY;Internet, TV, telefon
02.06.2022;02.06.2022;JAROSŁAW JAKUB MILLER;RYNEK 65 26-025    ŁAGÓW               PL;'75124060031111001047891677;'23124015321111001044176713;Splitwise;1 497,50;PLN;'5032262624607801;PRZELEW;Inne
02.06.2022;02.06.2022;FADI KEBAB             WARSZAWA;;'23124015321111001044176713;;*********3025639;-15,50;PLN;'C992215313757137;TRANSAKCJA KARTĄ PŁATNICZĄ;Restauracje i kawiarnie
02.06.2022;02.06.2022;;;'23124015321111001044176713;'92124020921362991111000000;Opłata za wysłane kodyautoryzacyjne SMS - 1 szt.;-0,20;PLN;'M0150MF200064928;PROWIZJE AUT.;Opłaty bankowe
02.06.2022;02.06.2022;SKLEP FIRMOWY NR 117   WARSZAWA;;'23124015321111001044176713;;*********3025639;-12,98;PLN;'C992215306624493;TRANSAKCJA KARTĄ PŁATNICZĄ;Artykuły spożywcze
02.06.2022;02.06.2022;NETFLIX.COM            AMSTERDAM;;'23124015321111001044176713;;;-60,00;PLN;'C992215305616491;TRANSAKCJA KARTĄ PŁATNICZĄ;Internet, TV, telefon
01.06.2022;01.06.2022;CH WESTFIELD ARKADIA   WARSZAWA;;'23124015321111001044176713;;*********3025639;-32,91;PLN;'C992215220590318;TRANSAKCJA KARTĄ PŁATNICZĄ;Restauracje i kawiarnie
01.06.2022;01.06.2022;JMP S.A. BIEDRONKA 445 WARSZAWA;;'23124015321111001044176713;;*********3025639;-12,93;PLN;'C992215213419097;TRANSAKCJA KARTĄ PŁATNICZĄ;Artykuły spożywcze
01.06.2022;01.06.2022;GOOD LOOD              KRAKOW;;'23124015321111001044176713;;*********3025639;-6,00;PLN;'C992215216561698;TRANSAKCJA KARTĄ PŁATNICZĄ;Restauracje i kawiarnie
01.06.2022;01.06.2022;DOLADOWANIA.PLAY.PL    POZNAN;;'23124015321111001044176713;;*********3025639;-25,00;PLN;'C992215211347751;TRANSAKCJA KARTĄ PŁATNICZĄ;Internet, TV, telefon
01.06.2022;31.05.2022;JMP S.A. BIEDRONKA 445 WARSZAWA;;'23124015321111001044176713;;*********3025639;-15,99;PLN;'C992215120242937;TRANSAKCJA KARTĄ PŁATNICZĄ;Artykuły spożywcze
31.05.2022;31.05.2022;;;'23124015321111001044176713;;PODATEK POBRANY;-0,14;PLN;'014225V98C001174;PODATEK POBRANY;Podatki
31.05.2022;31.05.2022;;;;'23124015321111001044176713;ODSETKI OD DEPOZYTU;0,74;PLN;'014225V98C001175;ODSETKI OD DEPOZYTU;Odsetki, zwrot z inwestycji
31.05.2022;31.05.2022;ZABKA Z4410 K.1        WARSZAWA;;'23124015321111001044176713;;*********3025639;-2,50;PLN;'C992215116137953;TRANSAKCJA KARTĄ PŁATNICZĄ;Artykuły spożywcze
31.05.2022;31.05.2022;JMP S.A. BIEDRONKA 445 WARSZAWA;;'23124015321111001044176713;;*********3025639;-42,97;PLN;'C992215114095445;TRANSAKCJA KARTĄ PŁATNICZĄ;Artykuły spożywcze
31.05.2022;31.05.2022;JMP S.A. BIEDRONKA 445 WARSZAWA;;'23124015321111001044176713;;*********3025639;-8,21;PLN;'C992215111019436;TRANSAKCJA KARTĄ PŁATNICZĄ;Artykuły spożywcze
30.05.2022;30.05.2022;MPSA - A 111           WARSZAWA;;'23124015321111001044176713;;*********3025639;-4,40;PLN;'C992215013735898;TRANSAKCJA KARTĄ PŁATNICZĄ;Transport publiczny
30.05.2022;30.05.2022;ZABKA Z4410 K.2        WARSZAWA;;'23124015321111001044176713;;*********3025639;-5,99;PLN;'C992215013752667;TRANSAKCJA KARTĄ PŁATNICZĄ;Artykuły spożywcze
30.05.2022;30.05.2022;Z004                   WARSZAWA;;'23124015321111001044176713;;*********3025639;-4,40;PLN;'C992215010672309;TRANSAKCJA KARTĄ PŁATNICZĄ;Inne
30.05.2022;29.05.2022;PAYU;PYSZNE.PL Grunwaldzka 186,Poznan;'23124015321111001044176713;;BLIK REF       66638717244;-51,80;PLN;'C992214921615964;PŁATNOŚĆ BLIK;Zakupy przez internet
30.05.2022;30.05.2022;MAŁGORZATA UŁASIUK TRENER OSOBISTY;UL.ŁUCKA 20 M.62 00-845 WARSZAWA;'25114020040000310281874201;'23124015321111001044176713;CZYNSZ KWIECIEN;1 460,00;PLN;'WE30001354753882;PRZELEW KRAJOWY MIĘDZYBANKOWY;Inne
30.05.2022;30.05.2022;WALEK WARSZAWSKI       WARSZAWA;;'23124015321111001044176713;;*********3025639;-14,99;PLN;'C992215009652590;TRANSAKCJA KARTĄ PŁATNICZĄ;Restauracje i kawiarnie
30.05.2022;30.05.2022;ZABKA Z6746 K.1        WARSZAWA;;'23124015321111001044176713;;*********3025639;-3,60;PLN;'C992215010682640;TRANSAKCJA KARTĄ PŁATNICZĄ;Artykuły spożywcze
30.05.2022;30.05.2022;MPSA - A 111           WARSZAWA;;'23124015321111001044176713;;*********3025639;-4,40;PLN;'C992215013736782;TRANSAKCJA KARTĄ PŁATNICZĄ;Transport publiczny
30.05.2022;30.05.2022;MAŁGORZATA UŁASIUK TRENER OSOBISTY;UL.ŁUCKA 20 M.62 00-845 WARSZAWA;'25114020040000310281874201;'23124015321111001044176713;CZYNSZ MAJ;1 460,00;PLN;'WE30001354753881;PRZELEW KRAJOWY MIĘDZYBANKOWY;Inne
28.05.2022;28.05.2022;BUDZIŃSKA JULIA;;'15105015591000009267210426;'23124015321111001044176713;Przelew na telefon +48xxxxxx789JedzonkoDla Kamil SobierajOd BUDZIŃSKA JULIA;100,00;PLN;'M042000029370789;PRZELEW BLIK PRZYCHODZĄCY;Inne
28.05.2022;28.05.2022;JMP S.A. BIEDRONKA 445 WARSZAWA;;'23124015321111001044176713;;*********3025639;-108,53;PLN;'C992214815366547;TRANSAKCJA KARTĄ PŁATNICZĄ;Artykuły spożywcze
27.05.2022;27.05.2022;JMP S.A. BIEDRONKA 445 WARSZAWA;;'23124015321111001044176713;;*********3025639;-27,23;PLN;'C992214719111318;TRANSAKCJA KARTĄ PŁATNICZĄ;Artykuły spożywcze
27.05.2022;27.05.2022;SMIETANKA TOWARZYSK    WARSZAWA;;'23124015321111001044176713;;*********3025639;-20,00;PLN;'C992214714992071;TRANSAKCJA KARTĄ PŁATNICZĄ;Restauracje i kawiarnie
27.05.2022;27.05.2022;ZABKA Z4410 K.2        WARSZAWA;;'23124015321111001044176713;;*********3025639;-5,98;PLN;'C992214716041463;TRANSAKCJA KARTĄ PŁATNICZĄ;Artykuły spożywcze
27.05.2022;27.05.2022;AUTOMAT-SPEC SP.ZOO    WARSZAWA;;'23124015321111001044176713;;*********3025639;-4,00;PLN;'C992214709852186;TRANSAKCJA KARTĄ PŁATNICZĄ;Artykuły spożywcze
27.05.2022;27.05.2022;MICHAEL I NELLIE MCGRATH;;'23124015321111001044176713;'72109028510000000105587583;June 2022;-5 940,00;PLN;'014225R628409620;REALIZACJA PŁATNOŚCI PEOPAY;Czynsz
27.05.2022;27.05.2022;PAYU S.A.;GRUNWALDZKA 186 60-166 POZNAŃ;'23124015321111001044176713;'25124059181111001053651984;PayU w Allegro XX2645283449XX www.allegro.pl Allegro 7b2f44a1 dd4;-237,79;PLN;'014225R601702926;PRZELEW MOBILE;Zakupy przez internet
26.05.2022;26.05.2022;JAKDOJADE.PL           POZNAN;;'23124015321111001044176713;;*********3025639;-25,00;PLN;'C992214619754932;TRANSAKCJA KARTĄ PŁATNICZĄ;Transport publiczny
26.05.2022;26.05.2022;CARREFOUR HIPERMARKET  WARSZAWA;;'23124015321111001044176713;;*********3025639;-45,21;PLN;'C992214619749950;TRANSAKCJA KARTĄ PŁATNICZĄ;Artykuły spożywcze
26.05.2022;26.05.2022;CARREFOUR HIPERMARKET  WARSZAWA;;'23124015321111001044176713;;*********3025639;-15,00;PLN;'C992214618733021;TRANSAKCJA KARTĄ PŁATNICZĄ;Artykuły spożywcze
26.05.2022;26.05.2022;M - CAFE SPOLKA Z O    WARSZAWA;;'23124015321111001044176713;;*********3025639;-29,00;PLN;'C992214612574170;TRANSAKCJA KARTĄ PŁATNICZĄ;Restauracje i kawiarnie
26.05.2022;26.05.2022;IRENEUSZ SZYMANIAK     GRODZISK MAZ;;'23124015321111001044176713;;*********3025639;-6,00;PLN;'C992214606448949;TRANSAKCJA KARTĄ PŁATNICZĄ;Artykuły spożywcze
25.05.2022;25.05.2022;ZABKA Z4410 K.2        WARSZAWA;;'23124015321111001044176713;;*********3025639;-1,90;PLN;'C992214512230448;TRANSAKCJA KARTĄ PŁATNICZĄ;Artykuły spożywcze
25.05.2022;25.05.2022;FOODSI.PL              LUBLIN;;'23124015321111001044176713;;*********3025639;-24,80;PLN;'C992214519405540;TRANSAKCJA KARTĄ PŁATNICZĄ;Restauracje i kawiarnie
24.05.2022;24.05.2022;PAYU;PYSZNE.PL Grunwaldzka 186,Poznan;'23124015321111001044176713;;BLIK REF       66528675510;-43,48;PLN;'C992214414782454;PŁATNOŚĆ BLIK;Zakupy przez internet
24.05.2022;24.05.2022;KACPER MACIEJ BANASIK;ŁUCKA 20/62 00-845    WARSZAWA            PL;'69124060031111001048178711;'23124015321111001044176713;Czynsz maj;1 560,00;PLN;'503225O602605012;PRZELEW;Inne
24.05.2022;24.05.2022;JMP S.A. BIEDRONKA 445 WARSZAWA;;'23124015321111001044176713;;*********3025639;-7,17;PLN;'C992214412913373;TRANSAKCJA KARTĄ PŁATNICZĄ;Artykuły spożywcze
24.05.2022;24.05.2022;GOOD LOOD              KRAKOW;;'23124015321111001044176713;;*********3025639;-12,00;PLN;'C992214410903659;TRANSAKCJA KARTĄ PŁATNICZĄ;Restauracje i kawiarnie
23.05.2022;23.05.2022;JMP S.A. BIEDRONKA 445 WARSZAWA;;'23124015321111001044176713;;*********3025639;-35,65;PLN;'C992214312567386;TRANSAKCJA KARTĄ PŁATNICZĄ;Artykuły spożywcze
23.05.2022;22.05.2022;ZABKA Z4410 K.1        WARSZAWA;;'23124015321111001044176713;;*********3025639;-8,51;PLN;'C992214222457208;TRANSAKCJA KARTĄ PŁATNICZĄ;Artykuły spożywcze
23.05.2022;22.05.2022;BILETOMAT              WARSZAWA;;'23124015321111001044176713;;*********3025639;-3,40;PLN;'C992214222456510;TRANSAKCJA KARTĄ PŁATNICZĄ;Transport publiczny
23.05.2022;22.05.2022;ZABKA Z2933 K.1        WARSZAWA;;'23124015321111001044176713;;*********3025639;-25,99;PLN;'C992214220451195;TRANSAKCJA KARTĄ PŁATNICZĄ;Artykuły spożywcze
23.05.2022;22.05.2022;ZABKA Z2933 K.2        WARSZAWA;;'23124015321111001044176713;;*********3025639;-11,00;PLN;'C992214218439123;TRANSAKCJA KARTĄ PŁATNICZĄ;Artykuły spożywcze
23.05.2022;22.05.2022;PAWEL GOLINSKI   89188 WARSZAWA;;'23124015321111001044176713;;*********3025639;-21,00;PLN;'C992214218432121;TRANSAKCJA KARTĄ PŁATNICZĄ;Restauracje i kawiarnie
23.05.2022;22.05.2022;ZABKA Z9154 K.1        WARSZAWA;;'23124015321111001044176713;;*********3025639;-16,50;PLN;'C992214215404866;TRANSAKCJA KARTĄ PŁATNICZĄ;Artykuły spożywcze
23.05.2022;22.05.2022;MPSA - A 164           WARSZAWA;;'23124015321111001044176713;;*********3025639;-3,40;PLN;'C992214214402563;TRANSAKCJA KARTĄ PŁATNICZĄ;Transport publiczny
23.05.2022;22.05.2022;ZABKA Z8085 K.1        WARSZAWA;;'23124015321111001044176713;;*********3025639;-25,27;PLN;'C992214211370941;TRANSAKCJA KARTĄ PŁATNICZĄ;Artykuły spożywcze
23.05.2022;21.05.2022;BILETOMAT              WARSZAWA;;'23124015321111001044176713;;*********3025639;-3,40;PLN;'C992214123347781;TRANSAKCJA KARTĄ PŁATNICZĄ;Transport publiczny
23.05.2022;21.05.2022;FOOD WORLD             WARSZAWA;;'23124015321111001044176713;;*********3025639;-17,00;PLN;'C992214123347631;TRANSAKCJA KARTĄ PŁATNICZĄ;Restauracje i kawiarnie
23.05.2022;21.05.2022;ZABKA Z2933 K.1        WARSZAWA;;'23124015321111001044176713;;*********3025639;-5,99;PLN;'C992214121333729;TRANSAKCJA KARTĄ PŁATNICZĄ;Artykuły spożywcze
21.05.2022;21.05.2022;NORTH FISH WOLA PAR    WARSZAWA;;'23124015321111001044176713;;*********3025639;-30,44;PLN;'C992214117272475;TRANSAKCJA KARTĄ PŁATNICZĄ;Restauracje i kawiarnie
21.05.2022;21.05.2022;ZABKA Z2933 K.2        WARSZAWA;;'23124015321111001044176713;;*********3025639;-13,99;PLN;'C992214114221544;TRANSAKCJA KARTĄ PŁATNICZĄ;Artykuły spożywcze
21.05.2022;21.05.2022;MPSA - A 164           WARSZAWA;;'23124015321111001044176713;;*********3025639;-3,40;PLN;'C992214114206540;TRANSAKCJA KARTĄ PŁATNICZĄ;Transport publiczny
20.05.2022;20.05.2022;JMP S.A. BIEDRONKA 445 WARSZAWA;;'23124015321111001044176713;;*********3025639;-1,89;PLN;'C992214010725070;TRANSAKCJA KARTĄ PŁATNICZĄ;Artykuły spożywcze
20.05.2022;20.05.2022;JMP S.A. BIEDRONKA 445 WARSZAWA;;'23124015321111001044176713;;*********3025639;-20,55;PLN;'C992214018940058;TRANSAKCJA KARTĄ PŁATNICZĄ;Artykuły spożywcze
20.05.2022;19.05.2022;JMP S.A. BIEDRONKA 445 WARSZAWA;;'23124015321111001044176713;;*********3025639;-14,99;PLN;'C992213922631066;TRANSAKCJA KARTĄ PŁATNICZĄ;Artykuły spożywcze
20.05.2022;20.05.2022;ZABKA Z4410 K.2        WARSZAWA;;'23124015321111001044176713;;*********3025639;-6,20;PLN;'C992214013812834;TRANSAKCJA KARTĄ PŁATNICZĄ;Artykuły spożywcze
20.05.2022;19.05.2022;AMERICAN CUISINE WARSA WARSZAWA;;'23124015321111001044176713;;*********3025639;-158,00;PLN;'C992213922630045;TRANSAKCJA KARTĄ PŁATNICZĄ;Restauracje i kawiarnie
19.05.2022;19.05.2022;JMP S.A. BIEDRONKA 445 WARSZAWA;;'23124015321111001044176713;;*********3025639;-7,57;PLN;'C992213908324662;TRANSAKCJA KARTĄ PŁATNICZĄ;Artykuły spożywcze
18.05.2022;18.05.2022;;;'23124015321111001044176713;'92124020921362991111000000;Opłata za obsługę kartyMasterCard Debit*43025639 za miesiąc 5.2022;-1,00;PLN;'M01505EH00026510;PROWIZJE AUT.;Opłaty bankowe
18.05.2022;18.05.2022;MACHOP SP. Z O.O.      WARSZAWA;;'23124015321111001044176713;;*********3025639;-34,00;PLN;'C992213813100700;TRANSAKCJA KARTĄ PŁATNICZĄ;Restauracje i kawiarnie
18.05.2022;18.05.2022;AUTOMAT-SPEC SP.ZOO    WARSZAWA;;'23124015321111001044176713;;*********3025639;-4,00;PLN;'C992213812081155;TRANSAKCJA KARTĄ PŁATNICZĄ;Artykuły spożywcze
18.05.2022;18.05.2022;SKLEP FIRMOWY NR 117   WARSZAWA;;'23124015321111001044176713;;*********3025639;-7,69;PLN;'C992213809018677;TRANSAKCJA KARTĄ PŁATNICZĄ;Artykuły spożywcze
17.05.2022;17.05.2022;JMP S.A. BIEDRONKA 445 WARSZAWA;;'23124015321111001044176713;;*********3025639;-20,50;PLN;'C992213719929103;TRANSAKCJA KARTĄ PŁATNICZĄ;Artykuły spożywcze
17.05.2022;17.05.2022;AUTOMAT-SPEC SP.ZOO    WARSZAWA;;'23124015321111001044176713;;*********3025639;-4,00;PLN;'C992213712758803;TRANSAKCJA KARTĄ PŁATNICZĄ;Artykuły spożywcze
17.05.2022;17.05.2022;FADI KEBAB             WARSZAWA;;'23124015321111001044176713;;*********3025639;-21,00;PLN;'C992213712748994;TRANSAKCJA KARTĄ PŁATNICZĄ;Restauracje i kawiarnie
17.05.2022;16.05.2022;ZABKA Z4410 K.2        WARSZAWA;;'23124015321111001044176713;;*********3025639;-9,89;PLN;'C992213622627205;TRANSAKCJA KARTĄ PŁATNICZĄ;Artykuły spożywcze
16.05.2022;15.05.2022;ZABKA Z4410 K.2        WARSZAWA;;'23124015321111001044176713;;*********3025639;-2,15;PLN;'C992213515234587;TRANSAKCJA KARTĄ PŁATNICZĄ;Artykuły spożywcze
16.05.2022;16.05.2022;JMP S.A. BIEDRONKA 445 WARSZAWA;;'23124015321111001044176713;;*********3025639;-20,96;PLN;'C992213612427140;TRANSAKCJA KARTĄ PŁATNICZĄ;Artykuły spożywcze
16.05.2022;15.05.2022;TOOGOODTOG NBJUY2EGOBC COPENHAGEN S;;'23124015321111001044176713;;;-27,90;PLN;'C992213518267864;TRANSAKCJA KARTĄ PŁATNICZĄ;Restauracje i kawiarnie
14.05.2022;14.05.2022;PAYU;PYSZNE.PL Grunwaldzka 186,Poznan;'23124015321111001044176713;;BLIK REF       66327226878;-70,00;PLN;'C992213416298921;PŁATNOŚĆ BLIK;Zakupy przez internet
13.05.2022;13.05.2022;PAYU S.A.;UL. GRUNWALDZKA 186 60-166 Poznań;'23124015321111001044176713;'71124010401111001086116852;PayU XX2626849766XX Pyszne.pl zamowienie nr 8OWU19;-123,99;PLN;'014225D629401639;PRZELEW WEWNĘTRZNY - DOSTAWCA;Bez kategorii
13.05.2022;13.05.2022;ZABKA Z4410 K.1        WARSZAWA;;'23124015321111001044176713;;*********3025639;-14,98;PLN;'C992213319751476;TRANSAKCJA KARTĄ PŁATNICZĄ;Artykuły spożywcze
13.05.2022;13.05.2022;APTEKA 37              WARSZAWA;;'23124015321111001044176713;;*********3025639;-27,80;PLN;'C992213319750414;TRANSAKCJA KARTĄ PŁATNICZĄ;Lekarstwa
13.05.2022;12.05.2022;BANK PEKAO S.A.;CENTRALA-OŚRODEK OPERACJI KART ul.Giełdowa 5 01-211 Warszawa;'23124015321111001044176713;'53124000270999999999999999;ROZLICZENIE TRANSAKCJINA KARTĘ **** **** 4302 5639WYKONANEJ: ASEC Warszawa Wilanows\Stacja Metro Wil DN. 23/04/2022;-4,40;PLN;'0322051360008158;PRZELEW;Inne
12.05.2022;12.05.2022;TOOGOODTOG DM61YPH8WFD COPENHAGEN S;;'23124015321111001044176713;;;-14,99;PLN;'C992213216304687;TRANSAKCJA KARTĄ PŁATNICZĄ;Restauracje i kawiarnie
12.05.2022;12.05.2022;MISS KIMCHI            WARSZAWA;;'23124015321111001044176713;;*********3025639;-32,00;PLN;'C992213216287258;TRANSAKCJA KARTĄ PŁATNICZĄ;Restauracje i kawiarnie
12.05.2022;12.05.2022;GOOD LOOD              KRAKOW;;'23124015321111001044176713;;*********3025639;-6,00;PLN;'C992213212222922;TRANSAKCJA KARTĄ PŁATNICZĄ;Restauracje i kawiarnie
12.05.2022;12.05.2022;JMP S.A. BIEDRONKA 445 WARSZAWA;;'23124015321111001044176713;;*********3025639;-39,72;PLN;'C992213210136808;TRANSAKCJA KARTĄ PŁATNICZĄ;Artykuły spożywcze
11.05.2022;11.05.2022;ŁUCJA KARASEK VEL KARASIEWICZ;KAZAŃSKA 17/68 18-403    ŁOMŻA               PL;'09124015321111001041567374;'23124015321111001044176713;Przelew na telefon;110,00;PLN;'014225B603701558;PRZELEW;Sprzedaż
11.05.2022;11.05.2022;ALLEGRO                POZNAN;;'23124015321111001044176713;;*********3025639;-109,40;PLN;'C992213120030642;TRANSAKCJA KARTĄ PŁATNICZĄ;Zakupy przez internet
11.05.2022;11.05.2022;PIEKARNIA GZIK         SOCHACZEW;;'23124015321111001044176713;;*********3025639;-8,00;PLN;'C992213110783324;TRANSAKCJA KARTĄ PŁATNICZĄ;Artykuły spożywcze
11.05.2022;11.05.2022;JMP S.A. BIEDRONKA 445 WARSZAWA;;'23124015321111001044176713;;*********3025639;-2,59;PLN;'C992213110779793;TRANSAKCJA KARTĄ PŁATNICZĄ;Artykuły spożywcze
10.05.2022;10.05.2022;JMP S.A. BIEDRONKA 445 WARSZAWA;;'23124015321111001044176713;;*********3025639;-13,98;PLN;'C992213018637660;TRANSAKCJA KARTĄ PŁATNICZĄ;Artykuły spożywcze
10.05.2022;10.05.2022;IKE BOSSA;;'23124015321111001044176713;'83154011578129000000814183;IKE 814183;-500,00;PLN;'014225AA71008066;ZLECENIE STAŁE;Bez kategorii
09.05.2022;09.05.2022;JMP S.A. BIEDRONKA 445 WARSZAWA;;'23124015321111001044176713;;*********3025639;-52,03;PLN;'C992212915189379;TRANSAKCJA KARTĄ PŁATNICZĄ;Artykuły spożywcze
09.05.2022;09.05.2022;ASSECO POLAND SA PŁACE;UL. OLCHOWA 14 35-322 RZESZÓW;'42124059181111000049090675;'23124015321111001044176713;WYNAGRODZENIE 04/2022 **202204U** 23119;6 437,26;PLN;'4910509987633801;PRZELEW;Wynagrodzenie
09.05.2022;09.05.2022;KUROPIESKA MICHAŁ MAKSYMILIAN;PRZASNYSKA 20 A M 73 01-756 WARSZAWA;'76175000120000000035729558;'23124015321111001044176713;Na prezent Julki;20,00;PLN;'WEI0001337269996;PRZELEW KRAJOWY MIĘDZYBANKOWY;Darowizny
09.05.2022;08.05.2022;ZABKA Z4410 K.2        WARSZAWA;;'23124015321111001044176713;;*********3025639;-4,50;PLN;'C992212820637785;TRANSAKCJA KARTĄ PŁATNICZĄ;Artykuły spożywcze
09.05.2022;08.05.2022;PAYU S.A.;UL. GRUNWALDZKA 186 60-166 Poznań;'23124015321111001044176713;'71124010401111001086116852;PayU XX2618255721XX Pyszne.pl zamowienie nr AKXBB1;-41,99;PLN;'0142258621501586;PRZELEW WEWNĘTRZNY - DOSTAWCA;Bez kategorii
09.05.2022;08.05.2022;ZABKA Z4410 K.2        WARSZAWA;;'23124015321111001044176713;;*********3025639;-8,13;PLN;'C992212811551056;TRANSAKCJA KARTĄ PŁATNICZĄ;Artykuły spożywcze
07.05.2022;07.05.2022;LIDL 1572              WARSZAWA;;'23124015321111001044176713;;*********3025639;-16,50;PLN;'C992212716423392;TRANSAKCJA KARTĄ PŁATNICZĄ;Artykuły spożywcze
07.05.2022;07.05.2022;LIDL 1572              WARSZAWA;;'23124015321111001044176713;;*********3025639;-36,57;PLN;'C992212716420344;TRANSAKCJA KARTĄ PŁATNICZĄ;Artykuły spożywcze
07.05.2022;07.05.2022;KACPER MACIEJ BANASIK;ŁUCKA 20/62 00-845    WARSZAWA            PL;'69124060031111001048178711;'23124015321111001044176713;Mmm stupki;20,00;PLN;'5032257627209028;PRZELEW;Inne
07.05.2022;07.05.2022;KAMIL CIELEŃ;UL.OTWARTA 11 37-200 PRZEWORSK;'82114020040000320278371911;'23124015321111001044176713;ZA PREZENT (ZA MNIE I ZA WIKTORIĘ);40,00;PLN;'M042000027890237;PRZELEW BLIK PRZYCHODZĄCY;Darowizny
07.05.2022;06.05.2022;JMP S.A. BIEDRONKA 445 WARSZAWA;;'23124015321111001044176713;;*********3025639;-26,51;PLN;'C992212622164159;TRANSAKCJA KARTĄ PŁATNICZĄ;Artykuły spożywcze
06.05.2022;06.05.2022;PAYPAL *PATRONITE      35314369001;;'23124015321111001044176713;;*********3025639;-7,00;PLN;'C992212604967438;TRANSAKCJA KARTĄ PŁATNICZĄ;Kino i teatr
06.05.2022;06.05.2022;PIEKARNIA ORMIANSKA    WARSZAWA;;'23124015321111001044176713;;*********3025639;-12,00;PLN;'C992212610872101;TRANSAKCJA KARTĄ PŁATNICZĄ;Artykuły spożywcze
06.05.2022;06.05.2022;HELLO 34306            WARSZAWA;;'23124015321111001044176713;;*********3025639;-9,99;PLN;'C992212609863412;TRANSAKCJA KARTĄ PŁATNICZĄ;Gazety lub czasopisma
06.05.2022;06.05.2022;FOLKSTAR               WARSZAWA;;'23124015321111001044176713;;*********3025639;-1,50;PLN;'C992212609860290;TRANSAKCJA KARTĄ PŁATNICZĄ;Bez kategorii
06.05.2022;06.05.2022;AUCHAN POLSKA SP. Z    WARSZAWA;;'23124015321111001044176713;;*********3025639;-7,08;PLN;'C992212608839263;TRANSAKCJA KARTĄ PŁATNICZĄ;Artykuły spożywcze
06.05.2022;06.05.2022;BONITO.PL 01           WARSZAWA;;'23124015321111001044176713;;*********3025639;-47,52;PLN;'C992212608831327;TRANSAKCJA KARTĄ PŁATNICZĄ;Książki
06.05.2022;06.05.2022;JAKDOJADE.PL           POZNAN;;'23124015321111001044176713;;*********3025639;-10,00;PLN;'C992212607818281;TRANSAKCJA KARTĄ PŁATNICZĄ;Transport publiczny
06.05.2022;05.05.2022;JMP S.A. BIEDRONKA 445 WARSZAWA;;'23124015321111001044176713;;*********3025639;-19,78;PLN;'C992212522795791;TRANSAKCJA KARTĄ PŁATNICZĄ;Artykuły spożywcze
05.05.2022;05.05.2022;ABRAMOWICZ MICHAŁ;ŚNIADKÓW DOLNY 4 08-443 SOBIENIE JEZIORY;'61919700040008378430000010;'23124015321111001044176713;prezent dla Julki;20,00;PLN;'WEE0001334648111;PRZELEW KRAJOWY MIĘDZYBANKOWY;Darowizny
05.05.2022;04.05.2022;ZABKA Z4410 K.2        WARSZAWA;;'23124015321111001044176713;;*********3025639;-12,50;PLN;'C992212422456054;TRANSAKCJA KARTĄ PŁATNICZĄ;Artykuły spożywcze
04.05.2022;04.05.2022;EMPIK S.A. PPSCO L3000 WARSZAWA;;'23124015321111001044176713;;*********3025639;-11,99;PLN;'C992212417389575;TRANSAKCJA KARTĄ PŁATNICZĄ;Książki
04.05.2022;04.05.2022;ANNA AGNIESZKA WODZYŃSKA;;'98102034400000790201514421;'23124015321111001044176713;prezent, uro JulkiOd: 48607230065 Do: 485*****789;20,00;PLN;'M042000027704610;PRZELEW BLIK PRZYCHODZĄCY;Darowizny
04.05.2022;04.05.2022;BRĄŻKIEWICZ KAROL;;'53105011391000009268562742;'23124015321111001044176713;Przelew na telefon +48xxxxxx789JulkaDla KamilOd BRĄŻKIEWICZ KAROL;20,00;PLN;'M042000027703960;PRZELEW BLIK PRZYCHODZĄCY;Inne
04.05.2022;04.05.2022;KWIDZIŃSKI KACPER;;'39116022020000000329640634;'23124015321111001044176713;Urodziny Julki - Kwidzinski;20,00;PLN;'M042000027702765;PRZELEW BLIK PRZYCHODZĄCY;Inne
04.05.2022;04.05.2022;KARINA KAROLINA TOMBOREK;;'95102010680000120203278223;'23124015321111001044176713;uro JulkiOd: 48505532747 Do: 485*****789;20,00;PLN;'M042000027701859;PRZELEW BLIK PRZYCHODZĄCY;Inne
04.05.2022;04.05.2022;KACPER PIASECKI;UL.GOŚCINIEC 30 26-803 PRZYBYSZEW;'11114020040000350278096495;'23124015321111001044176713;URO JULKI;20,00;PLN;'M042000027700786;PRZELEW BLIK PRZYCHODZĄCY;Inne
04.05.2022;04.05.2022;FILIP MURAWKA UL. BOENIGKA 18/22 10;;'82109025900000000136484699;'23124015321111001044176713;prezent dla Julki - Filip Murawka;20,00;PLN;'M042000027700820;PRZELEW BLIK PRZYCHODZĄCY;Darowizny
04.05.2022;04.05.2022;KRÓLIK JAKUB;;'91116022020000000304727576;'23124015321111001044176713;Julka urodziny, Królik;20,00;PLN;'M042000027700486;PRZELEW BLIK PRZYCHODZĄCY;Inne
04.05.2022;04.05.2022;MONIKA MATLEWSKA;;'64102017780000230201525179;'23124015321111001044176713;Preznet dla Julki-Monika MatlewskaOd: 48782333717 Do: 485*****789;20,00;PLN;'M042000027700495;PRZELEW BLIK PRZYCHODZĄCY;Inne
04.05.2022;03.05.2022;UBER   * EATS PENDING  AMSTERDAM;;'23124015321111001044176713;;*********3025639;-70,15;PLN;'C992212320110815;TRANSAKCJA KARTĄ PŁATNICZĄ;Restauracje i kawiarnie
03.05.2022;03.05.2022;ZABKA Z4410 K.2        WARSZAWA;;'23124015321111001044176713;;*********3025639;-17,99;PLN;'C992212319096928;TRANSAKCJA KARTĄ PŁATNICZĄ;Artykuły spożywcze
03.05.2022;03.05.2022;ZABKA Z4410 K.2        WARSZAWA;;'23124015321111001044176713;;*********3025639;-6,60;PLN;'C992212316071829;TRANSAKCJA KARTĄ PŁATNICZĄ;Artykuły spożywcze
03.05.2022;03.05.2022;WIEKSZA POLOWA MA04346 WARSZAWA;;'23124015321111001044176713;;*********3025639;-15,90;PLN;'C992212313045332;TRANSAKCJA KARTĄ PŁATNICZĄ;Puby i kluby
03.05.2022;03.05.2022;P.W. SER-POL 03        WARSZAWA;;'23124015321111001044176713;;*********3025639;-3,99;PLN;'C992212313041656;TRANSAKCJA KARTĄ PŁATNICZĄ;Artykuły spożywcze
02.05.2022;02.05.2022;NANAKI SUSHI           WARSZAWA;;'23124015321111001044176713;;*********3025639;-45,00;PLN;'C992212214836266;TRANSAKCJA KARTĄ PŁATNICZĄ;Restauracje i kawiarnie
02.05.2022;02.05.2022;JMP S.A. BIEDRONKA 445 WARSZAWA;;'23124015321111001044176713;;*********3025639;-47,09;PLN;'C992212214833422;TRANSAKCJA KARTĄ PŁATNICZĄ;Artykuły spożywcze
02.05.2022;02.05.2022;OTABEK UMURZAKOV UL. KSIĘCIA JANUSZ;;'15109018700000000146828453;'23124015321111001044176713;UroJul;20,00;PLN;'M042000027568830;PRZELEW BLIK PRZYCHODZĄCY;Inne
02.05.2022;02.05.2022;ZABKA Z4410 K.2        WARSZAWA;;'23124015321111001044176713;;*********3025639;-7,18;PLN;'C992212211746790;TRANSAKCJA KARTĄ PŁATNICZĄ;Artykuły spożywcze
02.05.2022;02.05.2022;NETFLIX.COM            AMSTERDAM;;'23124015321111001044176713;;;-60,00;PLN;'C992212204640695;TRANSAKCJA KARTĄ PŁATNICZĄ;Internet, TV, telefon
02.05.2022;01.05.2022;PAYU S.A.;GRUNWALDZKA 186 60-166 POZNAŃ;'23124015321111001044176713;'25124059181111001053651984;PayU w Allegro XX2609541556XX www.allegro.pl Allegro 8bfc4321 c99;-299,00;PLN;'0142251601202171;PRZELEW MOBILE;Zakupy przez internet
02.05.2022;01.05.2022;ALEKSANDRA OLSZEWSKA;UL.WIEJSKA 36 21-500 STYRZYNIEC;'65114020040000380275857974;'23124015321111001044176713;URO JULKI , OLA OLSZEWSKA;20,00;PLN;'M042000027544240;PRZELEW BLIK PRZYCHODZĄCY;Inne
02.05.2022;01.05.2022;ZABKA Z4410 K.1        WARSZAWA;;'23124015321111001044176713;;*********3025639;-13,40;PLN;'C992212114571506;TRANSAKCJA KARTĄ PŁATNICZĄ;Artykuły spożywcze
02.05.2022;30.04.2022;ZABKA Z4410 K.1        WARSZAWA;;'23124015321111001044176713;;*********3025639;-15,80;PLN;'C992212021512670;TRANSAKCJA KARTĄ PŁATNICZĄ;Artykuły spożywcze
30.04.2022;30.04.2022;;;;'23124015321111001044176713;ODSETKI OD DEPOZYTU;0,65;PLN;'014224U98C001244;ODSETKI OD DEPOZYTU;Odsetki, zwrot z inwestycji
30.04.2022;30.04.2022;;;'23124015321111001044176713;;PODATEK POBRANY;-0,13;PLN;'014224U98C001243;PODATEK POBRANY;Podatki
30.04.2022;30.04.2022;JMP S.A. BIEDRONKA 445 WARSZAWA;;'23124015321111001044176713;;*********3025639;-10,31;PLN;'C992212012333852;TRANSAKCJA KARTĄ PŁATNICZĄ;Artykuły spożywcze
30.04.2022;30.04.2022;DOLADOWANIA.PLAY.PL    POZNAN;;'23124015321111001044176713;;*********3025639;-25,00;PLN;'C992212011282128;TRANSAKCJA KARTĄ PŁATNICZĄ;Internet, TV, telefon
30.04.2022;23.04.2022;BANK PEKAO S.A.;CENTRALA-OŚRODEK OPERACJI KART ul.Giełdowa 5 01-211 Warszawa;'53124000270999999999999999;'23124015321111001044176713;ZWROT NIEROZLICZONEJ TRANSAKCJINA KARTĘ **** **** 4302 5639WYKONANEJ DN. 23/04/2022;4,40;PLN;'0322042960071839;PRZELEW;Inne
30.04.2022;30.04.2022;JAROSŁAW JAKUB MILLER;RYNEK 65 26-025    ŁAGÓW               PL;'75124060031111001047891677;'23124015321111001044176713;Splitwise;1 460,00;PLN;'503224U602501841;PRZELEW;Inne
29.04.2022;29.04.2022;ASSECO POLAND SA PŁACE;UL. OLCHOWA 14 35-322 RZESZÓW;'42124059181111000049090675;'23124015321111001044176713;WYNAGRODZENIE ZA PRACE W NOCY I NADGODZINY **202204N2** 23119;949,11;PLN;'4910429987843052;PRZELEW;Wynagrodzenie
29.04.2022;29.04.2022;ASSECO POLAND SA PŁACE;UL. OLCHOWA 14 35-322 RZESZÓW;'42124059181111000049090675;'23124015321111001044176713;PREMIA STANDBY **202204P10** 23119;463,26;PLN;'4910429987453055;PRZELEW;Premia, nagroda
29.04.2022;29.04.2022;LIDL KAROLKOWA         WARSZAWA;;'23124015321111001044176713;;*********3025639;-117,96;PLN;'C992211913948690;TRANSAKCJA KARTĄ PŁATNICZĄ;Artykuły spożywcze
29.04.2022;29.04.2022;JULIA BUDZIŃSKA;;'23124015321111001044176713;'15105015591000009267210426;Przelew na telefon;-50,00;PLN;'M042100299439990;PRZELEW BLIK WYCHODZĄCY;Internet, TV, telefon
28.04.2022;28.04.2022;JMP S.A. BIEDRONKA 445 WARSZAWA;;'23124015321111001044176713;;*********3025639;-12,11;PLN;'C992211812542275;TRANSAKCJA KARTĄ PŁATNICZĄ;Artykuły spożywcze
27.04.2022;27.04.2022;MICHAEL I NELLIE MCGRATH;;'23124015321111001044176713;'72109028510000000105587583;rent may 2022;-5 940,00;PLN;'014224R628108555;PRZELEW INTERNET M/B;Czynsz
27.04.2022;27.04.2022;ZABKA Z4410 K.1        WARSZAWA;;'23124015321111001044176713;;*********3025639;-5,98;PLN;'C992211717350150;TRANSAKCJA KARTĄ PŁATNICZĄ;Artykuły spożywcze
27.04.2022;27.04.2022;FADI KEBAB             WARSZAWA;;'23124015321111001044176713;;*********3025639;-21,00;PLN;'C992211713236303;TRANSAKCJA KARTĄ PŁATNICZĄ;Restauracje i kawiarnie
27.04.2022;27.04.2022;INNOGY POLSKA S.A.;;'23124015321111001044176713;'96124069601701080000787371;Prognoza zużycia nr 222500678489;-337,62;PLN;'014224R605106001;REALIZACJA PŁATNOŚCI PEOPAY;Prąd
27.04.2022;27.04.2022;SKLEP FIRMOWY NR 117   WARSZAWA;;'23124015321111001044176713;;*********3025639;-7,69;PLN;'C992211707125505;TRANSAKCJA KARTĄ PŁATNICZĄ;Artykuły spożywcze
26.04.2022;26.04.2022;SKLEP FIRMOWY NR 117   WARSZAWA;;'23124015321111001044176713;;*********3025639;-7,75;PLN;'C992211617021128;TRANSAKCJA KARTĄ PŁATNICZĄ;Artykuły spożywcze
26.04.2022;26.04.2022;KACPER MACIEJ BANASIK;ŁUCKA 20/62 00-845    WARSZAWA            PL;'69124060031111001048178711;'23124015321111001044176713;Zwrot za zakup karty;7 819,52;PLN;'503224Q627409150;PRZELEW;Inne
26.04.2022;26.04.2022;AUTOMAT-SPEC SP.ZOO    WARSZAWA;;'23124015321111001044176713;;*********3025639;-4,00;PLN;'C992211613938527;TRANSAKCJA KARTĄ PŁATNICZĄ;Artykuły spożywcze
26.04.2022;26.04.2022;MACHOP SP. Z O.O.      WARSZAWA;;'23124015321111001044176713;;*********3025639;-68,00;PLN;'C992211613927290;TRANSAKCJA KARTĄ PŁATNICZĄ;Restauracje i kawiarnie
26.04.2022;26.04.2022;IRENEUSZ SZYMANIAK     GRODZISK MAZ;;'23124015321111001044176713;;*********3025639;-9,00;PLN;'C992211607808719;TRANSAKCJA KARTĄ PŁATNICZĄ;Artykuły spożywcze
26.04.2022;26.04.2022;;;'23124015321111001044176713;'92124020921362991111000000;Opłata za obsługę kartyMasterCard Debit*43025639 za miesiąc 4.2022;-1,00;PLN;'M01505DP00038963;PROWIZJE AUT.;Opłaty bankowe
26.04.2022;25.04.2022;ZABKA Z4410 K.2        WARSZAWA;;'23124015321111001044176713;;*********3025639;-19,99;PLN;'C992211520781313;TRANSAKCJA KARTĄ PŁATNICZĄ;Artykuły spożywcze
25.04.2022;25.04.2022;REVOLUT* - 5713        INTERNET;;'23124015321111001044176713;;;-100,00;PLN;'C992211518770314;TRANSAKCJA KARTĄ PŁATNICZĄ;Internet, TV, telefon
25.04.2022;24.04.2022;JMP S.A. BIEDRONKA 445 WARSZAWA;;'23124015321111001044176713;;*********3025639;-16,53;PLN;'C992211415426859;TRANSAKCJA KARTĄ PŁATNICZĄ;Artykuły spożywcze
23.04.2022;23.04.2022;ASEC WARSZAWA WILANOWS WARSZAWA;;'23124015321111001044176713;;*********3025639;-4,40;PLN;'C992211317266024;TRANSAKCJA KARTĄ PŁATNICZĄ;Inne
23.04.2022;23.04.2022;ZABKA Z4410 K.2        WARSZAWA;;'23124015321111001044176713;;*********3025639;-0,95;PLN;'C992211313165553;TRANSAKCJA KARTĄ PŁATNICZĄ;Artykuły spożywcze
23.04.2022;22.04.2022;ZABKA Z2933 K.1        WARSZAWA;;'23124015321111001044176713;;*********3025639;-11,69;PLN;'C992211222616391;TRANSAKCJA KARTĄ PŁATNICZĄ;Artykuły spożywcze
22.04.2022;22.04.2022;DARWINA.PL             WARSZAWA;;'23124015321111001044176713;;*********3025639;-26,98;PLN;'C992211218571524;TRANSAKCJA KARTĄ PŁATNICZĄ;Alkohol
22.04.2022;22.04.2022;MARTYNA;;'23124015321111001044176713;'26114020040000390276014797;prezent;-28,00;PLN;'M042100296304467;PRZELEW BLIK WYCHODZĄCY;Prezenty, upominki
21.04.2022;21.04.2022;TOOGOODTOG 8QT3WJM21YF COPENHAGEN S;;'23124015321111001044176713;;;-28,58;PLN;'C992211120259265;TRANSAKCJA KARTĄ PŁATNICZĄ;Restauracje i kawiarnie
21.04.2022;21.04.2022;JMP S.A. BIEDRONKA 445 WARSZAWA;;'23124015321111001044176713;;*********3025639;-34,33;PLN;'C992211110035958;TRANSAKCJA KARTĄ PŁATNICZĄ;Artykuły spożywcze
20.04.2022;20.04.2022;MAŁGORZATA UŁASIUK TRENER OSOBISTY;UL.ŁUCKA 20 M.62 00-845 WARSZAWA;'25114020040000310281874201;'23124015321111001044176713;CZYNSZ MARZEC;1 460,00;PLN;'WDT0001324398000;PRZELEW KRAJOWY MIĘDZYBANKOWY;Inne
20.04.2022;19.04.2022;ZABKA Z4410 K.2        WARSZAWA;;'23124015321111001044176713;;*********3025639;-9,40;PLN;'C992210922679541;TRANSAKCJA KARTĄ PŁATNICZĄ;Artykuły spożywcze
19.04.2022;19.04.2022;DOMINOS PIZZA          WARSZAWA;;'23124015321111001044176713;;*********3025639;-66,46;PLN;'C992210920667635;TRANSAKCJA KARTĄ PŁATNICZĄ;Restauracje i kawiarnie
19.04.2022;19.04.2022;BUDZIŃSKA JULIA;;'15105015591000009267210426;'23124015321111001044176713;Przelew na telefon +48xxxxxx789PizkaDla Kamil SobierajOd BUDZIŃSKA JULIA;33,00;PLN;'M042000026774253;PRZELEW BLIK PRZYCHODZĄCY;Inne
19.04.2022;19.04.2022;ZABKA Z4410 K.2        WARSZAWA;;'23124015321111001044176713;;*********3025639;-7,98;PLN;'C992210915570198;TRANSAKCJA KARTĄ PŁATNICZĄ;Artykuły spożywcze
19.04.2022;19.04.2022;PIEKARNIA ORMIANSKA    WARSZAWA;;'23124015321111001044176713;;*********3025639;-25,00;PLN;'C992210912498066;TRANSAKCJA KARTĄ PŁATNICZĄ;Artykuły spożywcze
18.04.2022;17.04.2022;PAYPRO S.A.;UL. KANCLERSKA 15 60-327 POZNAŃ;'23124015321111001044176713;'68124066091111001064604773;P24-G9B-K7E-Y0H Allegro afe0a832-be8;-68,90;PLN;'014224H626502312;PRZELEW MOBILE;Inne
18.04.2022;17.04.2022;JAROSŁAW JAKUB MILLER;RYNEK 65 26-025    ŁAGÓW               PL;'75124060031111001047891677;'23124015321111001044176713;Splitwise;1 463,00;PLN;'503224H622605059;PRZELEW;Inne
16.04.2022;16.04.2022;PAYU S.A.;UL. GRUNWALDZKA 186 60-166 Poznań;'23124015321111001044176713;'71124010401111001086116852;PayU XX2590362820XX Z/2022/04/00067400;-34,60;PLN;'014224G623701802;PRZELEW WEWNĘTRZNY - DOSTAWCA;Bez kategorii
15.04.2022;14.04.2022;PAYU S.A.;UL. GRUNWALDZKA 186 60-166 Poznań;'23124015321111001044176713;'71124010401111001086116852;PayU XX2588621654XX Z/2022/04/00060157;-34,60;PLN;'014224E605707056;PRZELEW WEWNĘTRZNY - DOSTAWCA;Bez kategorii
15.04.2022;14.04.2022;WISNIEWSKI WARSZAWA    WARSZAWA;;'23124015321111001044176713;;*********3025639;-26,00;PLN;'C992210423633451;TRANSAKCJA KARTĄ PŁATNICZĄ;Puby i kluby
15.04.2022;14.04.2022;JMP S.A. BIEDRONKA 516 WARSZAWA;;'23124015321111001044176713;;*********3025639;-22,05;PLN;'C992210422631015;TRANSAKCJA KARTĄ PŁATNICZĄ;Artykuły spożywcze
14.04.2022;14.04.2022;JMP S.A. BIEDRONKA 445 WARSZAWA;;'23124015321111001044176713;;*********3025639;-10,79;PLN;'C992210413418478;TRANSAKCJA KARTĄ PŁATNICZĄ;Artykuły spożywcze
14.04.2022;14.04.2022;GOOD LOOD              KRAKOW;;'23124015321111001044176713;;*********3025639;-12,00;PLN;'C992210411409351;TRANSAKCJA KARTĄ PŁATNICZĄ;Restauracje i kawiarnie
14.04.2022;13.04.2022;UBER   * EATS PENDING  AMSTERDAM;;'23124015321111001044176713;;*********3025639;-45,53;PLN;'C992210321236642;TRANSAKCJA KARTĄ PŁATNICZĄ;Restauracje i kawiarnie
14.04.2022;13.04.2022;JULIA BUDZIŃSKA;;'23124015321111001044176713;'15105015591000009267210426;Przelew na telefon;-70,00;PLN;'M042100292375942;PRZELEW BLIK WYCHODZĄCY;Internet, TV, telefon
14.04.2022;13.04.2022;JMP S.A. BIEDRONKA 445 WARSZAWA;;'23124015321111001044176713;;*********3025639;-31,81;PLN;'C992210322235422;TRANSAKCJA KARTĄ PŁATNICZĄ;Artykuły spożywcze
13.04.2022;13.04.2022;JMP S.A. BIEDRONKA 445 WARSZAWA;;'23124015321111001044176713;;*********3025639;-23,52;PLN;'C992210311975343;TRANSAKCJA KARTĄ PŁATNICZĄ;Artykuły spożywcze
13.04.2022;12.04.2022;BILETOMAT TW 31541     WARSZAWA;;'23124015321111001044176713;;*********3025639;-4,40;PLN;'C992210222870900;TRANSAKCJA KARTĄ PŁATNICZĄ;Transport publiczny
12.04.2022;12.04.2022;CEZARY KANIA;WÓLKA - FOLWARK 29C 07-205 RZĄŚNIK;'45114020040000310234692944;'23124015321111001044176713;KULKI MOCY;22,50;PLN;'M042000026371773;PRZELEW BLIK PRZYCHODZĄCY;Inne
12.04.2022;12.04.2022;ŁUKASZ KAROL WACHOWICZ;;'73102010130000070203708492;'23124015321111001044176713;kurczakOd: 48661246121 Do: 485*****789;28,00;PLN;'M042000026368807;PRZELEW BLIK PRZYCHODZĄCY;Inne
12.04.2022;12.04.2022;BAJSZCZAK ADAM MATEUSZ;;'30105010381000009241279729;'23124015321111001044176713;Przelew na telefon +48xxxxxx789KebabDla Kamil SobierajOd BAJSZCZAK ADAM MATEUSZ;16,00;PLN;'M042000026368471;PRZELEW BLIK PRZYCHODZĄCY;Inne
12.04.2022;12.04.2022;AUTOMATSPEC            DABROWA GORN;;'23124015321111001044176713;;*********3025639;-4,00;PLN;'C992210214698768;TRANSAKCJA KARTĄ PŁATNICZĄ;Artykuły spożywcze
12.04.2022;12.04.2022;FADI KEBAB             WARSZAWA;;'23124015321111001044176713;;*********3025639;-16,00;PLN;'C992210212659336;TRANSAKCJA KARTĄ PŁATNICZĄ;Restauracje i kawiarnie
12.04.2022;12.04.2022;MACHOP SP. Z O.O.      WARSZAWA;;'23124015321111001044176713;;*********3025639;-154,50;PLN;'C992210212658958;TRANSAKCJA KARTĄ PŁATNICZĄ;Restauracje i kawiarnie
11.04.2022;11.04.2022;KLIMT CAFE S.C. PIEKAR WARSZAWA;;'23124015321111001044176713;;*********3025639;-2,50;PLN;'C992210113330975;TRANSAKCJA KARTĄ PŁATNICZĄ;Restauracje i kawiarnie
11.04.2022;11.04.2022;PAYPRO S.A.;;'23124015321111001044176713;'65124059341111001093613108;P24-E1B-J4C-C4K;-90,80;PLN;'014224B621503000;PRZELEW WEWNĘTRZNY - DOSTAWCA;Bez kategorii
11.04.2022;11.04.2022;CARREFOUR EXPRESS 3352 WARSZAWA;;'23124015321111001044176713;;*********3025639;-10,48;PLN;'C992210111298471;TRANSAKCJA KARTĄ PŁATNICZĄ;Artykuły spożywcze
11.04.2022;10.04.2022;IKE BOSSA;;'23124015321111001044176713;'83154011578129000000814183;IKE 814183;-500,00;PLN;'014224AA71005140;ZLECENIE STAŁE;Bez kategorii
11.04.2022;10.04.2022;ZABKA Z4410 K.2        WARSZAWA;;'23124015321111001044176713;;*********3025639;-7,60;PLN;'C992210018161931;TRANSAKCJA KARTĄ PŁATNICZĄ;Artykuły spożywcze
11.04.2022;10.04.2022;VINA EXPRESS           WARSZAWA;;'23124015321111001044176713;;*********3025639;-28,00;PLN;'C992210018157254;TRANSAKCJA KARTĄ PŁATNICZĄ;Puby i kluby
11.04.2022;10.04.2022;DECATHLON WARSZAWA     WARSZAWA;;'23124015321111001044176713;;*********3025639;-129,93;PLN;'C992210017140410;TRANSAKCJA KARTĄ PŁATNICZĄ;Sport
09.04.2022;09.04.2022;BLUE MEDIA S.A.;UL. POWSTANCOW WARSZAWY 6 81-718 SO pot;'23124015321111001044176713;'53124012551111001016221166;BPID:AZMQ1Y38WR Zamowienie do koszyka: 360135;-246,16;PLN;'0142249606203889;PRZELEW MOBILE;Zakupy przez internet
09.04.2022;09.04.2022;APPLE.COM/BILL         008004411875;;'23124015321111001044176713;;*********3025639;-24,99;PLN;'C992209906801487;TRANSAKCJA KARTĄ PŁATNICZĄ;Multimedia
09.04.2022;09.04.2022;KUCHNIE SWIATA TRZ     WARSZAWA;;'23124015321111001044176713;;*********3025639;-2,00;PLN;'C992209912789706;TRANSAKCJA KARTĄ PŁATNICZĄ;Artykuły spożywcze
09.04.2022;09.04.2022;CARREFOUR EXPRESS 3352 WARSZAWA;;'23124015321111001044176713;;*********3025639;-84,23;PLN;'C992209912786821;TRANSAKCJA KARTĄ PŁATNICZĄ;Artykuły spożywcze
09.04.2022;09.04.2022;WALEK WARSZAWSKI       WARSZAWA;;'23124015321111001044176713;;*********3025639;-23,00;PLN;'C992209910715749;TRANSAKCJA KARTĄ PŁATNICZĄ;Restauracje i kawiarnie
08.04.2022;08.04.2022;REVOLUTIE              DUBLIN;;'23124015321111001044176713;;;-50,00;PLN;'C992209816579064;TRANSAKCJA KARTĄ PŁATNICZĄ;Bez kategorii
08.04.2022;08.04.2022;KACPER MACIEJ BANASIK;ŁUCKA 20/62 00-845    WARSZAWA            PL;'69124060031111001048178711;'23124015321111001044176713;Splitwise;162,90;PLN;'5032248623201738;PRZELEW;Inne
08.04.2022;08.04.2022;KACPER MACIEJ BANASIK;ŁUCKA 20/62 00-845    WARSZAWA            PL;'69124060031111001048178711;'23124015321111001044176713;Czynsz kwiecień;1 027,67;PLN;'5032248627102761;PRZELEW;Inne
07.04.2022;07.04.2022;TOOGOODTOG SPBSAYRWRWZ COPENHAGEN S;;'23124015321111001044176713;;;-19,98;PLN;'C992209717185178;TRANSAKCJA KARTĄ PŁATNICZĄ;Restauracje i kawiarnie
07.04.2022;07.04.2022;ASSECO POLAND SA PŁACE;UL. OLCHOWA 14 35-322 RZESZÓW;'42124059181111000049090675;'23124015321111001044176713;WYNAGRODZENIE 03/2022 **202203U** 23119;5 475,59;PLN;'4910407981214000;PRZELEW;Wynagrodzenie
07.04.2022;07.04.2022;ZABKA Z4410 K.2        WARSZAWA;;'23124015321111001044176713;;*********3025639;-9,00;PLN;'C992209708962594;TRANSAKCJA KARTĄ PŁATNICZĄ;Artykuły spożywcze
06.04.2022;06.04.2022;JMP S.A. BIEDRONKA 445 WARSZAWA;;'23124015321111001044176713;;*********3025639;-16,83;PLN;'C992209619899742;TRANSAKCJA KARTĄ PŁATNICZĄ;Artykuły spożywcze
06.04.2022;05.04.2022;GOOGLE *GOOGLE PLAY AP G.CO/HELPPAY;;'23124015321111001044176713;;*********3025639;-6,99;PLN;'C992209517620536;TRANSAKCJA KARTĄ PŁATNICZĄ;Multimedia
05.04.2022;05.04.2022;ZABKA Z4410 K.2        WARSZAWA;;'23124015321111001044176713;;*********3025639;-8,60;PLN;'C992209512430276;TRANSAKCJA KARTĄ PŁATNICZĄ;Artykuły spożywcze
04.04.2022;04.04.2022;JMP S.A. BIEDRONKA 445 WARSZAWA;;'23124015321111001044176713;;*********3025639;-52,23;PLN;'C992209413144796;TRANSAKCJA KARTĄ PŁATNICZĄ;Artykuły spożywcze
04.04.2022;03.04.2022;ALLEGRO                POZNAN;;'23124015321111001044176713;;*********3025639;-40,26;PLN;'C992209319995434;TRANSAKCJA KARTĄ PŁATNICZĄ;Zakupy przez internet
02.04.2022;02.04.2022;BUDZIŃSKA JULIA;;'15105015591000009267210426;'23124015321111001044176713;Przelew na telefon +48xxxxxx789NorwegiaDla Kamil SobierajOd BUDZIŃSKA JULIA;100,00;PLN;'M042000025718671;PRZELEW BLIK PRZYCHODZĄCY;Inne
02.04.2022;02.04.2022;JMP S.A. BIEDRONKA 445 WARSZAWA;;'23124015321111001044176713;;*********3025639;-77,57;PLN;'C992209213747108;TRANSAKCJA KARTĄ PŁATNICZĄ;Artykuły spożywcze
02.04.2022;02.04.2022;NETFLIX.COM            AMSTERDAM;;'23124015321111001044176713;;;-60,00;PLN;'C992209204581258;TRANSAKCJA KARTĄ PŁATNICZĄ;Internet, TV, telefon
01.04.2022;01.04.2022;SUBWAY SANDEFJO        SANDEFJORD;;'23124015321111001044176713;;*********3025639;-47,15;PLN;'C992209119533034;TRANSAKCJA KARTĄ PŁATNICZĄ;Restauracje i kawiarnie
01.04.2022;01.04.2022;SPAR HVALTORVET        SANDEFJORD;;'23124015321111001044176713;;*********3025639;-81,24;PLN;'C992209118530156;TRANSAKCJA KARTĄ PŁATNICZĄ;Artykuły spożywcze
01.04.2022;01.04.2022;REMA SANDEFJORD        SANDEFJORD;;'23124015321111001044176713;;*********3025639;-96,14;PLN;'C992209116466461;TRANSAKCJA KARTĄ PŁATNICZĄ;Artykuły spożywcze
01.04.2022;01.04.2022;BILETOMAT TW 32011     WARSZAWA;;'23124015321111001044176713;;*********3025639;-4,40;PLN;'C992209109297492;TRANSAKCJA KARTĄ PŁATNICZĄ;Transport publiczny
01.04.2022;01.04.2022;ZABKA Z4410 K.2        WARSZAWA;;'23124015321111001044176713;;*********3025639;-5,00;PLN;'C992209109291736;TRANSAKCJA KARTĄ PŁATNICZĄ;Artykuły spożywcze
01.04.2022;01.04.2022;JMP S.A. BIEDRONKA 445 WARSZAWA;;'23124015321111001044176713;;*********3025639;-8,68;PLN;'C992209109283035;TRANSAKCJA KARTĄ PŁATNICZĄ;Artykuły spożywcze
31.03.2022;31.03.2022;;;;'23124015321111001044176713;ODSETKI OD DEPOZYTU;0,65;PLN;'014223V98C001177;ODSETKI OD DEPOZYTU;Odsetki, zwrot z inwestycji
31.03.2022;31.03.2022;;;'23124015321111001044176713;;PODATEK POBRANY;-0,13;PLN;'014223V98C001176;PODATEK POBRANY;Podatki
31.03.2022;31.03.2022;SPICY KEBAB AND GRILL  WARSZAWA;;'23124015321111001044176713;;*********3025639;-24,00;PLN;'C992209016144499;TRANSAKCJA KARTĄ PŁATNICZĄ;Restauracje i kawiarnie
31.03.2022;31.03.2022;ASSECO POLAND SA PŁACE;UL. OLCHOWA 14 35-322 RZESZÓW;'42124059181111000049090675;'23124015321111001044176713;WYNAGRODZENIE ZA PRACE W NOCY I NADGODZINY **202203N2** 23119;785,58;PLN;'4910331987792393;PRZELEW;Wynagrodzenie
31.03.2022;31.03.2022;POCZTA POLSKA          WARSZAWA (WO;;'23124015321111001044176713;;*********3025639;-7,50;PLN;'C992209016137282;TRANSAKCJA KARTĄ PŁATNICZĄ;Inne
31.03.2022;31.03.2022;CUKIERNIA PAWLOWICZ    WARSZAWA;;'23124015321111001044176713;;*********3025639;-10,00;PLN;'C992209016147903;TRANSAKCJA KARTĄ PŁATNICZĄ;Artykuły spożywcze
31.03.2022;31.03.2022;DOLADOWANIA.PLAY.PL    POZNAN;;'23124015321111001044176713;;*********3025639;-25,00;PLN;'C992209013062658;TRANSAKCJA KARTĄ PŁATNICZĄ;Internet, TV, telefon
31.03.2022;30.03.2022;MICHAEL I NELLIE MCGRATH;;'23124015321111001044176713;'72109028510000000105587583;rent April 2022;-5 940,00;PLN;'014223U605207542;PRZELEW INTERNET M/B;Czynsz
31.03.2022;30.03.2022;LIDL KAROLKOWA         WARSZAWA;;'23124015321111001044176713;;*********3025639;-50,95;PLN;'C992208921915376;TRANSAKCJA KARTĄ PŁATNICZĄ;Artykuły spożywcze
30.03.2022;30.03.2022;ZABKA Z4410 K.2        WARSZAWA;;'23124015321111001044176713;;*********3025639;-11,79;PLN;'C992208910676772;TRANSAKCJA KARTĄ PŁATNICZĄ;Artykuły spożywcze
30.03.2022;29.03.2022;ZABKA Z4410 K.1        WARSZAWA;;'23124015321111001044176713;;*********3025639;-5,80;PLN;'C992208822613554;TRANSAKCJA KARTĄ PŁATNICZĄ;Artykuły spożywcze
29.03.2022;29.03.2022;PIEKARNIA ORMIANSKA    WARSZAWA;;'23124015321111001044176713;;*********3025639;-12,00;PLN;'C992208812432685;TRANSAKCJA KARTĄ PŁATNICZĄ;Artykuły spożywcze
29.03.2022;29.03.2022;KOLEKTYW PIWNY SANDRA  LEBA;;'23124015321111001044176713;;*********3025639;-25,00;PLN;'C992208812425970;TRANSAKCJA KARTĄ PŁATNICZĄ;Restauracje i kawiarnie
29.03.2022;28.03.2022;ZABKA Z4410 K.2        WARSZAWA;;'23124015321111001044176713;;*********3025639;-14,60;PLN;'C992208721301681;TRANSAKCJA KARTĄ PŁATNICZĄ;Artykuły spożywcze
29.03.2022;28.03.2022;JMP S.A. BIEDRONKA 445 WARSZAWA;;'23124015321111001044176713;;*********3025639;-7,31;PLN;'C992208721301235;TRANSAKCJA KARTĄ PŁATNICZĄ;Artykuły spożywcze
28.03.2022;28.03.2022;KRAJOWY INTEGRATOR PŁATNOŚCI S.A.;PLAC ANDERSA 3, 17 PIĘTRO 61-894 Poznań;'23124015321111001044176713;'47124010401111001106357304;TR-HE8-5TC526X;-67,00;PLN;'014223S608009434;PRZELEW WEWNĘTRZNY - DOSTAWCA;Bez kategorii
28.03.2022;27.03.2022;ZABKA Z4410 K.2        WARSZAWA;;'23124015321111001044176713;;*********3025639;-2,30;PLN;'C992208619296443;TRANSAKCJA KARTĄ PŁATNICZĄ;Artykuły spożywcze
28.03.2022;27.03.2022;ALLEGRO                POZNAN;;'23124015321111001044176713;;*********3025639;-112,99;PLN;'C992208619295080;TRANSAKCJA KARTĄ PŁATNICZĄ;Zakupy przez internet
28.03.2022;26.03.2022;JMP S.A. BIEDRONKA 445 WARSZAWA;;'23124015321111001044176713;;*********3025639;-36,14;PLN;'C992208522197786;TRANSAKCJA KARTĄ PŁATNICZĄ;Artykuły spożywcze
26.03.2022;26.03.2022;"""WARSZAWIANKA""         WARSZAWA";;'23124015321111001044176713;;*********3025639;-12,00;PLN;'C992208519179195;TRANSAKCJA KARTĄ PŁATNICZĄ;Artykuły spożywcze
26.03.2022;26.03.2022;PRZYSTANEK 16          WARSZAWA;;'23124015321111001044176713;;*********3025639;-29,00;PLN;'C992208519178018;TRANSAKCJA KARTĄ PŁATNICZĄ;Restauracje i kawiarnie
26.03.2022;26.03.2022;KACPER MACIEJ BANASIK;ŁUCKA 20/62 00-845    WARSZAWA            PL;'69124060031111001048178711;'23124015321111001044176713;Za Revoluta;700,00;PLN;'503223Q604804279;PRZELEW;Inne
26.03.2022;26.03.2022;REVOLUT* - 2380        INTERNET;;'23124015321111001044176713;;;-700,00;PLN;'C992208512056002;TRANSAKCJA KARTĄ PŁATNICZĄ;Internet, TV, telefon
25.03.2022;25.03.2022;JMP S.A. BIEDRONKA 445 WARSZAWA;;'23124015321111001044176713;;*********3025639;-54,45;PLN;'C992208410607573;TRANSAKCJA KARTĄ PŁATNICZĄ;Artykuły spożywcze
23.03.2022;23.03.2022;JMP S.A. BIEDRONKA 445 WARSZAWA;;'23124015321111001044176713;;*********3025639;-66,24;PLN;'C992208217140438;TRANSAKCJA KARTĄ PŁATNICZĄ;Artykuły spożywcze
22.03.2022;22.03.2022;TOOGOODTOG I5GU2KNURL4 COPENHAGEN S;;'23124015321111001044176713;;;-14,29;PLN;'C992208119880951;TRANSAKCJA KARTĄ PŁATNICZĄ;Restauracje i kawiarnie
22.03.2022;22.03.2022;;;'23124015321111001044176713;'92124020921362991111000000;Opłata za obsługę kartyMasterCard Debit*43025639 za miesiąc 3.2022;-1,00;PLN;'M01505CL00040379;PROWIZJE AUT.;Opłaty bankowe
21.03.2022;21.03.2022;GOOGLE PAYMENT IE LTD  DUBLIN;;'23124015321111001044176713;;;-52,99;PLN;'C992208016531404;TRANSAKCJA KARTĄ PŁATNICZĄ;Multimedia
21.03.2022;21.03.2022;JMP S.A. BIEDRONKA 445 WARSZAWA;;'23124015321111001044176713;;*********3025639;-49,43;PLN;'C992208016521999;TRANSAKCJA KARTĄ PŁATNICZĄ;Artykuły spożywcze
21.03.2022;21.03.2022;"""GANESH""-PLATINUM TOWE WARSZAWA";;'23124015321111001044176713;;*********3025639;-25,00;PLN;'C992208015505704;TRANSAKCJA KARTĄ PŁATNICZĄ;Restauracje i kawiarnie
21.03.2022;21.03.2022;KACPER MACIEJ BANASIK;ŁUCKA 20/62 00-845    WARSZAWA            PL;'69124060031111001048178711;'23124015321111001044176713;Za Revoluta;500,00;PLN;'503223L623708126;PRZELEW;Inne
21.03.2022;21.03.2022;REVOLUT* - 0854        INTERNET;;'23124015321111001044176713;;;-500,00;PLN;'C992208014489645;TRANSAKCJA KARTĄ PŁATNICZĄ;Internet, TV, telefon
21.03.2022;20.03.2022;TOOGOODTOG UZZAJ1QSYJ2 COPENHAGEN S;;'23124015321111001044176713;;;-9,99;PLN;'C992207918284830;TRANSAKCJA KARTĄ PŁATNICZĄ;Restauracje i kawiarnie
21.03.2022;20.03.2022;KACPER MACIEJ BANASIK;ŁUCKA 20/62 00-845    WARSZAWA            PL;'69124060031111001048178711;'23124015321111001044176713;Czynsz;1 560,00;PLN;'503223K621908219;PRZELEW;Inne
19.03.2022;19.03.2022;FOODSI.PL              LUBLIN;;'23124015321111001044176713;;*********3025639;-12,99;PLN;'C992207818141697;TRANSAKCJA KARTĄ PŁATNICZĄ;Restauracje i kawiarnie
19.03.2022;18.03.2022;ZABKA Z4410 K.2        WARSZAWA;;'23124015321111001044176713;;*********3025639;-20,99;PLN;'C992207722867746;TRANSAKCJA KARTĄ PŁATNICZĄ;Artykuły spożywcze
18.03.2022;17.03.2022;LIDL KAROLKOWA         WARSZAWA;;'23124015321111001044176713;;*********3025639;-77,37;PLN;'C992207621519978;TRANSAKCJA KARTĄ PŁATNICZĄ;Artykuły spożywcze
17.03.2022;17.03.2022;JMP S.A. BIEDRONKA 445 WARSZAWA;;'23124015321111001044176713;;*********3025639;-17,44;PLN;'C992207609275577;TRANSAKCJA KARTĄ PŁATNICZĄ;Artykuły spożywcze
16.03.2022;16.03.2022;JMP S.A. BIEDRONKA 445 WARSZAWA;;'23124015321111001044176713;;*********3025639;-23,46;PLN;'C992207509968741;TRANSAKCJA KARTĄ PŁATNICZĄ;Artykuły spożywcze
15.03.2022;15.03.2022;ZABKA Z4410 K.1        WARSZAWA;;'23124015321111001044176713;;*********3025639;-14,00;PLN;'C992207414780057;TRANSAKCJA KARTĄ PŁATNICZĄ;Artykuły spożywcze
15.03.2022;15.03.2022;MICHAŁ KALUGA;;'86156000132006601750000001;'23124015321111001044176713;deska do piwa + piwo obolon;20,00;PLN;'M042000024591808;PRZELEW EXPRESS ELIXIR;Inne
15.03.2022;15.03.2022;JAKUB MACIEJ WRÓBEL;;'87102033520000170200784652;'23124015321111001044176713;Wypad czwartkowyOd: 48608585967 Do: 485*****789;112,00;PLN;'M042000024591627;PRZELEW EXPRESS ELIXIR;Inne
15.03.2022;15.03.2022;CHEESECAKE CORNER      WARSZAWA;;'23124015321111001044176713;;*********3025639;-13,50;PLN;'C992207413749142;TRANSAKCJA KARTĄ PŁATNICZĄ;Artykuły spożywcze
15.03.2022;15.03.2022;PIEKARNIA K. I A. C    WARSZAWA;;'23124015321111001044176713;;*********3025639;-6,39;PLN;'C992207411710795;TRANSAKCJA KARTĄ PŁATNICZĄ;Artykuły spożywcze
14.03.2022;14.03.2022;JMP S.A. BIEDRONKA 445 WARSZAWA;;'23124015321111001044176713;;*********3025639;-32,41;PLN;'C992207312423105;TRANSAKCJA KARTĄ PŁATNICZĄ;Artykuły spożywcze
14.03.2022;12.03.2022;ZABKA Z4410 K.1        WARSZAWA;;'23124015321111001044176713;;*********3025639;-11,99;PLN;'C992207120188722;TRANSAKCJA KARTĄ PŁATNICZĄ;Artykuły spożywcze
14.03.2022;12.03.2022;JMP S.A. BIEDRONKA 445 WARSZAWA;;'23124015321111001044176713;;*********3025639;-83,83;PLN;'C992207120187646;TRANSAKCJA KARTĄ PŁATNICZĄ;Artykuły spożywcze
12.03.2022;12.03.2022;REVOLUT* - 0355        INTERNET;;'23124015321111001044176713;;;-200,00;PLN;'C992207109939098;TRANSAKCJA KARTĄ PŁATNICZĄ;Internet, TV, telefon
11.03.2022;11.03.2022;VINCENT BOULANGERIE    WARSZAWA (PR;;'23124015321111001044176713;;*********3025639;-22,00;PLN;'C992207018811193;TRANSAKCJA KARTĄ PŁATNICZĄ;Artykuły spożywcze
11.03.2022;11.03.2022;LEROY MERLIN WARSZA    WARSZAWA;;'23124015321111001044176713;;*********3025639;-36,87;PLN;'C992207018810447;TRANSAKCJA KARTĄ PŁATNICZĄ;Wyposażenie
11.03.2022;11.03.2022;CARREFOUR HIPERMARKET  WARSZAWA;;'23124015321111001044176713;;*********3025639;-14,00;PLN;'C992207017796046;TRANSAKCJA KARTĄ PŁATNICZĄ;Artykuły spożywcze
11.03.2022;11.03.2022;CARREFOUR HIPERMARKET  WARSZAWA;;'23124015321111001044176713;;*********3025639;-2,99;PLN;'C992207017795121;TRANSAKCJA KARTĄ PŁATNICZĄ;Artykuły spożywcze
11.03.2022;11.03.2022;MARIUSZ GRZEGORZ ZIĘCINA;;'26102011270000130202564748;'23124015321111001044176713;Piwko i inneOd: 48514655978 Do: 485*****789;80,00;PLN;'M042000024378478;PRZELEW EXPRESS ELIXIR;Inne
11.03.2022;10.03.2022;JMP S.A. BIEDRONKA 445 WARSZAWA;;'23124015321111001044176713;;*********3025639;-5,22;PLN;'C992206920509917;TRANSAKCJA KARTĄ PŁATNICZĄ;Artykuły spożywcze
10.03.2022;10.03.2022;TRATTORIA DA ANTONI    WARSZAWA;;'23124015321111001044176713;;*********3025639;-133,00;PLN;'C992206920504300;TRANSAKCJA KARTĄ PŁATNICZĄ;Restauracje i kawiarnie
10.03.2022;10.03.2022;U SIOSTR SP. Z O.O.    WARSZAWA;;'23124015321111001044176713;;*********3025639;-172,40;PLN;'C992206918482180;TRANSAKCJA KARTĄ PŁATNICZĄ;Restauracje i kawiarnie
10.03.2022;10.03.2022;ASSECO POLAND SA PŁACE;UL. OLCHOWA 14 35-322 RZESZÓW;'42124059181111000049090675;'23124015321111001044176713;WYNAGRODZENIE ZA PRACE W NOCY I NADGODZINY **202203N1** 23119;963,43;PLN;'4910310987673607;PRZELEW;Wynagrodzenie
10.03.2022;10.03.2022;IKE BOSSA;;'23124015321111001044176713;'83154011578129000000814183;IKE 814183;-500,00;PLN;'014223AA71008044;ZLECENIE STAŁE;Bez kategorii
10.03.2022;10.03.2022;ZABKA Z4410 K.1        WARSZAWA;;'23124015321111001044176713;;*********3025639;-9,10;PLN;'C992206906204012;TRANSAKCJA KARTĄ PŁATNICZĄ;Artykuły spożywcze
09.03.2022;09.03.2022;CASHBILL S.A.;UL. SOBIESKIEGO 2 41-300 DĄBROWA GÓ rnicza;'23124015321111001044176713;'13124049081111001052061261;fme73a3mka;-370,00;PLN;'0142239604003930;PRZELEW MOBILE;Inne
09.03.2022;09.03.2022;BOGDAN SOBIERAJ;UL KOŁŁĄTAJA 3/23 18-403    ŁOMŻA               PL;'92124015321111001070940584;'23124015321111001044176713;zasilenie konta;1 000,00;PLN;'0142239624806628;PRZELEW;Inne
09.03.2022;09.03.2022;AUTOMATSPEC            DABROWA GORN;;'23124015321111001044176713;;*********3025639;-4,00;PLN;'C992206815075672;TRANSAKCJA KARTĄ PŁATNICZĄ;Artykuły spożywcze
09.03.2022;09.03.2022;ASSECO POLAND SA PŁACE;UL. OLCHOWA 14 35-322 RZESZÓW;'42124059181111000049090675;'23124015321111001044176713;WYNAGRODZENIE 02/2022 **202202U** 23119;5 324,90;PLN;'4910309987462589;PRZELEW;Wynagrodzenie
08.03.2022;08.03.2022;PAYPRO S.A.;UL. KANCLERSKA 15 60-327 POZNAŃ;'23124015321111001044176713;'38124059341111001091785920;P24-H7B-B5G-H2H;-149,74;PLN;'0142238626509594;PRZELEW MOBILE;Bez kategorii
08.03.2022;08.03.2022;JMP S.A. BIEDRONKA 445 WARSZAWA;;'23124015321111001044176713;;*********3025639;-70,70;PLN;'C992206713721080;TRANSAKCJA KARTĄ PŁATNICZĄ;Artykuły spożywcze
07.03.2022;07.03.2022;DAVID I NINA SP. 04124 WARSZAWA;;'23124015321111001044176713;;*********3025639;-10,00;PLN;'C992206609312049;TRANSAKCJA KARTĄ PŁATNICZĄ;Artykuły spożywcze
07.03.2022;07.03.2022;ZABKA Z6746 K.1        WARSZAWA;;'23124015321111001044176713;;*********3025639;-2,99;PLN;'C992206609310619;TRANSAKCJA KARTĄ PŁATNICZĄ;Artykuły spożywcze
07.03.2022;07.03.2022;MPSA - A 164           WARSZAWA;;'23124015321111001044176713;;*********3025639;-8,80;PLN;'C992206609299997;TRANSAKCJA KARTĄ PŁATNICZĄ;Transport publiczny
07.03.2022;06.03.2022;PAYU S.A.;UL. GRUNWALDZKA 186 60-166 Poznań;'23124015321111001044176713;'71124010401111001086116852;PayU XX2535371037XX Pyszne.pl zamowienie nr PCQJAJ;-38,00;PLN;'0142236621600625;PRZELEW WEWNĘTRZNY - DOSTAWCA;Bez kategorii
05.03.2022;05.03.2022;KUCHNIA WIETNAMSK83619 WARSZAWA;;'23124015321111001044176713;;*********3025639;-25,00;PLN;'C992206413002296;TRANSAKCJA KARTĄ PŁATNICZĄ;Restauracje i kawiarnie
05.03.2022;04.03.2022;JAROSŁAW JAKUB MILLER;RYNEK 65 26-025    ŁAGÓW               PL;'75124060031111001047891677;'23124015321111001044176713;Przelew na telefon;1 450,00;PLN;'5032234606300713;PRZELEW;Sprzedaż
05.03.2022;05.03.2022;LIDL KAROLKOWA         WARSZAWA;;'23124015321111001044176713;;*********3025639;-147,96;PLN;'C992206413000273;TRANSAKCJA KARTĄ PŁATNICZĄ;Artykuły spożywcze
05.03.2022;04.03.2022;PAYU S.A.;GRUNWALDZKA 186 60-166 POZNAŃ;'23124015321111001044176713;'93124059181111001053653379;PayU XX2533272030XX gemini.pl Apteka Gemini   zamowienie   040322230331404;-69,47;PLN;'0142234603804887;REALIZACJA PŁATNOŚCI PEOPAY;Zakupy przez internet
05.03.2022;05.03.2022;DARWINA.PL             WARSZAWA;;'23124015321111001044176713;;*********3025639;-23,98;PLN;'C992206419129248;TRANSAKCJA KARTĄ PŁATNICZĄ;Alkohol
05.03.2022;05.03.2022;MPSA - A 164           WARSZAWA;;'23124015321111001044176713;;*********3025639;-6,80;PLN;'C992206419131039;TRANSAKCJA KARTĄ PŁATNICZĄ;Transport publiczny
04.03.2022;04.03.2022;ALLEGRO.PL SP. Z O.O.;ALLEGRO.PL ul. Grunwaldzka 182,Poznan;'23124015321111001044176713;;BLIK REF       64913900195;-56,79;PLN;'C992206317717110;PŁATNOŚĆ BLIK;Zakupy przez internet
04.03.2022;04.03.2022;ZABKA Z4410 K.1        WARSZAWA;;'23124015321111001044176713;;*********3025639;-14,98;PLN;'C992206312612697;TRANSAKCJA KARTĄ PŁATNICZĄ;Artykuły spożywcze
02.03.2022;02.03.2022;JMP S.A. BIEDRONKA 445 WARSZAWA;;'23124015321111001044176713;;*********3025639;-41,09;PLN;'C992206117116562;TRANSAKCJA KARTĄ PŁATNICZĄ;Artykuły spożywcze
02.03.2022;02.03.2022;NETFLIX.COM            AMSTERDAM;;'23124015321111001044176713;;;-60,00;PLN;'C992206105880437;TRANSAKCJA KARTĄ PŁATNICZĄ;Internet, TV, telefon
28.02.2022;28.02.2022;DOLADOWANIA.PLAY.PL    POZNAN;;'23124015321111001044176713;;*********3025639;-25,00;PLN;'C992205911332852;TRANSAKCJA KARTĄ PŁATNICZĄ;Internet, TV, telefon
28.02.2022;28.02.2022;;;'23124015321111001044176713;;PODATEK POBRANY;-0,11;PLN;'014222S98C001160;PODATEK POBRANY;Podatki
28.02.2022;28.02.2022;URZĄD SKARBOWY W ŁOMŻY;18-400 ŁOMŻA POLOWA 47;'38101000712221910905012560;'23124015321111001044176713;Zwrot z podatku PIT za rok 2021??/KL/03;4,00;PLN;'WB10001283768765;PRZELEW KRAJOWY MIĘDZYBANKOWY;Inne
28.02.2022;28.02.2022;;;;'23124015321111001044176713;ODSETKI OD DEPOZYTU;0,57;PLN;'014222S98C001161;ODSETKI OD DEPOZYTU;Odsetki, zwrot z inwestycji
28.02.2022;27.02.2022;NINA LIPONOGA;;'23124015321111001044176713;'23116022020000000081891379;baboosha + restauracja u siostr;-144,00;PLN;'M042100266067313;PRZELEW EXPRESS ELIXIR;Przelew
28.02.2022;27.02.2022;ZABKA Z4410 K.1        WARSZAWA;;'23124015321111001044176713;;*********3025639;-23,28;PLN;'C992205821242518;TRANSAKCJA KARTĄ PŁATNICZĄ;Artykuły spożywcze
28.02.2022;27.02.2022;MICHAEL I NELLIE MCGRATH;;'23124015321111001044176713;'72109028510000000105587583;rent March 2022;-5 940,00;PLN;'014222R628206764;PRZELEW INTERNET M/B;Czynsz
28.02.2022;27.02.2022;ALLEGRO.PL SP. Z O.O.;ALLEGRO.PL ul. Grunwaldzka 182,Poznan;'23124015321111001044176713;;BLIK REF       64828897667;-148,95;PLN;'C992205820127774;PŁATNOŚĆ BLIK;Zakupy przez internet
23.02.2022;23.02.2022;MONIKA ZBOROWSKA       WARSZAWA;;'23124015321111001044176713;;*********3025639;-3,39;PLN;'C992205410877037;TRANSAKCJA KARTĄ PŁATNICZĄ;Artykuły spożywcze
21.02.2022;21.02.2022;URZĄD SKARBOWY W ŁOMŻY;ŁOMŻA;'23124015321111001044176713;'38101000712221910905012560;/TI/P91090501256/OKR/21R/SFP/PIT-38/TXT/0001984533;-125,00;PLN;'014222L624707540;PRZELEW INTERNET M/B;Podatki
21.02.2022;21.02.2022;KRAJOWA IZBA ROZLICZENIOWA S.A.;02-781 WARSZAWA UL. WITOLDA PILECKI ego 65;'23124015321111001044176713;'60124010531111001048619924;Prowizja za przelew PayByNet Ministerstwo Finansów  portal ePIT 0001984533;-0,55;PLN;'014222L621301666;PRZELEW INTERNET;Opłaty bankowe
21.02.2022;20.02.2022;GRZEGORZ JABŁOŃSKI;;'23124015321111001044176713;'09124010531111001037999536;prezent dla Piotrka;-10,00;PLN;'014222K622101185;REALIZACJA PŁATNOŚCI PEOPAY;Prezenty, upominki
21.02.2022;20.02.2022;ZABKA Z4410 K.1        WARSZAWA;;'23124015321111001044176713;;*********3025639;-17,30;PLN;'C992205113177722;TRANSAKCJA KARTĄ PŁATNICZĄ;Artykuły spożywcze
19.02.2022;19.02.2022;JAKDOJADE.PL           POZNAN;;'23124015321111001044176713;;*********3025639;-10,00;PLN;'C992205018101105;TRANSAKCJA KARTĄ PŁATNICZĄ;Transport publiczny
19.02.2022;19.02.2022;TOMASZ KUKIER;;'23124015321111001044176713;'64102032060000880200842146;Przelew na telefon;-78,00;PLN;'M042100262302295;PRZELEW EXPRESS ELIXIR;Przelew
18.02.2022;18.02.2022;JMP S.A. BIEDRONKA 631 WARSZAWA;;'23124015321111001044176713;;*********3025639;-8,28;PLN;'C992204915714834;TRANSAKCJA KARTĄ PŁATNICZĄ;Artykuły spożywcze
18.02.2022;18.02.2022;ASEC METRO MLOCINY PD  WARSZAWA;;'23124015321111001044176713;;*********3025639;-4,40;PLN;'C992204914695475;TRANSAKCJA KARTĄ PŁATNICZĄ;Inne
18.02.2022;18.02.2022;LUX MED. SP. Z O.O.    WARSZAWA;;'23124015321111001044176713;;*********3025639;-585,00;PLN;'C992204914692724;TRANSAKCJA KARTĄ PŁATNICZĄ;Opieka medyczna
18.02.2022;18.02.2022;ASEC METRO R. DASZYNSK WARSZAWA;;'23124015321111001044176713;;*********3025639;-4,40;PLN;'C992204913660040;TRANSAKCJA KARTĄ PŁATNICZĄ;Inne
18.02.2022;18.02.2022;;;'23124015321111001044176713;'92124020921362991111000000;Opłata za obsługę kartyMasterCard Debit*43025639 za miesiąc 2.2022;-1,00;PLN;'M01505BH00032057;PROWIZJE AUT.;Opłaty bankowe
18.02.2022;17.02.2022;ZABKA Z4410 K.2        WARSZAWA;;'23124015321111001044176713;;*********3025639;-11,99;PLN;'C992204822516579;TRANSAKCJA KARTĄ PŁATNICZĄ;Artykuły spożywcze
17.02.2022;17.02.2022;ŁUKASZ WACHOWICZ;;'23124015321111001044176713;'73102010130000070203708492;Przelew na telefon;-32,50;PLN;'M042100261454880;PRZELEW EXPRESS ELIXIR;Przelew
17.02.2022;17.02.2022;AUTOMATSPEC            DABROWA GORN;;'23124015321111001044176713;;*********3025639;-4,00;PLN;'C992204812351846;TRANSAKCJA KARTĄ PŁATNICZĄ;Artykuły spożywcze
17.02.2022;16.02.2022;JMP S.A. BIEDRONKA 445 WARSZAWA;;'23124015321111001044176713;;*********3025639;-41,73;PLN;'C992204722236898;TRANSAKCJA KARTĄ PŁATNICZĄ;Artykuły spożywcze
17.02.2022;16.02.2022;INNOGY POLSKA S.A.;;'23124015321111001044176713;'96124069601701080000787371;Prognoza zużycia nr 224500624034;-637,66;PLN;'014222G602406463;PRZELEW INTERNET;Prąd
14.02.2022;14.02.2022;LIDL KAROLKOWA         WARSZAWA;;'23124015321111001044176713;;*********3025639;-118,40;PLN;'C992204518626150;TRANSAKCJA KARTĄ PŁATNICZĄ;Artykuły spożywcze
14.02.2022;14.02.2022;ALLEGRO.PL SP. Z O.O.;ALLEGRO.PL ul. Grunwaldzka 182,Poznan;'23124015321111001044176713;;BLIK REF       64559060918;-48,62;PLN;'C992204501794399;PŁATNOŚĆ BLIK;Zakupy przez internet
14.02.2022;14.02.2022;JAROSŁAW JAKUB MILLER;RYNEK 65 26-025    ŁAGÓW               PL;'75124060031111001047891677;'23124015321111001044176713;Splitwise;296,34;PLN;'503222E627708825;PRZELEW;Inne
14.02.2022;13.02.2022;ZABKA Z4410 K.1        WARSZAWA;;'23124015321111001044176713;;*********3025639;-13,17;PLN;'C992204420327313;TRANSAKCJA KARTĄ PŁATNICZĄ;Artykuły spożywcze
14.02.2022;12.02.2022;BLUE MEDIA SA, UL. POWSTAŃCÓW WARSZ;AWY 6, 81-718 SOPOT;'23124015321111001044176713;'34124062921111001093236062;BPID:AH8Q9XDQ6F Alerty BIK;-24,00;PLN;'014222C603708371;PRZELEW WEWNĘTRZNY - DOSTAWCA;Bez kategorii
14.02.2022;13.02.2022;ALLEGRO.PL SP. Z O.O.;ALLEGRO.PL ul. Grunwaldzka 182,Poznan;'23124015321111001044176713;;BLIK REF       64548529985;-267,37;PLN;'C992204420739357;PŁATNOŚĆ BLIK;Zakupy przez internet
14.02.2022;14.02.2022;ALLEGRO                POZNAN;;'23124015321111001044176713;;*********3025639;-56,21;PLN;'C992204519634625;TRANSAKCJA KARTĄ PŁATNICZĄ;Zakupy przez internet
12.02.2022;12.02.2022;FOODSI.PL              LUBLIN;;'23124015321111001044176713;;*********3025639;-14,99;PLN;'C992204313077163;TRANSAKCJA KARTĄ PŁATNICZĄ;Restauracje i kawiarnie
12.02.2022;12.02.2022;JMP S.A. BIEDRONKA 445 WARSZAWA;;'23124015321111001044176713;;*********3025639;-6,18;PLN;'C992204319193398;TRANSAKCJA KARTĄ PŁATNICZĄ;Artykuły spożywcze
12.02.2022;12.02.2022;GOOD LOOD              KRAKOW;;'23124015321111001044176713;;*********3025639;-10,00;PLN;'C992204318188060;TRANSAKCJA KARTĄ PŁATNICZĄ;Restauracje i kawiarnie
11.02.2022;11.02.2022;KACPER MACIEJ BANASIK;ŁUCKA 20/62 00-845    WARSZAWA            PL;'69124060031111001048178711;'23124015321111001044176713;Czynsz grudzień i styczeń;3 062,00;PLN;'503222B620204133;PRZELEW;Inne
11.02.2022;11.02.2022;KACPER MACIEJ BANASIK;ŁUCKA 20/62 00-845    WARSZAWA            PL;'69124060031111001048178711;'23124015321111001044176713;Prąd;445,97;PLN;'503222B602306897;PRZELEW;Inne
11.02.2022;11.02.2022;JMP S.A. BIEDRONKA 445 WARSZAWA;;'23124015321111001044176713;;*********3025639;-16,91;PLN;'C992204216809333;TRANSAKCJA KARTĄ PŁATNICZĄ;Artykuły spożywcze
11.02.2022;11.02.2022;ZABKA Z4410 K.1        WARSZAWA;;'23124015321111001044176713;;*********3025639;-9,00;PLN;'C992204210636880;TRANSAKCJA KARTĄ PŁATNICZĄ;Artykuły spożywcze
10.02.2022;10.02.2022;AUTOMATSPEC            DABROWA GORN;;'23124015321111001044176713;;*********3025639;-4,00;PLN;'C992204114426969;TRANSAKCJA KARTĄ PŁATNICZĄ;Artykuły spożywcze
10.02.2022;10.02.2022;MAŁGORZATA UŁASIUK TRENER OSOBISTY;UL.ŁUCKA 20 M.62 00-845 WARSZAWA;'25114020040000310281874201;'23124015321111001044176713;SPLITWIESE WSZYSTKO;3 010,10;PLN;'WBJ0001269833951;PRZELEW KRAJOWY MIĘDZYBANKOWY;Inne
10.02.2022;10.02.2022;IKE BOSSA;;'23124015321111001044176713;'83154011578129000000814183;IKE 814183;-500,00;PLN;'014222AA71007957;ZLECENIE STAŁE;Bez kategorii
10.02.2022;09.02.2022;JMP S.A. BIEDRONKA 445 WARSZAWA;;'23124015321111001044176713;;*********3025639;-17,94;PLN;'C992204020239308;TRANSAKCJA KARTĄ PŁATNICZĄ;Artykuły spożywcze
09.02.2022;09.02.2022;ASSECO POLAND SA PŁACE;UL. OLCHOWA 14 35-322 RZESZÓW;'42124059181111000049090675;'23124015321111001044176713;WYNAGRODZENIE 01/2022 **202201U** 23119;5 454,45;PLN;'4910209987392985;PRZELEW;Wynagrodzenie
08.02.2022;07.02.2022;JMP S.A. BIEDRONKA 445 WARSZAWA;;'23124015321111001044176713;;*********3025639;-29,99;PLN;'C992203820676628;TRANSAKCJA KARTĄ PŁATNICZĄ;Artykuły spożywcze
08.02.2022;07.02.2022;ZABKA Z4410 K.2        WARSZAWA;;'23124015321111001044176713;;*********3025639;-4,70;PLN;'C992203821684559;TRANSAKCJA KARTĄ PŁATNICZĄ;Artykuły spożywcze
07.02.2022;05.02.2022;KOLEJE MAZOWIECKIE-    WARSZAWA;;'23124015321111001044176713;;*********3025639;-13,30;PLN;'C992203621314366;TRANSAKCJA KARTĄ PŁATNICZĄ;Transport publiczny
07.02.2022;07.02.2022;ASEC METRO MLOCINY PD  WARSZAWA;;'23124015321111001044176713;;*********3025639;-4,40;PLN;'C992203814557451;TRANSAKCJA KARTĄ PŁATNICZĄ;Inne
07.02.2022;06.02.2022;ZABKA Z4410 K.2        WARSZAWA;;'23124015321111001044176713;;*********3025639;-19,88;PLN;'C992203715369473;TRANSAKCJA KARTĄ PŁATNICZĄ;Artykuły spożywcze
07.02.2022;06.02.2022;UBISOFT                PARIS;;'23124015321111001044176713;;*********3025639;-0,72;PLN;'C992203711346794;TRANSAKCJA KARTĄ PŁATNICZĄ;Multimedia
07.02.2022;06.02.2022;BAR SILVER DRAGON      WARSZAWA;;'23124015321111001044176713;;*********3025639;-18,00;PLN;'C992203711338446;TRANSAKCJA KARTĄ PŁATNICZĄ;Puby i kluby
07.02.2022;07.02.2022;LUX MED. SP. Z O.O.    WARSZAWA;;'23124015321111001044176713;;*********3025639;-611,00;PLN;'C992203814555508;TRANSAKCJA KARTĄ PŁATNICZĄ;Opieka medyczna
07.02.2022;06.02.2022;UBISOFT                PARIS;;'23124015321111001044176713;;*********3025639;-0,59;PLN;'C992203711345550;TRANSAKCJA KARTĄ PŁATNICZĄ;Multimedia
07.02.2022;06.02.2022;UBISOFT                PARIS;;'23124015321111001044176713;;*********3025639;-1,00;PLN;'C992203711347228;TRANSAKCJA KARTĄ PŁATNICZĄ;Multimedia
07.02.2022;06.02.2022;ZABKA Z4410 K.2        WARSZAWA;;'23124015321111001044176713;;*********3025639;-3,50;PLN;'C992203711340459;TRANSAKCJA KARTĄ PŁATNICZĄ;Artykuły spożywcze
07.02.2022;06.02.2022;UBISOFT                PARIS;;'23124015321111001044176713;;*********3025639;-0,97;PLN;'C992203711346511;TRANSAKCJA KARTĄ PŁATNICZĄ;Multimedia
07.02.2022;06.02.2022;UBISOFT                PARIS;;'23124015321111001044176713;;*********3025639;-0,37;PLN;'C992203711346153;TRANSAKCJA KARTĄ PŁATNICZĄ;Multimedia
07.02.2022;07.02.2022;MPSA - A 164           WARSZAWA;;'23124015321111001044176713;;*********3025639;-4,40;PLN;'C992203812514544;TRANSAKCJA KARTĄ PŁATNICZĄ;Transport publiczny
05.02.2022;04.02.2022;TAPAS GASTROBAR        WARSZAWA;;'23124015321111001044176713;;*********3025639;-117,00;PLN;'C992203521013187;TRANSAKCJA KARTĄ PŁATNICZĄ;Restauracje i kawiarnie
05.02.2022;05.02.2022;SYSTEMY POB. OPLAT     WARSZAWA;;'23124015321111001044176713;;*********3025639;-3,40;PLN;'C992203608045474;TRANSAKCJA KARTĄ PŁATNICZĄ;Inne
05.02.2022;05.02.2022;ARKADIUSZ ANDRZEJEWSKI WARSZAWA;;'23124015321111001044176713;;*********3025639;-14,50;PLN;'C992203608043124;TRANSAKCJA KARTĄ PŁATNICZĄ;Artykuły spożywcze
05.02.2022;05.02.2022;KOLEJE MAZOWIECKIE-    WARSZAWA;;'23124015321111001044176713;;*********3025639;-18,20;PLN;'C992203609057718;TRANSAKCJA KARTĄ PŁATNICZĄ;Transport publiczny
05.02.2022;05.02.2022;ZABKA Z4410 K.2        WARSZAWA;;'23124015321111001044176713;;*********3025639;-7,00;PLN;'C992203608039065;TRANSAKCJA KARTĄ PŁATNICZĄ;Artykuły spożywcze
05.02.2022;04.02.2022;SPOKE I SLEDZIE        WARSZAWA;;'23124015321111001044176713;;*********3025639;-25,00;PLN;'C992203520003108;TRANSAKCJA KARTĄ PŁATNICZĄ;Restauracje i kawiarnie
05.02.2022;04.02.2022;JMP S.A. BIEDRONKA 445 WARSZAWA;;'23124015321111001044176713;;*********3025639;-7,12;PLN;'C992203522014032;TRANSAKCJA KARTĄ PŁATNICZĄ;Artykuły spożywcze
04.02.2022;03.02.2022;AUT BILET 2483020      WARSZAWA;;'23124015321111001044176713;;*********3025639;-4,40;PLN;'C992203420691716;TRANSAKCJA KARTĄ PŁATNICZĄ;Transport publiczny
04.02.2022;04.02.2022;ZABKA Z4410 K.1        WARSZAWA;;'23124015321111001044176713;;*********3025639;-8,40;PLN;'C992203515907900;TRANSAKCJA KARTĄ PŁATNICZĄ;Artykuły spożywcze
03.02.2022;03.02.2022;PAYU S.A.;GRUNWALDZKA 186 60-166 POZNAŃ;'23124015321111001044176713;'93124059181111001053653379;PayU XX2495448321XX www.cinema city.pl Bilety do Sadyba, Spider Man. Bez drogi do domu 2D;-29,30;PLN;'0142223620908883;REALIZACJA PŁATNOŚCI PEOPAY;Zakupy przez internet
03.02.2022;03.02.2022;BILETOMAT TW 32611     WARSZAWA;;'23124015321111001044176713;;*********3025639;-4,40;PLN;'C992203415602493;TRANSAKCJA KARTĄ PŁATNICZĄ;Transport publiczny
02.02.2022;01.02.2022;JMP S.A. BIEDRONKA 445 WARSZAWA;;'23124015321111001044176713;;*********3025639;-18,27;PLN;'C992203221134739;TRANSAKCJA KARTĄ PŁATNICZĄ;Artykuły spożywcze
02.02.2022;02.02.2022;NETFLIX.COM            AMSTERDAM;;'23124015321111001044176713;;;-60,00;PLN;'C992203304144077;TRANSAKCJA KARTĄ PŁATNICZĄ;Internet, TV, telefon
01.02.2022;01.02.2022;Z003                   WARSZAWA;;'23124015321111001044176713;;*********3025639;-8,80;PLN;'C992203212958324;TRANSAKCJA KARTĄ PŁATNICZĄ;Inne
31.01.2022;31.01.2022;;;'23124015321111001044176713;;PODATEK POBRANY;-0,13;PLN;'014221V98C001253;PODATEK POBRANY;Podatki
31.01.2022;31.01.2022;;;;'23124015321111001044176713;ODSETKI OD DEPOZYTU;0,65;PLN;'014221V98C001254;ODSETKI OD DEPOZYTU;Odsetki, zwrot z inwestycji
31.01.2022;31.01.2022;ASSECO POLAND SA PŁACE;UL. OLCHOWA 14 35-322 RZESZÓW;'42124059181111000049090675;'23124015321111001044176713;WYNAGRODZENIE ZA PRACE W NOCY I NADGODZINY **202201N3** 23119;736,90;PLN;'4910131987012823;PRZELEW;Wynagrodzenie
31.01.2022;31.01.2022;ZABKA Z4410 K.2        WARSZAWA;;'23124015321111001044176713;;*********3025639;-4,80;PLN;'C992203115742553;TRANSAKCJA KARTĄ PŁATNICZĄ;Artykuły spożywcze
31.01.2022;31.01.2022;DOLADOWANIA.PLAY.PL    POZNAN;;'23124015321111001044176713;;*********3025639;-25,00;PLN;'C992203112676342;TRANSAKCJA KARTĄ PŁATNICZĄ;Internet, TV, telefon
31.01.2022;30.01.2022;TOO GOOD TO GO APS     COPENHAGEN S;;'23124015321111001044176713;;;-34,47;PLN;'C992203018567681;TRANSAKCJA KARTĄ PŁATNICZĄ;Restauracje i kawiarnie
31.01.2022;30.01.2022;JAROSŁAW JAKUB MILLER;RYNEK 65 26-025    ŁAGÓW               PL;'75124060031111001047891677;'23124015321111001044176713;mieszkanie, styczeń;1 460,00;PLN;'503221U605802108;PRZELEW;Przychody z najmu
29.01.2022;29.01.2022;JMP S.A. BIEDRONKA 445 WARSZAWA;;'23124015321111001044176713;;*********3025639;-61,08;PLN;'C992202918422619;TRANSAKCJA KARTĄ PŁATNICZĄ;Artykuły spożywcze
28.01.2022;28.01.2022;ZEN.COM;PAY.ZEN.COM Mesiniu,Vilnius;'23124015321111001044176713;;BLIK REF       64221839882;-5 000,00;PLN;'C992202819637192;PŁATNOŚĆ BLIK;Bez kategorii
26.01.2022;26.01.2022;ZABKA Z4410 K.1        WARSZAWA;;'23124015321111001044176713;;*********3025639;-9,60;PLN;'C992202610383547;TRANSAKCJA KARTĄ PŁATNICZĄ;Artykuły spożywcze
26.01.2022;26.01.2022;MICHAEL I NELLIE MCGRATH;;'23124015321111001044176713;'72109028510000000105587583;rent February 2022;-5 940,00;PLN;'014221Q624909381;PRZELEW INTERNET M/B;Czynsz
24.01.2022;24.01.2022;JMP S.A. BIEDRONKA 445 WARSZAWA;;'23124015321111001044176713;;*********3025639;-50,01;PLN;'C992202411864499;TRANSAKCJA KARTĄ PŁATNICZĄ;Artykuły spożywcze
21.01.2022;21.01.2022;JMP S.A. BIEDRONKA 445 WARSZAWA;;'23124015321111001044176713;;*********3025639;-7,98;PLN;'C992202110162182;TRANSAKCJA KARTĄ PŁATNICZĄ;Artykuły spożywcze
21.01.2022;21.01.2022;JMP S.A. BIEDRONKA 445 WARSZAWA;;'23124015321111001044176713;;*********3025639;-13,82;PLN;'C992202110159791;TRANSAKCJA KARTĄ PŁATNICZĄ;Artykuły spożywcze
21.01.2022;21.01.2022;ASEC METRO R. DASZYNSK WARSZAWA;;'23124015321111001044176713;;*********3025639;-4,40;PLN;'C992202120386183;TRANSAKCJA KARTĄ PŁATNICZĄ;Inne
20.01.2022;20.01.2022;ZABKA Z4410 K.1        WARSZAWA;;'23124015321111001044176713;;*********3025639;-8,35;PLN;'C992202012904435;TRANSAKCJA KARTĄ PŁATNICZĄ;Artykuły spożywcze
20.01.2022;20.01.2022;;;'23124015321111001044176713;'92124020921362991111000000;Opłata za obsługę kartyMasterCard Debit*43025639 za miesiąc 1.2022;-1,00;PLN;'M01505AJ00058369;PROWIZJE AUT.;Opłaty bankowe
20.01.2022;19.01.2022;DELIX                  WARSZAWA;;'23124015321111001044176713;;*********3025639;-6,04;PLN;'C992201920799043;TRANSAKCJA KARTĄ PŁATNICZĄ;Artykuły spożywcze
19.01.2022;18.01.2022;JAROSŁAW JAKUB MILLER;RYNEK 65 26-025    ŁAGÓW               PL;'75124060031111001047891677;'23124015321111001044176713;Przelew na telefon;48,00;PLN;'503221I628809850;PRZELEW;Sprzedaż
18.01.2022;18.01.2022;PROLINE S.A.;;'23124015321111001044176713;'35124019941111001013283132;2022/01/46493485;-1 899,00;PLN;'014221I625809799;REALIZACJA PŁATNOŚCI PEOPAY;Bez kategorii
18.01.2022;18.01.2022;WACŁAW SEBASTIAN BOROWSKI;UL. DARŁOWSKA 3  M.46 04-091 WARSZAWA;'50102055581111138370700074;'23124015321111001044176713;KAMIL ZIOM2022 STYCZEŃ, LUTY, MARZEC;45,00;PLN;'WAR0001253041284;PRZELEW KRAJOWY MIĘDZYBANKOWY;Inne
15.01.2022;15.01.2022;PAYPRO S.A.;UL. KANCLERSKA 15 60-327 POZNAŃ;'23124015321111001044176713;'91124059341111001098127408;P24-E5A-N4T-E3M M4100-76379;-509,00;PLN;'014221F604705346;REALIZACJA PŁATNOŚCI PEOPAY;Bez kategorii
15.01.2022;15.01.2022;CARREFOUR EXPRESS 3352 WARSZAWA;;'23124015321111001044176713;;*********3025639;-14,64;PLN;'C992201513723114;TRANSAKCJA KARTĄ PŁATNICZĄ;Artykuły spożywcze
15.01.2022;15.01.2022;KACPER KLEPACZ;;'23124015321111001044176713;'03102043170000510203264710;Przelew na telefon;-130,00;PLN;'M042100244566085;PRZELEW EXPRESS ELIXIR;Przelew
11.01.2022;11.01.2022;KLIMT CAFE S.C. PIEKAR WARSZAWA;;'23124015321111001044176713;;*********3025639;-7,40;PLN;'C992201115547895;TRANSAKCJA KARTĄ PŁATNICZĄ;Restauracje i kawiarnie
11.01.2022;11.01.2022;MPSA  A 1082           WARSZAWA;;'23124015321111001044176713;;*********3025639;-4,40;PLN;'C992201114536263;TRANSAKCJA KARTĄ PŁATNICZĄ;Transport publiczny
11.01.2022;11.01.2022;LUX MED. SP. Z O.O.    WARSZAWA;;'23124015321111001044176713;;*********3025639;-387,00;PLN;'C992201114534770;TRANSAKCJA KARTĄ PŁATNICZĄ;Opieka medyczna
11.01.2022;11.01.2022;BILETOMAT TW 32701     WARSZAWA;;'23124015321111001044176713;;*********3025639;-4,40;PLN;'C992201112486963;TRANSAKCJA KARTĄ PŁATNICZĄ;Transport publiczny
10.01.2022;10.01.2022;SILVER DRAGON 03       WARSZAWA;;'23124015321111001044176713;;*********3025639;-19,00;PLN;'C992201016300329;TRANSAKCJA KARTĄ PŁATNICZĄ;Restauracje i kawiarnie
10.01.2022;10.01.2022;AUT BILET 2480030      WARSZAWA;;'23124015321111001044176713;;*********3025639;-3,40;PLN;'C992201016287531;TRANSAKCJA KARTĄ PŁATNICZĄ;Transport publiczny
10.01.2022;10.01.2022;IKE BOSSA;;'23124015321111001044176713;'83154011578129000000814183;IKE 814183;-500,00;PLN;'014221AA71008606;ZLECENIE STAŁE;Bez kategorii
10.01.2022;09.01.2022;ZABKA Z4410 K.2        WARSZAWA;;'23124015321111001044176713;;*********3025639;-5,60;PLN;'C992200918056618;TRANSAKCJA KARTĄ PŁATNICZĄ;Artykuły spożywcze
07.01.2022;07.01.2022;ASSECO POLAND SA PŁACE;UL. OLCHOWA 14 35-322 RZESZÓW;'42124059181111000049090675;'23124015321111001044176713;WYNAGRODZENIE 12/2021 **202112U** 23119;5 403,45;PLN;'4910107986972367;PRZELEW;Wynagrodzenie
05.01.2022;04.01.2022;BUDZIŃSKA JULIA;;'15105015591000009267210426;'23124015321111001044176713;Przelew na telefon +48xxxxxx7899.5 euroDla Kamil SobierajOd BUDZIŃSKA JULIA;44,20;PLN;'M042000020654197;PRZELEW EXPRESS ELIXIR;Inne
04.01.2022;04.01.2022;KIP;HTTPS://MIKR.US plac Andersa 3 73,Poznan;'23124015321111001044176713;;BLIK REF       63735126254;-47,00;PLN;'C992200416108471;PŁATNOŚĆ BLIK;Hotele
04.01.2022;04.01.2022;MICHAEL I NELLIE MCGRATH;;'23124015321111001044176713;'72109028510000000105587583;surcharge for January 2022;-115,00;PLN;'0142214602301477;PRZELEW INTERNET M/B;Czynsz
03.01.2022;03.01.2022;BUDZIŃSKA JULIA;;'15105015591000009267210426;'23124015321111001044176713;Przelew na telefon +48xxxxxx789Dla Kamil SobierajOd BUDZIŃSKA JULIA;40,00;PLN;'M042000020548257;PRZELEW EXPRESS ELIXIR;Inne
03.01.2022;03.01.2022;;;'23124015321111001044176713;'92124020921362991111000000;Opłata za wysłane kodyautoryzacyjne SMS - 1 szt.;-0,20;PLN;'M0150LLW00432582;PROWIZJE AUT.;Opłaty bankowe
03.01.2022;02.01.2022;NETFLIX.COM            NETFLIX.COM;;'23124015321111001044176713;;*********3025639;-60,00;PLN;'C992200123269818;TRANSAKCJA KARTĄ PŁATNICZĄ;Internet, TV, telefon
