Data księgowania;Data waluty;Nadawca / Odbiorca;Adres nadawcy / odbiorcy;Rachunek źródłowy;Rachunek docelowy;Tytułem;Kwota operacji;Waluta;Numer referencyjny;Typ operacji;Kategoria
31.12.2021;31.12.2021;;;'23124015321111001044176713;;PODATEK POBRANY;-0,10;PLN;'01421CV98C001209;PODATEK POBRANY;Podatki
31.12.2021;31.12.2021;;;;'23124015321111001044176713;ODSETKI OD DEPOZYTU;0,53;PLN;'01421CV98C001210;ODSETKI OD DEPOZYTU;Odsetki, zwrot z inwestycji
31.12.2021;31.12.2021;ASSECO POLAND SA PŁACE;UL. OLCHOWA 14 35-322 RZESZÓW;'42124059181111000049090675;'23124015321111001044176713;WYNAGRODZENIE ZA PRACE W NOCY I NADGODZINY **202112N2** 23119;1 275,11;PLN;'4911231987570917;PRZELEW;Wynagrodzenie
30.12.2021;29.12.2021;PHILIART COMPTOI       PARIS;;'23124015321111001044176713;;*********3025639;-37,27;PLN;'C992136323569815;TRANSAKCJA KARTĄ PŁATNICZĄ;Restauracje i kawiarnie
29.12.2021;28.12.2021;JAROSŁAW JAKUB MILLER;RYNEK 65 26-025    ŁAGÓW               PL;'75124060031111001047891677;'23124015321111001044176713;wydatki mgrudzieniowe w grudniu minus dopłata za mieszkanie w Paryżu;1 384,00;PLN;'50321CS624208521;PRZELEW;Przychody z najmu
29.12.2021;28.12.2021;BANK PEKAO S.A.;CENTRALA-OŚRODEK OPERACJI KART ul.Giełdowa 5 01-211 Warszawa;'53124000270999999999999999;'23124015321111001044176713;ZWROT TRANSAKCJI PEOPAYWYKONANEJ: /ul. Kanclerska 15//60-3Z DNIA 27/12/202147281514 006;40,00;PLN;'0321122860025157;ZWROT PŁATNOŚCI PEOPAY;Inne
29.12.2021;29.12.2021;AUCHAN POLSKA SP. Z    WARSZAWA;;'23124015321111001044176713;;*********3025639;-48,14;PLN;'C992136311363513;TRANSAKCJA KARTĄ PŁATNICZĄ;Artykuły spożywcze
28.12.2021;28.12.2021;GRZYBOWSKA 53/57       WARSZAWA;A4930433 A4930433 *********3025639;;'23124015321111001044176713;WPŁATA W BANKOMACIE;1 200,00;PLN;'C992136215190293;WPŁATA W BANKOMACIE;Wpłata w bankomacie
27.12.2021;27.12.2021;MICHAEL I NELLIE MCGRATH;;'23124015321111001044176713;'72109028510000000105587583;rent January 2022;-5 825,00;PLN;'01421CR620306462;PRZELEW INTERNET M/B;Czynsz
27.12.2021;27.12.2021;PAYU S.A.;GRUNWALDZKA 186 60-166 POZNAŃ;'23124015321111001044176713;'93124059181111001053653379;PayU XX2445894223XX pyszne.pl Pyszne.pl zamowienie nr X2KMB2;-41,49;PLN;'01421CR627903480;REALIZACJA PŁATNOŚCI PEOPAY;Zakupy przez internet
27.12.2021;26.12.2021;ALLEGRO.PL SP. Z O.O.;ALLEGRO.PL ul. Grunwaldzka 182,Poznan;'23124015321111001044176713;;BLIK REF       63557036213;-40,00;PLN;'C992136012548013;PŁATNOŚĆ BLIK;Zakupy przez internet
27.12.2021;26.12.2021;ALLEGRO.PL SP. Z O.O.;ALLEGRO.PL ul. Grunwaldzka 182,Poznan;'23124015321111001044176713;;BLIK REF       63554962650;-40,00;PLN;'C992136012547407;PŁATNOŚĆ BLIK;Zakupy przez internet
25.12.2021;25.12.2021;PAYPRO S.A.;UL. KANCLERSKA 15 60-327 POZNAŃ;'23124015321111001044176713;'51124017501111001068892552;P24-D2A-J6A-N8E;-22,59;PLN;'01421CP629402280;REALIZACJA PŁATNOŚCI PEOPAY;Bez kategorii
22.12.2021;22.12.2021;;;'23124015321111001044176713;'92124020921362991111000000;Opłata za obsługę kartyMasterCard Debit*43025639 za miesiąc 12.2021;-1,00;PLN;'M01504LL00024447;PROWIZJE AUT.;Opłaty bankowe
21.12.2021;21.12.2021;POCZTA POLSKA 13       WARSZAWA (WO;;'23124015321111001044176713;;*********3025639;-13,60;PLN;'C992135518639852;TRANSAKCJA KARTĄ PŁATNICZĄ;Inne
21.12.2021;20.12.2021;KACPER MACIEJ BANASIK;ŁUCKA 20/62 00-845    WARSZAWA            PL;'69124060031111001048178711;'23124015321111001044176713;Zwrot pożyczki;10 000,00;PLN;'50321CK628202107;PRZELEW;Przelew pożyczki/kredytu
20.12.2021;20.12.2021;DOM MAKLERSKI BANKU BPS S.A.;GRZYBOWSKA 81 00-844 WARSZAWA;'47193014192300033671930002;'23124015321111001044176713;Wyplata(00-90-001629);13 896,08;PLN;'VLT0001232954664;PRZELEW KRAJOWY MIĘDZYBANKOWY;Wynagrodzenie
17.12.2021;17.12.2021;ASSECO POLAND SA PŁACE;UL. OLCHOWA 14 35-322 RZESZÓW;'42124059181111000049090675;'23124015321111001044176713;PREMIA STAND-BY **202112P9** 23119;860,84;PLN;'4911217981372795;PRZELEW;Premia, nagroda
16.12.2021;16.12.2021;MAŁGORZATA UŁASIUK TRENER OSOBISTY;UL.ŁUCKA 20 M.62 00-845 WARSZAWA;'25114020040000310281874201;'23124015321111001044176713;CZYNSZ GRUDZIEŃ (SPLITWIESE MIESZKANIE);1 413,58;PLN;'VLP0001230579373;PRZELEW KRAJOWY MIĘDZYBANKOWY;Inne
13.12.2021;13.12.2021;ALTTO                  WARSZAWA;;'23124015321111001044176713;;*********3025639;-5,88;PLN;'C992134715985398;TRANSAKCJA KARTĄ PŁATNICZĄ;Artykuły szkolne/biurowe
13.12.2021;13.12.2021;IKE BOSSA;;'23124015321111001044176713;'83154011578129000000814183;IKE 814183;-5 500,00;PLN;'01421CD604405134;PRZELEW INTERNET M/B;Bez kategorii
13.12.2021;12.12.2021;IKE BOSSA;;'23124015321111001044176713;'83154011578129000000814183;IKE 814183;-500,00;PLN;'01421CC625106965;PRZELEW INTERNET M/B;Bez kategorii
13.12.2021;12.12.2021;BILETOMAT              WARSZAWA;;'23124015321111001044176713;;*********3025639;-3,40;PLN;'C992134601626196;TRANSAKCJA KARTĄ PŁATNICZĄ;Transport publiczny
11.12.2021;11.12.2021;ASEC METRO R. DASZYNSK WARSZAWA;;'23124015321111001044176713;;*********3025639;-3,40;PLN;'C992134518583159;TRANSAKCJA KARTĄ PŁATNICZĄ;Inne
09.12.2021;09.12.2021;ASSECO POLAND SA PŁACE;UL. OLCHOWA 14 35-322 RZESZÓW;'42124059181111000049090675;'23124015321111001044176713;WYNAGRODZENIE 11/2021 **202111U** 23119;5 481,45;PLN;'4911209981143516;PRZELEW;Wynagrodzenie
09.12.2021;09.12.2021;ŁUCJA KARASEK VEL KARASIEWICZ;KAZAŃSKA 17/68 18-403    ŁOMŻA               PL;'09124015321111001041567374;'23124015321111001044176713;Przelew na telefon;2,00;PLN;'01421C9629006913;PRZELEW;Sprzedaż
08.12.2021;08.12.2021;MACHOP SP. Z O.O.      WARSZAWA;;'23124015321111001044176713;;*********3025639;-31,00;PLN;'C992134213436684;TRANSAKCJA KARTĄ PŁATNICZĄ;Restauracje i kawiarnie
07.12.2021;07.12.2021;GRZYBOWSKA 53/57       WARSZAWA;A4930433 A4930433 *********3025639;;'23124015321111001044176713;WPŁATA W BANKOMACIE;1 900,00;PLN;'C992134111087654;WPŁATA W BANKOMACIE;Wpłata w bankomacie
07.12.2021;06.12.2021;PAYU S.A.;GRUNWALDZKA 186 60-166 POZNAŃ;'23124015321111001044176713;'25124059181111001053651984;PayU w Allegro XX2413488096XX www.allegro.pl Allegro d2ad55b1 56e;-209,70;PLN;'01421C6626005141;REALIZACJA PŁATNOŚCI PEOPAY;Zakupy przez internet
04.12.2021;04.12.2021;JAKDOJADE.PL           POZNAN;;'23124015321111001044176713;;*********3025639;-10,00;PLN;'C992133816647856;TRANSAKCJA KARTĄ PŁATNICZĄ;Transport publiczny
04.12.2021;04.12.2021;CARREFOUR HIPERMARKET  WARSZAWA;;'23124015321111001044176713;;*********3025639;-91,72;PLN;'C992133816644058;TRANSAKCJA KARTĄ PŁATNICZĄ;Artykuły spożywcze
03.12.2021;03.12.2021;JAROSŁAW JAKUB MILLER;RYNEK 65 26-025    ŁAGÓW               PL;'75124060031111001047891677;'23124015321111001044176713;mieszkanie minus mieszkanie w Paryżu;800,00;PLN;'50321C3628202812;PRZELEW;Przychody z najmu
02.12.2021;02.12.2021;NETFLIX.COM            AMSTERDAM;;'23124015321111001044176713;;;-60,00;PLN;'C992133604709859;TRANSAKCJA KARTĄ PŁATNICZĄ;Internet, TV, telefon
30.11.2021;30.11.2021;;;;'23124015321111001044176713;ODSETKI OD DEPOZYTU;0,31;PLN;'01421BU98C001204;ODSETKI OD DEPOZYTU;Odsetki, zwrot z inwestycji
30.11.2021;30.11.2021;;;'23124015321111001044176713;;PODATEK POBRANY;-0,06;PLN;'01421BU98C001203;PODATEK POBRANY;Podatki
30.11.2021;30.11.2021;PAYU;DOLADOWANIA.PLA Grunwaldzka 186,Poznan;'23124015321111001044176713;;BLIK REF       63036270181;-25,00;PLN;'C992133416876553;PŁATNOŚĆ BLIK;Bez kategorii
30.11.2021;30.11.2021;ASSECO POLAND SA PŁACE;UL. OLCHOWA 14 35-322 RZESZÓW;'42124059181111000049090675;'23124015321111001044176713;WYNAGRODZENIE ZA PRACE W NOCY I NADGODZINY **202111N2** 23119;1 101,84;PLN;'4911130987871983;PRZELEW;Wynagrodzenie
30.11.2021;29.11.2021;ZABKA Z4410 K.2        WARSZAWA;;'23124015321111001044176713;;*********3025639;-1,99;PLN;'C992133321092371;TRANSAKCJA KARTĄ PŁATNICZĄ;Artykuły spożywcze
29.11.2021;29.11.2021;2443390/4339/1698      GRODZISK MAZ;;'23124015321111001044176713;;*********3025639;-4,40;PLN;'C992133319075120;TRANSAKCJA KARTĄ PŁATNICZĄ;Inne
29.11.2021;29.11.2021;PAYPRO S.A.;UL. KANCLERSKA 15 Poznań                   60-327;'23124015321111001044176713;'84124059341111001098127437;P24-H2A-C4T-V7A;-0,01;PLN;'01421BT627306300;PRZELEW INTERNET;Bez kategorii
29.11.2021;29.11.2021;MICHAEL I NELLIE MCGRATH;;'23124015321111001044176713;'72109028510000000105587583;Grudzień 2021;-5 825,00;PLN;'01421BT621108241;REALIZACJA PŁATNOŚCI PEOPAY;Czynsz
27.11.2021;27.11.2021;ASEC METRO R. DASZYNSK WARSZAWA;;'23124015321111001044176713;;*********3025639;-6,80;PLN;'C992133115581302;TRANSAKCJA KARTĄ PŁATNICZĄ;Inne
25.11.2021;25.11.2021;JMP S.A. BIEDRONKA 4456WARSZAWA;;'23124015321111001044176713;;*********3025639;-46,32;PLN;'C992132916932433;TRANSAKCJA KARTĄ PŁATNICZĄ;Artykuły spożywcze
24.11.2021;24.11.2021;;;'23124015321111001044176713;'92124020921362991111000000;Opłata za obsługę kartyMasterCard Debit*43025639 za miesiąc 11.2021;-1,00;PLN;'M01504KN00018153;PROWIZJE AUT.;Opłaty bankowe
23.11.2021;23.11.2021;SEBASTIAN KURYŁO;AUGUSTÓW 16-300 16-300 AUGUSTÓW UL. NADRZECZNA 140A;'20194010764625325400000000;'23124015321111001044176713;Przelew na telefon BLIK;758,00;PLN;'M042000018422817;PRZELEW EXPRESS ELIXIR;Sprzedaż
22.11.2021;21.11.2021;PAYU S.A.;GRUNWALDZKA 186 60-166 POZNAŃ;'23124015321111001044176713;'93124059181111001053653379;PayU XX2386535758XX pyszne.pl Pyszne.pl zamowienie nr SU2VFI;-105,50;PLN;'01421BL626307940;REALIZACJA PŁATNOŚCI PEOPAY;Zakupy przez internet
22.11.2021;20.11.2021;UBER   * PENDING       AMSTERDAM;;'23124015321111001044176713;;*********3025639;-23,66;PLN;'C992132423729922;TRANSAKCJA KARTĄ PŁATNICZĄ;Taxi
20.11.2021;20.11.2021;LIDL KAROLKOWA         WARSZAWA;;'23124015321111001044176713;;*********3025639;-100,89;PLN;'C992132416061328;TRANSAKCJA KARTĄ PŁATNICZĄ;Artykuły spożywcze
19.11.2021;19.11.2021;ZABKA Z4410 K.1        WARSZAWA;;'23124015321111001044176713;;*********3025639;-12,19;PLN;'C992132317344352;TRANSAKCJA KARTĄ PŁATNICZĄ;Artykuły spożywcze
18.11.2021;18.11.2021;JMP S.A. BIEDRONKA 4456WARSZAWA;;'23124015321111001044176713;;*********3025639;-79,69;PLN;'C992132216007152;TRANSAKCJA KARTĄ PŁATNICZĄ;Artykuły spożywcze
18.11.2021;18.11.2021;MAŁGORZATA UŁASIUK TRENER OSOBISTY;UL.ŁUCKA 20 M.62 00-845 WARSZAWA;'25114020040000310281874201;'23124015321111001044176713;CZYNSZ PAZDZIERNIK CZ1;1 000,00;PLN;'VKR0001207785723;PRZELEW KRAJOWY MIĘDZYBANKOWY;Inne
18.11.2021;18.11.2021;MAŁGORZATA UŁASIUK TRENER OSOBISTY;UL.ŁUCKA 20 M.62 00-845 WARSZAWA;'25114020040000310281874201;'23124015321111001044176713;CZYNSZ PAZDZ CZ2;446,51;PLN;'VKR0001207785262;PRZELEW KRAJOWY MIĘDZYBANKOWY;Inne
17.11.2021;16.11.2021;KACPER MACIEJ BANASIK;ŁUCKA 20/62 00-845    WARSZAWA            PL;'69124060031111001048178711;'23124015321111001044176713;Zwrot pożyczki;30 000,00;PLN;'50321BG628604525;PRZELEW;Przelew pożyczki/kredytu
15.11.2021;14.11.2021;TPAY.COM;HTTPS://WWW.EFO plac Andersa 3,Poznan;'23124015321111001044176713;;BLIK REF       62718602677;-3,00;PLN;'C992131814947905;PŁATNOŚĆ BLIK;Bez kategorii
15.11.2021;14.11.2021;TPAY.COM;HTTPS://WWW.EFO plac Andersa 3,Poznan;'23124015321111001044176713;;BLIK REF       62715322405;-1,00;PLN;'C992131814946131;PŁATNOŚĆ BLIK;Bez kategorii
13.11.2021;13.11.2021;ZABKA Z4779 K.1        WARSZAWA;;'23124015321111001044176713;;*********3025639;-3,48;PLN;'C992131718750309;TRANSAKCJA KARTĄ PŁATNICZĄ;Artykuły spożywcze
13.11.2021;13.11.2021;MASZYNA VENDINGOWA 4   WARSZAWA;;'23124015321111001044176713;;*********3025639;-2,80;PLN;'C992131718745460;TRANSAKCJA KARTĄ PŁATNICZĄ;Artykuły spożywcze
13.11.2021;13.11.2021;VAN GOGH               WARSZAWA;;'23124015321111001044176713;;*********3025639;-65,00;PLN;'C992131717732248;TRANSAKCJA KARTĄ PŁATNICZĄ;Kino i teatr
13.11.2021;13.11.2021;DIM SUM & RAMEN ZELAZN WARSZAWA;;'23124015321111001044176713;;*********3025639;-32,00;PLN;'C992131716703297;TRANSAKCJA KARTĄ PŁATNICZĄ;Restauracje i kawiarnie
13.11.2021;13.11.2021;BILETOMAT TW 32941     WARSZAWA;;'23124015321111001044176713;;*********3025639;-3,40;PLN;'C992131715694476;TRANSAKCJA KARTĄ PŁATNICZĄ;Transport publiczny
13.11.2021;13.11.2021;INVEST EXPO SP. Z.O    GLIWICE;;'23124015321111001044176713;;*********3025639;-15,00;PLN;'C992131715686787;TRANSAKCJA KARTĄ PŁATNICZĄ;Podatki
13.11.2021;13.11.2021;BILETOMAT TW 32621     WARSZAWA;;'23124015321111001044176713;;*********3025639;-3,40;PLN;'C992131714670144;TRANSAKCJA KARTĄ PŁATNICZĄ;Transport publiczny
13.11.2021;13.11.2021;ZABKA Z4410 K.1        WARSZAWA;;'23124015321111001044176713;;*********3025639;-5,00;PLN;'C992131711564596;TRANSAKCJA KARTĄ PŁATNICZĄ;Artykuły spożywcze
13.11.2021;13.11.2021;GRZYBOWSKA 53/57       WARSZAWA;A4930433 A4930433 *********3025639;;'23124015321111001044176713;WPŁATA W BANKOMACIE;1 000,00;PLN;'C992131711562304;WPŁATA W BANKOMACIE;Wpłata w bankomacie
13.11.2021;13.11.2021;DPY*X-KOM SP. Z O.O.   CZESTOCHOWA;;'23124015321111001044176713;;*********3025639;-4 299,01;PLN;'C992131710546816;TRANSAKCJA KARTĄ PŁATNICZĄ;Sprzęt AGD i RTV
12.11.2021;12.11.2021;ŁUCJA KARASEK VEL KARASIEWICZ;KAZAŃSKA 17/68 18-403    ŁOMŻA               PL;'09124015321111001041567374;'23124015321111001044176713;zasilenie konta;4 300,00;PLN;'01421BC623709503;PRZELEW;Inne
12.11.2021;11.11.2021;ZABKA Z4410 K.2        WARSZAWA;;'23124015321111001044176713;;*********3025639;-7,60;PLN;'C992131522106119;TRANSAKCJA KARTĄ PŁATNICZĄ;Artykuły spożywcze
11.11.2021;10.11.2021;HB INVESTMENTS 1       WARSZAWA;;'23124015321111001044176713;;*********3025639;-32,00;PLN;'C992131421779862;TRANSAKCJA KARTĄ PŁATNICZĄ;Restauracje i kawiarnie
11.11.2021;10.11.2021;RESTAURACJA SUBWAY     WARSZAWA;;'23124015321111001044176713;;*********3025639;-19,90;PLN;'C992131421774295;TRANSAKCJA KARTĄ PŁATNICZĄ;Restauracje i kawiarnie
11.11.2021;10.11.2021;ZAGRYWKI               WARSZAWA;;'23124015321111001044176713;;*********3025639;-69,00;PLN;'C992131420757776;TRANSAKCJA KARTĄ PŁATNICZĄ;Restauracje i kawiarnie
10.11.2021;10.11.2021;MACHOP SP. Z O.O.      WARSZAWA;;'23124015321111001044176713;;*********3025639;-20,00;PLN;'C992131413464003;TRANSAKCJA KARTĄ PŁATNICZĄ;Restauracje i kawiarnie
10.11.2021;09.11.2021;JMP S.A. BIEDRONKA 445 WARSZAWA;;'23124015321111001044176713;;*********3025639;-21,63;PLN;'C992131322221215;TRANSAKCJA KARTĄ PŁATNICZĄ;Artykuły spożywcze
10.11.2021;10.11.2021;MPSA - A 169           WARSZAWA;;'23124015321111001044176713;;*********3025639;-15,00;PLN;'C992131417660228;TRANSAKCJA KARTĄ PŁATNICZĄ;Transport publiczny
10.11.2021;10.11.2021;MG MACIEJ GORCZYCKI    WARSZAWA;;'23124015321111001044176713;;*********3025639;-15,00;PLN;'C992131418682000;TRANSAKCJA KARTĄ PŁATNICZĄ;Restauracje i kawiarnie
09.11.2021;09.11.2021;ASSECO POLAND SA PŁACE;UL. OLCHOWA 14 35-322 RZESZÓW;'42124059181111000049090675;'23124015321111001044176713;WYNAGRODZENIE 10/2021 **202110U** 23119;5 461,45;PLN;'4911109987762742;PRZELEW;Wynagrodzenie
09.11.2021;08.11.2021;JMP S.A. BIEDRONKA 445 WARSZAWA;;'23124015321111001044176713;;*********3025639;-54,63;PLN;'C992131221774948;TRANSAKCJA KARTĄ PŁATNICZĄ;Artykuły spożywcze
08.11.2021;08.11.2021;KLIMT CAFE S.C. PIEKAR WARSZAWA;;'23124015321111001044176713;;*********3025639;-12,45;PLN;'C992131212545024;TRANSAKCJA KARTĄ PŁATNICZĄ;Restauracje i kawiarnie
08.11.2021;08.11.2021;EMILII PLATER 53       WARSZAWA;A5270269 A5270269 *********3025639;;'23124015321111001044176713;WPŁATA W BANKOMACIE;100,00;PLN;'C992131212540720;WPŁATA W BANKOMACIE;Wpłata w bankomacie
08.11.2021;08.11.2021;LPP HOUSE 3112250      WARSZAWA;;'23124015321111001044176713;;*********3025639;-29,99;PLN;'C992131212533400;TRANSAKCJA KARTĄ PŁATNICZĄ;Ubrania
08.11.2021;07.11.2021;PAYU S.A.;GRUNWALDZKA 186 60-166 POZNAŃ;'23124015321111001044176713;'25124059181111001053651984;PayU w Allegro XX2365749882XX www.allegro.pl Allegro fad51f41 3fe;-41,41;PLN;'01421B7627503830;REALIZACJA PŁATNOŚCI PEOPAY;Zakupy przez internet
08.11.2021;07.11.2021;UBER   * EATS PENDING  AMSTERDAM;;'23124015321111001044176713;;*********3025639;-53,99;PLN;'C992131116333961;TRANSAKCJA KARTĄ PŁATNICZĄ;Restauracje i kawiarnie
08.11.2021;07.11.2021;PAYU S.A.;GRUNWALDZKA 186 60-166 POZNAŃ;'23124015321111001044176713;'25124059181111001053651984;PayU w Allegro XX2365564370XX www.allegro.pl Allegro 21357191 3fd;-173,00;PLN;'01421B7605400617;REALIZACJA PŁATNOŚCI PEOPAY;Zakupy przez internet
08.11.2021;07.11.2021;ZABKA Z4410 K.2        WARSZAWA;;'23124015321111001044176713;;*********3025639;-3,99;PLN;'C992131114311344;TRANSAKCJA KARTĄ PŁATNICZĄ;Artykuły spożywcze
08.11.2021;07.11.2021;AUT BILET 2483490      WARSZAWA;;'23124015321111001044176713;;*********3025639;-4,40;PLN;'C992131101229815;TRANSAKCJA KARTĄ PŁATNICZĄ;Transport publiczny
06.11.2021;06.11.2021;REVOLUT**8234*         VILNIUS;;'23124015321111001044176713;;;-5 000,00;PLN;'C992131020198872;TRANSAKCJA KARTĄ PŁATNICZĄ;Bez kategorii
05.11.2021;05.11.2021;KUCHNIA WIETNAMSK83619 WARSZAWA;;'23124015321111001044176713;;*********3025639;-25,00;PLN;'C992130919718896;TRANSAKCJA KARTĄ PŁATNICZĄ;Restauracje i kawiarnie
05.11.2021;05.11.2021;LIDL KAROLKOWA         WARSZAWA;;'23124015321111001044176713;;*********3025639;-57,90;PLN;'C992130919717640;TRANSAKCJA KARTĄ PŁATNICZĄ;Artykuły spożywcze
05.11.2021;04.11.2021;ZABKA Z4410 K.1        WARSZAWA;;'23124015321111001044176713;;*********3025639;-6,40;PLN;'C992130822304979;TRANSAKCJA KARTĄ PŁATNICZĄ;Artykuły spożywcze
04.11.2021;03.11.2021;ZABKA Z4410 K.1        WARSZAWA;;'23124015321111001044176713;;*********3025639;-8,98;PLN;'C992130720874165;TRANSAKCJA KARTĄ PŁATNICZĄ;Artykuły spożywcze
04.11.2021;04.11.2021;JMP S.A. BIEDRONKA 445 WARSZAWA;;'23124015321111001044176713;;*********3025639;-12,05;PLN;'C992130810979574;TRANSAKCJA KARTĄ PŁATNICZĄ;Artykuły spożywcze
03.11.2021;03.11.2021;MACHOP SP. Z O.O.      WARSZAWA;;'23124015321111001044176713;;*********3025639;-30,00;PLN;'C992130715739725;TRANSAKCJA KARTĄ PŁATNICZĄ;Restauracje i kawiarnie
02.11.2021;02.11.2021;JMP S.A. BIEDRONKA 445 WARSZAWA;;'23124015321111001044176713;;*********3025639;-51,08;PLN;'C992130619437323;TRANSAKCJA KARTĄ PŁATNICZĄ;Artykuły spożywcze
02.11.2021;02.11.2021;MONIKA ADAMOWICZ;;'23124015321111001044176713;'21191010482205037537810001;Prezent dla Łukasza;-17,00;PLN;'M042100206797365;PRZELEW EXPRESS ELIXIR;Przelew
02.11.2021;02.11.2021;KLEOPATRA KEBAB        WARSZAWA;;'23124015321111001044176713;;*********3025639;-21,00;PLN;'C992130614280485;TRANSAKCJA KARTĄ PŁATNICZĄ;Restauracje i kawiarnie
02.11.2021;02.11.2021;ASICS FO WARSAW, URSUS WARSAW;;'23124015321111001044176713;;*********3025639;-325,00;PLN;'C992130613262198;TRANSAKCJA KARTĄ PŁATNICZĄ;Obuwie
02.11.2021;02.11.2021;MPSA - A 164           WARSZAWA;;'23124015321111001044176713;;*********3025639;-15,00;PLN;'C992130611201838;TRANSAKCJA KARTĄ PŁATNICZĄ;Transport publiczny
02.11.2021;02.11.2021;;;'23124015321111001044176713;'92124020921362991111000000;Opłata za wysłane kodyautoryzacyjne SMS - 1 szt.;-0,20;PLN;'M0150LJV00454167;PROWIZJE AUT.;Opłaty bankowe
02.11.2021;02.11.2021;NETFLIX.COM            NETFLIX.COM;;'23124015321111001044176713;;*********3025639;-60,00;PLN;'C992130605069230;TRANSAKCJA KARTĄ PŁATNICZĄ;Internet, TV, telefon
01.11.2021;01.11.2021;ZABKA Z4410 K.1        WARSZAWA;;'23124015321111001044176713;;*********3025639;-15,67;PLN;'C992130518047111;TRANSAKCJA KARTĄ PŁATNICZĄ;Artykuły spożywcze
01.11.2021;31.10.2021;ZABKA Z4410 K.1        WARSZAWA;;'23124015321111001044176713;;*********3025639;-19,99;PLN;'C992130419931315;TRANSAKCJA KARTĄ PŁATNICZĄ;Artykuły spożywcze
01.11.2021;31.10.2021;JAROSŁAW JAKUB MILLER;RYNEK 65 26-025    ŁAGÓW               PL;'75124060031111001047891677;'23124015321111001044176713;splitwise;1 430,00;PLN;'50321AV624605795;PRZELEW;Inne
01.11.2021;31.10.2021;PAYU;DOLADOWANIA.PLA Grunwaldzka 186,Poznan;'23124015321111001044176713;;BLIK REF       62434166203;-25,00;PLN;'C992130411962380;PŁATNOŚĆ BLIK;Bez kategorii
01.11.2021;30.10.2021;ZABKA Z4410 K.1        WARSZAWA;;'23124015321111001044176713;;*********3025639;-8,98;PLN;'C992130322768378;TRANSAKCJA KARTĄ PŁATNICZĄ;Artykuły spożywcze
01.11.2021;30.10.2021;ZABKA Z4410 K.1        WARSZAWA;;'23124015321111001044176713;;*********3025639;-17,97;PLN;'C992130322768176;TRANSAKCJA KARTĄ PŁATNICZĄ;Artykuły spożywcze
30.10.2021;30.10.2021;;;;'23124015321111001044176713;ODSETKI OD DEPOZYTU;0,22;PLN;'01421AU98C001302;ODSETKI OD DEPOZYTU;Odsetki, zwrot z inwestycji
30.10.2021;30.10.2021;;;'23124015321111001044176713;;PODATEK POBRANY;-0,05;PLN;'01421AU98C001301;PODATEK POBRANY;Podatki
30.10.2021;30.10.2021;JMP S.A. BIEDRONKA 445 WARSZAWA;;'23124015321111001044176713;;*********3025639;-66,02;PLN;'C992130317687292;TRANSAKCJA KARTĄ PŁATNICZĄ;Artykuły spożywcze
30.10.2021;30.10.2021;RESTAURACJA TAVOLO     WARSZAWA;;'23124015321111001044176713;;*********3025639;-30,64;PLN;'C992130314587720;TRANSAKCJA KARTĄ PŁATNICZĄ;Restauracje i kawiarnie
30.10.2021;30.10.2021;AUCHAN POLSKA SP. Z    WARSZAWA;;'23124015321111001044176713;;*********3025639;-11,64;PLN;'C992130314579403;TRANSAKCJA KARTĄ PŁATNICZĄ;Artykuły spożywcze
30.10.2021;30.10.2021;Z003                   WARSZAWA;;'23124015321111001044176713;;*********3025639;-6,80;PLN;'C992130313526770;TRANSAKCJA KARTĄ PŁATNICZĄ;Inne
30.10.2021;29.10.2021;ZABKA Z8085 K.2        WARSZAWA;;'23124015321111001044176713;;*********3025639;-8,99;PLN;'C992130221261899;TRANSAKCJA KARTĄ PŁATNICZĄ;Artykuły spożywcze
29.10.2021;29.10.2021;JMP S.A. BIEDRONKA 445 WARSZAWA;;'23124015321111001044176713;;*********3025639;-31,95;PLN;'C992130219240064;TRANSAKCJA KARTĄ PŁATNICZĄ;Artykuły spożywcze
29.10.2021;29.10.2021;FOODSI.PL              LUBLIN;;'23124015321111001044176713;;*********3025639;-12,99;PLN;'C992130217162964;TRANSAKCJA KARTĄ PŁATNICZĄ;Restauracje i kawiarnie
29.10.2021;29.10.2021;ASSECO POLAND SA PŁACE;UL. OLCHOWA 14 35-322 RZESZÓW;'42124059181111000049090675;'23124015321111001044176713;PREMIA STAND-BY **202110P6** 23119;293,80;PLN;'4911029987352467;PRZELEW;Premia, nagroda
29.10.2021;29.10.2021;ASSECO POLAND SA PŁACE;UL. OLCHOWA 14 35-322 RZESZÓW;'42124059181111000049090675;'23124015321111001044176713;WYNAGRODZENIE ZA PRACE W NOCY I NADGODZINY **202110N2** 23119;600,62;PLN;'4911029987822463;PRZELEW;Wynagrodzenie
29.10.2021;29.10.2021;MICHAEL I NELLIE MCGRATH;;'23124015321111001044176713;'72109028510000000105587583;listopad 2021;-5 825,00;PLN;'01421AT620505531;REALIZACJA PŁATNOŚCI PEOPAY;Czynsz
28.10.2021;28.10.2021;AUTOMATSPEC            DABROWA GORN;;'23124015321111001044176713;;*********3025639;-3,50;PLN;'C992130117645509;TRANSAKCJA KARTĄ PŁATNICZĄ;Artykuły spożywcze
28.10.2021;28.10.2021;BOGDAN SOBIERAJ;UL KOŁŁĄTAJA 3/23 18-403    ŁOMŻA               PL;'92124015321111001070940584;'23124015321111001044176713;zasilenie konta;500,00;PLN;'01421AS624308521;PRZELEW;Inne
28.10.2021;28.10.2021;MACHOP SP. Z O.O.      WARSZAWA;;'23124015321111001044176713;;*********3025639;-30,00;PLN;'C992130112474700;TRANSAKCJA KARTĄ PŁATNICZĄ;Restauracje i kawiarnie
28.10.2021;27.10.2021;JMP S.A. BIEDRONKA 445 WARSZAWA;;'23124015321111001044176713;;*********3025639;-58,58;PLN;'C992130021298679;TRANSAKCJA KARTĄ PŁATNICZĄ;Artykuły spożywcze
27.10.2021;27.10.2021;FOODSI.PL              LUBLIN;;'23124015321111001044176713;;*********3025639;-14,00;PLN;'C992130019269319;TRANSAKCJA KARTĄ PŁATNICZĄ;Restauracje i kawiarnie
27.10.2021;27.10.2021;ZABKA Z4410 K.1        WARSZAWA;;'23124015321111001044176713;;*********3025639;-2,99;PLN;'C992130012037105;TRANSAKCJA KARTĄ PŁATNICZĄ;Artykuły spożywcze
26.10.2021;26.10.2021;UŁASIUK MAŁGORZATA;UL. DĄBROWICA MAŁA 71 21-530 DĄBROW ICA MAŁA;'61156000132008867040000001;'23124015321111001044176713;XD teraz jest dobrze;20,00;PLN;'VJZ0001190698606;PRZELEW KRAJOWY MIĘDZYBANKOWY;Inne
26.10.2021;26.10.2021;UŁASIUK MAŁGORZATA;;'61156000132008867040000001;'23124015321111001044176713;splitwise obecny;20,76;PLN;'M042000017044937;PRZELEW EXPRESS ELIXIR;Inne
26.10.2021;26.10.2021;;;'23124015321111001044176713;'92124020921362991111000000;Opłata za obsługę kartyMasterCard Debit*43025639 za miesiąc 10.2021;-1,00;PLN;'M01504JP00451719;PROWIZJE AUT.;Opłaty bankowe
25.10.2021;25.10.2021;JMP S.A. BIEDRONKA 445 WARSZAWA;;'23124015321111001044176713;;*********3025639;-29,84;PLN;'C992129813229683;TRANSAKCJA KARTĄ PŁATNICZĄ;Artykuły spożywcze
25.10.2021;24.10.2021;ZABKA Z4410 K.2        WARSZAWA;;'23124015321111001044176713;;*********3025639;-11,97;PLN;'C992129714971549;TRANSAKCJA KARTĄ PŁATNICZĄ;Artykuły spożywcze
25.10.2021;23.10.2021;JMP S.A. BIEDRONKA 445 WARSZAWA;;'23124015321111001044176713;;*********3025639;-55,78;PLN;'C992129622884415;TRANSAKCJA KARTĄ PŁATNICZĄ;Artykuły spożywcze
23.10.2021;23.10.2021;ZABKA Z4410 K.2        WARSZAWA;;'23124015321111001044176713;;*********3025639;-3,08;PLN;'C992129611577340;TRANSAKCJA KARTĄ PŁATNICZĄ;Artykuły spożywcze
23.10.2021;23.10.2021;GOOD LOOD              KRAKOW;;'23124015321111001044176713;;*********3025639;-5,00;PLN;'C992129619850274;TRANSAKCJA KARTĄ PŁATNICZĄ;Restauracje i kawiarnie
23.10.2021;23.10.2021;KINGA MAGDALENA NACHYŁA;KUNEGUNDÓW 18 27-310    KUNEGUNDÓW          PL;'96124060031111001076103943;'23124015321111001044176713;edzonko;55,00;PLN;'50321AN621500926;PRZELEW;Inne
22.10.2021;22.10.2021;WIZZ AIR HUNGARY KFT P BUDAPEST;;'23124015321111001044176713;;*********3025639;-758,00;PLN;'C992129508036817;TRANSAKCJA KARTĄ PŁATNICZĄ;Bilety lotnicze
22.10.2021;22.10.2021;UBER * PENDING         AMSTERDAM;;'23124015321111001044176713;;;-12,90;PLN;'C992129502981854;TRANSAKCJA KARTĄ PŁATNICZĄ;Taxi
22.10.2021;21.10.2021;ZABKA Z2933 K.1        WARSZAWA;;'23124015321111001044176713;;*********3025639;-4,40;PLN;'C992129422974220;TRANSAKCJA KARTĄ PŁATNICZĄ;Artykuły spożywcze
21.10.2021;21.10.2021;POCZTA POLSKA 13       WARSZAWA (WO;;'23124015321111001044176713;;*********3025639;-6,80;PLN;'C992129418905325;TRANSAKCJA KARTĄ PŁATNICZĄ;Bez kategorii
21.10.2021;21.10.2021;;;'23124015321111001044176713;'92124020921362991111000000;Prowizja za wypłatę z użyciemBLIK w dniu 2021-10-19;-5,00;PLN;'M0150LJM00018688;PROWIZJE AUT.;Opłaty bankowe
21.10.2021;21.10.2021;ABALONE TRADE          WARSZAWA;;'23124015321111001044176713;;*********3025639;-268,00;PLN;'C992129401565320;TRANSAKCJA KARTĄ PŁATNICZĄ;Restauracje i kawiarnie
21.10.2021;21.10.2021;TOO GOOD TO GO APS     COPENHAGEN S;;'23124015321111001044176713;;;-9,99;PLN;'C992129418906854;TRANSAKCJA KARTĄ PŁATNICZĄ;Restauracje i kawiarnie
21.10.2021;21.10.2021;DEGRENGOLADA TEAM 0    WARSZAWA;;'23124015321111001044176713;;*********3025639;-30,00;PLN;'C992129400564232;TRANSAKCJA KARTĄ PŁATNICZĄ;Puby i kluby
20.10.2021;20.10.2021;KINGA MAGDALENA NACHYŁA;KUNEGUNDÓW 18 27-310    KUNEGUNDÓW          PL;'96124060031111001076103943;'23124015321111001044176713;kino;45,50;PLN;'50321AK620707068;PRZELEW;Inne
20.10.2021;20.10.2021;CINEMA CITY ARKADIA    WARSZAWA;;'23124015321111001044176713;;*********3025639;-33,00;PLN;'C992129320542689;TRANSAKCJA KARTĄ PŁATNICZĄ;Kino i teatr
19.10.2021;19.10.2021;BANKOMAT EURONET       PLNL0877;PLNL0877 0170200011 al. Jana Pawla II 24,Warszawa;'23124015321111001044176713;;BLIK REF       62195914815;-80,00;PLN;'C992129212611086;WYPŁATA BLIK;Uroda, fryzjer, kosmetyczka
19.10.2021;19.10.2021;GOOD LOOD              KRAKOW;;'23124015321111001044176713;;*********3025639;-5,00;PLN;'C992129214942711;TRANSAKCJA KARTĄ PŁATNICZĄ;Restauracje i kawiarnie
19.10.2021;19.10.2021;REFERAT PASZPORTOW     WARSZAWA;;'23124015321111001044176713;;*********3025639;-140,00;PLN;'C992129213912452;TRANSAKCJA KARTĄ PŁATNICZĄ;Podatki
19.10.2021;19.10.2021;MISS KIMCHI            WARSZAWA;;'23124015321111001044176713;;*********3025639;-28,00;PLN;'C992129214952560;TRANSAKCJA KARTĄ PŁATNICZĄ;Restauracje i kawiarnie
19.10.2021;19.10.2021;JMP S.A. BIEDRONKA 445 WARSZAWA;;'23124015321111001044176713;;*********3025639;-13,78;PLN;'C992129209812057;TRANSAKCJA KARTĄ PŁATNICZĄ;Artykuły spożywcze
18.10.2021;18.10.2021;JMP S.A. BIEDRONKA 445 WARSZAWA;;'23124015321111001044176713;;*********3025639;-68,14;PLN;'C992129114550275;TRANSAKCJA KARTĄ PŁATNICZĄ;Artykuły spożywcze
18.10.2021;18.10.2021;PIOTR WINIARSKI;;'23124015321111001044176713;'20124034061111001058657721;urodziny Kozaka;-16,00;PLN;'01421AI629909791;REALIZACJA PŁATNOŚCI PEOPAY;Bez kategorii
18.10.2021;17.10.2021;ZABKA Z4410 K.1        WARSZAWA;;'23124015321111001044176713;;*********3025639;-12,00;PLN;'C992129021334111;TRANSAKCJA KARTĄ PŁATNICZĄ;Artykuły spożywcze
18.10.2021;17.10.2021;SEBASTIAN KURYŁO;;'23124015321111001044176713;'20194010764625325400000000;Przelew na telefon;-34,00;PLN;'M042100200243052;PRZELEW EXPRESS ELIXIR;Przelew
16.10.2021;16.10.2021;ZABKA Z2933 K.2        WARSZAWA;;'23124015321111001044176713;;*********3025639;-15,34;PLN;'C992128918105239;TRANSAKCJA KARTĄ PŁATNICZĄ;Artykuły spożywcze
16.10.2021;16.10.2021;AUCHAN POLSKA SP. Z    WARSZAWA;;'23124015321111001044176713;;*********3025639;-98,53;PLN;'C992128913967633;TRANSAKCJA KARTĄ PŁATNICZĄ;Artykuły spożywcze
16.10.2021;15.10.2021;JMP S.A. BIEDRONKA 445 WARSZAWA;;'23124015321111001044176713;;*********3025639;-32,39;PLN;'C992128822711654;TRANSAKCJA KARTĄ PŁATNICZĄ;Artykuły spożywcze
15.10.2021;15.10.2021;FOODSI.PL              LUBLIN;;'23124015321111001044176713;;*********3025639;-12,99;PLN;'C992128817608030;TRANSAKCJA KARTĄ PŁATNICZĄ;Restauracje i kawiarnie
15.10.2021;14.10.2021;SHELL 10               WARSZAWA;;'23124015321111001044176713;;*********3025639;-10,09;PLN;'C992128723235419;TRANSAKCJA KARTĄ PŁATNICZĄ;Paliwo
15.10.2021;15.10.2021;UBER * PENDING         AMSTERDAM;;'23124015321111001044176713;;;-24,61;PLN;'C992128801238159;TRANSAKCJA KARTĄ PŁATNICZĄ;Taxi
14.10.2021;14.10.2021;WACŁAW SEBASTIAN BOROWSKI;UL. DARŁOWSKA 3  M.46 04-091 WARSZAWA;'50102055581111138370700074;'23124015321111001044176713;KAMIL ZIOM2021 PAŻDZIERNIK LISTOPAD GRUDZIEŃ;39,00;PLN;'VJN0001183379457;PRZELEW KRAJOWY MIĘDZYBANKOWY;Inne
14.10.2021;14.10.2021;AUTOMATSPEC            DABROWA GORN;;'23124015321111001044176713;;*********3025639;-3,50;PLN;'C992128713990969;TRANSAKCJA KARTĄ PŁATNICZĄ;Artykuły spożywcze
14.10.2021;14.10.2021;MACHOP SP. Z O.O.      WARSZAWA;;'23124015321111001044176713;;*********3025639;-30,00;PLN;'C992128713971980;TRANSAKCJA KARTĄ PŁATNICZĄ;Restauracje i kawiarnie
14.10.2021;14.10.2021;SPOLEM WOLA SKLEP NR 3 WARSZAWA;;'23124015321111001044176713;;*********3025639;-9,17;PLN;'C992128707819495;TRANSAKCJA KARTĄ PŁATNICZĄ;Artykuły spożywcze
14.10.2021;14.10.2021;LIDL RODZIEWICZOWNY    WARSZAWA;;'23124015321111001044176713;;*********3025639;-18,98;PLN;'C992128719193632;TRANSAKCJA KARTĄ PŁATNICZĄ;Artykuły spożywcze
13.10.2021;13.10.2021;JMP S.A. BIEDRONKA 445 WARSZAWA;;'23124015321111001044176713;;*********3025639;-7,65;PLN;'C992128613554928;TRANSAKCJA KARTĄ PŁATNICZĄ;Artykuły spożywcze
13.10.2021;13.10.2021;FOODSI.PL              LUBLIN;;'23124015321111001044176713;;*********3025639;-9,99;PLN;'C992128600367352;TRANSAKCJA KARTĄ PŁATNICZĄ;Restauracje i kawiarnie
13.10.2021;12.10.2021;JMP S.A. BIEDRONKA 445 WARSZAWA;;'23124015321111001044176713;;*********3025639;-6,18;PLN;'C992128522363061;TRANSAKCJA KARTĄ PŁATNICZĄ;Artykuły spożywcze
12.10.2021;12.10.2021;ZABKA Z4410 K.1        WARSZAWA;;'23124015321111001044176713;;*********3025639;-5,00;PLN;'C992128519338242;TRANSAKCJA KARTĄ PŁATNICZĄ;Artykuły spożywcze
11.10.2021;11.10.2021;3089 DEALZ WARSZAWA BL WARSZAWA;;'23124015321111001044176713;;*********3025639;-3,50;PLN;'C992128412660358;TRANSAKCJA KARTĄ PŁATNICZĄ;Artykuły spożywcze
11.10.2021;10.10.2021;ZABKA Z4410 K.1        WARSZAWA;;'23124015321111001044176713;;*********3025639;-21,48;PLN;'C992128321492580;TRANSAKCJA KARTĄ PŁATNICZĄ;Artykuły spożywcze
11.10.2021;11.10.2021;JMP S.A. BIEDRONKA 445 WARSZAWA;;'23124015321111001044176713;;*********3025639;-65,11;PLN;'C992128414717862;TRANSAKCJA KARTĄ PŁATNICZĄ;Artykuły spożywcze
11.10.2021;11.10.2021;IKEA RETAIL SP. Z O    WARSZAWA;;'23124015321111001044176713;;*********3025639;-139,97;PLN;'C992128412653703;TRANSAKCJA KARTĄ PŁATNICZĄ;Wyposażenie
11.10.2021;10.10.2021;REVOLUT**8234*         VILNIUS;;'23124015321111001044176713;;;-100,00;PLN;'C992128310340995;TRANSAKCJA KARTĄ PŁATNICZĄ;Bez kategorii
09.10.2021;09.10.2021;JMP S.A. BIEDRONKA 631 WARSZAWA;;'23124015321111001044176713;;*********3025639;-132,50;PLN;'C992128215146089;TRANSAKCJA KARTĄ PŁATNICZĄ;Artykuły spożywcze
09.10.2021;09.10.2021;COLUMBUS COFFEE C.PRAS WARSZAWA;;'23124015321111001044176713;;*********3025639;-19,90;PLN;'C992128210956153;TRANSAKCJA KARTĄ PŁATNICZĄ;Restauracje i kawiarnie
09.10.2021;09.10.2021;FESTIWAL ROSLIN CHMIEL WARSZAWA;;'23124015321111001044176713;;*********3025639;-43,00;PLN;'C992128210951055;TRANSAKCJA KARTĄ PŁATNICZĄ;Ogród
09.10.2021;09.10.2021;BUDZIŃSKA JULIA;;'15105015591000009267210426;'23124015321111001044176713;Przelew na telefon +48xxxxxx789Pożyczone nie kradzione xDDla Kamil SobierajOd BUDZIŃSKA JULIA;117,00;PLN;'M042000016244368;PRZELEW EXPRESS ELIXIR;Inne
09.10.2021;09.10.2021;ZABKA Z4410 K.1        WARSZAWA;;'23124015321111001044176713;;*********3025639;-6,78;PLN;'C992128209902183;TRANSAKCJA KARTĄ PŁATNICZĄ;Artykuły spożywcze
09.10.2021;09.10.2021;WIZZ AIR HUNGARY KFT P BUDAPEST;;'23124015321111001044176713;;*********3025639;-695,00;PLN;'C992128200823231;TRANSAKCJA KARTĄ PŁATNICZĄ;Bilety lotnicze
09.10.2021;08.10.2021;PAYU SA STANDARD;WARSZAWA;'23124015321111001044176713;'93124059181111001053653379;PayU XX2326773238XX pysznepl Pysznepl zamowienie nr G81YRA;-80,90;PLN;'01421A8626604726;REALIZACJA PŁATNOŚCI PEOPAY;Zakupy przez internet
08.10.2021;08.10.2021;PAYU SA ALLEGRO;WARSZAWA;'23124015321111001044176713;'25124059181111001053651984;PayU w Allegro XX2326271186XX wwwallegropl Allegro ad6bf271 284;-66,39;PLN;'01421A8606506699;REALIZACJA PŁATNOŚCI PEOPAY;Zakupy przez internet
08.10.2021;08.10.2021;ZABKA Z4410 K.1        WARSZAWA;;'23124015321111001044176713;;*********3025639;-8,98;PLN;'C992128113529764;TRANSAKCJA KARTĄ PŁATNICZĄ;Artykuły spożywcze
08.10.2021;08.10.2021;INNOGY POLSKA S.A.;;'23124015321111001044176713;'96124069601701080000787371;Prognoza zużycia nr 221750599826;-280,47;PLN;'01421A8629201859;PRZELEW INTERNET;Prąd
08.10.2021;08.10.2021;INNOGY POLSKA S.A.;;'23124015321111001044176713;'96124069601701080000787371;Prognoza zużycia nr 224750545851;-280,47;PLN;'01421A8629602292;PRZELEW INTERNET;Prąd
08.10.2021;07.10.2021;ZABKA Z4410 K.1        WARSZAWA;;'23124015321111001044176713;;*********3025639;-7,98;PLN;'C992128022310222;TRANSAKCJA KARTĄ PŁATNICZĄ;Artykuły spożywcze
07.10.2021;07.10.2021;ZBIGNIEW DEBSKI        WARSZAWA;;'23124015321111001044176713;;*********3025639;-21,00;PLN;'C992128018239374;TRANSAKCJA KARTĄ PŁATNICZĄ;Artykuły spożywcze
07.10.2021;07.10.2021;CHATA WARIATTA         WARSZAWA;;'23124015321111001044176713;;*********3025639;-16,50;PLN;'C992128017201990;TRANSAKCJA KARTĄ PŁATNICZĄ;Restauracje i kawiarnie
07.10.2021;07.10.2021;SEBASTIAN KURYŁO;AUGUSTÓW 16-300 16-300 AUGUSTÓW UL. NADRZECZNA 140A;'20194010764625325400000000;'23124015321111001044176713;Przelew na telefon BLIK;53,00;PLN;'M042000016145098;PRZELEW EXPRESS ELIXIR;Sprzedaż
07.10.2021;07.10.2021;ZABKA Z4410 K.1        WARSZAWA;;'23124015321111001044176713;;*********3025639;-5,19;PLN;'C992128014114304;TRANSAKCJA KARTĄ PŁATNICZĄ;Artykuły spożywcze
07.10.2021;07.10.2021;ASSECO POLAND SA PŁACE;UL. OLCHOWA 14 35-322 RZESZÓW;'42124059181111000049090675;'23124015321111001044176713;WYNAGRODZENIE 09/2021 **202109U** 23119;5 059,45;PLN;'4911007987373019;PRZELEW;Wynagrodzenie
07.10.2021;06.10.2021;ZABKA Z2933 K.2        WARSZAWA;;'23124015321111001044176713;;*********3025639;-13,99;PLN;'C992127921394432;TRANSAKCJA KARTĄ PŁATNICZĄ;Artykuły spożywcze
06.10.2021;06.10.2021;ZABKA Z2933 K.1        WARSZAWA;;'23124015321111001044176713;;*********3025639;-2,99;PLN;'C992127920379552;TRANSAKCJA KARTĄ PŁATNICZĄ;Artykuły spożywcze
06.10.2021;06.10.2021;ZABKA Z2933 K.1        WARSZAWA;;'23124015321111001044176713;;*********3025639;-6,99;PLN;'C992127920379302;TRANSAKCJA KARTĄ PŁATNICZĄ;Artykuły spożywcze
06.10.2021;06.10.2021;ZABKA Z4410 K.1        WARSZAWA;;'23124015321111001044176713;;*********3025639;-7,98;PLN;'C992127910087435;TRANSAKCJA KARTĄ PŁATNICZĄ;Artykuły spożywcze
06.10.2021;06.10.2021;PAYU SA ALLEGRO;WARSZAWA;'23124015321111001044176713;'25124059181111001053651984;PayU w Allegro XX2322778068XX wwwallegropl Allegro b9ffb6d2 262;-106,00;PLN;'01421A6629103464;REALIZACJA PŁATNOŚCI PEOPAY;Zakupy przez internet
05.10.2021;04.10.2021;JMP S.A. BIEDRONKA 445 WARSZAWA;;'23124015321111001044176713;;*********3025639;-87,31;PLN;'C992127721564002;TRANSAKCJA KARTĄ PŁATNICZĄ;Artykuły spożywcze
04.10.2021;04.10.2021;BARTOSZ SULIMA;JANA KAZIMIERZA 21/5 01-248 Warszawa Polska;'36195000012006000928060001;'23124015321111001044176713;zwrot za głośnik Kacpra;684,00;PLN;'VJD0001173709296;PRZELEW KRAJOWY MIĘDZYBANKOWY;Inne
04.10.2021;04.10.2021;JMP S.A. BIEDRONKA 445 WARSZAWA;;'23124015321111001044176713;;*********3025639;-17,37;PLN;'C992127715391748;TRANSAKCJA KARTĄ PŁATNICZĄ;Artykuły spożywcze
04.10.2021;03.10.2021;ZABKA Z4410 K.1        WARSZAWA;;'23124015321111001044176713;;*********3025639;-8,40;PLN;'C992127620142323;TRANSAKCJA KARTĄ PŁATNICZĄ;Artykuły spożywcze
04.10.2021;03.10.2021;UBER   * PENDING       AMSTERDAM;;'23124015321111001044176713;;*********3025639;-11,33;PLN;'C992127619140457;TRANSAKCJA KARTĄ PŁATNICZĄ;Taxi
04.10.2021;03.10.2021;CRAFT BEER MURANOW     WARSZAWA;;'23124015321111001044176713;;*********3025639;-61,00;PLN;'C992127618117688;TRANSAKCJA KARTĄ PŁATNICZĄ;Restauracje i kawiarnie
04.10.2021;03.10.2021;CINEMA CITY ARKADIA    WARSZAWA;;'23124015321111001044176713;;*********3025639;-112,00;PLN;'C992127615079359;TRANSAKCJA KARTĄ PŁATNICZĄ;Kino i teatr
04.10.2021;03.10.2021;ZABKA Z4410 K.1        WARSZAWA;;'23124015321111001044176713;;*********3025639;-19,50;PLN;'C992127612031189;TRANSAKCJA KARTĄ PŁATNICZĄ;Artykuły spożywcze
04.10.2021;02.10.2021;ZABKA Z2933 K.1        WARSZAWA;;'23124015321111001044176713;;*********3025639;-43,97;PLN;'C992127520955708;TRANSAKCJA KARTĄ PŁATNICZĄ;Artykuły spożywcze
02.10.2021;02.10.2021;CARREFOUR HIPERMARKET  WARSZAWA;;'23124015321111001044176713;;*********3025639;-29,07;PLN;'C992127517887744;TRANSAKCJA KARTĄ PŁATNICZĄ;Artykuły spożywcze
02.10.2021;02.10.2021;LEROY MERLIN WARSZA    WARSZAWA;;'23124015321111001044176713;;*********3025639;-25,00;PLN;'C992127517868879;TRANSAKCJA KARTĄ PŁATNICZĄ;Wyposażenie
02.10.2021;02.10.2021;LEROY MERLIN WARSZA    WARSZAWA;;'23124015321111001044176713;;*********3025639;-52,31;PLN;'C992127517868265;TRANSAKCJA KARTĄ PŁATNICZĄ;Wyposażenie
02.10.2021;02.10.2021;ZABKA Z4410 K.1        WARSZAWA;;'23124015321111001044176713;;*********3025639;-8,98;PLN;'C992127511644172;TRANSAKCJA KARTĄ PŁATNICZĄ;Artykuły spożywcze
02.10.2021;02.10.2021;NETFLIX.COM            NETFLIX.COM;;'23124015321111001044176713;;*********3025639;-52,00;PLN;'C992127504514541;TRANSAKCJA KARTĄ PŁATNICZĄ;Internet, TV, telefon
02.10.2021;01.10.2021;JMP S.A. BIEDRONKA 631 WARSZAWA;;'23124015321111001044176713;;*********3025639;-17,48;PLN;'C992127420484011;TRANSAKCJA KARTĄ PŁATNICZĄ;Artykuły spożywcze
01.10.2021;01.10.2021;JMP S.A. BIEDRONKA 445 WARSZAWA;;'23124015321111001044176713;;*********3025639;-2,49;PLN;'C992127420473660;TRANSAKCJA KARTĄ PŁATNICZĄ;Artykuły spożywcze
01.10.2021;01.10.2021;MRKN SP ZOO            WARSZAWA;;'23124015321111001044176713;;*********3025639;-30,00;PLN;'C992127419465815;TRANSAKCJA KARTĄ PŁATNICZĄ;Restauracje i kawiarnie
01.10.2021;30.09.2021;ZABKA Z4410 K.1        WARSZAWA;;'23124015321111001044176713;;*********3025639;-7,50;PLN;'C992127321013549;TRANSAKCJA KARTĄ PŁATNICZĄ;Artykuły spożywcze
30.09.2021;30.09.2021;;;;'23124015321111001044176713;ODSETKI OD DEPOZYTU;0,21;PLN;'014219U98C001237;ODSETKI OD DEPOZYTU;Odsetki, zwrot z inwestycji
30.09.2021;30.09.2021;;;'23124015321111001044176713;;PODATEK POBRANY;-0,04;PLN;'014219U98C001236;PODATEK POBRANY;Podatki
30.09.2021;30.09.2021;JMP S.A. BIEDRONKA 445 WARSZAWA;;'23124015321111001044176713;;*********3025639;-84,69;PLN;'C992127319973325;TRANSAKCJA KARTĄ PŁATNICZĄ;Artykuły spożywcze
30.09.2021;30.09.2021;NANAKI SUSHI           WARSZAWA;;'23124015321111001044176713;;*********3025639;-25,00;PLN;'C992127318954778;TRANSAKCJA KARTĄ PŁATNICZĄ;Restauracje i kawiarnie
30.09.2021;30.09.2021;KACPER BANASIK;-;'23124015321111001044176713;'69124060031111001048178711;Przelew środków;-100,00;PLN;'014219U604309630;REALIZACJA PŁATNOŚCI PEOPAY;Bez kategorii
30.09.2021;30.09.2021;SKLAD SPORTOWY DZIELNA WARSZAWA;;'23124015321111001044176713;;*********3025639;-80,00;PLN;'C992127317898732;TRANSAKCJA KARTĄ PŁATNICZĄ;Inne
30.09.2021;30.09.2021;PAYU;DOLADOWANIA.PLA Grunwaldzka 186,Poznan;'23124015321111001044176713;;BLIK REF       61819779338;-25,00;PLN;'C992127313572465;PŁATNOŚĆ BLIK;Bez kategorii
30.09.2021;30.09.2021;ASSECO POLAND SA PŁACE;UL. OLCHOWA 14 35-322 RZESZÓW;'42124059181111000049090675;'23124015321111001044176713;WYNAGRODZENIE ZA PRACE W NOCY I NADGODZINY **202109N3** 23119;192,84;PLN;'4910930987511668;PRZELEW;Wynagrodzenie
30.09.2021;30.09.2021;ZABKA Z4410 K.1        WARSZAWA;;'23124015321111001044176713;;*********3025639;-8,34;PLN;'C992127311697589;TRANSAKCJA KARTĄ PŁATNICZĄ;Artykuły spożywcze
30.09.2021;29.09.2021;JUSTYNA;;'23124015321111001044176713;'32116022020000000338325946;prezent dla Piaska;-15,00;PLN;'M042100190941407;PRZELEW EXPRESS ELIXIR;Przelew
30.09.2021;29.09.2021;ZABKA Z4410 K.1        WARSZAWA;;'23124015321111001044176713;;*********3025639;-30,97;PLN;'C992127222570225;TRANSAKCJA KARTĄ PŁATNICZĄ;Artykuły spożywcze
29.09.2021;29.09.2021;ZABKA Z4410 K.1        WARSZAWA;;'23124015321111001044176713;;*********3025639;-7,00;PLN;'C992127217486288;TRANSAKCJA KARTĄ PŁATNICZĄ;Artykuły spożywcze
29.09.2021;29.09.2021;MACHOP SP. Z O.O.      WARSZAWA;;'23124015321111001044176713;;*********3025639;-19,00;PLN;'C992127213345963;TRANSAKCJA KARTĄ PŁATNICZĄ;Restauracje i kawiarnie
29.09.2021;29.09.2021;CARREFOUR EXPRESS H60  WARSZAWA;;'23124015321111001044176713;;*********3025639;-7,99;PLN;'C992127208186482;TRANSAKCJA KARTĄ PŁATNICZĄ;Artykuły spożywcze
28.09.2021;28.09.2021;ŁUKASZ GALA;;'23124015321111001044176713;'54105014611000009093020387;Przelew środków;-6,50;PLN;'M042100190379189;PRZELEW EXPRESS ELIXIR;Przelew
28.09.2021;28.09.2021;UNITED VENDING POLSKA  STARE BABICE;;'23124015321111001044176713;;*********3025639;-4,20;PLN;'C992127119124704;TRANSAKCJA KARTĄ PŁATNICZĄ;Artykuły spożywcze
28.09.2021;28.09.2021;ZABKA Z9154 K.1        WARSZAWA;;'23124015321111001044176713;;*********3025639;-3,99;PLN;'C992127119115060;TRANSAKCJA KARTĄ PŁATNICZĄ;Artykuły spożywcze
28.09.2021;28.09.2021;ZABKA Z4410 K.1        WARSZAWA;;'23124015321111001044176713;;*********3025639;-20,67;PLN;'C992127113920950;TRANSAKCJA KARTĄ PŁATNICZĄ;Artykuły spożywcze
28.09.2021;28.09.2021;BILETOMAT              WARSZAWA;;'23124015321111001044176713;;*********3025639;-110,00;PLN;'C992127109809480;TRANSAKCJA KARTĄ PŁATNICZĄ;Transport publiczny
28.09.2021;28.09.2021;;;'23124015321111001044176713;'92124020921362991111000000;Opłata za obsługę kartyMasterCard Debit*43025639 za miesiąc 9.2021;-1,00;PLN;'M01504IR00175251;PROWIZJE AUT.;Opłaty bankowe
27.09.2021;27.09.2021;ZABKA Z2933 K.1        WARSZAWA;;'23124015321111001044176713;;*********3025639;-10,25;PLN;'C992127019703152;TRANSAKCJA KARTĄ PŁATNICZĄ;Artykuły spożywcze
27.09.2021;26.09.2021;ZABKA Z2933 K.1        WARSZAWA;;'23124015321111001044176713;;*********3025639;-6,00;PLN;'C992126917278849;TRANSAKCJA KARTĄ PŁATNICZĄ;Artykuły spożywcze
27.09.2021;26.09.2021;PAWEL GOLINSKI   89188 WARSZAWA;;'23124015321111001044176713;;*********3025639;-23,00;PLN;'C992126917275437;TRANSAKCJA KARTĄ PŁATNICZĄ;Restauracje i kawiarnie
27.09.2021;26.09.2021;ZABKA Z2933 K.1        WARSZAWA;;'23124015321111001044176713;;*********3025639;-9,09;PLN;'C992126911189451;TRANSAKCJA KARTĄ PŁATNICZĄ;Artykuły spożywcze
25.09.2021;25.09.2021;SONY CENTRE WOLA PA    WARSZAWA;;'23124015321111001044176713;;*********3025639;-139,00;PLN;'C992126816027545;TRANSAKCJA KARTĄ PŁATNICZĄ;Sprzęt AGD i RTV
25.09.2021;25.09.2021;EMPIK S.A. PPSCO L3000 WARSZAWA;;'23124015321111001044176713;;*********3025639;-8,99;PLN;'C992126818087459;TRANSAKCJA KARTĄ PŁATNICZĄ;Książki
25.09.2021;25.09.2021;NORTH FISH WOLA PAR    WARSZAWA;;'23124015321111001044176713;;*********3025639;-18,95;PLN;'C992126816017219;TRANSAKCJA KARTĄ PŁATNICZĄ;Restauracje i kawiarnie
25.09.2021;25.09.2021;HM                     WARSZAWA;;'23124015321111001044176713;;*********3025639;-53,99;PLN;'C992126815009909;TRANSAKCJA KARTĄ PŁATNICZĄ;Ubrania
25.09.2021;25.09.2021;JAKDOJADE.PL           POZNAN;;'23124015321111001044176713;;*********3025639;-20,00;PLN;'C992126811839810;TRANSAKCJA KARTĄ PŁATNICZĄ;Transport publiczny
25.09.2021;25.09.2021;CARERREFOUR EXPRESS P7 WARSZAWA;;'23124015321111001044176713;;*********3025639;-4,49;PLN;'C992126810820538;TRANSAKCJA KARTĄ PŁATNICZĄ;Artykuły spożywcze
25.09.2021;25.09.2021;ZABKA Z2819 K.2        WARSZAWA;;'23124015321111001044176713;;*********3025639;-12,99;PLN;'C992126810816395;TRANSAKCJA KARTĄ PŁATNICZĄ;Artykuły spożywcze
24.09.2021;24.09.2021;ZABKA Z2933 K.2        WARSZAWA;;'23124015321111001044176713;;*********3025639;-20,86;PLN;'C992126719652886;TRANSAKCJA KARTĄ PŁATNICZĄ;Artykuły spożywcze
24.09.2021;24.09.2021;AUT BILET 2481890      WARSZAWA;;'23124015321111001044176713;;*********3025639;-3,40;PLN;'C992126718624131;TRANSAKCJA KARTĄ PŁATNICZĄ;Transport publiczny
24.09.2021;24.09.2021;IKEA RETAIL SP. Z O    WARSZAWA;;'23124015321111001044176713;;*********3025639;-9,99;PLN;'C992126718610962;TRANSAKCJA KARTĄ PŁATNICZĄ;Wyposażenie
24.09.2021;24.09.2021;BILETOMAT BILET ZTM    WARSZAWA;;'23124015321111001044176713;;*********3025639;-3,40;PLN;'C992126717570200;TRANSAKCJA KARTĄ PŁATNICZĄ;Transport publiczny
24.09.2021;24.09.2021;JULIA;;'23124015321111001044176713;'15105015591000009267210426;Przelew środków;-32,00;PLN;'M042100188839652;PRZELEW EXPRESS ELIXIR;Przelew
24.09.2021;24.09.2021;ZABKA Z2933 K.2        WARSZAWA;;'23124015321111001044176713;;*********3025639;-5,95;PLN;'C992126710344857;TRANSAKCJA KARTĄ PŁATNICZĄ;Artykuły spożywcze
23.09.2021;23.09.2021;AUCHAN POLSKA SP. Z    WARSZAWA;;'23124015321111001044176713;;*********3025639;-7,07;PLN;'C992126616112195;TRANSAKCJA KARTĄ PŁATNICZĄ;Artykuły spożywcze
23.09.2021;23.09.2021;AUCHAN POLSKA SP. Z    WARSZAWA;;'23124015321111001044176713;;*********3025639;-9,55;PLN;'C992126616110423;TRANSAKCJA KARTĄ PŁATNICZĄ;Artykuły spożywcze
23.09.2021;23.09.2021;FIT CAKE               WARSZAWA;;'23124015321111001044176713;;*********3025639;-23,00;PLN;'C992126612958789;TRANSAKCJA KARTĄ PŁATNICZĄ;Artykuły spożywcze
23.09.2021;23.09.2021;ZABKA Z4174 K.1        WARSZAWA;;'23124015321111001044176713;;*********3025639;-3,70;PLN;'C992126612953003;TRANSAKCJA KARTĄ PŁATNICZĄ;Artykuły spożywcze
23.09.2021;23.09.2021;MISS KIMCHI            WARSZAWA;;'23124015321111001044176713;;*********3025639;-33,00;PLN;'C992126611939531;TRANSAKCJA KARTĄ PŁATNICZĄ;Restauracje i kawiarnie
23.09.2021;22.09.2021;ZABKA Z2933 K.1        WARSZAWA;;'23124015321111001044176713;;*********3025639;-23,00;PLN;'C992126523806848;TRANSAKCJA KARTĄ PŁATNICZĄ;Artykuły spożywcze
23.09.2021;22.09.2021;AUCHAN POLSKA SP. Z    WARSZAWA;;'23124015321111001044176713;;*********3025639;-29,78;PLN;'C992126521797130;TRANSAKCJA KARTĄ PŁATNICZĄ;Artykuły spożywcze
22.09.2021;22.09.2021;JULIA BUDZIŃSKA;UL.PERŁOWA 23 71-804 SZCZECIN;'80114020040000320278151175;'23124015321111001044176713;PRZELEW ŚRODKÓW;25,00;PLN;'M042000015427905;PRZELEW EXPRESS ELIXIR;Inne
22.09.2021;22.09.2021;PAYU SA STANDARD;WARSZAWA;'23124015321111001044176713;'93124059181111001053653379;PayU XX2305558909XX pysznepl Pysznepl zamowienie nr TSNJXF;-61,95;PLN;'014219M628804760;REALIZACJA PŁATNOŚCI PEOPAY;Zakupy przez internet
22.09.2021;22.09.2021;ZABKA Z2933 K.1        WARSZAWA;;'23124015321111001044176713;;*********3025639;-6,00;PLN;'C992126510485039;TRANSAKCJA KARTĄ PŁATNICZĄ;Artykuły spożywcze
22.09.2021;21.09.2021;ZABKA Z2933 K.2        WARSZAWA;;'23124015321111001044176713;;*********3025639;-9,69;PLN;'C992126421399500;TRANSAKCJA KARTĄ PŁATNICZĄ;Artykuły spożywcze
21.09.2021;21.09.2021;PRALNIA SMARTDORM.PL   WARSZAWA;;'23124015321111001044176713;;*********3025639;-4,00;PLN;'C992126415237786;TRANSAKCJA KARTĄ PŁATNICZĄ;Artykuły spożywcze
21.09.2021;21.09.2021;ZABKA Z2933 K.2        WARSZAWA;;'23124015321111001044176713;;*********3025639;-8,00;PLN;'C992126414213645;TRANSAKCJA KARTĄ PŁATNICZĄ;Artykuły spożywcze
21.09.2021;21.09.2021;JULIA;;'23124015321111001044176713;'15105015591000009267210426;Przelew środków;-20,00;PLN;'M042100187616927;PRZELEW EXPRESS ELIXIR;Przelew
21.09.2021;21.09.2021;JULIA BUDZIŃSKA;UL.PERŁOWA 23 71-804 SZCZECIN;'80114020040000320278151175;'23124015321111001044176713;SKARPETKI;20,00;PLN;'M042000015372186;PRZELEW EXPRESS ELIXIR;Inne
21.09.2021;21.09.2021;ZABKA Z2933 K.1        WARSZAWA;;'23124015321111001044176713;;*********3025639;-8,59;PLN;'C992126410081269;TRANSAKCJA KARTĄ PŁATNICZĄ;Artykuły spożywcze
20.09.2021;20.09.2021;ZABKA Z2933 K.2        WARSZAWA;;'23124015321111001044176713;;*********3025639;-5,50;PLN;'C992126319847902;TRANSAKCJA KARTĄ PŁATNICZĄ;Artykuły spożywcze
20.09.2021;20.09.2021;RESTAURACJA LALIGURASH WARSZAWA;;'23124015321111001044176713;;*********3025639;-40,00;PLN;'C992126315699921;TRANSAKCJA KARTĄ PŁATNICZĄ;Restauracje i kawiarnie
20.09.2021;20.09.2021;CARREFOUR EXPRESS R99  WARSZAWA;;'23124015321111001044176713;;*********3025639;-1,25;PLN;'C992126314672900;TRANSAKCJA KARTĄ PŁATNICZĄ;Artykuły spożywcze
20.09.2021;20.09.2021;CARREFOUR EXPRESS R99  WARSZAWA;;'23124015321111001044176713;;*********3025639;-1,20;PLN;'C992126314671830;TRANSAKCJA KARTĄ PŁATNICZĄ;Artykuły spożywcze
20.09.2021;20.09.2021;ZABKA Z2933 K.1        WARSZAWA;;'23124015321111001044176713;;*********3025639;-4,97;PLN;'C992126310564271;TRANSAKCJA KARTĄ PŁATNICZĄ;Artykuły spożywcze
20.09.2021;19.09.2021;ZABKA Z9154 K.1        WARSZAWA;;'23124015321111001044176713;;*********3025639;-7,48;PLN;'C992126217417201;TRANSAKCJA KARTĄ PŁATNICZĄ;Artykuły spożywcze
20.09.2021;19.09.2021;ZABKA Z2933 K.1        WARSZAWA;;'23124015321111001044176713;;*********3025639;-6,29;PLN;'C992126212358905;TRANSAKCJA KARTĄ PŁATNICZĄ;Artykuły spożywcze
20.09.2021;18.09.2021;BILETOMAT TW 32831     WARSZAWA;;'23124015321111001044176713;;*********3025639;-3,40;PLN;'C992126123304611;TRANSAKCJA KARTĄ PŁATNICZĄ;Transport publiczny
20.09.2021;18.09.2021;ZABKA Z2933 K.1        WARSZAWA;;'23124015321111001044176713;;*********3025639;-10,69;PLN;'C992126122302270;TRANSAKCJA KARTĄ PŁATNICZĄ;Artykuły spożywcze
18.09.2021;18.09.2021;ŁUKASZ WACHOWICZ;;'23124015321111001044176713;'73102010130000070203708492;restauracja u siostr;-76,00;PLN;'M042100186442791;PRZELEW EXPRESS ELIXIR;Przelew
18.09.2021;18.09.2021;ZABKA Z2933 K.1        WARSZAWA;;'23124015321111001044176713;;*********3025639;-13,49;PLN;'C992126111001053;TRANSAKCJA KARTĄ PŁATNICZĄ;Artykuły spożywcze
18.09.2021;18.09.2021;UNITED VENDING POLSKA  STARE BABICE;;'23124015321111001044176713;;*********3025639;-4,20;PLN;'C992126102866524;TRANSAKCJA KARTĄ PŁATNICZĄ;Artykuły spożywcze
17.09.2021;17.09.2021;CASTORAMA WARSZAWA WOL WARSZAWA;;'23124015321111001044176713;;*********3025639;-28,96;PLN;'C992126019799466;TRANSAKCJA KARTĄ PŁATNICZĄ;Naprawy i remonty
17.09.2021;17.09.2021;AUCHAN POLSKA SP. Z    WARSZAWA;;'23124015321111001044176713;;*********3025639;-69,45;PLN;'C992126018787457;TRANSAKCJA KARTĄ PŁATNICZĄ;Artykuły spożywcze
17.09.2021;17.09.2021;KFC 22                 WARSZAWA;;'23124015321111001044176713;;*********3025639;-28,00;PLN;'C992126017764051;TRANSAKCJA KARTĄ PŁATNICZĄ;Restauracje i kawiarnie
17.09.2021;17.09.2021;Z003                   WARSZAWA;;'23124015321111001044176713;;*********3025639;-3,40;PLN;'C992126016707740;TRANSAKCJA KARTĄ PŁATNICZĄ;Inne
17.09.2021;17.09.2021;BILETOMAT              WARSZAWA;;'23124015321111001044176713;;*********3025639;-3,40;PLN;'C992126015662844;TRANSAKCJA KARTĄ PŁATNICZĄ;Transport publiczny
17.09.2021;17.09.2021;ZABKA Z2933 K.1        WARSZAWA;;'23124015321111001044176713;;*********3025639;-9,79;PLN;'C992126009458365;TRANSAKCJA KARTĄ PŁATNICZĄ;Artykuły spożywcze
16.09.2021;16.09.2021;MACHOP SP. Z O.O.      WARSZAWA;;'23124015321111001044176713;;*********3025639;-19,50;PLN;'C992125912129832;TRANSAKCJA KARTĄ PŁATNICZĄ;Restauracje i kawiarnie
16.09.2021;16.09.2021;BILETOMAT              WARSZAWA;;'23124015321111001044176713;;*********3025639;-6,80;PLN;'C992125908013247;TRANSAKCJA KARTĄ PŁATNICZĄ;Transport publiczny
15.09.2021;15.09.2021;LIDL 1572              WARSZAWA;;'23124015321111001044176713;;*********3025639;-40,92;PLN;'C992125814747724;TRANSAKCJA KARTĄ PŁATNICZĄ;Artykuły spożywcze
15.09.2021;15.09.2021;DS USTRONIE;KSIĘCIA JANUSZA 39 Warszawa                 01-452;'23124015321111001044176713;'71124069604903990001114373;Kamil Sobieraj, opłata za akademik530 zł;-530,00;PLN;'014219F623000110;REALIZACJA PŁATNOŚCI PEOPAY;Czynsz
15.09.2021;15.09.2021;ZABKA Z2933 K.2        WARSZAWA;;'23124015321111001044176713;;*********3025639;-5,30;PLN;'C992125810622626;TRANSAKCJA KARTĄ PŁATNICZĄ;Artykuły spożywcze
14.09.2021;14.09.2021;AUT BILET 2449420      WARSZAWA;;'23124015321111001044176713;;*********3025639;-4,40;PLN;'C992125714301924;TRANSAKCJA KARTĄ PŁATNICZĄ;Transport publiczny
14.09.2021;14.09.2021;JMP S.A. BIEDRONKA 637 WARSZAWA;;'23124015321111001044176713;;*********3025639;-45,10;PLN;'C992125713287016;TRANSAKCJA KARTĄ PŁATNICZĄ;Artykuły spożywcze
14.09.2021;14.09.2021;XIMIVOGUE MLOCINY      WARSZAWA;;'23124015321111001044176713;;*********3025639;-24,00;PLN;'C992125713268034;TRANSAKCJA KARTĄ PŁATNICZĄ;Inne
14.09.2021;14.09.2021;GOOD LOOD              KRAKOW;;'23124015321111001044176713;;*********3025639;-5,00;PLN;'C992125711226438;TRANSAKCJA KARTĄ PŁATNICZĄ;Restauracje i kawiarnie
14.09.2021;14.09.2021;AUT BILET 2422020      WARSZAWA;;'23124015321111001044176713;;*********3025639;-4,40;PLN;'C992125711209025;TRANSAKCJA KARTĄ PŁATNICZĄ;Transport publiczny
14.09.2021;14.09.2021;ZABKA Z2933 K.1        WARSZAWA;;'23124015321111001044176713;;*********3025639;-6,69;PLN;'C992125710201656;TRANSAKCJA KARTĄ PŁATNICZĄ;Artykuły spożywcze
13.09.2021;13.09.2021;SEBASTIAN KURYŁO;;'23124015321111001044176713;'20194010764625325400000000;Przelew środków;-31,00;PLN;'M042100184202015;PRZELEW EXPRESS ELIXIR;Przelew
13.09.2021;13.09.2021;GOOD LOOD              KRAKOW;;'23124015321111001044176713;;*********3025639;-5,00;PLN;'C992125619062023;TRANSAKCJA KARTĄ PŁATNICZĄ;Restauracje i kawiarnie
13.09.2021;13.09.2021;ZABKA Z2933 K.1        WARSZAWA;;'23124015321111001044176713;;*********3025639;-6,00;PLN;'C992125617996597;TRANSAKCJA KARTĄ PŁATNICZĄ;Artykuły spożywcze
13.09.2021;13.09.2021;ZABKA Z2933 K.2        WARSZAWA;;'23124015321111001044176713;;*********3025639;-1,30;PLN;'C992125609728360;TRANSAKCJA KARTĄ PŁATNICZĄ;Artykuły spożywcze
13.09.2021;12.09.2021;ORLEN STACJA NR 430    OSTROW MAZOW;;'23124015321111001044176713;;*********3025639;-17,98;PLN;'C992125519628734;TRANSAKCJA KARTĄ PŁATNICZĄ;Paliwo
13.09.2021;12.09.2021;BAR KOTWICA            NIEDZWIEDZI;;'23124015321111001044176713;;*********3025639;-33,00;PLN;'C992125515559790;TRANSAKCJA KARTĄ PŁATNICZĄ;Puby i kluby
13.09.2021;12.09.2021;SKLEP U JADZI          WIARTEL;;'23124015321111001044176713;;*********3025639;-9,50;PLN;'C992125510490125;TRANSAKCJA KARTĄ PŁATNICZĄ;Artykuły spożywcze
11.09.2021;11.09.2021;"SKLEP SPOZYWCZY ""TUKAN RUCIANE-NIDA";;'23124015321111001044176713;;*********3025639;-22,70;PLN;'C992125419406005;TRANSAKCJA KARTĄ PŁATNICZĄ;Artykuły spożywcze
11.09.2021;11.09.2021;CIRCLE K OSTROLEKA     OSTROLEKA;;'23124015321111001044176713;;*********3025639;-8,99;PLN;'C992125407005474;TRANSAKCJA KARTĄ PŁATNICZĄ;Paliwo
11.09.2021;11.09.2021;BILETOMAT TW 31201     WARSZAWA;;'23124015321111001044176713;;*********3025639;-3,40;PLN;'C992125404980922;TRANSAKCJA KARTĄ PŁATNICZĄ;Transport publiczny
10.09.2021;10.09.2021;ZABKA Z2933 K.1        WARSZAWA;;'23124015321111001044176713;;*********3025639;-14,27;PLN;'C992125310569545;TRANSAKCJA KARTĄ PŁATNICZĄ;Artykuły spożywcze
10.09.2021;10.09.2021;ZABKA Z7810 K.2        WARSZAWA;;'23124015321111001044176713;;*********3025639;-7,20;PLN;'C992125313692075;TRANSAKCJA KARTĄ PŁATNICZĄ;Artykuły spożywcze
10.09.2021;10.09.2021;JMP S.A. BIEDRONKA 418 WARSZAWA;;'23124015321111001044176713;;*********3025639;-62,82;PLN;'C992125320939766;TRANSAKCJA KARTĄ PŁATNICZĄ;Artykuły spożywcze
09.09.2021;09.09.2021;ZABKA Z2933 K.1        WARSZAWA;;'23124015321111001044176713;;*********3025639;-9,00;PLN;'C992125215255697;TRANSAKCJA KARTĄ PŁATNICZĄ;Artykuły spożywcze
09.09.2021;09.09.2021;BILETOMAT              WARSZAWA;;'23124015321111001044176713;;*********3025639;-6,80;PLN;'C992125213196070;TRANSAKCJA KARTĄ PŁATNICZĄ;Transport publiczny
09.09.2021;08.09.2021;ZABKA Z2933 K.1        WARSZAWA;;'23124015321111001044176713;;*********3025639;-11,69;PLN;'C992125121985507;TRANSAKCJA KARTĄ PŁATNICZĄ;Artykuły spożywcze
09.09.2021;09.09.2021;UBER   * EATS PENDING  AMSTERDAM;;'23124015321111001044176713;;*********3025639;-60,99;PLN;'C992125217333909;TRANSAKCJA KARTĄ PŁATNICZĄ;Restauracje i kawiarnie
09.09.2021;09.09.2021;DECATHLON WARSZAWA     BLIZNE LASZC;;'23124015321111001044176713;;*********3025639;-169,98;PLN;'C992125211124387;TRANSAKCJA KARTĄ PŁATNICZĄ;Sport
09.09.2021;09.09.2021;AUCHAN POLSKA SP. Z    WARSZAWA;;'23124015321111001044176713;;*********3025639;-13,69;PLN;'C992125210088867;TRANSAKCJA KARTĄ PŁATNICZĄ;Artykuły spożywcze
09.09.2021;09.09.2021;SEBASTIAN KURYŁO;AUGUSTÓW 16-300 16-300 AUGUSTÓW UL. NADRZECZNA 140A;'20194010764625325400000000;'23124015321111001044176713;Przelew na telefon BLIK;34,00;PLN;'M042000014846337;PRZELEW EXPRESS ELIXIR;Sprzedaż
09.09.2021;09.09.2021;ASSECO POLAND SA PŁACE;UL. OLCHOWA 14 35-322 RZESZÓW;'42124059181111000049090675;'23124015321111001044176713;WYNAGRODZENIE 08/2021 **202108U** 23119;5 064,32;PLN;'4910909986983500;PRZELEW;Wynagrodzenie
09.09.2021;09.09.2021;AUT BILET 2487430      WARSZAWA;;'23124015321111001044176713;;*********3025639;-4,40;PLN;'C992125211131574;TRANSAKCJA KARTĄ PŁATNICZĄ;Transport publiczny
09.09.2021;09.09.2021;ZABKA Z2933 K.1        WARSZAWA;;'23124015321111001044176713;;*********3025639;-2,50;PLN;'C992125212157346;TRANSAKCJA KARTĄ PŁATNICZĄ;Artykuły spożywcze
09.09.2021;09.09.2021;GOOD LOOD              KRAKOW;;'23124015321111001044176713;;*********3025639;-5,00;PLN;'C992125212143023;TRANSAKCJA KARTĄ PŁATNICZĄ;Restauracje i kawiarnie
08.09.2021;08.09.2021;ZABKA Z2933 K.2        WARSZAWA;;'23124015321111001044176713;;*********3025639;-1,30;PLN;'C992125109631770;TRANSAKCJA KARTĄ PŁATNICZĄ;Artykuły spożywcze
08.09.2021;08.09.2021;PAWEL GOLINSKI   89188 WARSZAWA;;'23124015321111001044176713;;*********3025639;-22,00;PLN;'C992125114780003;TRANSAKCJA KARTĄ PŁATNICZĄ;Restauracje i kawiarnie
07.09.2021;07.09.2021;NA ZAKWASIE      02135 WARSZAWA;;'23124015321111001044176713;;*********3025639;-4,44;PLN;'C992125019531019;TRANSAKCJA KARTĄ PŁATNICZĄ;Artykuły spożywcze
07.09.2021;07.09.2021;MACHOP SP. Z O.O.      WARSZAWA;;'23124015321111001044176713;;*********3025639;-20,50;PLN;'C992125013335106;TRANSAKCJA KARTĄ PŁATNICZĄ;Restauracje i kawiarnie
07.09.2021;07.09.2021;MERA SERWIS SGL SP  Z  WARSZAWA;;'23124015321111001044176713;;*********3025639;-6,80;PLN;'C992125007168160;TRANSAKCJA KARTĄ PŁATNICZĄ;Transport publiczny
07.09.2021;07.09.2021;IRENEUSZ SZYMANIAK     GRODZISK MAZ;;'23124015321111001044176713;;*********3025639;-5,00;PLN;'C992125008173948;TRANSAKCJA KARTĄ PŁATNICZĄ;Artykuły spożywcze
06.09.2021;06.09.2021;ZABKA Z2933 K.2        WARSZAWA;;'23124015321111001044176713;;*********3025639;-6,00;PLN;'C992124910796195;TRANSAKCJA KARTĄ PŁATNICZĄ;Artykuły spożywcze
06.09.2021;06.09.2021;BILETOMAT              WARSZAWA;;'23124015321111001044176713;;*********3025639;-8,80;PLN;'C992124911825034;TRANSAKCJA KARTĄ PŁATNICZĄ;Transport publiczny
06.09.2021;06.09.2021;ŁUKASZ GALA;;'23124015321111001044176713;'54105014611000009093020387;kwiaty;-5,00;PLN;'M042100179985055;PRZELEW EXPRESS ELIXIR;Przelew
06.09.2021;05.09.2021;KEBAB BASIT            WARSZAWA;;'23124015321111001044176713;;*********3025639;-26,00;PLN;'C992124823707659;TRANSAKCJA KARTĄ PŁATNICZĄ;Restauracje i kawiarnie
06.09.2021;05.09.2021;KIP;HTTPS://MIKR.US ul. Sw. Marcin 73,Poznan;'23124015321111001044176713;;BLIK REF       61319190921;-55,00;PLN;'C992124816719713;PŁATNOŚĆ BLIK;Bez kategorii
06.09.2021;04.09.2021;ZABKA Z2933 K.1        WARSZAWA;;'23124015321111001044176713;;*********3025639;-16,00;PLN;'C992124721514149;TRANSAKCJA KARTĄ PŁATNICZĄ;Artykuły spożywcze
04.09.2021;03.09.2021;ZABKA Z2933 K.1        WARSZAWA;;'23124015321111001044176713;;*********3025639;-21,99;PLN;'C992124621053895;TRANSAKCJA KARTĄ PŁATNICZĄ;Artykuły spożywcze
04.09.2021;04.09.2021;BOGDAN SOBIERAJ;UL KOŁŁĄTAJA 3/23 18-403    ŁOMŻA               PL;'92124015321111001070940584;'23124015321111001044176713;zasilenie konta;500,00;PLN;'0142194605106681;PRZELEW;Inne
03.09.2021;03.09.2021;ASIA TASTY             WARSZAWA;;'23124015321111001044176713;;*********3025639;-9,00;PLN;'C992124610698131;TRANSAKCJA KARTĄ PŁATNICZĄ;Restauracje i kawiarnie
03.09.2021;03.09.2021;MERA SERWIS SGL SP  Z  WARSZAWA;;'23124015321111001044176713;;*********3025639;-8,80;PLN;'C992124609657006;TRANSAKCJA KARTĄ PŁATNICZĄ;Transport publiczny
03.09.2021;03.09.2021;HUBIZ 34527            WARSZAWA;;'23124015321111001044176713;;*********3025639;-10,98;PLN;'C992124609662010;TRANSAKCJA KARTĄ PŁATNICZĄ;Gazety lub czasopisma
03.09.2021;03.09.2021;SUMUP  *ROSLINY DLA KA WARSZAWA;;'23124015321111001044176713;;*********3025639;-10,00;PLN;'C992124610684945;TRANSAKCJA KARTĄ PŁATNICZĄ;Bez kategorii
02.09.2021;01.09.2021;ZABKA Z2933 K.1        WARSZAWA;;'23124015321111001044176713;;*********3025639;-16,88;PLN;'C992124422133812;TRANSAKCJA KARTĄ PŁATNICZĄ;Artykuły spożywcze
02.09.2021;02.09.2021;NETFLIX.COM            NETFLIX.COM;;'23124015321111001044176713;;*********3025639;-52,00;PLN;'C992124505140837;TRANSAKCJA KARTĄ PŁATNICZĄ;Internet, TV, telefon
01.09.2021;01.09.2021;MACHOP SP. Z O.O.      WARSZAWA;;'23124015321111001044176713;;*********3025639;-30,00;PLN;'C992124414903319;TRANSAKCJA KARTĄ PŁATNICZĄ;Restauracje i kawiarnie
01.09.2021;01.09.2021;IRENEUSZ SZYMANIAK     GRODZISK MAZ;;'23124015321111001044176713;;*********3025639;-4,50;PLN;'C992124410779747;TRANSAKCJA KARTĄ PŁATNICZĄ;Artykuły spożywcze
01.09.2021;01.09.2021;BILETOMAT              WARSZAWA;;'23124015321111001044176713;;*********3025639;-3,40;PLN;'C992124410769332;TRANSAKCJA KARTĄ PŁATNICZĄ;Transport publiczny
01.09.2021;01.09.2021;TOO GOOD TO GO APS     COPENHAGEN S;;'23124015321111001044176713;;;-9,99;PLN;'C992124419100132;TRANSAKCJA KARTĄ PŁATNICZĄ;Restauracje i kawiarnie
01.09.2021;01.09.2021;MPSA - A 171           WARSZAWA;;'23124015321111001044176713;;*********3025639;-3,40;PLN;'C992124420104606;TRANSAKCJA KARTĄ PŁATNICZĄ;Transport publiczny
31.08.2021;31.08.2021;LIDL KAROLKOWA         WARSZAWA;;'23124015321111001044176713;;*********3025639;-131,43;PLN;'C992124316554107;TRANSAKCJA KARTĄ PŁATNICZĄ;Artykuły spożywcze
31.08.2021;31.08.2021;;;;'23124015321111001044176713;ODSETKI OD DEPOZYTU;0,20;PLN;'014218V98C001245;ODSETKI OD DEPOZYTU;Odsetki, zwrot z inwestycji
31.08.2021;31.08.2021;;;'23124015321111001044176713;;PODATEK POBRANY;-0,04;PLN;'014218V98C001244;PODATEK POBRANY;Podatki
31.08.2021;31.08.2021;ASSECO POLAND SA PŁACE;UL. OLCHOWA 14 35-322 RZESZÓW;'42124059181111000049090675;'23124015321111001044176713;WYNAGRODZENIE ZA PRACE W NOCY I NADGODZINY **202108N2** 23119;428,87;PLN;'4910831987441727;PRZELEW;Wynagrodzenie
31.08.2021;31.08.2021;PAYU;DOLADOWANIA.PLA Grunwaldzka 186,Poznan;'23124015321111001044176713;;BLIK REF       61219685271;-25,00;PLN;'C992124315314098;PŁATNOŚĆ BLIK;Hotele
30.08.2021;29.08.2021;ZABKA Z2933 K.1        WARSZAWA;;'23124015321111001044176713;;*********3025639;-17,39;PLN;'C992124112668347;TRANSAKCJA KARTĄ PŁATNICZĄ;Artykuły spożywcze
30.08.2021;29.08.2021;ZABKA Z2933 K.2        WARSZAWA;;'23124015321111001044176713;;*********3025639;-3,20;PLN;'C992124117795167;TRANSAKCJA KARTĄ PŁATNICZĄ;Artykuły spożywcze
30.08.2021;29.08.2021;BILETOMAT              WARSZAWA;;'23124015321111001044176713;;*********3025639;-4,40;PLN;'C992124114726723;TRANSAKCJA KARTĄ PŁATNICZĄ;Transport publiczny
30.08.2021;30.08.2021;JMP S.A. BIEDRONKA 418 WARSZAWA;;'23124015321111001044176713;;*********3025639;-69,67;PLN;'C992124217166930;TRANSAKCJA KARTĄ PŁATNICZĄ;Artykuły spożywcze
30.08.2021;30.08.2021;ZABKA Z2933 K.1        WARSZAWA;;'23124015321111001044176713;;*********3025639;-12,47;PLN;'C992124210945378;TRANSAKCJA KARTĄ PŁATNICZĄ;Artykuły spożywcze
30.08.2021;28.08.2021;ZABKA Z2933 K.2        WARSZAWA;;'23124015321111001044176713;;*********3025639;-19,59;PLN;'C992124021595058;TRANSAKCJA KARTĄ PŁATNICZĄ;Artykuły spożywcze
30.08.2021;28.08.2021;ZABKA Z2933 K.2        WARSZAWA;;'23124015321111001044176713;;*********3025639;-13,80;PLN;'C992124021595756;TRANSAKCJA KARTĄ PŁATNICZĄ;Artykuły spożywcze
30.08.2021;29.08.2021;ZABKA Z2933 K.1        WARSZAWA;;'23124015321111001044176713;;*********3025639;-27,06;PLN;'C992124120839153;TRANSAKCJA KARTĄ PŁATNICZĄ;Artykuły spożywcze
28.08.2021;28.08.2021;ZABKA Z2933 K.2        WARSZAWA;;'23124015321111001044176713;;*********3025639;-11,30;PLN;'C992124014442156;TRANSAKCJA KARTĄ PŁATNICZĄ;Artykuły spożywcze
28.08.2021;28.08.2021;CASHBILL;MYSTICTRAVEL.CO Sobieskiego 2,Katowice;'23124015321111001044176713;;BLIK REF       61154388949;-365,00;PLN;'C992124011470260;PŁATNOŚĆ BLIK;Podróże
28.08.2021;28.08.2021;ZABKA Z2933 K.1        WARSZAWA;;'23124015321111001044176713;;*********3025639;-4,49;PLN;'C992124014442714;TRANSAKCJA KARTĄ PŁATNICZĄ;Artykuły spożywcze
28.08.2021;28.08.2021;MICHAŁ KOZAK;;'23124015321111001044176713;'94105010251000009091696071;kebab;-19,00;PLN;'M042100176125932;PRZELEW EXPRESS ELIXIR;Przelew
28.08.2021;27.08.2021;ZABKA Z2933 K.2        WARSZAWA;;'23124015321111001044176713;;*********3025639;-1,99;PLN;'C992123921139460;TRANSAKCJA KARTĄ PŁATNICZĄ;Artykuły spożywcze
28.08.2021;27.08.2021;PAWEL GOLINSKI   89188 WARSZAWA;;'23124015321111001044176713;;*********3025639;-23,00;PLN;'C992123920138495;TRANSAKCJA KARTĄ PŁATNICZĄ;Restauracje i kawiarnie
27.08.2021;27.08.2021;ZABKA Z2933 K.1        WARSZAWA;;'23124015321111001044176713;;*********3025639;-1,30;PLN;'C992123911803789;TRANSAKCJA KARTĄ PŁATNICZĄ;Artykuły spożywcze
27.08.2021;26.08.2021;ZABKA Z2933 K.1        WARSZAWA;;'23124015321111001044176713;;*********3025639;-9,40;PLN;'C992123821676298;TRANSAKCJA KARTĄ PŁATNICZĄ;Artykuły spożywcze
26.08.2021;26.08.2021;POLSKIE PACZKI         WARSZAWA;;'23124015321111001044176713;;*********3025639;-4,50;PLN;'C992123815498427;TRANSAKCJA KARTĄ PŁATNICZĄ;Restauracje i kawiarnie
25.08.2021;25.08.2021;PAYU SA ALLEGRO;WARSZAWA;'23124015321111001044176713;'25124059181111001053651984;PayU w Allegro XX2269741110XX wwwallegropl Allegro c5bab7d1 059;-49,00;PLN;'014218P625802956;REALIZACJA PŁATNOŚCI PEOPAY;Zakupy przez internet
25.08.2021;25.08.2021;ZABKA Z2933 K.1        WARSZAWA;;'23124015321111001044176713;;*********3025639;-12,69;PLN;'C992123712984767;TRANSAKCJA KARTĄ PŁATNICZĄ;Artykuły spożywcze
23.08.2021;23.08.2021;AUCHAN POLSKA SP. Z    WARSZAWA;;'23124015321111001044176713;;*********3025639;-84,90;PLN;'C992123515253041;TRANSAKCJA KARTĄ PŁATNICZĄ;Artykuły spożywcze
23.08.2021;23.08.2021;ZABKA Z2933 K.1        WARSZAWA;;'23124015321111001044176713;;*********3025639;-2,50;PLN;'C992123513182695;TRANSAKCJA KARTĄ PŁATNICZĄ;Artykuły spożywcze
23.08.2021;22.08.2021;ZABKA Z2933 K.1        WARSZAWA;;'23124015321111001044176713;;*********3025639;-2,99;PLN;'C992123414774225;TRANSAKCJA KARTĄ PŁATNICZĄ;Artykuły spożywcze
23.08.2021;21.08.2021;ZABKA Z2933 K.2        WARSZAWA;;'23124015321111001044176713;;*********3025639;-5,40;PLN;'C992123322677123;TRANSAKCJA KARTĄ PŁATNICZĄ;Artykuły spożywcze
21.08.2021;21.08.2021;NETTO 4436 K.2         IZABELIN;;'23124015321111001044176713;;*********3025639;-2,05;PLN;'C992123316555680;TRANSAKCJA KARTĄ PŁATNICZĄ;Artykuły spożywcze
21.08.2021;20.08.2021;ZABKA Z2933 K.2        WARSZAWA;;'23124015321111001044176713;;*********3025639;-5,20;PLN;'C992123221206848;TRANSAKCJA KARTĄ PŁATNICZĄ;Artykuły spożywcze
21.08.2021;21.08.2021;FAVORI KEBAB           WARSZAWA;;'23124015321111001044176713;;*********3025639;-23,00;PLN;'C992123317571540;TRANSAKCJA KARTĄ PŁATNICZĄ;Restauracje i kawiarnie
21.08.2021;21.08.2021;LIDL KSIECIA BOLESL    WARSZAWA;;'23124015321111001044176713;;*********3025639;-15,60;PLN;'C992123313462532;TRANSAKCJA KARTĄ PŁATNICZĄ;Artykuły spożywcze
21.08.2021;21.08.2021;GOOD LOOD              KRAKOW;;'23124015321111001044176713;;*********3025639;-10,00;PLN;'C992123317581467;TRANSAKCJA KARTĄ PŁATNICZĄ;Restauracje i kawiarnie
19.08.2021;19.08.2021;PAYU SA STANDARD;WARSZAWA;'23124015321111001044176713;'93124059181111001053653379;PayU XX2262233066XX aptekageminiplApteka Gemini   zamowienie   190821002223199;-68,05;PLN;'014218J604807765;REALIZACJA PŁATNOŚCI PEOPAY;Zakupy przez internet
19.08.2021;19.08.2021;LIDL KSIECIA BOLESL    WARSZAWA;;'23124015321111001044176713;;*********3025639;-111,65;PLN;'C992123118673728;TRANSAKCJA KARTĄ PŁATNICZĄ;Artykuły spożywcze
19.08.2021;19.08.2021;ZABKA Z2933 K.2        WARSZAWA;;'23124015321111001044176713;;*********3025639;-10,79;PLN;'C992123112446557;TRANSAKCJA KARTĄ PŁATNICZĄ;Artykuły spożywcze
18.08.2021;18.08.2021;ZABKA Z2933 K.1        WARSZAWA;;'23124015321111001044176713;;*********3025639;-13,25;PLN;'C992123012033090;TRANSAKCJA KARTĄ PŁATNICZĄ;Artykuły spożywcze
18.08.2021;17.08.2021;ZABKA Z2933 K.2        WARSZAWA;;'23124015321111001044176713;;*********3025639;-9,80;PLN;'C992122922871605;TRANSAKCJA KARTĄ PŁATNICZĄ;Artykuły spożywcze
18.08.2021;18.08.2021;ZABKA Z2933 K.1        WARSZAWA;;'23124015321111001044176713;;*********3025639;-11,00;PLN;'C992123018223670;TRANSAKCJA KARTĄ PŁATNICZĄ;Artykuły spożywcze
17.08.2021;17.08.2021;;;'23124015321111001044176713;'92124020921362991111000000;Opłata za obsługę kartyMasterCard Debit*43025639 za miesiąc 8.2021;-0,99;PLN;'M01504HG00018884;PROWIZJE AUT.;Opłaty bankowe
17.08.2021;17.08.2021;WELCOME INDIA 02       WARSZAWA;;'23124015321111001044176713;;*********3025639;-42,00;PLN;'C992122917772103;TRANSAKCJA KARTĄ PŁATNICZĄ;Restauracje i kawiarnie
17.08.2021;16.08.2021;ZABKA Z2933 K.2        WARSZAWA;;'23124015321111001044176713;;*********3025639;-5,00;PLN;'C992122820426283;TRANSAKCJA KARTĄ PŁATNICZĄ;Artykuły spożywcze
17.08.2021;17.08.2021;DECATHLON WARSZAWA     BLIZNE LASZC;;'23124015321111001044176713;;*********3025639;-54,98;PLN;'C992122917764340;TRANSAKCJA KARTĄ PŁATNICZĄ;Sport
16.08.2021;16.08.2021;SEBASTIAN KURYŁO;AUGUSTÓW 16-300 16-300 AUGUSTÓW UL. NADRZECZNA 140A;'20194010764625325400000000;'23124015321111001044176713;Przelew na telefon BLIK;42,00;PLN;'M042000013829586;PRZELEW EXPRESS ELIXIR;Sprzedaż
16.08.2021;16.08.2021;ZABKA Z2933 K.2        WARSZAWA;;'23124015321111001044176713;;*********3025639;-2,60;PLN;'C992122810096970;TRANSAKCJA KARTĄ PŁATNICZĄ;Artykuły spożywcze
16.08.2021;16.08.2021;PRZELEWY24;WARSZAWA;'23124015321111001044176713;'68124066091111001064604773;P24-Q17-K62-N06 Allegro 5fd07da1-fe7;-227,19;PLN;'014218G620806463;REALIZACJA PŁATNOŚCI PEOPAY;Inne
16.08.2021;15.08.2021;ZABKA Z2933 K.1        WARSZAWA;;'23124015321111001044176713;;*********3025639;-9,99;PLN;'C992122714696145;TRANSAKCJA KARTĄ PŁATNICZĄ;Artykuły spożywcze
16.08.2021;16.08.2021;PIZZA NA WYPASIE       WARSZAWA;;'23124015321111001044176713;;*********3025639;-38,38;PLN;'C992122818360446;TRANSAKCJA KARTĄ PŁATNICZĄ;Restauracje i kawiarnie
16.08.2021;16.08.2021;JAROSŁAW JAKUB MILLER;RYNEK 65 26-025    ŁAGÓW               PL;'75124060031111001047891677;'23124015321111001044176713;splitwise;38,00;PLN;'503218G628600238;PRZELEW;Inne
14.08.2021;14.08.2021;AUCHAN POLSKA SP. Z    WARSZAWA;;'23124015321111001044176713;;*********3025639;-85,36;PLN;'C992122616476313;TRANSAKCJA KARTĄ PŁATNICZĄ;Artykuły spożywcze
14.08.2021;14.08.2021;DS USTRONIE;KSIĘCIA JANUSZA 39 Warszawa                 01-452;'23124015321111001044176713;'71124069604903990001114373;Kamil Sobieraj, opłata za akademik530zł;-530,00;PLN;'014218E601901343;PRZELEW INTERNET;Czynsz
14.08.2021;14.08.2021;UNITED VENDING POLSKA  STARE BABICE;;'23124015321111001044176713;;*********3025639;-4,20;PLN;'C992122614412918;TRANSAKCJA KARTĄ PŁATNICZĄ;Artykuły spożywcze
14.08.2021;14.08.2021;SKLAD SPORTOWY DZIELNA WARSZAWA;;'23124015321111001044176713;;*********3025639;-2 919,00;PLN;'C992122613393495;TRANSAKCJA KARTĄ PŁATNICZĄ;Inne
14.08.2021;14.08.2021;BOZZO*           80939 WARSZAWA;;'23124015321111001044176713;;*********3025639;-10,00;PLN;'C992122613380601;TRANSAKCJA KARTĄ PŁATNICZĄ;Artykuły spożywcze
14.08.2021;14.08.2021;ZABKA Z2949 K.1        WARSZAWA;;'23124015321111001044176713;;*********3025639;-6,50;PLN;'C992122612347391;TRANSAKCJA KARTĄ PŁATNICZĄ;Artykuły spożywcze
14.08.2021;14.08.2021;ZABKA Z2933 K.2        WARSZAWA;;'23124015321111001044176713;;*********3025639;-16,69;PLN;'C992122610256638;TRANSAKCJA KARTĄ PŁATNICZĄ;Artykuły spożywcze
13.08.2021;13.08.2021;AUTOMATSPEC            DABROWA GORN;;'23124015321111001044176713;;*********3025639;-3,50;PLN;'C992122512787606;TRANSAKCJA KARTĄ PŁATNICZĄ;Artykuły spożywcze
13.08.2021;13.08.2021;FADI KEBAB             WARSZAWA;;'23124015321111001044176713;;*********3025639;-17,50;PLN;'C992122511769944;TRANSAKCJA KARTĄ PŁATNICZĄ;Restauracje i kawiarnie
13.08.2021;13.08.2021;ASSECO POLAND SA PŁACE;UL. OLCHOWA 14 35-322 RZESZÓW;'42124059181111000049090675;'23124015321111001044176713;PREMIA STAND-BY **202108P1** 23119;293,80;PLN;'4910813981131289;PRZELEW;Premia, nagroda
13.08.2021;13.08.2021;BILETOMAT              WARSZAWA;;'23124015321111001044176713;;*********3025639;-15,00;PLN;'C992122506637860;TRANSAKCJA KARTĄ PŁATNICZĄ;Transport publiczny
13.08.2021;13.08.2021;ZABKA Z9154 K.1        WARSZAWA;;'23124015321111001044176713;;*********3025639;-13,10;PLN;'C992122506637069;TRANSAKCJA KARTĄ PŁATNICZĄ;Artykuły spożywcze
12.08.2021;12.08.2021;ZABKA Z2933 K.1        WARSZAWA;;'23124015321111001044176713;;*********3025639;-12,98;PLN;'C992122409213979;TRANSAKCJA KARTĄ PŁATNICZĄ;Artykuły spożywcze
11.08.2021;11.08.2021;ZABKA Z2933 K.2        WARSZAWA;;'23124015321111001044176713;;*********3025639;-7,30;PLN;'C992122315946962;TRANSAKCJA KARTĄ PŁATNICZĄ;Artykuły spożywcze
11.08.2021;11.08.2021;UBER   * PENDING       AMSTERDAM;;'23124015321111001044176713;;*********3025639;-16,21;PLN;'C992122301675755;TRANSAKCJA KARTĄ PŁATNICZĄ;Taxi
11.08.2021;11.08.2021;PROSTY TEMAT WARSZA    WARSZAWA;;'23124015321111001044176713;;*********3025639;-22,00;PLN;'C992122300674140;TRANSAKCJA KARTĄ PŁATNICZĄ;Restauracje i kawiarnie
11.08.2021;10.08.2021;KUFLE I KAPSLE MU19516 WARSZAWA;;'23124015321111001044176713;;*********3025639;-31,00;PLN;'C992122222671102;TRANSAKCJA KARTĄ PŁATNICZĄ;Puby i kluby
11.08.2021;10.08.2021;KUFLE I KAPSLE MU19516 WARSZAWA;;'23124015321111001044176713;;*********3025639;-28,00;PLN;'C992122220654982;TRANSAKCJA KARTĄ PŁATNICZĄ;Puby i kluby
10.08.2021;10.08.2021;KUFLE I KAPSLE MU19516 WARSZAWA;;'23124015321111001044176713;;*********3025639;-32,00;PLN;'C992122220639331;TRANSAKCJA KARTĄ PŁATNICZĄ;Puby i kluby
10.08.2021;10.08.2021;KUFLE I KAPSLE MU19516 WARSZAWA;;'23124015321111001044176713;;*********3025639;-28,00;PLN;'C992122217571507;TRANSAKCJA KARTĄ PŁATNICZĄ;Puby i kluby
10.08.2021;10.08.2021;KUFLE I KAPSLE MU19516 WARSZAWA;;'23124015321111001044176713;;*********3025639;-18,00;PLN;'C992122217553480;TRANSAKCJA KARTĄ PŁATNICZĄ;Puby i kluby
10.08.2021;10.08.2021;AUTOMATSPEC            DABROWA GORN;;'23124015321111001044176713;;*********3025639;-3,50;PLN;'C992122215496486;TRANSAKCJA KARTĄ PŁATNICZĄ;Artykuły spożywcze
10.08.2021;10.08.2021;IRENEUSZ SZYMANIAK     GRODZISK MAZ;;'23124015321111001044176713;;*********3025639;-6,00;PLN;'C992122206221759;TRANSAKCJA KARTĄ PŁATNICZĄ;Artykuły spożywcze
10.08.2021;09.08.2021;ZABKA Z2933 K.2        WARSZAWA;;'23124015321111001044176713;;*********3025639;-7,50;PLN;'C992122122202992;TRANSAKCJA KARTĄ PŁATNICZĄ;Artykuły spożywcze
09.08.2021;09.08.2021;WACŁAW SEBASTIAN BOROWSKI;UL. DARŁOWSKA 3  M.46 04-091 WARSZAWA;'50102055581111138370700074;'23124015321111001044176713;KAMIL ZIOM2021 LIPIEC SIERPIEŃ WRZESIEŃ;39,00;PLN;'VHI0001133733105;PRZELEW KRAJOWY MIĘDZYBANKOWY;Inne
09.08.2021;09.08.2021;ASSECO POLAND SA PŁACE;UL. OLCHOWA 14 35-322 RZESZÓW;'42124059181111000049090675;'23124015321111001044176713;WYNAGRODZENIE 07/2021 **202107U** 23119;5 064,32;PLN;'4910809986974257;PRZELEW;Wynagrodzenie
09.08.2021;09.08.2021;ZABKA Z2933 K.1        WARSZAWA;;'23124015321111001044176713;;*********3025639;-4,49;PLN;'C992122107763290;TRANSAKCJA KARTĄ PŁATNICZĄ;Artykuły spożywcze
09.08.2021;09.08.2021;JMP S.A. BIEDRONKA 4188WARSZAWA;;'23124015321111001044176713;;*********3025639;-30,53;PLN;'C992122116065023;TRANSAKCJA KARTĄ PŁATNICZĄ;Artykuły spożywcze
09.08.2021;08.08.2021;REVOLUT* - 8234        INTERNET;;'23124015321111001044176713;;;-100,00;PLN;'C992122017682186;TRANSAKCJA KARTĄ PŁATNICZĄ;Internet, TV, telefon
09.08.2021;08.08.2021;ZABKA Z2933 K.2        WARSZAWA;;'23124015321111001044176713;;*********3025639;-2,99;PLN;'C992122013625826;TRANSAKCJA KARTĄ PŁATNICZĄ;Artykuły spożywcze
09.08.2021;08.08.2021;JOANNA BEZUBIK;;'98102047240000320200993535;'23124015321111001044176713;za jedzonkoOd: 48796934315 Do: 485*****789;50,00;PLN;'M042000013475559;PRZELEW EXPRESS ELIXIR;Inne
09.08.2021;08.08.2021;PRZYSTANEK KOLO        WARSZAWA;;'23124015321111001044176713;;*********3025639;-242,00;PLN;'C992122013620404;TRANSAKCJA KARTĄ PŁATNICZĄ;Restauracje i kawiarnie
09.08.2021;08.08.2021;P.W. SER-POL 03        WARSZAWA;;'23124015321111001044176713;;*********3025639;-1,99;PLN;'C992122012606865;TRANSAKCJA KARTĄ PŁATNICZĄ;Artykuły spożywcze
09.08.2021;07.08.2021;ZABKA Z2933 K.2        WARSZAWA;;'23124015321111001044176713;;*********3025639;-5,20;PLN;'C992121920528977;TRANSAKCJA KARTĄ PŁATNICZĄ;Artykuły spożywcze
07.08.2021;07.08.2021;ZABKA Z2933 K.1        WARSZAWA;;'23124015321111001044176713;;*********3025639;-14,99;PLN;'C992121912288272;TRANSAKCJA KARTĄ PŁATNICZĄ;Artykuły spożywcze
06.08.2021;06.08.2021;AUCHAN POLSKA SP. Z    WARSZAWA;;'23124015321111001044176713;;*********3025639;-50,05;PLN;'C992121819037680;TRANSAKCJA KARTĄ PŁATNICZĄ;Artykuły spożywcze
06.08.2021;06.08.2021;SONY CENTRE WOLA PA    WARSZAWA;;'23124015321111001044176713;;*********3025639;-679,00;PLN;'C992121819021323;TRANSAKCJA KARTĄ PŁATNICZĄ;Sprzęt AGD i RTV
05.08.2021;05.08.2021;AUCHAN POLSKA SP. Z    WARSZAWA;;'23124015321111001044176713;;*********3025639;-91,78;PLN;'C992121714400051;TRANSAKCJA KARTĄ PŁATNICZĄ;Artykuły spożywcze
05.08.2021;04.08.2021;ZABKA Z2933 K.1        WARSZAWA;;'23124015321111001044176713;;*********3025639;-11,00;PLN;'C992121622176905;TRANSAKCJA KARTĄ PŁATNICZĄ;Artykuły spożywcze
04.08.2021;04.08.2021;ZABKA Z2933 K.1        WARSZAWA;;'23124015321111001044176713;;*********3025639;-12,75;PLN;'C992121609823080;TRANSAKCJA KARTĄ PŁATNICZĄ;Artykuły spożywcze
03.08.2021;02.08.2021;ZABKA Z2933 K.2        WARSZAWA;;'23124015321111001044176713;;*********3025639;-7,90;PLN;'C992121422314168;TRANSAKCJA KARTĄ PŁATNICZĄ;Artykuły spożywcze
03.08.2021;03.08.2021;GOOD LOOD              KRAKOW;;'23124015321111001044176713;;*********3025639;-10,00;PLN;'C992121516593205;TRANSAKCJA KARTĄ PŁATNICZĄ;Restauracje i kawiarnie
02.08.2021;01.08.2021;JMP S.A. BIEDRONKA 138 WARSZAWA;;'23124015321111001044176713;;*********3025639;-28,53;PLN;'C992121321862492;TRANSAKCJA KARTĄ PŁATNICZĄ;Artykuły spożywcze
02.08.2021;01.08.2021;PIZZA NA WYPASIE       WARSZAWA;;'23124015321111001044176713;;*********3025639;-35,18;PLN;'C992121316804644;TRANSAKCJA KARTĄ PŁATNICZĄ;Restauracje i kawiarnie
02.08.2021;02.08.2021;ZABKA Z2933 K.2        WARSZAWA;;'23124015321111001044176713;;*********3025639;-3,99;PLN;'C992121419257331;TRANSAKCJA KARTĄ PŁATNICZĄ;Artykuły spożywcze
02.08.2021;01.08.2021;ADRIAN GOŁĘBIEWSKI;;'23124015321111001044176713;'46102010420000810203327582;Przelew środków;-20,00;PLN;'M042100164432797;PRZELEW EXPRESS ELIXIR;Przelew
02.08.2021;02.08.2021;ZABKA Z2933 K.1        WARSZAWA;;'23124015321111001044176713;;*********3025639;-4,49;PLN;'C992121410973895;TRANSAKCJA KARTĄ PŁATNICZĄ;Artykuły spożywcze
02.08.2021;02.08.2021;NETFLIX.COM            NETFLIX.COM;;'23124015321111001044176713;;*********3025639;-52,00;PLN;'C992121406879155;TRANSAKCJA KARTĄ PŁATNICZĄ;Internet, TV, telefon
02.08.2021;31.07.2021;AUCHAN POLSKA SP. Z    WARSZAWA;;'23124015321111001044176713;;*********3025639;-73,56;PLN;'C992121221675036;TRANSAKCJA KARTĄ PŁATNICZĄ;Artykuły spożywcze
31.07.2021;31.07.2021;;;;'23124015321111001044176713;ODSETKI OD DEPOZYTU;0,20;PLN;'014217V98C001322;ODSETKI OD DEPOZYTU;Odsetki, zwrot z inwestycji
31.07.2021;31.07.2021;;;'23124015321111001044176713;;PODATEK POBRANY;-0,04;PLN;'014217V98C001321;PODATEK POBRANY;Podatki
31.07.2021;31.07.2021;CARREFOUR EXPRESS R99  WARSZAWA;;'23124015321111001044176713;;*********3025639;-1,99;PLN;'C992121216544417;TRANSAKCJA KARTĄ PŁATNICZĄ;Artykuły spożywcze
31.07.2021;31.07.2021;ZABKA Z2819 K.2        WARSZAWA;;'23124015321111001044176713;;*********3025639;-4,40;PLN;'C992121215523080;TRANSAKCJA KARTĄ PŁATNICZĄ;Artykuły spożywcze
31.07.2021;31.07.2021;SEFA KEBAB       67084 WARSZAWA;;'23124015321111001044176713;;*********3025639;-22,00;PLN;'C992121213473782;TRANSAKCJA KARTĄ PŁATNICZĄ;Restauracje i kawiarnie
31.07.2021;31.07.2021;PAYU;DOLADOWANIA.PLA Grunwaldzka 186,Poznan;'23124015321111001044176713;;BLIK REF       60598378601;-25,00;PLN;'C992121211640440;PŁATNOŚĆ BLIK;Bez kategorii
30.07.2021;30.07.2021;JAKDOJADE.PL           POZNAN;;'23124015321111001044176713;;*********3025639;-10,00;PLN;'C992121118112907;TRANSAKCJA KARTĄ PŁATNICZĄ;Transport publiczny
30.07.2021;29.07.2021;ZABKA Z9600 K.1        WARSZAWA;;'23124015321111001044176713;;*********3025639;-4,40;PLN;'C992121022710770;TRANSAKCJA KARTĄ PŁATNICZĄ;Artykuły spożywcze
30.07.2021;30.07.2021;ASSECO POLAND SA PŁACE;UL. OLCHOWA 14 35-322 RZESZÓW;'42124059181111000049090675;'23124015321111001044176713;WYNAGRODZENIE ZA PRACE W NOCY I NADGODZINY **202107N2** 23119;551,43;PLN;'4910730986932416;PRZELEW;Wynagrodzenie
29.07.2021;29.07.2021;ZABKA Z2933 K.1        WARSZAWA;;'23124015321111001044176713;;*********3025639;-9,98;PLN;'C992121011391986;TRANSAKCJA KARTĄ PŁATNICZĄ;Artykuły spożywcze
29.07.2021;29.07.2021;LIDL KSIECIA BOLESL    WARSZAWA;;'23124015321111001044176713;;*********3025639;-93,71;PLN;'C992121019662335;TRANSAKCJA KARTĄ PŁATNICZĄ;Artykuły spożywcze
29.07.2021;28.07.2021;MARIUSZ ZIECINA;;'23124015321111001044176713;'26102011270000130202564748;Przelew środków;-44,00;PLN;'M042100163191747;PRZELEW EXPRESS ELIXIR;Przelew
29.07.2021;28.07.2021;ZABKA Z2933 K.2        WARSZAWA;;'23124015321111001044176713;;*********3025639;-2,70;PLN;'C992120922242418;TRANSAKCJA KARTĄ PŁATNICZĄ;Artykuły spożywcze
28.07.2021;28.07.2021;TOP RESTAURACJE_MOD    WARSZAWA;;'23124015321111001044176713;;*********3025639;-20,00;PLN;'C992120918176820;TRANSAKCJA KARTĄ PŁATNICZĄ;Restauracje i kawiarnie
28.07.2021;28.07.2021;MACHOP SP. Z O.O.      WARSZAWA;;'23124015321111001044176713;;*********3025639;-28,00;PLN;'C992120912965934;TRANSAKCJA KARTĄ PŁATNICZĄ;Restauracje i kawiarnie
28.07.2021;28.07.2021;AUTOMATSPEC            DABROWA GORN;;'23124015321111001044176713;;*********3025639;-3,50;PLN;'C992120909879765;TRANSAKCJA KARTĄ PŁATNICZĄ;Artykuły spożywcze
28.07.2021;28.07.2021;BILETOMAT              WARSZAWA;;'23124015321111001044176713;;*********3025639;-15,00;PLN;'C992120907830447;TRANSAKCJA KARTĄ PŁATNICZĄ;Transport publiczny
27.07.2021;27.07.2021;JULIA BUDZIŃSKA;UL.PERŁOWA 23 71-804 SZCZECIN;'80114020040000320278151175;'23124015321111001044176713;KFC;28,00;PLN;'M042000013006073;PRZELEW EXPRESS ELIXIR;Inne
27.07.2021;27.07.2021;JULIA BUDZIŃSKA;UL.PERŁOWA 23 71-804 SZCZECIN;'80114020040000320278151175;'23124015321111001044176713;PIEROGI I LÓD EKIPY XD;10,00;PLN;'M042000013005956;PRZELEW EXPRESS ELIXIR;Inne
27.07.2021;27.07.2021;DS USTRONIE;KSIĘCIA JANUSZA 39 Warszawa                 01-452;'23124015321111001044176713;'71124069604903990001114373;Kamil Sobieraj, opłata za akademik;-230,00;PLN;'014217R626904064;REALIZACJA PŁATNOŚCI PEOPAY;Czynsz
26.07.2021;26.07.2021;GOOD LOOD              KRAKOW;;'23124015321111001044176713;;*********3025639;-5,00;PLN;'C992120713104374;TRANSAKCJA KARTĄ PŁATNICZĄ;Restauracje i kawiarnie
26.07.2021;26.07.2021;CZAS NA HERBATE        WARSZAWA;;'23124015321111001044176713;;*********3025639;-17,90;PLN;'C992120710029379;TRANSAKCJA KARTĄ PŁATNICZĄ;Artykuły spożywcze
26.07.2021;26.07.2021;AUCHAN POLSKA SP. Z    WARSZAWA;;'23124015321111001044176713;;*********3025639;-63,94;PLN;'C992120710027144;TRANSAKCJA KARTĄ PŁATNICZĄ;Artykuły spożywcze
26.07.2021;25.07.2021;ZABKA Z2933 K.2        WARSZAWA;;'23124015321111001044176713;;*********3025639;-8,40;PLN;'C992120616849221;TRANSAKCJA KARTĄ PŁATNICZĄ;Artykuły spożywcze
26.07.2021;25.07.2021;PAWEL GOLINSKI   89188 WARSZAWA;;'23124015321111001044176713;;*********3025639;-23,00;PLN;'C992120616845066;TRANSAKCJA KARTĄ PŁATNICZĄ;Restauracje i kawiarnie
26.07.2021;25.07.2021;A.T.M. MATYSIAK SP.    WARSZAWA;;'23124015321111001044176713;;*********3025639;-2,50;PLN;'C992120614818001;TRANSAKCJA KARTĄ PŁATNICZĄ;Alkohol
26.07.2021;25.07.2021;GOOD LOOD              KRAKOW;;'23124015321111001044176713;;*********3025639;-5,00;PLN;'C992120613812556;TRANSAKCJA KARTĄ PŁATNICZĄ;Restauracje i kawiarnie
26.07.2021;25.07.2021;BLUEMEDIA;API.PAYNOW.PL/ Powstancow Warszawy 6,Sopot;'23124015321111001044176713;;BLIK REF       60479288285;-8,99;PLN;'C992120611091324;PŁATNOŚĆ BLIK;Bez kategorii
26.07.2021;25.07.2021;KACPER KLEPACZ;;'23124015321111001044176713;'03102043170000510203264710;Przelew środków;-55,00;PLN;'M042100161747855;PRZELEW EXPRESS ELIXIR;Przelew
26.07.2021;24.07.2021;PIWNY KOLEKTYW         WARSZAWA;;'23124015321111001044176713;;*********3025639;-8,00;PLN;'C992120521719468;TRANSAKCJA KARTĄ PŁATNICZĄ;Alkohol
24.07.2021;24.07.2021;PIWNY KOLEKTYW         WARSZAWA;;'23124015321111001044176713;;*********3025639;-12,50;PLN;'C992120517612814;TRANSAKCJA KARTĄ PŁATNICZĄ;Alkohol
24.07.2021;24.07.2021;PIWNY KOLEKTYW         WARSZAWA;;'23124015321111001044176713;;*********3025639;-12,00;PLN;'C992120514535860;TRANSAKCJA KARTĄ PŁATNICZĄ;Alkohol
24.07.2021;24.07.2021;ZABKA Z2933 K.1        WARSZAWA;;'23124015321111001044176713;;*********3025639;-10,35;PLN;'C992120512463166;TRANSAKCJA KARTĄ PŁATNICZĄ;Artykuły spożywcze
24.07.2021;23.07.2021;JMP S.A. BIEDRONKA 138 WARSZAWA;;'23124015321111001044176713;;*********3025639;-53,25;PLN;'C992120423268586;TRANSAKCJA KARTĄ PŁATNICZĄ;Artykuły spożywcze
24.07.2021;23.07.2021;ZAJEGYOZA              WARSZAWA;;'23124015321111001044176713;;*********3025639;-29,00;PLN;'C992120421252571;TRANSAKCJA KARTĄ PŁATNICZĄ;Restauracje i kawiarnie
23.07.2021;23.07.2021;ZABKA Z2933 K.2        WARSZAWA;;'23124015321111001044176713;;*********3025639;-9,98;PLN;'C992120412946439;TRANSAKCJA KARTĄ PŁATNICZĄ;Artykuły spożywcze
21.07.2021;21.07.2021;ZABKA Z2933 K.1        WARSZAWA;;'23124015321111001044176713;;*********3025639;-3,60;PLN;'C992120210975499;TRANSAKCJA KARTĄ PŁATNICZĄ;Artykuły spożywcze
21.07.2021;21.07.2021;AUCHAN POLSKA SP. Z    WARSZAWA;;'23124015321111001044176713;;*********3025639;-94,75;PLN;'C992120212042331;TRANSAKCJA KARTĄ PŁATNICZĄ;Artykuły spożywcze
21.07.2021;21.07.2021;MLECZARNIA JEROZOLIMSK WARSZAWA;;'23124015321111001044176713;;*********3025639;-11,99;PLN;'C992120211992739;TRANSAKCJA KARTĄ PŁATNICZĄ;Restauracje i kawiarnie
20.07.2021;20.07.2021;ZTM WARSZAWA;;'23124015321111001044176713;'34103019445510414680951485;SERIA WZ NR 951485;-190,60;PLN;'014217K608003898;PRZELEW INTERNET M/B;Transport publiczny
20.07.2021;20.07.2021;ASEC METRO DW. WILENSK WARSZAWA;;'23124015321111001044176713;;*********3025639;-3,40;PLN;'C992120108480956;TRANSAKCJA KARTĄ PŁATNICZĄ;Inne
19.07.2021;19.07.2021;KAUFLAND               LOMZA;;'23124015321111001044176713;;*********3025639;-41,85;PLN;'C992120018360173;TRANSAKCJA KARTĄ PŁATNICZĄ;Artykuły spożywcze
19.07.2021;18.07.2021;ZABKA Z7642 K.1        LOMZA;;'23124015321111001044176713;;*********3025639;-3,60;PLN;'C992119918937080;TRANSAKCJA KARTĄ PŁATNICZĄ;Artykuły spożywcze
15.07.2021;15.07.2021;BILETOMAT              WARSZAWA;;'23124015321111001044176713;;*********3025639;-4,40;PLN;'C992119606359920;TRANSAKCJA KARTĄ PŁATNICZĄ;Transport publiczny
15.07.2021;15.07.2021;;;'23124015321111001044176713;'92124020921362991111000000;Opłata za obsługę kartyMasterCard Debit*43025639 za miesiąc 7.2021;-0,99;PLN;'M01504GE00065477;PROWIZJE AUT.;Opłaty bankowe
15.07.2021;14.07.2021;KEBAB BASIT            WARSZAWA;;'23124015321111001044176713;;*********3025639;-20,00;PLN;'C992119520325610;TRANSAKCJA KARTĄ PŁATNICZĄ;Restauracje i kawiarnie
15.07.2021;15.07.2021;KAUFLAND               LOMZA;;'23124015321111001044176713;;*********3025639;-35,50;PLN;'C992119619769214;TRANSAKCJA KARTĄ PŁATNICZĄ;Artykuły spożywcze
15.07.2021;15.07.2021;S. MALACHOWSKIE        A0140269;A0140269 A0140269 S. MALACHOWSKIEGO 1    ,LOMZA;'23124015321111001044176713;;BLIK REF       60289926188;-100,00;PLN;'C992119619735271;WYPŁATA BLIK;Wypłata z bankomatu
15.07.2021;15.07.2021;S. MALACHOWSKIE        A0140269;A0140269 A0140269 S. MALACHOWSKIEGO 1    ,LOMZA;'23124015321111001044176713;;BLIK REF       60285725285;-100,00;PLN;'C992119619735039;WYPŁATA BLIK;Wypłata z bankomatu
14.07.2021;14.07.2021;DELIKATESY CENTR.TROJA WARSZAWA;;'23124015321111001044176713;;*********3025639;-2,99;PLN;'C992119514141988;TRANSAKCJA KARTĄ PŁATNICZĄ;Artykuły spożywcze
14.07.2021;14.07.2021;ZABKA Z9154 K.1        WARSZAWA;;'23124015321111001044176713;;*********3025639;-8,34;PLN;'C992119515148337;TRANSAKCJA KARTĄ PŁATNICZĄ;Artykuły spożywcze
14.07.2021;14.07.2021;GOOD LOOD              KRAKOW;;'23124015321111001044176713;;*********3025639;-10,00;PLN;'C992119514124341;TRANSAKCJA KARTĄ PŁATNICZĄ;Restauracje i kawiarnie
14.07.2021;14.07.2021;DECATHLON WARSZAWA     BLIZNE LASZC;;'23124015321111001044176713;;*********3025639;-19,99;PLN;'C992119513102533;TRANSAKCJA KARTĄ PŁATNICZĄ;Sport
14.07.2021;14.07.2021;BILETOMAT BILET ZTM    WARSZAWA;;'23124015321111001044176713;;*********3025639;-3,40;PLN;'C992119512060017;TRANSAKCJA KARTĄ PŁATNICZĄ;Transport publiczny
14.07.2021;14.07.2021;ZABKA Z2933 K.1        WARSZAWA;;'23124015321111001044176713;;*********3025639;-4,29;PLN;'C992119511010689;TRANSAKCJA KARTĄ PŁATNICZĄ;Artykuły spożywcze
14.07.2021;14.07.2021;AUT BILET 2449360      WARSZAWA;;'23124015321111001044176713;;*********3025639;-4,40;PLN;'C992119500894479;TRANSAKCJA KARTĄ PŁATNICZĄ;Transport publiczny
14.07.2021;13.07.2021;LIDL RODZIEWICZOWNY    WARSZAWA;;'23124015321111001044176713;;*********3025639;-16,06;PLN;'C992119422886700;TRANSAKCJA KARTĄ PŁATNICZĄ;Artykuły spożywcze
14.07.2021;13.07.2021;ZTM WARSZAWA           WARSZAWA;;'23124015321111001044176713;;*********3025639;-4,40;PLN;'C992119421880026;TRANSAKCJA KARTĄ PŁATNICZĄ;Transport publiczny
13.07.2021;13.07.2021;DRUGIE DNO OCHOTA      WARSZAWA;;'23124015321111001044176713;;*********3025639;-15,00;PLN;'C992119420857110;TRANSAKCJA KARTĄ PŁATNICZĄ;Restauracje i kawiarnie
13.07.2021;13.07.2021;DRUGIE DNO OCHOTA      WARSZAWA;;'23124015321111001044176713;;*********3025639;-32,00;PLN;'C992119418818468;TRANSAKCJA KARTĄ PŁATNICZĄ;Restauracje i kawiarnie
13.07.2021;13.07.2021;LIPONOGA NINA;;'23116022020000000081891379;'23124015321111001044176713;Przelew BLIK na telefon;30,00;PLN;'M042000012471107;PRZELEW EXPRESS ELIXIR;Sprzedaż
13.07.2021;13.07.2021;DRUGIE DNO OCHOTA      WARSZAWA;;'23124015321111001044176713;;*********3025639;-12,00;PLN;'C992119418804056;TRANSAKCJA KARTĄ PŁATNICZĄ;Restauracje i kawiarnie
13.07.2021;13.07.2021;DRUGIE DNO OCHOTA      WARSZAWA;;'23124015321111001044176713;;*********3025639;-15,00;PLN;'C992119418803148;TRANSAKCJA KARTĄ PŁATNICZĄ;Restauracje i kawiarnie
13.07.2021;13.07.2021;DRUGIE DNO OCHOTA      WARSZAWA;;'23124015321111001044176713;;*********3025639;-27,00;PLN;'C992119417784913;TRANSAKCJA KARTĄ PŁATNICZĄ;Restauracje i kawiarnie
13.07.2021;13.07.2021;DRUGIE DNO OCHOTA      WARSZAWA;;'23124015321111001044176713;;*********3025639;-16,00;PLN;'C992119417758212;TRANSAKCJA KARTĄ PŁATNICZĄ;Restauracje i kawiarnie
13.07.2021;13.07.2021;LIPONOGA NINA;;'23116022020000000081891379;'23124015321111001044176713;Obiad - dzięki;20,00;PLN;'M042000012463098;PRZELEW EXPRESS ELIXIR;Inne
13.07.2021;13.07.2021;AUTOMATSPEC            DABROWA GORN;;'23124015321111001044176713;;*********3025639;-3,50;PLN;'C992119414682101;TRANSAKCJA KARTĄ PŁATNICZĄ;Artykuły spożywcze
13.07.2021;13.07.2021;MACHOP SP. Z O.O.      WARSZAWA;;'23124015321111001044176713;;*********3025639;-21,00;PLN;'C992119413627989;TRANSAKCJA KARTĄ PŁATNICZĄ;Restauracje i kawiarnie
13.07.2021;13.07.2021;FADI KEBAB             WARSZAWA;;'23124015321111001044176713;;*********3025639;-20,00;PLN;'C992119413624046;TRANSAKCJA KARTĄ PŁATNICZĄ;Restauracje i kawiarnie
13.07.2021;13.07.2021;MERA SERWIS SGL SP  Z  WARSZAWA;;'23124015321111001044176713;;*********3025639;-3,40;PLN;'C992119407459954;TRANSAKCJA KARTĄ PŁATNICZĄ;Transport publiczny
13.07.2021;12.07.2021;ZABKA Z2933 K.1        WARSZAWA;;'23124015321111001044176713;;*********3025639;-4,69;PLN;'C992119321415822;TRANSAKCJA KARTĄ PŁATNICZĄ;Artykuły spożywcze
12.07.2021;12.07.2021;NINA LIPONOGA;;'23124015321111001044176713;'23116022020000000081891379;Przelew środków;-73,00;PLN;'M042100156823330;PRZELEW EXPRESS ELIXIR;Przelew
12.07.2021;12.07.2021;ZABKA Z2933 K.2        WARSZAWA;;'23124015321111001044176713;;*********3025639;-9,98;PLN;'C992119316300023;TRANSAKCJA KARTĄ PŁATNICZĄ;Artykuły spożywcze
12.07.2021;12.07.2021;ZABKA Z2933 K.1        WARSZAWA;;'23124015321111001044176713;;*********3025639;-10,28;PLN;'C992119308014137;TRANSAKCJA KARTĄ PŁATNICZĄ;Artykuły spożywcze
12.07.2021;11.07.2021;ZABKA Z2933 K.1        WARSZAWA;;'23124015321111001044176713;;*********3025639;-13,80;PLN;'C992119220959468;TRANSAKCJA KARTĄ PŁATNICZĄ;Artykuły spożywcze
12.07.2021;11.07.2021;ZABKA Z2933 K.2        WARSZAWA;;'23124015321111001044176713;;*********3025639;-2,50;PLN;'C992119212825358;TRANSAKCJA KARTĄ PŁATNICZĄ;Artykuły spożywcze
10.07.2021;10.07.2021;AUCHAN POLSKA SP. Z    WARSZAWA;;'23124015321111001044176713;;*********3025639;-78,07;PLN;'C992119115593607;TRANSAKCJA KARTĄ PŁATNICZĄ;Artykuły spożywcze
10.07.2021;10.07.2021;ZABKA Z2933 K.1        WARSZAWA;;'23124015321111001044176713;;*********3025639;-4,60;PLN;'C992119113511387;TRANSAKCJA KARTĄ PŁATNICZĄ;Artykuły spożywcze
09.07.2021;09.07.2021;BAR MAI ASIAN FOOD     WARSZAWA;;'23124015321111001044176713;;*********3025639;-29,00;PLN;'C992119014015399;TRANSAKCJA KARTĄ PŁATNICZĄ;Puby i kluby
09.07.2021;08.07.2021;AUCHAN POLSKA SP. Z    WARSZAWA;;'23124015321111001044176713;;*********3025639;-30,81;PLN;'C992118921725065;TRANSAKCJA KARTĄ PŁATNICZĄ;Artykuły spożywcze
08.07.2021;07.07.2021;ZABKA Z2933 K.2        WARSZAWA;;'23124015321111001044176713;;*********3025639;-4,80;PLN;'C992118821265942;TRANSAKCJA KARTĄ PŁATNICZĄ;Artykuły spożywcze
08.07.2021;08.07.2021;ZABKA Z2933 K.1        WARSZAWA;;'23124015321111001044176713;;*********3025639;-6,87;PLN;'C992118910379610;TRANSAKCJA KARTĄ PŁATNICZĄ;Artykuły spożywcze
07.07.2021;07.07.2021;PRALNIA SMARTDORM.PL   WARSZAWA;;'23124015321111001044176713;;*********3025639;-4,00;PLN;'C992118820245610;TRANSAKCJA KARTĄ PŁATNICZĄ;Artykuły spożywcze
07.07.2021;07.07.2021;ZABKA Z9154 K.1        WARSZAWA;;'23124015321111001044176713;;*********3025639;-5,98;PLN;'C992118819239431;TRANSAKCJA KARTĄ PŁATNICZĄ;Artykuły spożywcze
07.07.2021;07.07.2021;FADI KEBAB             WARSZAWA;;'23124015321111001044176713;;*********3025639;-20,00;PLN;'C992118812009816;TRANSAKCJA KARTĄ PŁATNICZĄ;Restauracje i kawiarnie
07.07.2021;07.07.2021;AUTOMATSPEC            DABROWA GORN;;'23124015321111001044176713;;*********3025639;-3,50;PLN;'C992118813023149;TRANSAKCJA KARTĄ PŁATNICZĄ;Artykuły spożywcze
07.07.2021;07.07.2021;CARREFOUR EXPRESS H60  WARSZAWA;;'23124015321111001044176713;;*********3025639;-13,93;PLN;'C992118807868860;TRANSAKCJA KARTĄ PŁATNICZĄ;Artykuły spożywcze
07.07.2021;07.07.2021;BILETOMAT              WARSZAWA;;'23124015321111001044176713;;*********3025639;-15,00;PLN;'C992118807859697;TRANSAKCJA KARTĄ PŁATNICZĄ;Transport publiczny
07.07.2021;07.07.2021;CASTORAMA WARSZAWA WOL WARSZAWA;;'23124015321111001044176713;;*********3025639;-16,98;PLN;'C992118807857165;TRANSAKCJA KARTĄ PŁATNICZĄ;Naprawy i remonty
07.07.2021;06.07.2021;KIP;HTTP://WWW.FOOD ul. Sw. Marcin 73,Poznan;'23124015321111001044176713;;BLIK REF       60109402346;-20,98;PLN;'C992118721290526;PŁATNOŚĆ BLIK;Bez kategorii
07.07.2021;06.07.2021;ZABKA Z2933 K.1        WARSZAWA;;'23124015321111001044176713;;*********3025639;-7,99;PLN;'C992118721818685;TRANSAKCJA KARTĄ PŁATNICZĄ;Artykuły spożywcze
06.07.2021;06.07.2021;NA ZAKWASIE      02135 WARSZAWA;;'23124015321111001044176713;;*********3025639;-8,00;PLN;'C992118710472662;TRANSAKCJA KARTĄ PŁATNICZĄ;Artykuły spożywcze
05.07.2021;04.07.2021;ZABKA Z2933 K.1        WARSZAWA;;'23124015321111001044176713;;*********3025639;-24,94;PLN;'C992118516868521;TRANSAKCJA KARTĄ PŁATNICZĄ;Artykuły spożywcze
05.07.2021;05.07.2021;ZABKA Z2933 K.1        WARSZAWA;;'23124015321111001044176713;;*********3025639;-5,80;PLN;'C992118610020373;TRANSAKCJA KARTĄ PŁATNICZĄ;Artykuły spożywcze
05.07.2021;04.07.2021;ZABKA Z2933 K.2        WARSZAWA;;'23124015321111001044176713;;*********3025639;-4,25;PLN;'C992118512803640;TRANSAKCJA KARTĄ PŁATNICZĄ;Artykuły spożywcze
03.07.2021;03.07.2021;ZABKA Z2933 K.1        WARSZAWA;;'23124015321111001044176713;;*********3025639;-15,30;PLN;'C992118413511534;TRANSAKCJA KARTĄ PŁATNICZĄ;Artykuły spożywcze
03.07.2021;02.07.2021;ZABKA Z2933 K.1        WARSZAWA;;'23124015321111001044176713;;*********3025639;-48,38;PLN;'C992118322284346;TRANSAKCJA KARTĄ PŁATNICZĄ;Artykuły spożywcze
02.07.2021;02.07.2021;NETFLIX.COM            NETFLIX.COM;;'23124015321111001044176713;;*********3025639;-52,00;PLN;'C992118305803791;TRANSAKCJA KARTĄ PŁATNICZĄ;Internet, TV, telefon
02.07.2021;02.07.2021;ZABKA Z2933 K.1        WARSZAWA;;'23124015321111001044176713;;*********3025639;-5,00;PLN;'C992118312964122;TRANSAKCJA KARTĄ PŁATNICZĄ;Artykuły spożywcze
02.07.2021;02.07.2021;;;'23124015321111001044176713;'92124020921362991111000000;Opłata za wysłane kodyautoryzacyjne SMS - 1 szt.;-0,20;PLN;'M0150LG200326877;PROWIZJE AUT.;Opłaty bankowe
01.07.2021;01.07.2021;ZDROFIT MOKOTOW EUROPL WARSZAWA;;'23124015321111001044176713;;*********3025639;-3,50;PLN;'C992118219739104;TRANSAKCJA KARTĄ PŁATNICZĄ;Hobby
01.07.2021;01.07.2021;ZDROFIT MOKOTOW EUROPL WARSZAWA;;'23124015321111001044176713;;*********3025639;-5,00;PLN;'C992118216659216;TRANSAKCJA KARTĄ PŁATNICZĄ;Hobby
01.07.2021;01.07.2021;CARREFOUR EXPRESS H60  WARSZAWA;;'23124015321111001044176713;;*********3025639;-3,49;PLN;'C992118214572749;TRANSAKCJA KARTĄ PŁATNICZĄ;Artykuły spożywcze
01.07.2021;01.07.2021;MACHOP SP. Z O.O.      WARSZAWA;;'23124015321111001044176713;;*********3025639;-22,00;PLN;'C992118212500509;TRANSAKCJA KARTĄ PŁATNICZĄ;Restauracje i kawiarnie
01.07.2021;01.07.2021;CARREFOUR EXPRESS H60  WARSZAWA;;'23124015321111001044176713;;*********3025639;-10,28;PLN;'C992118208370722;TRANSAKCJA KARTĄ PŁATNICZĄ;Artykuły spożywcze
01.07.2021;01.07.2021;BILETOMAT              WARSZAWA;;'23124015321111001044176713;;*********3025639;-15,00;PLN;'C992118207362349;TRANSAKCJA KARTĄ PŁATNICZĄ;Transport publiczny
30.06.2021;30.06.2021;;;;'23124015321111001044176713;ODSETKI OD DEPOZYTU;0,18;PLN;'014216U98C001288;ODSETKI OD DEPOZYTU;Odsetki, zwrot z inwestycji
30.06.2021;30.06.2021;;;'23124015321111001044176713;;PODATEK POBRANY;-0,04;PLN;'014216U98C001287;PODATEK POBRANY;Podatki
30.06.2021;30.06.2021;ZABKA Z9154 K.1        WARSZAWA;;'23124015321111001044176713;;*********3025639;-7,00;PLN;'C992118116197388;TRANSAKCJA KARTĄ PŁATNICZĄ;Artykuły spożywcze
30.06.2021;30.06.2021;ASSECO POLAND SA PŁACE;UL. OLCHOWA 14 35-322 RZESZÓW;'42124059181111000049090675;'23124015321111001044176713;WYNAGRODZENIE ZA PRACE W NOCY I NADGODZINY **202106N3** 23119;684,56;PLN;'4910630987072673;PRZELEW;Wynagrodzenie
30.06.2021;30.06.2021;PAYU;DOLADOWANIA.PLA Grunwaldzka 186,Poznan;'23124015321111001044176713;;BLIK REF       59970345299;-25,00;PLN;'C992118111603515;PŁATNOŚĆ BLIK;Bez kategorii
30.06.2021;29.06.2021;LIDL KSIECIA BOLESL    WARSZAWA;;'23124015321111001044176713;;*********3025639;-118,70;PLN;'C992118022873678;TRANSAKCJA KARTĄ PŁATNICZĄ;Artykuły spożywcze
29.06.2021;29.06.2021;ZABKA Z2933 K.1        WARSZAWA;;'23124015321111001044176713;;*********3025639;-1,30;PLN;'C992118011566763;TRANSAKCJA KARTĄ PŁATNICZĄ;Artykuły spożywcze
28.06.2021;28.06.2021;ZABKA Z2933 K.1        WARSZAWA;;'23124015321111001044176713;;*********3025639;-9,99;PLN;'C992117914215393;TRANSAKCJA KARTĄ PŁATNICZĄ;Artykuły spożywcze
28.06.2021;28.06.2021;REVOLUT* - 8234        GBR;;'23124015321111001044176713;;;-180,00;PLN;'C992117901035248;TRANSAKCJA KARTĄ PŁATNICZĄ;Bez kategorii
26.06.2021;26.06.2021;AUT BILET 2485860      WARSZAWA;;'23124015321111001044176713;;*********3025639;-3,40;PLN;'C992117718700447;TRANSAKCJA KARTĄ PŁATNICZĄ;Transport publiczny
26.06.2021;26.06.2021;DECATHLON WARSZAWA     WARSZAWA;;'23124015321111001044176713;;*********3025639;-19,99;PLN;'C992117718692415;TRANSAKCJA KARTĄ PŁATNICZĄ;Sport
26.06.2021;26.06.2021;CARREFOUR HIPERMARKET  WARSZAWA;;'23124015321111001044176713;;*********3025639;-50,50;PLN;'C992117717687895;TRANSAKCJA KARTĄ PŁATNICZĄ;Artykuły spożywcze
26.06.2021;26.06.2021;CARREFOUR HIPERMARKET  WARSZAWA;;'23124015321111001044176713;;*********3025639;-6,50;PLN;'C992117717675048;TRANSAKCJA KARTĄ PŁATNICZĄ;Artykuły spożywcze
26.06.2021;26.06.2021;BILETOMAT              WARSZAWA;;'23124015321111001044176713;;*********3025639;-4,40;PLN;'C992117715619280;TRANSAKCJA KARTĄ PŁATNICZĄ;Transport publiczny
25.06.2021;25.06.2021;AUCHAN POLSKA SP. Z    WARSZAWA;;'23124015321111001044176713;;*********3025639;-120,92;PLN;'C992117614062428;TRANSAKCJA KARTĄ PŁATNICZĄ;Artykuły spożywcze
25.06.2021;25.06.2021;ASSECO POLAND SA PŁACE;UL. OLCHOWA 14 35-322 RZESZÓW;'42124059181111000049090675;'23124015321111001044176713;WYNAGRODZENIE 06/2021 **202106U** 23119;5 064,32;PLN;'4910625986923155;PRZELEW;Wynagrodzenie
24.06.2021;24.06.2021;ZABKA Z2933 K.1        WARSZAWA;;'23124015321111001044176713;;*********3025639;-7,00;PLN;'C992117518734278;TRANSAKCJA KARTĄ PŁATNICZĄ;Artykuły spożywcze
24.06.2021;24.06.2021;ZABKA Z2933 K.1        WARSZAWA;;'23124015321111001044176713;;*********3025639;-5,00;PLN;'C992117510456403;TRANSAKCJA KARTĄ PŁATNICZĄ;Artykuły spożywcze
24.06.2021;24.06.2021;ZABKA Z2933 K.1        WARSZAWA;;'23124015321111001044176713;;*********3025639;-5,00;PLN;'C992117509425128;TRANSAKCJA KARTĄ PŁATNICZĄ;Artykuły spożywcze
23.06.2021;23.06.2021;CARREFOUR EXPRESS H60  WARSZAWA;;'23124015321111001044176713;;*********3025639;-24,99;PLN;'C992117417273580;TRANSAKCJA KARTĄ PŁATNICZĄ;Artykuły spożywcze
23.06.2021;23.06.2021;MACHOP SP. Z O.O.      WARSZAWA;;'23124015321111001044176713;;*********3025639;-21,00;PLN;'C992117412076596;TRANSAKCJA KARTĄ PŁATNICZĄ;Restauracje i kawiarnie
23.06.2021;23.06.2021;LIPONOGA NINA;;'23116022020000000081891379;'23124015321111001044176713;Przelew BLIK na telefon;24,99;PLN;'M042000011647816;PRZELEW EXPRESS ELIXIR;Sprzedaż
23.06.2021;22.06.2021;ZABKA Z2933 K.1        WARSZAWA;;'23124015321111001044176713;;*********3025639;-26,40;PLN;'C992117323901549;TRANSAKCJA KARTĄ PŁATNICZĄ;Artykuły spożywcze
23.06.2021;23.06.2021;ZABKA Z4370 K.1        WARSZAWA;;'23124015321111001044176713;;*********3025639;-11,96;PLN;'C992117417276748;TRANSAKCJA KARTĄ PŁATNICZĄ;Artykuły spożywcze
23.06.2021;23.06.2021;;;'23124015321111001044176713;'92124020921362991111000000;Prowizja za wypłatę z użyciemBLIK w dniu 2021-06-21;-5,00;PLN;'M0150LFO00026082;PROWIZJE AUT.;Opłaty bankowe
23.06.2021;23.06.2021;AUTOMATSPEC            DABROWA GORN;;'23124015321111001044176713;;*********3025639;-2,30;PLN;'C992117413091022;TRANSAKCJA KARTĄ PŁATNICZĄ;Artykuły spożywcze
23.06.2021;23.06.2021;CARREFOUR EXPRESS H60  WARSZAWA;;'23124015321111001044176713;;*********3025639;-9,24;PLN;'C992117417273863;TRANSAKCJA KARTĄ PŁATNICZĄ;Artykuły spożywcze
23.06.2021;23.06.2021;TOO GOOD TO GO APS     COPENHAGEN S;;'23124015321111001044176713;;;-12,99;PLN;'C992117418299183;TRANSAKCJA KARTĄ PŁATNICZĄ;Restauracje i kawiarnie
23.06.2021;23.06.2021;MPSA - A 164           WARSZAWA;;'23124015321111001044176713;;*********3025639;-3,40;PLN;'C992117420330690;TRANSAKCJA KARTĄ PŁATNICZĄ;Transport publiczny
23.06.2021;23.06.2021;BILETOMAT              WARSZAWA;;'23124015321111001044176713;;*********3025639;-3,40;PLN;'C992117407925959;TRANSAKCJA KARTĄ PŁATNICZĄ;Transport publiczny
22.06.2021;22.06.2021;PRZELEWY24;WARSZAWA;'23124015321111001044176713;'51124017501111001068892552;P24-W32-D43-T77;-130,99;PLN;'014216M623506420;REALIZACJA PŁATNOŚCI PEOPAY;Bez kategorii
22.06.2021;21.06.2021;KEBAB BASIT            WARSZAWA;;'23124015321111001044176713;;*********3025639;-13,00;PLN;'C992117221452532;TRANSAKCJA KARTĄ PŁATNICZĄ;Restauracje i kawiarnie
22.06.2021;22.06.2021;PRACOWNIA SUSHI        WARSZAWA;;'23124015321111001044176713;;*********3025639;-162,99;PLN;'C992117317800883;TRANSAKCJA KARTĄ PŁATNICZĄ;Restauracje i kawiarnie
22.06.2021;22.06.2021;ZABKA Z2933 K.1        WARSZAWA;;'23124015321111001044176713;;*********3025639;-14,90;PLN;'C992117314694958;TRANSAKCJA KARTĄ PŁATNICZĄ;Artykuły spożywcze
22.06.2021;22.06.2021;ZABKA Z2933 K.1        WARSZAWA;;'23124015321111001044176713;;*********3025639;-13,09;PLN;'C992117311579241;TRANSAKCJA KARTĄ PŁATNICZĄ;Artykuły spożywcze
21.06.2021;21.06.2021;ZABKA Z2933 K.1        WARSZAWA;;'23124015321111001044176713;;*********3025639;-9,00;PLN;'C992117215254450;TRANSAKCJA KARTĄ PŁATNICZĄ;Artykuły spożywcze
21.06.2021;21.06.2021;AUT BILET 2483630      WARSZAWA;;'23124015321111001044176713;;*********3025639;-3,40;PLN;'C992117210121666;TRANSAKCJA KARTĄ PŁATNICZĄ;Transport publiczny
21.06.2021;21.06.2021;BANKOMAT EURONET       PLNN0625;PLNN0625 0170200011 UL.MEKSYKANSKA 8,WARSZAWA;'23124015321111001044176713;;BLIK REF       59799874865;-80,00;PLN;'C992117210049575;WYPŁATA BLIK;Uroda, fryzjer, kosmetyczka
21.06.2021;21.06.2021;MPSA - A 111           WARSZAWA;;'23124015321111001044176713;;*********3025639;-4,40;PLN;'C992117209076602;TRANSAKCJA KARTĄ PŁATNICZĄ;Transport publiczny
21.06.2021;21.06.2021;MERA SERWIS SGL SP  Z  WARSZAWA;;'23124015321111001044176713;;*********3025639;-4,40;PLN;'C992117207033976;TRANSAKCJA KARTĄ PŁATNICZĄ;Transport publiczny
21.06.2021;20.06.2021;ZABKA Z2933 K.1        WARSZAWA;;'23124015321111001044176713;;*********3025639;-6,52;PLN;'C992117121541815;TRANSAKCJA KARTĄ PŁATNICZĄ;Artykuły spożywcze
21.06.2021;20.06.2021;GOOD LOOD              KRAKOW;;'23124015321111001044176713;;*********3025639;-10,00;PLN;'C992117120536363;TRANSAKCJA KARTĄ PŁATNICZĄ;Restauracje i kawiarnie
21.06.2021;20.06.2021;ZABKA Z2933 K.2        WARSZAWA;;'23124015321111001044176713;;*********3025639;-13,47;PLN;'C992117114457483;TRANSAKCJA KARTĄ PŁATNICZĄ;Artykuły spożywcze
21.06.2021;19.06.2021;JAKDOJADE.PL           POZNAN;;'23124015321111001044176713;;*********3025639;-25,00;PLN;'C992117023371550;TRANSAKCJA KARTĄ PŁATNICZĄ;Transport publiczny
21.06.2021;19.06.2021;ZABKA Z2933 K.1        WARSZAWA;;'23124015321111001044176713;;*********3025639;-5,99;PLN;'C992117022366102;TRANSAKCJA KARTĄ PŁATNICZĄ;Artykuły spożywcze
19.06.2021;19.06.2021;ZABKA Z2933 K.1        WARSZAWA;;'23124015321111001044176713;;*********3025639;-4,80;PLN;'C992117010031434;TRANSAKCJA KARTĄ PŁATNICZĄ;Artykuły spożywcze
19.06.2021;19.06.2021;NA ZAKWASIE      02135 WARSZAWA;;'23124015321111001044176713;;*********3025639;-14,00;PLN;'C992117010009264;TRANSAKCJA KARTĄ PŁATNICZĄ;Artykuły spożywcze
18.06.2021;18.06.2021;AUCHAN POLSKA SP. Z    WARSZAWA;;'23124015321111001044176713;;*********3025639;-124,98;PLN;'C992116917744145;TRANSAKCJA KARTĄ PŁATNICZĄ;Artykuły spożywcze
18.06.2021;18.06.2021;TOMASZ KUKIER;;'23124015321111001044176713;'64102032060000880200842146;burger + krążki;-35,00;PLN;'014216I604609131;PRZELEW INTERNET M/B;Bez kategorii
18.06.2021;17.06.2021;UBER * PENDING         AMSTERDAM;;'23124015321111001044176713;;;-10,98;PLN;'C992116823373731;TRANSAKCJA KARTĄ PŁATNICZĄ;Taxi
18.06.2021;17.06.2021;PIWNY KOLEKTYW         WARSZAWA;;'23124015321111001044176713;;*********3025639;-31,00;PLN;'C992116821364760;TRANSAKCJA KARTĄ PŁATNICZĄ;Alkohol
17.06.2021;17.06.2021;PIWNY KOLEKTYW         WARSZAWA;;'23124015321111001044176713;;*********3025639;-12,00;PLN;'C992116820335914;TRANSAKCJA KARTĄ PŁATNICZĄ;Alkohol
17.06.2021;17.06.2021;PIWNY KOLEKTYW         WARSZAWA;;'23124015321111001044176713;;*********3025639;-14,00;PLN;'C992116818285031;TRANSAKCJA KARTĄ PŁATNICZĄ;Alkohol
17.06.2021;17.06.2021;PIWNY KOLEKTYW         WARSZAWA;;'23124015321111001044176713;;*********3025639;-11,00;PLN;'C992116817242818;TRANSAKCJA KARTĄ PŁATNICZĄ;Alkohol
17.06.2021;17.06.2021;AUT BILET 2452480      WARSZAWA;;'23124015321111001044176713;;*********3025639;-3,40;PLN;'C992116816228496;TRANSAKCJA KARTĄ PŁATNICZĄ;Transport publiczny
17.06.2021;17.06.2021;ZABKA Z2933 K.2        WARSZAWA;;'23124015321111001044176713;;*********3025639;-14,48;PLN;'C992116811033786;TRANSAKCJA KARTĄ PŁATNICZĄ;Artykuły spożywcze
16.06.2021;16.06.2021;KFCDOSTAWA.PL          WROCLAW;;'23124015321111001044176713;;*********3025639;-76,30;PLN;'C992116715721343;TRANSAKCJA KARTĄ PŁATNICZĄ;Restauracje i kawiarnie
16.06.2021;16.06.2021;BLUEMEDIA;API.PAYNOW.PL/ Powstancow Warszawy 6,Sopot;'23124015321111001044176713;;BLIK REF       59699084875;-8,99;PLN;'C992116709372922;PŁATNOŚĆ BLIK;Bez kategorii
16.06.2021;16.06.2021;ZABKA Z2933 K.2        WARSZAWA;;'23124015321111001044176713;;*********3025639;-5,25;PLN;'C992116708501126;TRANSAKCJA KARTĄ PŁATNICZĄ;Artykuły spożywcze
16.06.2021;16.06.2021;;;'23124015321111001044176713;'92124020921362991111000000;Opłata za obsługę kartyMasterCard Debit*43025639 za miesiąc 6.2021;-0,99;PLN;'M01504FF00458840;PROWIZJE AUT.;Opłaty bankowe
15.06.2021;15.06.2021;ZABKA Z2933 K.1        WARSZAWA;;'23124015321111001044176713;;*********3025639;-2,50;PLN;'C992116610108737;TRANSAKCJA KARTĄ PŁATNICZĄ;Artykuły spożywcze
14.06.2021;13.06.2021;ZABKA Z7131 K.1        WARSZAWA;;'23124015321111001044176713;;*********3025639;-2,50;PLN;'C992116419507235;TRANSAKCJA KARTĄ PŁATNICZĄ;Artykuły spożywcze
14.06.2021;14.06.2021;CARREFOUR EXPRESS R99  WARSZAWA;;'23124015321111001044176713;;*********3025639;-7,39;PLN;'C992116510639249;TRANSAKCJA KARTĄ PŁATNICZĄ;Artykuły spożywcze
14.06.2021;14.06.2021;MONIKA MAZUR;OS.OGRODY 10A M.38 27-400 OSTROWIEC ŚWIĘTOKRZYSKI;'64114020040000380278157668;'23124015321111001044176713;ZWROT ZA KOSZULKE;37,00;PLN;'VFN0001093893897;PRZELEW KRAJOWY MIĘDZYBANKOWY;Inne
14.06.2021;12.06.2021;TOO GOOD TO GO APS     COPENHAGEN S;;'23124015321111001044176713;;;-13,99;PLN;'C992116320338489;TRANSAKCJA KARTĄ PŁATNICZĄ;Restauracje i kawiarnie
14.06.2021;14.06.2021;ZABKA Z2933 K.1        WARSZAWA;;'23124015321111001044176713;;*********3025639;-11,99;PLN;'C992116517869570;TRANSAKCJA KARTĄ PŁATNICZĄ;Artykuły spożywcze
12.06.2021;11.06.2021;KEBAB BASIT            WARSZAWA;;'23124015321111001044176713;;*********3025639;-20,00;PLN;'C992116223885336;TRANSAKCJA KARTĄ PŁATNICZĄ;Restauracje i kawiarnie
12.06.2021;12.06.2021;AUCHAN POLSKA SP. Z    WARSZAWA;;'23124015321111001044176713;;*********3025639;-97,46;PLN;'C992116312097505;TRANSAKCJA KARTĄ PŁATNICZĄ;Artykuły spożywcze
12.06.2021;11.06.2021;ZABKA Z2933 K.2        WARSZAWA;;'23124015321111001044176713;;*********3025639;-7,00;PLN;'C992116223884542;TRANSAKCJA KARTĄ PŁATNICZĄ;Artykuły spożywcze
11.06.2021;11.06.2021;ZABKA Z2933 K.2        WARSZAWA;;'23124015321111001044176713;;*********3025639;-11,20;PLN;'C992116212555253;TRANSAKCJA KARTĄ PŁATNICZĄ;Artykuły spożywcze
10.06.2021;10.06.2021;AUT BILET 2483440      WARSZAWA;;'23124015321111001044176713;;*********3025639;-4,40;PLN;'C992116112069446;TRANSAKCJA KARTĄ PŁATNICZĄ;Transport publiczny
10.06.2021;10.06.2021;ZABKA Z2933 K.1        WARSZAWA;;'23124015321111001044176713;;*********3025639;-17,17;PLN;'C992116115145837;TRANSAKCJA KARTĄ PŁATNICZĄ;Artykuły spożywcze
10.06.2021;10.06.2021;BILETOMAT MZA 2485710  WARSZAWA;;'23124015321111001044176713;;*********3025639;-4,40;PLN;'C992116109960584;TRANSAKCJA KARTĄ PŁATNICZĄ;Transport publiczny
09.06.2021;09.06.2021;ZABKA Z9154 K.1        WARSZAWA;;'23124015321111001044176713;;*********3025639;-13,28;PLN;'C992116014656314;TRANSAKCJA KARTĄ PŁATNICZĄ;Artykuły spożywcze
09.06.2021;09.06.2021;ZABKA Z2933 K.2        WARSZAWA;;'23124015321111001044176713;;*********3025639;-9,00;PLN;'C992116018806884;TRANSAKCJA KARTĄ PŁATNICZĄ;Artykuły spożywcze
09.06.2021;08.06.2021;LIDL KSIECIA BOLESL    WARSZAWA;;'23124015321111001044176713;;*********3025639;-72,79;PLN;'C992115921412675;TRANSAKCJA KARTĄ PŁATNICZĄ;Artykuły spożywcze
08.06.2021;08.06.2021;MICHAŁ ZBICIAK;;'95102032060000830200974626;'23124015321111001044176713;za burgera ZbiciuOd: 48519683233 Do: 48502980789;43,00;PLN;'M042000011037663;PRZELEW EXPRESS ELIXIR;Inne
08.06.2021;08.06.2021;SYLWIA KOWALSKA;;'31102043170000520203100518;'23124015321111001044176713;BBQ + Kimchi + Lemoniada SiW + 2xSerwisOd: 48606163280 Do: 48502980789;98,00;PLN;'M042000011037490;PRZELEW EXPRESS ELIXIR;Inne
08.06.2021;08.06.2021;KARINA KAROLINA TOMBOREK;;'95102010680000120203278223;'23124015321111001044176713;za jedzenie KarinaOd: 48505532747 Do: 48502980789;47,92;PLN;'M042000011036059;PRZELEW EXPRESS ELIXIR;Inne
08.06.2021;08.06.2021;SEBASTIAN KURYŁO;AUGUSTÓW 16-300 16-300 AUGUSTÓW UL. NADRZECZNA 140A;'20194010764625325400000000;'23124015321111001044176713;Przelew na telefon BLIK;46,00;PLN;'M042000011036042;PRZELEW EXPRESS ELIXIR;Sprzedaż
08.06.2021;08.06.2021;ZABKA Z2933 K.2        WARSZAWA;;'23124015321111001044176713;;*********3025639;-5,48;PLN;'C992115910098973;TRANSAKCJA KARTĄ PŁATNICZĄ;Artykuły spożywcze
07.06.2021;07.06.2021;OSKAR PTAK;UL.PIASTOWSKA 32 M.10 48-200 PRUDNI K;'93114020040000380274752931;'23124015321111001044176713;PRZELEW ŚRODKÓW;48,00;PLN;'M042000011010120;PRZELEW EXPRESS ELIXIR;Inne
07.06.2021;07.06.2021;ZABKA Z2933 K.2        WARSZAWA;;'23124015321111001044176713;;*********3025639;-7,00;PLN;'C992115814784595;TRANSAKCJA KARTĄ PŁATNICZĄ;Artykuły spożywcze
07.06.2021;07.06.2021;JULIA BUDZIŃSKA;UL.PERŁOWA 23 71-804 SZCZECIN;'80114020040000320278151175;'23124015321111001044176713;PRZELEW ŚRODKÓW;100,00;PLN;'M042000010995345;PRZELEW EXPRESS ELIXIR;Inne
07.06.2021;07.06.2021;TYMOTEUSZ;;'23124015321111001044176713;'59114020040000300274472732;2021 Jun 1;-75,00;PLN;'M042100140614230;PRZELEW EXPRESS ELIXIR;Przelew
07.06.2021;07.06.2021;ZABKA Z2933 K.2        WARSZAWA;;'23124015321111001044176713;;*********3025639;-27,43;PLN;'C992115810661980;TRANSAKCJA KARTĄ PŁATNICZĄ;Artykuły spożywcze
07.06.2021;06.06.2021;PIOTR WINIARSKI;UL. NOWY RYNEK 12M12 87-500    RYPIN               PL;'20124034061111001058657721;'23124015321111001044176713;jedzenie lublin;80,00;PLN;'4542166621705649;PRZELEW;Inne
07.06.2021;06.06.2021;PHU TOMASZ GRACZYK 2   LUBLIN;;'23124015321111001044176713;;*********3025639;-11,00;PLN;'C992115719519917;TRANSAKCJA KARTĄ PŁATNICZĄ;Hotele
07.06.2021;06.06.2021;SALEJ MICHAŁ;;'70116022020000000309326627;'23124015321111001044176713;Michał Salej - burger;34,93;PLN;'M042000010968920;PRZELEW EXPRESS ELIXIR;Inne
07.06.2021;06.06.2021;PRYSTUPIUK KORNEL;;'73105010411000009274609909;'23124015321111001044176713;Przelew na telefon +48xxxxxx789BurgerDla Kamil SobierajOd PRYSTUPIUK KORNEL;35,93;PLN;'M042000010969013;PRZELEW EXPRESS ELIXIR;Inne
07.06.2021;06.06.2021;STOL I WOL             LUBLIN;;'23124015321111001044176713;;*********3025639;-733,72;PLN;'C992115719516525;TRANSAKCJA KARTĄ PŁATNICZĄ;Puby i kluby
07.06.2021;06.06.2021;DS USTRONIE;KSIĘCIA JANUSZA 39 Warszawa                 01-452;'23124015321111001044176713;'71124069604903990001114373;Kamil Sobieraj, opłata za akademik464,40 zł;-464,40;PLN;'0142166624006104;REALIZACJA PŁATNOŚCI PEOPAY;Czynsz
07.06.2021;06.06.2021;ORLEN STACJA NR 476    SIENIAWA;;'23124015321111001044176713;;*********3025639;-4,49;PLN;'C992115714453666;TRANSAKCJA KARTĄ PŁATNICZĄ;Paliwo
05.06.2021;05.06.2021;"SKLEP SPOZYWCZY ""CENTR USTRZYKI GOR";;'23124015321111001044176713;;*********3025639;-1,99;PLN;'C992115619323520;TRANSAKCJA KARTĄ PŁATNICZĄ;Artykuły spożywcze
05.06.2021;05.06.2021;PIZZERIA W GORACH      LUTOWISKA;;'23124015321111001044176713;;*********3025639;-27,50;PLN;'C992115617282176;TRANSAKCJA KARTĄ PŁATNICZĄ;Restauracje i kawiarnie
05.06.2021;05.06.2021;ZAJAZD POD CARYNSKA    USTRZYKI GOR;;'23124015321111001044176713;;*********3025639;-12,00;PLN;'C992115611085828;TRANSAKCJA KARTĄ PŁATNICZĄ;Hotele
05.06.2021;04.06.2021;JMP S.A. BIEDRONKA 618 ZURAWICA;;'23124015321111001044176713;;*********3025639;-179,31;PLN;'C992115522938363;TRANSAKCJA KARTĄ PŁATNICZĄ;Artykuły spożywcze
04.06.2021;04.06.2021;MCDONALDS 411 MOP M    OLEMPIN;;'23124015321111001044176713;;*********3025639;-8,50;PLN;'C992115518868172;TRANSAKCJA KARTĄ PŁATNICZĄ;Restauracje i kawiarnie
04.06.2021;04.06.2021;;;'23124015321111001044176713;'92124020921362991111000000;Opłata za wysłane kodyautoryzacyjne SMS - 2 szt.;-0,40;PLN;'M0150LF300147711;PROWIZJE AUT.;Opłaty bankowe
04.06.2021;04.06.2021;ZABKA Z2933 K.1        WARSZAWA;;'23124015321111001044176713;;*********3025639;-3,49;PLN;'C992115510539529;TRANSAKCJA KARTĄ PŁATNICZĄ;Artykuły spożywcze
04.06.2021;03.06.2021;ZABKA Z2933 K.1        WARSZAWA;;'23124015321111001044176713;;*********3025639;-9,97;PLN;'C992115421430263;TRANSAKCJA KARTĄ PŁATNICZĄ;Artykuły spożywcze
03.06.2021;03.06.2021;ZABKA Z2933 K.1        WARSZAWA;;'23124015321111001044176713;;*********3025639;-4,88;PLN;'C992115411316458;TRANSAKCJA KARTĄ PŁATNICZĄ;Artykuły spożywcze
02.06.2021;02.06.2021;NETFLIX.COM            NETFLIX.COM;;'23124015321111001044176713;;*********3025639;-52,00;PLN;'C992115305740477;TRANSAKCJA KARTĄ PŁATNICZĄ;Internet, TV, telefon
02.06.2021;02.06.2021;ZABKA Z2933 K.2        WARSZAWA;;'23124015321111001044176713;;*********3025639;-6,97;PLN;'C992115310834747;TRANSAKCJA KARTĄ PŁATNICZĄ;Artykuły spożywcze
01.06.2021;01.06.2021;DECATHLON WARSZAWA     WARSZAWA;;'23124015321111001044176713;;*********3025639;-181,93;PLN;'C992115213453744;TRANSAKCJA KARTĄ PŁATNICZĄ;Sport
01.06.2021;01.06.2021;CARREFOUR HIPERMARKET  WARSZAWA;;'23124015321111001044176713;;*********3025639;-5,00;PLN;'C992115213457397;TRANSAKCJA KARTĄ PŁATNICZĄ;Artykuły spożywcze
01.06.2021;01.06.2021;CARREFOUR HIPERMARKET  WARSZAWA;;'23124015321111001044176713;;*********3025639;-110,17;PLN;'C992115214483352;TRANSAKCJA KARTĄ PŁATNICZĄ;Artykuły spożywcze
01.06.2021;01.06.2021;PAYU;DOLADOWANIA.PLA Grunwaldzka 186,Poznan;'23124015321111001044176713;;BLIK REF       59393613228;-25,00;PLN;'C992115211452103;PŁATNOŚĆ BLIK;Bez kategorii
01.06.2021;01.06.2021;BILETOMAT MZA NR 24621 GRODZISK MAZ;;'23124015321111001044176713;;*********3025639;-4,40;PLN;'C992115211388273;TRANSAKCJA KARTĄ PŁATNICZĄ;Transport publiczny
31.05.2021;31.05.2021;;;;'23124015321111001044176713;ODSETKI OD DEPOZYTU;0,16;PLN;'014215V98C001288;ODSETKI OD DEPOZYTU;Odsetki, zwrot z inwestycji
31.05.2021;31.05.2021;;;'23124015321111001044176713;;PODATEK POBRANY;-0,03;PLN;'014215V98C001287;PODATEK POBRANY;Podatki
31.05.2021;31.05.2021;ZABKA Z2933 K.2        WARSZAWA;;'23124015321111001044176713;;*********3025639;-8,99;PLN;'C992115120230294;TRANSAKCJA KARTĄ PŁATNICZĄ;Artykuły spożywcze
31.05.2021;31.05.2021;ZABKA Z2933 K.1        WARSZAWA;;'23124015321111001044176713;;*********3025639;-7,59;PLN;'C992115119195103;TRANSAKCJA KARTĄ PŁATNICZĄ;Artykuły spożywcze
31.05.2021;31.05.2021;ZABKA Z2933 K.1        WARSZAWA;;'23124015321111001044176713;;*********3025639;-5,98;PLN;'C992115114028357;TRANSAKCJA KARTĄ PŁATNICZĄ;Artykuły spożywcze
31.05.2021;31.05.2021;ASSECO POLAND SA PŁACE;UL. OLCHOWA 14 35-322 RZESZÓW;'42124059181111000049090675;'23124015321111001044176713;WYNAGRODZENIE ZA PRACE W NOCY I NADGODZINY **202105N2** 23119;448,54;PLN;'4910531981122691;PRZELEW;Wynagrodzenie
31.05.2021;31.05.2021;ZABKA Z2933 K.2        WARSZAWA;;'23124015321111001044176713;;*********3025639;-10,19;PLN;'C992115109880539;TRANSAKCJA KARTĄ PŁATNICZĄ;Artykuły spożywcze
31.05.2021;30.05.2021;PAWEL GOLINSKI   89188 WARSZAWA;;'23124015321111001044176713;;*********3025639;-40,00;PLN;'C992115014720127;TRANSAKCJA KARTĄ PŁATNICZĄ;Restauracje i kawiarnie
31.05.2021;30.05.2021;TYMOTEUSZ;;'23124015321111001044176713;'59114020040000300274472732;2021 May 4;-45,00;PLN;'M042100137258508;PRZELEW EXPRESS ELIXIR;Przelew
31.05.2021;30.05.2021;ZABKA Z2933 K.2        WARSZAWA;;'23124015321111001044176713;;*********3025639;-4,60;PLN;'C992115012700933;TRANSAKCJA KARTĄ PŁATNICZĄ;Artykuły spożywcze
31.05.2021;30.05.2021;UBER   * PENDING       AMSTERDAM;;'23124015321111001044176713;;*********3025639;-20,56;PLN;'C992115001655878;TRANSAKCJA KARTĄ PŁATNICZĄ;Taxi
29.05.2021;29.05.2021;ZABKA Z6372 K.1        WARSZAWA;;'23124015321111001044176713;;*********3025639;-9,98;PLN;'C992114919612861;TRANSAKCJA KARTĄ PŁATNICZĄ;Artykuły spożywcze
29.05.2021;29.05.2021;AUT BILET 2452320      WARSZAWA;;'23124015321111001044176713;;*********3025639;-6,80;PLN;'C992114919602934;TRANSAKCJA KARTĄ PŁATNICZĄ;Transport publiczny
28.05.2021;27.05.2021;ZABKA Z2933 K.1        WARSZAWA;;'23124015321111001044176713;;*********3025639;-12,70;PLN;'C992114722708766;TRANSAKCJA KARTĄ PŁATNICZĄ;Artykuły spożywcze
28.05.2021;28.05.2021;PAWEL GOLINSKI   89188 WARSZAWA;;'23124015321111001044176713;;*********3025639;-23,00;PLN;'C992114816028296;TRANSAKCJA KARTĄ PŁATNICZĄ;Restauracje i kawiarnie
28.05.2021;27.05.2021;UBER   * PENDING       AMSTERDAM;;'23124015321111001044176713;;*********3025639;-15,21;PLN;'C992114720689286;TRANSAKCJA KARTĄ PŁATNICZĄ;Taxi
28.05.2021;28.05.2021;ZABKA Z2933 K.2        WARSZAWA;;'23124015321111001044176713;;*********3025639;-12,99;PLN;'C992114816024948;TRANSAKCJA KARTĄ PŁATNICZĄ;Artykuły spożywcze
28.05.2021;27.05.2021;PAYU SA STANDARD;WARSZAWA;'23124015321111001044176713;'93124059181111001053653379;PayU XX2164010994XX pysznepl Pysznepl zamowienie nr 814F4E;-79,00;PLN;'014215R604809051;REALIZACJA PŁATNOŚCI PEOPAY;Zakupy przez internet
27.05.2021;27.05.2021;5594110 BILETOMAT ARRI GRODZISK MAZ;;'23124015321111001044176713;;*********3025639;-6,60;PLN;'C992114717605989;TRANSAKCJA KARTĄ PŁATNICZĄ;Transport publiczny
27.05.2021;27.05.2021;ASSECO POLAND SA PŁACE;UL. OLCHOWA 14 35-322 RZESZÓW;'42124059181111000049090675;'23124015321111001044176713;WYNAGRODZENIE 05/2021 **202105U** 23119;5 063,32;PLN;'4910527986961672;PRZELEW;Wynagrodzenie
27.05.2021;27.05.2021;ZABKA Z9154 K.1        WARSZAWA;;'23124015321111001044176713;;*********3025639;-5,88;PLN;'C992114710363855;TRANSAKCJA KARTĄ PŁATNICZĄ;Artykuły spożywcze
27.05.2021;27.05.2021;MOUNTAIN WAREHOUSE     WARSZAWA;;'23124015321111001044176713;;*********3025639;-740,50;PLN;'C992114720685375;TRANSAKCJA KARTĄ PŁATNICZĄ;Sport
25.05.2021;25.05.2021;ZABKA Z2933 K.1        WARSZAWA;;'23124015321111001044176713;;*********3025639;-9,40;PLN;'C992114520816115;TRANSAKCJA KARTĄ PŁATNICZĄ;Artykuły spożywcze
25.05.2021;25.05.2021;ANNA AGNIESZKA WODZYŃSKA;;'98102034400000790201514421;'23124015321111001044176713;Przelew na telefonOd: 48607230065 Do: 48502980789;30,00;PLN;'M042000010544847;PRZELEW EXPRESS ELIXIR;Sprzedaż
25.05.2021;25.05.2021;ZABKA Z2933 K.1        WARSZAWA;;'23124015321111001044176713;;*********3025639;-15,39;PLN;'C992114512558359;TRANSAKCJA KARTĄ PŁATNICZĄ;Artykuły spożywcze
25.05.2021;25.05.2021;JULIA BUDZIŃSKA;UL.PERŁOWA 23 71-804 SZCZECIN;'80114020040000320278151175;'23124015321111001044176713;PRZELEW ŚRODKÓW;40,00;PLN;'M042000010524669;PRZELEW EXPRESS ELIXIR;Inne
24.05.2021;24.05.2021;MONIKA MAZUR;;'23124015321111001044176713;'64114020040000380278157668;bieszczady2021;-87,00;PLN;'014215O604004782;PRZELEW INTERNET M/B;Bez kategorii
24.05.2021;24.05.2021;ZABKA Z2933 K.2        WARSZAWA;;'23124015321111001044176713;;*********3025639;-2,30;PLN;'C992114409073408;TRANSAKCJA KARTĄ PŁATNICZĄ;Artykuły spożywcze
24.05.2021;23.05.2021;ZABKA Z2933 K.2        WARSZAWA;;'23124015321111001044176713;;*********3025639;-12,28;PLN;'C992114318589280;TRANSAKCJA KARTĄ PŁATNICZĄ;Artykuły spożywcze
24.05.2021;23.05.2021;ZABKA Z2933 K.1        WARSZAWA;;'23124015321111001044176713;;*********3025639;-5,00;PLN;'C992114315552267;TRANSAKCJA KARTĄ PŁATNICZĄ;Artykuły spożywcze
22.05.2021;22.05.2021;BILETOMAT              WARSZAWA;;'23124015321111001044176713;;*********3025639;-6,80;PLN;'C992114213281265;TRANSAKCJA KARTĄ PŁATNICZĄ;Transport publiczny
22.05.2021;22.05.2021;BAR MAI ASIAN FOOD     WARSZAWA;;'23124015321111001044176713;;*********3025639;-20,00;PLN;'C992114212223138;TRANSAKCJA KARTĄ PŁATNICZĄ;Puby i kluby
21.05.2021;20.05.2021;ZABKA Z2933 K.1        WARSZAWA;;'23124015321111001044176713;;*********3025639;-15,49;PLN;'C992114020551570;TRANSAKCJA KARTĄ PŁATNICZĄ;Artykuły spożywcze
21.05.2021;21.05.2021;LIDL KSIECIA BOLESL    WARSZAWA;;'23124015321111001044176713;;*********3025639;-100,59;PLN;'C992114117925252;TRANSAKCJA KARTĄ PŁATNICZĄ;Artykuły spożywcze
21.05.2021;21.05.2021;ZABKA Z9154 K.1        WARSZAWA;;'23124015321111001044176713;;*********3025639;-3,89;PLN;'C992114108615246;TRANSAKCJA KARTĄ PŁATNICZĄ;Artykuły spożywcze
20.05.2021;20.05.2021;ZABKA Z2933 K.1        WARSZAWA;;'23124015321111001044176713;;*********3025639;-1,80;PLN;'C992114017474324;TRANSAKCJA KARTĄ PŁATNICZĄ;Artykuły spożywcze
20.05.2021;19.05.2021;ZABKA Z2933 K.2        WARSZAWA;;'23124015321111001044176713;;*********3025639;-5,50;PLN;'C992113922135201;TRANSAKCJA KARTĄ PŁATNICZĄ;Artykuły spożywcze
20.05.2021;20.05.2021;ZABKA Z2933 K.1        WARSZAWA;;'23124015321111001044176713;;*********3025639;-8,29;PLN;'C992114009220071;TRANSAKCJA KARTĄ PŁATNICZĄ;Artykuły spożywcze
19.05.2021;19.05.2021;;;'23124015321111001044176713;'92124020921362991111000000;Opłata za obsługę kartyMasterCard Debit*43025639 za miesiąc 5.2021;-0,99;PLN;'M01504EI00493984;PROWIZJE AUT.;Opłaty bankowe
19.05.2021;19.05.2021;ZABKA Z2933 K.1        WARSZAWA;;'23124015321111001044176713;;*********3025639;-4,50;PLN;'C992113916997337;TRANSAKCJA KARTĄ PŁATNICZĄ;Artykuły spożywcze
19.05.2021;19.05.2021;ZABKA Z2933 K.2        WARSZAWA;;'23124015321111001044176713;;*********3025639;-15,14;PLN;'C992113910834706;TRANSAKCJA KARTĄ PŁATNICZĄ;Artykuły spożywcze
18.05.2021;18.05.2021;JULIA;;'23124015321111001044176713;'15105015591000009267210426;Przelew środków;-140,00;PLN;'M042100133176595;PRZELEW EXPRESS ELIXIR;Przelew
18.05.2021;18.05.2021;ZABKA Z9154 K.1        WARSZAWA;;'23124015321111001044176713;;*********3025639;-6,50;PLN;'C992113816625120;TRANSAKCJA KARTĄ PŁATNICZĄ;Artykuły spożywcze
18.05.2021;18.05.2021;ZABKA Z9154 K.1        WARSZAWA;;'23124015321111001044176713;;*********3025639;-10,70;PLN;'C992113809396635;TRANSAKCJA KARTĄ PŁATNICZĄ;Artykuły spożywcze
18.05.2021;17.05.2021;ZABKA Z2933 K.2        WARSZAWA;;'23124015321111001044176713;;*********3025639;-7,98;PLN;'C992113722336543;TRANSAKCJA KARTĄ PŁATNICZĄ;Artykuły spożywcze
17.05.2021;16.05.2021;PAYU SA STANDARD;WARSZAWA;'23124015321111001044176713;'93124059181111001053653379;PayU XX2149933573XX sklepkfdpl Zamowienie do koszyka 2383983 ze sklepuSklep KF;-184,04;PLN;'014215G620404842;REALIZACJA PŁATNOŚCI PEOPAY;Zakupy przez internet
17.05.2021;16.05.2021;DS USTRONIE;KSIĘCIA JANUSZA 39 Warszawa                 01-452;'23124015321111001044176713;'71124069604903990001114373;Kamil Sobieraj, opłata za akademik464,40 zł;-464,40;PLN;'014215G624506314;PRZELEW INTERNET;Czynsz
17.05.2021;16.05.2021;ZABKA Z2933 K.2        WARSZAWA;;'23124015321111001044176713;;*********3025639;-4,60;PLN;'C992113612833887;TRANSAKCJA KARTĄ PŁATNICZĄ;Artykuły spożywcze
15.05.2021;15.05.2021;ZABKA Z2933 K.2        WARSZAWA;;'23124015321111001044176713;;*********3025639;-24,90;PLN;'C992113519735739;TRANSAKCJA KARTĄ PŁATNICZĄ;Artykuły spożywcze
15.05.2021;15.05.2021;ZABKA Z2933 K.1        WARSZAWA;;'23124015321111001044176713;;*********3025639;-15,90;PLN;'C992113516663946;TRANSAKCJA KARTĄ PŁATNICZĄ;Artykuły spożywcze
15.05.2021;15.05.2021;AUCHAN POLSKA SP. Z    WARSZAWA;;'23124015321111001044176713;;*********3025639;-302,09;PLN;'C992113515636847;TRANSAKCJA KARTĄ PŁATNICZĄ;Artykuły spożywcze
15.05.2021;14.05.2021;PAYU SA STANDARD;WARSZAWA;'23124015321111001044176713;'93124059181111001053653379;PayU XX2147349735XX pysznepl Pysznepl zamowienie nr HEXP0L;-36,00;PLN;'014215E623104333;REALIZACJA PŁATNOŚCI PEOPAY;Zakupy przez internet
15.05.2021;14.05.2021;ZABKA Z2933 K.2        WARSZAWA;;'23124015321111001044176713;;*********3025639;-101,29;PLN;'C992113421314539;TRANSAKCJA KARTĄ PŁATNICZĄ;Artykuły spożywcze
14.05.2021;14.05.2021;JULIA;;'23124015321111001044176713;'15105015591000009267210426;Przelew środków;-200,00;PLN;'M042100131647517;PRZELEW EXPRESS ELIXIR;Przelew
14.05.2021;14.05.2021;ZABKA Z2933 K.1        WARSZAWA;;'23124015321111001044176713;;*********3025639;-12,89;PLN;'C992113408899136;TRANSAKCJA KARTĄ PŁATNICZĄ;Artykuły spożywcze
14.05.2021;13.05.2021;ZABKA Z2933 K.2        WARSZAWA;;'23124015321111001044176713;;*********3025639;-11,90;PLN;'C992113323841109;TRANSAKCJA KARTĄ PŁATNICZĄ;Artykuły spożywcze
13.05.2021;13.05.2021;ZABKA Z2933 K.1        WARSZAWA;;'23124015321111001044176713;;*********3025639;-3,30;PLN;'C992113309466789;TRANSAKCJA KARTĄ PŁATNICZĄ;Artykuły spożywcze
13.05.2021;12.05.2021;ZABKA Z2933 K.1        WARSZAWA;;'23124015321111001044176713;;*********3025639;-7,10;PLN;'C992113221387621;TRANSAKCJA KARTĄ PŁATNICZĄ;Artykuły spożywcze
12.05.2021;12.05.2021;PAYU SA STANDARD;WARSZAWA;'23124015321111001044176713;'93124059181111001053653379;PayU XX2144659768XX pysznepl Pysznepl zamowienie nr HMZGD1;-62,90;PLN;'014215C621905604;REALIZACJA PŁATNOŚCI PEOPAY;Zakupy przez internet
12.05.2021;12.05.2021;ZABKA Z2933 K.1        WARSZAWA;;'23124015321111001044176713;;*********3025639;-0,99;PLN;'C992113210058344;TRANSAKCJA KARTĄ PŁATNICZĄ;Artykuły spożywcze
11.05.2021;11.05.2021;ZABKA Z2933 K.1        WARSZAWA;;'23124015321111001044176713;;*********3025639;-4,60;PLN;'C992113119900078;TRANSAKCJA KARTĄ PŁATNICZĄ;Artykuły spożywcze
11.05.2021;11.05.2021;PAYU SA STANDARD;WARSZAWA;'23124015321111001044176713;'93124059181111001053653379;PayU XX2142910536XX pysznepl Pysznepl zamowienie nr NHJQOD;-37,00;PLN;'014215B628702523;REALIZACJA PŁATNOŚCI PEOPAY;Zakupy przez internet
11.05.2021;11.05.2021;WACŁAW SEBASTIAN BOROWSKI;UL. DARŁOWSKA 3  M.46 04-091 WARSZAWA;'50102055581111138370700074;'23124015321111001044176713;KAMIL ZIOM2021 KWIECIEŃ, MAJ, CZERWIEC;39,00;PLN;'VEK0001070112465;PRZELEW KRAJOWY MIĘDZYBANKOWY;Inne
11.05.2021;11.05.2021;ZABKA Z2933 K.1        WARSZAWA;;'23124015321111001044176713;;*********3025639;-7,00;PLN;'C992113109587889;TRANSAKCJA KARTĄ PŁATNICZĄ;Artykuły spożywcze
10.05.2021;10.05.2021;PAWEL GOLINSKI   89188 WARSZAWA;;'23124015321111001044176713;;*********3025639;-23,00;PLN;'C992113018419053;TRANSAKCJA KARTĄ PŁATNICZĄ;Restauracje i kawiarnie
10.05.2021;09.05.2021;ZABKA Z9154 K.1        WARSZAWA;;'23124015321111001044176713;;*********3025639;-7,00;PLN;'C992112919040555;TRANSAKCJA KARTĄ PŁATNICZĄ;Artykuły spożywcze
10.05.2021;09.05.2021;ZABKA Z2933 K.2        WARSZAWA;;'23124015321111001044176713;;*********3025639;-4,79;PLN;'C992112916003750;TRANSAKCJA KARTĄ PŁATNICZĄ;Artykuły spożywcze
08.05.2021;08.05.2021;ZABKA Z2933 K.1        WARSZAWA;;'23124015321111001044176713;;*********3025639;-4,60;PLN;'C992112814718959;TRANSAKCJA KARTĄ PŁATNICZĄ;Artykuły spożywcze
08.05.2021;07.05.2021;ZABKA Z2933 K.2        WARSZAWA;;'23124015321111001044176713;;*********3025639;-9,19;PLN;'C992112722443089;TRANSAKCJA KARTĄ PŁATNICZĄ;Artykuły spożywcze
07.05.2021;07.05.2021;ZABKA Z2933 K.1        WARSZAWA;;'23124015321111001044176713;;*********3025639;-6,99;PLN;'C992112718380250;TRANSAKCJA KARTĄ PŁATNICZĄ;Artykuły spożywcze
06.05.2021;06.05.2021;LIDL KSIECIA BOLESL    WARSZAWA;;'23124015321111001044176713;;*********3025639;-209,55;PLN;'C992112617870920;TRANSAKCJA KARTĄ PŁATNICZĄ;Artykuły spożywcze
06.05.2021;06.05.2021;LEDGER* LEDGER         +33600000000;;'23124015321111001044176713;;*********3025639;-428,80;PLN;'C992112611669044;TRANSAKCJA KARTĄ PŁATNICZĄ;Multimedia
06.05.2021;06.05.2021;ZABKA Z2933 K.1        WARSZAWA;;'23124015321111001044176713;;*********3025639;-4,40;PLN;'C992112609597010;TRANSAKCJA KARTĄ PŁATNICZĄ;Artykuły spożywcze
05.05.2021;04.05.2021;ZABKA Z2933 K.1        WARSZAWA;;'23124015321111001044176713;;*********3025639;-7,98;PLN;'C992112423117407;TRANSAKCJA KARTĄ PŁATNICZĄ;Artykuły spożywcze
04.05.2021;04.05.2021;ZABKA Z9154 K.1        WARSZAWA;;'23124015321111001044176713;;*********3025639;-7,98;PLN;'C992112414901756;TRANSAKCJA KARTĄ PŁATNICZĄ;Artykuły spożywcze
04.05.2021;04.05.2021;MERA SERWIS SGL SP  Z  WARSZAWA;;'23124015321111001044176713;;PŁATNOŚĆ PEOPAY;-4,40;PLN;'C992112411048059;PŁATNOŚĆ PEOPAY;Transport publiczny
04.05.2021;04.05.2021;ZABKA Z2933 K.2        WARSZAWA;;'23124015321111001044176713;;PŁATNOŚĆ PEOPAY;-7,19;PLN;'C992112410033388;PŁATNOŚĆ PEOPAY;Artykuły spożywcze
03.05.2021;03.05.2021;ZABKA Z9154 K.1        WARSZAWA;;'23124015321111001044176713;;PŁATNOŚĆ PEOPAY;-8,97;PLN;'C992112312815967;PŁATNOŚĆ PEOPAY;Artykuły spożywcze
03.05.2021;03.05.2021;TOO GOOD TO GO APS     COPENHAGEN S;;'23124015321111001044176713;;;-9,99;PLN;'C992112311553977;TRANSAKCJA KARTĄ PŁATNICZĄ;Restauracje i kawiarnie
03.05.2021;02.05.2021;ZABKA Z9154 K.1        WARSZAWA;;'23124015321111001044176713;;PŁATNOŚĆ PEOPAY;-8,70;PLN;'C992112220736221;PŁATNOŚĆ PEOPAY;Artykuły spożywcze
03.05.2021;02.05.2021;NETFLIX.COM            NETFLIX.COM;;'23124015321111001044176713;;*********3025639;-52,00;PLN;'C992112205420970;TRANSAKCJA KARTĄ PŁATNICZĄ;Internet, TV, telefon
01.05.2021;01.05.2021;ZABKA Z2933 K.1        WARSZAWA;;'23124015321111001044176713;;PŁATNOŚĆ PEOPAY;-7,48;PLN;'C992112112467976;PŁATNOŚĆ PEOPAY;Artykuły spożywcze
30.04.2021;30.04.2021;;;;'23124015321111001044176713;ODSETKI OD DEPOZYTU;0,15;PLN;'014214U98C001359;ODSETKI OD DEPOZYTU;Odsetki, zwrot z inwestycji
30.04.2021;30.04.2021;;;'23124015321111001044176713;;PODATEK POBRANY;-0,03;PLN;'014214U98C001358;PODATEK POBRANY;Podatki
30.04.2021;30.04.2021;PAYU;DOLADOWANIA.PLA Grunwaldzka 186,Poznan;'23124015321111001044176713;;BLIK REF       58747848621;-25,00;PLN;'C992112013209290;PŁATNOŚĆ BLIK;Bez kategorii
30.04.2021;30.04.2021;ASSECO POLAND SA PŁACE;UL. OLCHOWA 14 35-322 RZESZÓW;'42124059181111000049090675;'23124015321111001044176713;WYNAGRODZENIE ZA PRACE W NOCY I NADGODZINY **202104N2** 23119;185,07;PLN;'4910430986841918;PRZELEW;Wynagrodzenie
30.04.2021;30.04.2021;ZABKA Z2933 K.1        WARSZAWA;;'23124015321111001044176713;;PŁATNOŚĆ PEOPAY;-1,98;PLN;'C992112009125664;PŁATNOŚĆ PEOPAY;Artykuły spożywcze
29.04.2021;29.04.2021;KACPER BANASIK;;'23124015321111001044176713;'69124060031111001048178711;Podliczylem wszystkie pierdoły;-700,00;PLN;'014214T606607207;PRZELEW INTERNET;Bez kategorii
29.04.2021;29.04.2021;PAYU;PYSZNE.PL Grunwaldzka 186,Poznan;'23124015321111001044176713;;BLIK REF       58747369268;-50,40;PLN;'C992111917961643;PŁATNOŚĆ BLIK;Bez kategorii
29.04.2021;29.04.2021;ZABKA Z2933 K.1        WARSZAWA;;'23124015321111001044176713;;PŁATNOŚĆ PEOPAY;-16,99;PLN;'C992111909807114;PŁATNOŚĆ PEOPAY;Artykuły spożywcze
27.04.2021;27.04.2021;ASSECO POLAND SA PŁACE;UL. OLCHOWA 14 35-322 RZESZÓW;'42124059181111000049090675;'23124015321111001044176713;WYNAGRODZENIE 04/2021 **202104U** 23119;5 064,32;PLN;'4910427981241824;PRZELEW;Wynagrodzenie
26.04.2021;18.04.2021;BANK PEKAO S.A.;CENTRALA-OŚRODEK OPERACJI KART ul.Giełdowa 5 01-211 Warszawa;'53124000270999999999999999;'23124015321111001044176713;ZWROT NIEROZLICZONEJ TRANSAKCJINA KARTĘ **** **** 4302 5639WYKONANEJ DN. 18/04/2021;0,14;PLN;'0321042460028047;PRZELEW;Inne
24.04.2021;24.04.2021;LIDL KSIECIA BOLESL    WARSZAWA;;'23124015321111001044176713;;PŁATNOŚĆ PEOPAY;-111,03;PLN;'C992111413435607;PŁATNOŚĆ PEOPAY;Artykuły spożywcze
24.04.2021;24.04.2021;BOGDAN SOBIERAJ;UL KOŁŁĄTAJA 3/23 18-403    ŁOMŻA               PL;'92124015321111001070940584;'23124015321111001044176713;zasilenie konta;300,00;PLN;'014214O625409717;PRZELEW;Inne
24.04.2021;23.04.2021;LIDL KSIECIA BOLESL    WARSZAWA;;'23124015321111001044176713;;PŁATNOŚĆ PEOPAY;-9,95;PLN;'C992111320279788;PŁATNOŚĆ PEOPAY;Artykuły spożywcze
23.04.2021;23.04.2021;GRUPY OLX SPOLKA;OLX.PL/ ,Poznan;'23124015321111001044176713;;BLIK REF       58611297441;-558,99;PLN;'C992111317205650;PŁATNOŚĆ BLIK;Zakupy przez internet
23.04.2021;22.04.2021;ZABKA Z2933 K.1        WARSZAWA;;'23124015321111001044176713;;PŁATNOŚĆ PEOPAY;-27,40;PLN;'C992111223998092;PŁATNOŚĆ PEOPAY;Artykuły spożywcze
22.04.2021;22.04.2021;ZABKA Z2933 K.1        WARSZAWA;;'23124015321111001044176713;;PŁATNOŚĆ PEOPAY;-1,98;PLN;'C992111209748722;PŁATNOŚĆ PEOPAY;Artykuły spożywcze
22.04.2021;21.04.2021;PAWEL GOLINSKI   89188 WARSZAWA;;'23124015321111001044176713;;PŁATNOŚĆ PEOPAY;-18,00;PLN;'C992111120657859;PŁATNOŚĆ PEOPAY;Restauracje i kawiarnie
22.04.2021;22.04.2021;PAYU;PYSZNE.PL Grunwaldzka 186,Poznan;'23124015321111001044176713;;BLIK REF       58598632382;-62,90;PLN;'C992111215863685;PŁATNOŚĆ BLIK;Hotele
21.04.2021;20.04.2021;KEBAB BASIT            WARSZAWA;;'23124015321111001044176713;;PŁATNOŚĆ PEOPAY;-27,00;PLN;'C992111021352986;PŁATNOŚĆ PEOPAY;Restauracje i kawiarnie
21.04.2021;20.04.2021;ALKOHOLE 24            WARSZAWA;;'23124015321111001044176713;;PŁATNOŚĆ PEOPAY;-4,00;PLN;'C992111021353288;PŁATNOŚĆ PEOPAY;Alkohol
21.04.2021;21.04.2021;ZABKA Z2933 K.2        WARSZAWA;;'23124015321111001044176713;;PŁATNOŚĆ PEOPAY;-5,19;PLN;'C992111109437069;PŁATNOŚĆ PEOPAY;Artykuły spożywcze
21.04.2021;18.04.2021;BANK PEKAO S.A.;CENTRALA-OŚRODEK OPERACJI KART ul.Giełdowa 5 01-211 Warszawa;'23124015321111001044176713;'53124000270999999999999999;KOREKTA OBC. Z TYT. TRANSAKCJINA KARTĘ **** **** 4302 5639WYKONANEJ: UBER   *TRIP          \Mr Treublaan 7   DN. 18/04/2021;-0,14;PLN;'0321042060037884;PRZELEW;Inne
20.04.2021;19.04.2021;ZABKA Z2933 K.2        WARSZAWA;;'23124015321111001044176713;;PŁATNOŚĆ PEOPAY;-7,98;PLN;'C992110921035352;PŁATNOŚĆ PEOPAY;Artykuły spożywcze
20.04.2021;19.04.2021;REVOLUT* - 8234        GBR;;'23124015321111001044176713;;;-400,00;PLN;'C992110920008598;TRANSAKCJA KARTĄ PŁATNICZĄ;Bez kategorii
19.04.2021;19.04.2021;PAYU SA ALLEGRO;WARSZAWA;'23124015321111001044176713;'25124059181111001053651984;PayU w Allegro XX2115030422XX wwwallegropl Allegro aa54f1b1 a13;-44,90;PLN;'014214J623508128;REALIZACJA PŁATNOŚCI PEOPAY;Zakupy przez internet
19.04.2021;19.04.2021;ZABKA Z2933 K.1        WARSZAWA;;'23124015321111001044176713;;PŁATNOŚĆ PEOPAY;-13,95;PLN;'C992110910809209;PŁATNOŚĆ PEOPAY;Artykuły spożywcze
19.04.2021;18.04.2021;KACPER BANASIK;;'23124015321111001044176713;'69124060031111001048178711;splitwise;-43,00;PLN;'014214I627802775;PRZELEW INTERNET;Bez kategorii
19.04.2021;18.04.2021;SEBASTIAN KURYŁO;;'23124015321111001044176713;'20194010764625325400000000;Przelew środków;-56,00;PLN;'M042100120594025;PRZELEW EXPRESS ELIXIR;Przelew
19.04.2021;18.04.2021;ZABKA Z2933 K.1        WARSZAWA;;'23124015321111001044176713;;PŁATNOŚĆ PEOPAY;-3,99;PLN;'C992110812579709;PŁATNOŚĆ PEOPAY;Artykuły spożywcze
19.04.2021;18.04.2021;UBER   *TRIP           AMSTERDAM;;'23124015321111001044176713;;*********3025639;-0,14;PLN;'C992110803540724;TRANSAKCJA KARTĄ PŁATNICZĄ;Taxi
19.04.2021;18.04.2021;UBER   * PENDING       AMSTERDAM;;'23124015321111001044176713;;*********3025639;-11,56;PLN;'C992110802540468;TRANSAKCJA KARTĄ PŁATNICZĄ;Taxi
17.04.2021;17.04.2021;MERA SERWIS SGL SP  Z  WARSZAWA;;'23124015321111001044176713;;PŁATNOŚĆ PEOPAY;-4,40;PLN;'C992110718455583;PŁATNOŚĆ PEOPAY;Transport publiczny
17.04.2021;17.04.2021;ZABKA Z2933 K.1        WARSZAWA;;'23124015321111001044176713;;PŁATNOŚĆ PEOPAY;-6,90;PLN;'C992110716406808;PŁATNOŚĆ PEOPAY;Artykuły spożywcze
17.04.2021;16.04.2021;ZABKA Z2933 K.2        WARSZAWA;;'23124015321111001044176713;;PŁATNOŚĆ PEOPAY;-28,50;PLN;'C992110622230702;PŁATNOŚĆ PEOPAY;Artykuły spożywcze
17.04.2021;16.04.2021;JMP S.A. BIEDRONKA 1386WARSZAWA;;'23124015321111001044176713;;PŁATNOŚĆ PEOPAY;-102,31;PLN;'C992110622229012;PŁATNOŚĆ PEOPAY;Artykuły spożywcze
16.04.2021;16.04.2021;ZABKA Z2933 K.2        WARSZAWA;;'23124015321111001044176713;;*********3025639;-6,00;PLN;'C992110616049896;TRANSAKCJA KARTĄ PŁATNICZĄ;Artykuły spożywcze
16.04.2021;16.04.2021;ZABKA Z2933 K.1        WARSZAWA;;'23124015321111001044176713;;PŁATNOŚĆ PEOPAY;-8,19;PLN;'C992110608961904;PŁATNOŚĆ PEOPAY;Artykuły spożywcze
15.04.2021;15.04.2021;ZABKA Z2933 K.1        WARSZAWA;;'23124015321111001044176713;;PŁATNOŚĆ PEOPAY;-9,78;PLN;'C992110510681141;PŁATNOŚĆ PEOPAY;Artykuły spożywcze
15.04.2021;15.04.2021;;;'23124015321111001044176713;'92124020921362991111000000;Opłata za obsługę kartyMasterCard Debit*43025639 za miesiąc 4.2021;-0,99;PLN;'M01504DE00233651;PROWIZJE AUT.;Opłaty bankowe
14.04.2021;14.04.2021;DS USTRONIE;KSIĘCIA JANUSZA 39 Warszawa                 01-452;'23124015321111001044176713;'71124069604903990001114373;Kamil Sobieraj, opłata za akademik464,40 zł;-464,40;PLN;'014214E625903016;PRZELEW INTERNET;Czynsz
13.04.2021;13.04.2021;ZABKA Z2933 K.1        WARSZAWA;;'23124015321111001044176713;;PŁATNOŚĆ PEOPAY;-14,15;PLN;'C992110310055320;PŁATNOŚĆ PEOPAY;Artykuły spożywcze
13.04.2021;12.04.2021;ZABKA Z2933 K.2        WARSZAWA;;'23124015321111001044176713;;PŁATNOŚĆ PEOPAY;-5,48;PLN;'C992110220963391;PŁATNOŚĆ PEOPAY;Artykuły spożywcze
12.04.2021;12.04.2021;ZABKA Z2933 K.2        WARSZAWA;;'23124015321111001044176713;;PŁATNOŚĆ PEOPAY;-3,98;PLN;'C992110214802776;PŁATNOŚĆ PEOPAY;Artykuły spożywcze
12.04.2021;11.04.2021;PRALNIA SMARTDORM.PL   WARSZAWA;;'23124015321111001044176713;;PŁATNOŚĆ PEOPAY;-4,00;PLN;'C992110121634153;PŁATNOŚĆ PEOPAY;Artykuły spożywcze
12.04.2021;11.04.2021;ZABKA Z9154 K.1        WARSZAWA;;'23124015321111001044176713;;PŁATNOŚĆ PEOPAY;-27,15;PLN;'C992110117568471;PŁATNOŚĆ PEOPAY;Artykuły spożywcze
12.04.2021;11.04.2021;ZABKA Z2933 K.1        WARSZAWA;;'23124015321111001044176713;;PŁATNOŚĆ PEOPAY;-12,98;PLN;'C992110115537452;PŁATNOŚĆ PEOPAY;Artykuły spożywcze
10.04.2021;10.04.2021;RESTAURACJA ZENTHAI    WARSZAWA;;'23124015321111001044176713;;PŁATNOŚĆ PEOPAY;-17,00;PLN;'C992110019369986;PŁATNOŚĆ PEOPAY;Restauracje i kawiarnie
10.04.2021;10.04.2021;AUCHAN POLSKA SP. Z    WARSZAWA;;'23124015321111001044176713;;PŁATNOŚĆ PEOPAY;-27,53;PLN;'C992110019367992;PŁATNOŚĆ PEOPAY;Artykuły spożywcze
10.04.2021;10.04.2021;PAYPRO S.A.;CASTORAMA.PL Kanclerska 15,Poznan;'23124015321111001044176713;;BLIK REF       58324197902;-9,38;PLN;'C992110015279874;PŁATNOŚĆ BLIK;Bez kategorii
09.04.2021;09.04.2021;JMP S.A. BIEDRONKA 4188WARSZAWA;;'23124015321111001044176713;;PŁATNOŚĆ PEOPAY;-98,83;PLN;'C992109913886285;PŁATNOŚĆ PEOPAY;Artykuły spożywcze
09.04.2021;09.04.2021;POCZTA POLSKA 02       WARSZAWA (WO;;'23124015321111001044176713;;PŁATNOŚĆ PEOPAY;-6,80;PLN;'C992109913866784;PŁATNOŚĆ PEOPAY;Bez kategorii
09.04.2021;09.04.2021;ZABKA Z2933 K.2        WARSZAWA;;'23124015321111001044176713;;PŁATNOŚĆ PEOPAY;-6,58;PLN;'C992109910807882;PŁATNOŚĆ PEOPAY;Artykuły spożywcze
08.04.2021;08.04.2021;ZABKA Z2933 K.2        WARSZAWA;;'23124015321111001044176713;;PŁATNOŚĆ PEOPAY;-2,30;PLN;'C992109809492693;PŁATNOŚĆ PEOPAY;Artykuły spożywcze
08.04.2021;07.04.2021;ZABKA Z9154 K.1        WARSZAWA;;'23124015321111001044176713;;PŁATNOŚĆ PEOPAY;-5,50;PLN;'C992109722444350;PŁATNOŚĆ PEOPAY;Artykuły spożywcze
06.04.2021;06.04.2021;PRZELEWY24;WARSZAWA;'23124015321111001044176713;'68124066091111001064604773;P24-M63-T35-K93 Allegro 6adeaa01-96b;-41,76;PLN;'0142146600609740;REALIZACJA PŁATNOŚCI PEOPAY;Inne
06.04.2021;05.04.2021;GOOGLE *GOOGLE PLAY AP 650-253-0000;;'23124015321111001044176713;;*********3025639;-6,99;PLN;'C992109523397717;TRANSAKCJA KARTĄ PŁATNICZĄ;Multimedia
06.04.2021;06.04.2021;PRALNIA SMARTDORM.PL   WARSZAWA;;'23124015321111001044176713;;PŁATNOŚĆ PEOPAY;-4,00;PLN;'C992109620117433;PŁATNOŚĆ PEOPAY;Artykuły spożywcze
06.04.2021;06.04.2021;AUCHAN POLSKA SP. Z    WARSZAWA;;'23124015321111001044176713;;*********3025639;-62,40;PLN;'C992109612511166;TRANSAKCJA KARTĄ PŁATNICZĄ;Artykuły spożywcze
06.04.2021;06.04.2021;RESTAURACJA ZENTHAI    WARSZAWA;;'23124015321111001044176713;;PŁATNOŚĆ PEOPAY;-17,00;PLN;'C992109612962727;PŁATNOŚĆ PEOPAY;Restauracje i kawiarnie
02.04.2021;02.04.2021;NETFLIX.COM            NETFLIX.COM;;'23124015321111001044176713;;*********3025639;-52,00;PLN;'C992109205510116;TRANSAKCJA KARTĄ PŁATNICZĄ;Internet, TV, telefon
01.04.2021;01.04.2021;KAUFLAND               LOMZA;;'23124015321111001044176713;;PŁATNOŚĆ PEOPAY;-71,35;PLN;'C992109114927216;PŁATNOŚĆ PEOPAY;Artykuły spożywcze
31.03.2021;31.03.2021;;;;'23124015321111001044176713;ODSETKI OD DEPOZYTU;0,20;PLN;'014213V98C001291;ODSETKI OD DEPOZYTU;Odsetki, zwrot z inwestycji
31.03.2021;31.03.2021;;;'23124015321111001044176713;;PODATEK POBRANY;-0,04;PLN;'014213V98C001290;PODATEK POBRANY;Podatki
31.03.2021;31.03.2021;PAYU;DOLADOWANIA.PLA Grunwaldzka 186,Poznan;'23124015321111001044176713;;BLIK REF       58156905969;-25,00;PLN;'C992109015645446;PŁATNOŚĆ BLIK;Bez kategorii
31.03.2021;31.03.2021;ASSECO POLAND SA PŁACE;UL. OLCHOWA 14 35-322 RZESZÓW;'42124059181111000049090675;'23124015321111001044176713;WYNAGRODZENIE ZA PRACE W NOCY I NADGODZINY **202103N3** 23119;426,58;PLN;'4910331987622275;PRZELEW;Wynagrodzenie
31.03.2021;31.03.2021;OSM PIATNICA           PIATNICA;;'23124015321111001044176713;;PŁATNOŚĆ PEOPAY;-17,05;PLN;'C992109009529115;PŁATNOŚĆ PEOPAY;Artykuły spożywcze
31.03.2021;31.03.2021;MERA SERWIS SGL SP  Z  WARSZAWA;;'23124015321111001044176713;;PŁATNOŚĆ PEOPAY;-8,80;PLN;'C992109006492252;PŁATNOŚĆ PEOPAY;Transport publiczny
30.03.2021;30.03.2021;ZABKA Z2933 K.2        WARSZAWA;;'23124015321111001044176713;;PŁATNOŚĆ PEOPAY;-4,99;PLN;'C992108920428725;PŁATNOŚĆ PEOPAY;Artykuły spożywcze
30.03.2021;30.03.2021;ŁUKASZ MAREK ADAMCZYK;UL. WOJSKA POLSKIEGO 80A  M.1 26-700 ZWOLEŃ;'73102043170000560204407417;'23124015321111001044176713;PIENIĄDZE DO OPŁACENIA ZAMÓWIENIANAKARTĘ GRAFICZNĄ, NUMERZAMÓWIENIA: 2542, GEFORCE RTX3090;7 820,00;PLN;'VC30001038509867;PRZELEW KRAJOWY MIĘDZYBANKOWY;Sprzedaż
30.03.2021;30.03.2021;AUCHAN URSYNOW         WARSZAWA;;'23124015321111001044176713;;PŁATNOŚĆ PEOPAY;-25,34;PLN;'C992108908211352;PŁATNOŚĆ PEOPAY;Artykuły spożywcze
30.03.2021;30.03.2021;BILETOMAT              WARSZAWA;;'23124015321111001044176713;;PŁATNOŚĆ PEOPAY;-8,80;PLN;'C992108907196822;PŁATNOŚĆ PEOPAY;Transport publiczny
29.03.2021;29.03.2021;MABOO SP. Z O.O.;ALEJA BOLESŁAWA KRZYWOUSTEGO 4/1 40 -870 Katowice;'23124015321111001044176713;'91105012141000009080743777;NUMER ZAMÓWIENIA: 2542;-15 639,03;PLN;'014213T624506000;PRZELEW INTERNET M/B;Zakupy przez internet
29.03.2021;29.03.2021;KACPER BANASIK;-;'23124015321111001044176713;'69124060031111001048178711;Przelew środków;-100,00;PLN;'014213T628605257;REALIZACJA PŁATNOŚCI PEOPAY;Bez kategorii
29.03.2021;29.03.2021;ZABKA Z2933 K.1        WARSZAWA;;'23124015321111001044176713;;PŁATNOŚĆ PEOPAY;-17,04;PLN;'C992108809928389;PŁATNOŚĆ PEOPAY;Artykuły spożywcze
29.03.2021;28.03.2021;ZABKA Z2933 K.2        WARSZAWA;;'23124015321111001044176713;;PŁATNOŚĆ PEOPAY;-12,99;PLN;'C992108718807558;PŁATNOŚĆ PEOPAY;Artykuły spożywcze
27.03.2021;27.03.2021;RESTAURACJA ZENTHAI    WARSZAWA;;'23124015321111001044176713;;PŁATNOŚĆ PEOPAY;-18,00;PLN;'C992108616568627;PŁATNOŚĆ PEOPAY;Restauracje i kawiarnie
27.03.2021;26.03.2021;ZABKA Z2933 K.2        WARSZAWA;;'23124015321111001044176713;;PŁATNOŚĆ PEOPAY;-5,80;PLN;'C992108522386169;PŁATNOŚĆ PEOPAY;Artykuły spożywcze
26.03.2021;26.03.2021;SEBASTIAN KURYŁO;;'20194010764625325400000000;'23124015321111001044176713;Przelew na telefon BLIK;50,00;PLN;'M042000008653786;PRZELEW EXPRESS ELIXIR;Sprzedaż
26.03.2021;26.03.2021;PAYU;PYSZNE.PL Grunwaldzka 186,Poznan;'23124015321111001044176713;;BLIK REF       58054813410;-50,99;PLN;'C992108518321539;PŁATNOŚĆ BLIK;Bez kategorii
26.03.2021;26.03.2021;ZABKA Z2933 K.1        WARSZAWA;;'23124015321111001044176713;;PŁATNOŚĆ PEOPAY;-3,60;PLN;'C992108509140636;PŁATNOŚĆ PEOPAY;Artykuły spożywcze
25.03.2021;25.03.2021;ASSECO POLAND SA PŁACE;UL. OLCHOWA 14 35-322 RZESZÓW;'42124059181111000049090675;'23124015321111001044176713;WYNAGRODZENIE 03/2020 **202103U** 23119;4 574,65;PLN;'4910325987892531;PRZELEW;Wynagrodzenie
25.03.2021;25.03.2021;ZABKA Z2933 K.2        WARSZAWA;;'23124015321111001044176713;;PŁATNOŚĆ PEOPAY;-4,28;PLN;'C992108410859156;PŁATNOŚĆ PEOPAY;Artykuły spożywcze
25.03.2021;24.03.2021;BANK PEKAO S.A.;CENTRALA-OŚRODEK OPERACJI KART ul.Giełdowa 5 01-211 Warszawa;'53124000270999999999999999;'23124015321111001044176713;ZWROT TRANSAKCJI PEOPAYWYKONANEJ: LIDL KSIECIA BOLESLAWA\uZ DNIA 22/03/202114734769 009;3,79;PLN;'0321032560022818;ZWROT PŁATNOŚCI PEOPAY;Inne
25.03.2021;24.03.2021;ZABKA Z2933 K.1        WARSZAWA;;'23124015321111001044176713;;PŁATNOŚĆ PEOPAY;-15,98;PLN;'C992108322784502;PŁATNOŚĆ PEOPAY;Artykuły spożywcze
24.03.2021;24.03.2021;ZABKA Z2933 K.1        WARSZAWA;;'23124015321111001044176713;;PŁATNOŚĆ PEOPAY;-6,05;PLN;'C992108308540485;PŁATNOŚĆ PEOPAY;Artykuły spożywcze
24.03.2021;24.03.2021;PAYU SA ALLEGRO;WARSZAWA;'23124015321111001044176713;'25124059181111001053651984;PayU w Allegro XX2080360003XX wwwallegropl Allegro 9d214b10 8c7;-47,40;PLN;'014213O600806241;REALIZACJA PŁATNOŚCI PEOPAY;Zakupy przez internet
23.03.2021;23.03.2021;WYPAS BURGER MACIEJ DL WARSZAWA;;'23124015321111001044176713;;PŁATNOŚĆ PEOPAY;-34,00;PLN;'C992108218436534;PŁATNOŚĆ PEOPAY;Restauracje i kawiarnie
23.03.2021;22.03.2021;LIDL KSIECIA BOLESL    WARSZAWA;;'23124015321111001044176713;;PŁATNOŚĆ PEOPAY;-53,73;PLN;'C992108121211174;PŁATNOŚĆ PEOPAY;Artykuły spożywcze
22.03.2021;22.03.2021;ZABKA Z2933 K.2        WARSZAWA;;'23124015321111001044176713;;PŁATNOŚĆ PEOPAY;-5,05;PLN;'C992108110001732;PŁATNOŚĆ PEOPAY;Artykuły spożywcze
20.03.2021;20.03.2021;ZABKA Z2933 K.1        WARSZAWA;;'23124015321111001044176713;;PŁATNOŚĆ PEOPAY;-5,00;PLN;'C992107915636034;PŁATNOŚĆ PEOPAY;Artykuły spożywcze
19.03.2021;19.03.2021;RESTAURACJA ZENTHAI    WARSZAWA;;'23124015321111001044176713;;PŁATNOŚĆ PEOPAY;-34,00;PLN;'C992107815346270;PŁATNOŚĆ PEOPAY;Restauracje i kawiarnie
19.03.2021;19.03.2021;AUCHAN POLSKA SP. Z    WARSZAWA;;'23124015321111001044176713;;PŁATNOŚĆ PEOPAY;-65,26;PLN;'C992107815344217;PŁATNOŚĆ PEOPAY;Artykuły spożywcze
19.03.2021;19.03.2021;DOZ APTEKA DBAM O ZDRO WARSZAWA;;'23124015321111001044176713;;PŁATNOŚĆ PEOPAY;-14,24;PLN;'C992107814321254;PŁATNOŚĆ PEOPAY;Lekarstwa
19.03.2021;19.03.2021;ZABKA Z2933 K.1        WARSZAWA;;'23124015321111001044176713;;PŁATNOŚĆ PEOPAY;-5,97;PLN;'C992107810238846;PŁATNOŚĆ PEOPAY;Artykuły spożywcze
18.03.2021;18.03.2021;STOLICA LODOW PACZKOW  WARSZAWA;;'23124015321111001044176713;;PŁATNOŚĆ PEOPAY;-20,00;PLN;'C992107713997393;PŁATNOŚĆ PEOPAY;Puby i kluby
18.03.2021;18.03.2021;EFES 01                WARSZAWA;;'23124015321111001044176713;;PŁATNOŚĆ PEOPAY;-20,00;PLN;'C992107712975544;PŁATNOŚĆ PEOPAY;Restauracje i kawiarnie
18.03.2021;18.03.2021;BILETOMAT              WARSZAWA;;'23124015321111001044176713;;PŁATNOŚĆ PEOPAY;-8,80;PLN;'C992107707907287;PŁATNOŚĆ PEOPAY;Transport publiczny
18.03.2021;18.03.2021;;;'23124015321111001044176713;'92124020921362991111000000;Opłata za obsługę kartyMasterCard Debit*43025639 za miesiąc 3.2021;-0,99;PLN;'M01504CH00051036;PROWIZJE AUT.;Opłaty bankowe
18.03.2021;17.03.2021;ZABKA Z2933 K.2        WARSZAWA;;'23124015321111001044176713;;PŁATNOŚĆ PEOPAY;-5,99;PLN;'C992107620853706;PŁATNOŚĆ PEOPAY;Artykuły spożywcze
17.03.2021;17.03.2021;REVOLUT* - 8234        GBR;;'23124015321111001044176713;;;-1 000,00;PLN;'C992107615987449;TRANSAKCJA KARTĄ PŁATNICZĄ;Bez kategorii
17.03.2021;17.03.2021;ZABKA Z2933 K.1        WARSZAWA;;'23124015321111001044176713;;PŁATNOŚĆ PEOPAY;-6,98;PLN;'C992107608626316;PŁATNOŚĆ PEOPAY;Artykuły spożywcze
16.03.2021;16.03.2021;ZABKA Z2933 K.2        WARSZAWA;;'23124015321111001044176713;;PŁATNOŚĆ PEOPAY;-4,80;PLN;'C992107510364503;PŁATNOŚĆ PEOPAY;Artykuły spożywcze
15.03.2021;15.03.2021;AUCHAN POLSKA SP. Z    WARSZAWA;;'23124015321111001044176713;;PŁATNOŚĆ PEOPAY;-82,41;PLN;'C992107413119804;PŁATNOŚĆ PEOPAY;Artykuły spożywcze
15.03.2021;15.03.2021;CASTORAMA WARSZAWA WOL WARSZAWA;;'23124015321111001044176713;;PŁATNOŚĆ PEOPAY;-12,98;PLN;'C992107412098572;PŁATNOŚĆ PEOPAY;Naprawy i remonty
15.03.2021;15.03.2021;ZABKA Z2933 K.2        WARSZAWA;;'23124015321111001044176713;;PŁATNOŚĆ PEOPAY;-1,98;PLN;'C992107410061825;PŁATNOŚĆ PEOPAY;Artykuły spożywcze
15.03.2021;14.03.2021;PAWEL GOLINSKI   89188 WARSZAWA;;'23124015321111001044176713;;PŁATNOŚĆ PEOPAY;-20,00;PLN;'C992107317608729;PŁATNOŚĆ PEOPAY;Restauracje i kawiarnie
15.03.2021;14.03.2021;DS USTRONIE;KSIĘCIA JANUSZA 39 Warszawa                 01-452;'23124015321111001044176713;'71124069604903990001114373;Kamil Sobieraj, opłata za akademik464,40 zł;-464,40;PLN;'014213E605401183;REALIZACJA PŁATNOŚCI PEOPAY;Czynsz
13.03.2021;13.03.2021;ZABKA Z2933 K.1        WARSZAWA;;'23124015321111001044176713;;PŁATNOŚĆ PEOPAY;-20,77;PLN;'C992107219424549;PŁATNOŚĆ PEOPAY;Artykuły spożywcze
13.03.2021;13.03.2021;ZABKA Z2933 K.2        WARSZAWA;;'23124015321111001044176713;;PŁATNOŚĆ PEOPAY;-9,69;PLN;'C992107214324680;PŁATNOŚĆ PEOPAY;Artykuły spożywcze
13.03.2021;13.03.2021;UBER   * PENDING       AMSTERDAM;;'23124015321111001044176713;;*********3025639;-18,66;PLN;'C992107203795619;TRANSAKCJA KARTĄ PŁATNICZĄ;Taxi
13.03.2021;12.03.2021;MERA SERWIS SGL SP  Z  WARSZAWA;;'23124015321111001044176713;;PŁATNOŚĆ PEOPAY;-6,80;PLN;'C992107122176599;PŁATNOŚĆ PEOPAY;Transport publiczny
12.03.2021;12.03.2021;ZABKA Z2933 K.2        WARSZAWA;;'23124015321111001044176713;;PŁATNOŚĆ PEOPAY;-11,00;PLN;'C992107118107662;PŁATNOŚĆ PEOPAY;Artykuły spożywcze
12.03.2021;12.03.2021;POD STRZECHA           WARSZAWA;;'23124015321111001044176713;;PŁATNOŚĆ PEOPAY;-17,90;PLN;'C992107117091749;PŁATNOŚĆ PEOPAY;Artykuły spożywcze
12.03.2021;12.03.2021;ZABKA Z2933 K.2        WARSZAWA;;'23124015321111001044176713;;PŁATNOŚĆ PEOPAY;-6,10;PLN;'C992107107893054;PŁATNOŚĆ PEOPAY;Artykuły spożywcze
10.03.2021;10.03.2021;SEBASTIAN KURYŁO;;'23124015321111001044176713;'20194010764625325400000000;Przelew środków;-37,00;PLN;'M042100105617116;PRZELEW EXPRESS ELIXIR;Przelew
10.03.2021;10.03.2021;ZABKA Z2933 K.2        WARSZAWA;;'23124015321111001044176713;;PŁATNOŚĆ PEOPAY;-8,28;PLN;'C992106919511222;PŁATNOŚĆ PEOPAY;Artykuły spożywcze
10.03.2021;10.03.2021;DOM MAKLERSKI BANKU BPS S.A.;;'23124015321111001044176713;'47193014192300033671930002;KAMIL SOBIERAJ r-k 00-90-001629;-2 500,00;PLN;'014213A604009745;PRZELEW INTERNET M/B;Założenie lokaty, zakup funduszy, akcji
10.03.2021;10.03.2021;ZABKA Z2933 K.2        WARSZAWA;;'23124015321111001044176713;;PŁATNOŚĆ PEOPAY;-4,70;PLN;'C992106911308866;PŁATNOŚĆ PEOPAY;Artykuły spożywcze
10.03.2021;09.03.2021;ZABKA Z2933 K.1        WARSZAWA;;'23124015321111001044176713;;PŁATNOŚĆ PEOPAY;-6,60;PLN;'C992106822224442;PŁATNOŚĆ PEOPAY;Artykuły spożywcze
10.03.2021;09.03.2021;ZABKA Z2933 K.1        WARSZAWA;;'23124015321111001044176713;;PŁATNOŚĆ PEOPAY;-14,80;PLN;'C992106821211705;PŁATNOŚĆ PEOPAY;Artykuły spożywcze
08.03.2021;08.03.2021;LIDL KSIECIA BOLESL    WARSZAWA;;'23124015321111001044176713;;PŁATNOŚĆ PEOPAY;-109,16;PLN;'C992106719876253;PŁATNOŚĆ PEOPAY;Artykuły spożywcze
08.03.2021;08.03.2021;ZABKA Z2933 K.1        WARSZAWA;;'23124015321111001044176713;;PŁATNOŚĆ PEOPAY;-7,50;PLN;'C992106709643756;PŁATNOŚĆ PEOPAY;Artykuły spożywcze
08.03.2021;07.03.2021;ZABKA Z2933 K.1        WARSZAWA;;'23124015321111001044176713;;PŁATNOŚĆ PEOPAY;-8,49;PLN;'C992106620569745;PŁATNOŚĆ PEOPAY;Artykuły spożywcze
08.03.2021;07.03.2021;SEFA KEBAB       67084 WARSZAWA;;'23124015321111001044176713;;PŁATNOŚĆ PEOPAY;-15,00;PLN;'C992106619558860;PŁATNOŚĆ PEOPAY;Restauracje i kawiarnie
08.03.2021;06.03.2021;PAYU SA ALLEGRO;WARSZAWA;'23124015321111001044176713;'25124059181111001053651984;PayU w Allegro XX2057959414XX wwwallegropl Allegro c2f72d71 7ec;-58,20;PLN;'0142136626009192;REALIZACJA PŁATNOŚCI PEOPAY;Zakupy przez internet
06.03.2021;06.03.2021;SEBASTIAN KURYŁO;;'20194010764625325400000000;'23124015321111001044176713;Przelew na telefon BLIK;9,00;PLN;'M042000008118827;PRZELEW EXPRESS ELIXIR;Sprzedaż
06.03.2021;06.03.2021;AUCHAN POLSKA SP. Z    WARSZAWA;;'23124015321111001044176713;;PŁATNOŚĆ PEOPAY;-105,89;PLN;'C992106517296785;PŁATNOŚĆ PEOPAY;Artykuły spożywcze
06.03.2021;06.03.2021;CASTORAMA WARSZAWA WOL WARSZAWA;;'23124015321111001044176713;;PŁATNOŚĆ PEOPAY;-16,72;PLN;'C992106515261948;PŁATNOŚĆ PEOPAY;Naprawy i remonty
06.03.2021;06.03.2021;ZABKA Z2933 K.2        WARSZAWA;;'23124015321111001044176713;;PŁATNOŚĆ PEOPAY;-5,10;PLN;'C992106512181030;PŁATNOŚĆ PEOPAY;Artykuły spożywcze
06.03.2021;06.03.2021;REVOLUT* - 8234        GBR;;'23124015321111001044176713;;;-1 000,00;PLN;'C992106511351887;TRANSAKCJA KARTĄ PŁATNICZĄ;Bez kategorii
04.03.2021;04.03.2021;DOTPAY S.A.;SKUBACZ.PL Wielicka 72,Krakow;'23124015321111001044176713;;BLIK REF       57604078910;-67,50;PLN;'C992106320759340;PŁATNOŚĆ BLIK;Bez kategorii
04.03.2021;04.03.2021;ZABKA Z2933 K.2        WARSZAWA;;'23124015321111001044176713;;PŁATNOŚĆ PEOPAY;-3,80;PLN;'C992106314631603;PŁATNOŚĆ PEOPAY;Artykuły spożywcze
04.03.2021;04.03.2021;PW DS USTRONIE         WARSZAWA;;'23124015321111001044176713;;PŁATNOŚĆ PEOPAY;-4,20;PLN;'C992106301507620;PŁATNOŚĆ PEOPAY;Restauracje i kawiarnie
03.03.2021;03.03.2021;ZABKA Z2933 K.1        WARSZAWA;;'23124015321111001044176713;;PŁATNOŚĆ PEOPAY;-6,00;PLN;'C992106215359033;PŁATNOŚĆ PEOPAY;Artykuły spożywcze
02.03.2021;02.03.2021;PL KFC WARSZAWA GOR    WARSZAWA;;'23124015321111001044176713;;PŁATNOŚĆ PEOPAY;-18,90;PLN;'C992106117113201;PŁATNOŚĆ PEOPAY;Restauracje i kawiarnie
02.03.2021;02.03.2021;ZABKA Z7109 K.1        WARSZAWA;;'23124015321111001044176713;;PŁATNOŚĆ PEOPAY;-3,50;PLN;'C992106117112236;PŁATNOŚĆ PEOPAY;Artykuły spożywcze
02.03.2021;02.03.2021;;;'23124015321111001044176713;'92124020921362991111000000;Opłata za wysłane kodyautoryzacyjne SMS - 1 szt.;-0,20;PLN;'M0150LC200317260;PROWIZJE AUT.;Opłaty bankowe
02.03.2021;02.03.2021;NETFLIX.COM            NETFLIX.COM;;'23124015321111001044176713;;*********3025639;-52,00;PLN;'C992106104603128;TRANSAKCJA KARTĄ PŁATNICZĄ;Internet, TV, telefon
01.03.2021;01.03.2021;JMP S.A. BIEDRONKA 4188WARSZAWA;;'23124015321111001044176713;;PŁATNOŚĆ PEOPAY;-60,71;PLN;'C992106017827663;PŁATNOŚĆ PEOPAY;Artykuły spożywcze
01.03.2021;01.03.2021;MONIKA;;'23124015321111001044176713;'21191010482205037537810001;Przelew środków;-30,00;PLN;'M042100100617492;PRZELEW EXPRESS ELIXIR;Przelew
01.03.2021;01.03.2021;PAYU;DOLADOWANIA.PLA Grunwaldzka 186,Poznan;'23124015321111001044176713;;BLIK REF       57559257728;-25,00;PLN;'C992106012715431;PŁATNOŚĆ BLIK;Bez kategorii
01.03.2021;01.03.2021;ZABKA Z2933 K.1        WARSZAWA;;'23124015321111001044176713;;PŁATNOŚĆ PEOPAY;-8,85;PLN;'C992106009660634;PŁATNOŚĆ PEOPAY;Artykuły spożywcze
01.03.2021;28.02.2021;REVOLUT* - 8234        GBR;;'23124015321111001044176713;;;-1 500,00;PLN;'C992105915157456;TRANSAKCJA KARTĄ PŁATNICZĄ;Bez kategorii
01.03.2021;28.02.2021;ZABKA Z2933 K.2        WARSZAWA;;'23124015321111001044176713;;PŁATNOŚĆ PEOPAY;-8,99;PLN;'C992105914498477;PŁATNOŚĆ PEOPAY;Artykuły spożywcze
01.03.2021;28.02.2021;MASHA KEBAB            WARSZAWA;;'23124015321111001044176713;;PŁATNOŚĆ PEOPAY;-16,00;PLN;'C992105902423795;PŁATNOŚĆ PEOPAY;Restauracje i kawiarnie
27.02.2021;27.02.2021;;;;'23124015321111001044176713;ODSETKI OD DEPOZYTU;0,22;PLN;'014212R98C001281;ODSETKI OD DEPOZYTU;Odsetki, zwrot z inwestycji
27.02.2021;27.02.2021;;;'23124015321111001044176713;;PODATEK POBRANY;-0,05;PLN;'014212R98C001280;PODATEK POBRANY;Podatki
26.02.2021;26.02.2021;ASSECO POLAND SA PŁACE;UL. OLCHOWA 14 35-322 RZESZÓW;'42124059181111000049090675;'23124015321111001044176713;WYNAGRODZENIE ZA PRACE W NOCY I NADGODZINY **202102N3** 23119;223,82;PLN;'4910226987043119;PRZELEW;Wynagrodzenie
26.02.2021;25.02.2021;LIDL KSIECIA BOLESL    WARSZAWA;;'23124015321111001044176713;;PŁATNOŚĆ PEOPAY;-89,59;PLN;'C992105622808979;PŁATNOŚĆ PEOPAY;Artykuły spożywcze
25.02.2021;25.02.2021;ASSECO POLAND SA PŁACE;UL. OLCHOWA 14 35-322 RZESZÓW;'42124059181111000049090675;'23124015321111001044176713;WYNAGRODZENIE 02/2020 **202102U** 23119;4 574,67;PLN;'4910225981182550;PRZELEW;Wynagrodzenie
22.02.2021;22.02.2021;SUPER - PHARM WARSZ    WARSZAWA;;'23124015321111001044176713;;PŁATNOŚĆ PEOPAY;-46,98;PLN;'C992105313790191;PŁATNOŚĆ PEOPAY;Lekarstwa
22.02.2021;22.02.2021;AUCHAN POLSKA SP. Z    WARSZAWA;;'23124015321111001044176713;;PŁATNOŚĆ PEOPAY;-80,16;PLN;'C992105313786842;PŁATNOŚĆ PEOPAY;Artykuły spożywcze
22.02.2021;21.02.2021;ZABKA Z2933 K.1        WARSZAWA;;'23124015321111001044176713;;PŁATNOŚĆ PEOPAY;-16,19;PLN;'C992105221653949;PŁATNOŚĆ PEOPAY;Artykuły spożywcze
22.02.2021;22.02.2021;URZĄD SKARBOWY W ŁOMŻY;18-400 ŁOMŻA POLOWA 47;'38101000712221910905012560;'23124015321111001044176713;Zwrot z podatku PIT za rok 2020??/KL/03;3,00;PLN;'VBV0001011125560;PRZELEW KRAJOWY MIĘDZYBANKOWY;Inne
20.02.2021;19.02.2021;ZABKA Z2933 K.1        WARSZAWA;;'23124015321111001044176713;;PŁATNOŚĆ PEOPAY;-15,76;PLN;'C992105022214972;PŁATNOŚĆ PEOPAY;Artykuły spożywcze
19.02.2021;18.02.2021;ZABKA Z2933 K.2        WARSZAWA;;'23124015321111001044176713;;PŁATNOŚĆ PEOPAY;-14,68;PLN;'C992104922934525;PŁATNOŚĆ PEOPAY;Artykuły spożywcze
19.02.2021;19.02.2021;ZABKA Z2933 K.1        WARSZAWA;;'23124015321111001044176713;;PŁATNOŚĆ PEOPAY;-30,40;PLN;'C992105020186937;PŁATNOŚĆ PEOPAY;Artykuły spożywcze
18.02.2021;18.02.2021;LIDL KSIECIA BOLESL    WARSZAWA;;'23124015321111001044176713;;PŁATNOŚĆ PEOPAY;-119,12;PLN;'C992104912758594;PŁATNOŚĆ PEOPAY;Artykuły spożywcze
18.02.2021;18.02.2021;;;'23124015321111001044176713;'92124020921362991111000000;Opłata za obsługę kartyMasterCard Debit*43025639 za miesiąc 2.2021;-0,99;PLN;'M01504BH00198596;PROWIZJE AUT.;Opłaty bankowe
17.02.2021;17.02.2021;PL KFC WARSZAWA GOR    WARSZAWA;;'23124015321111001044176713;;PŁATNOŚĆ PEOPAY;-33,45;PLN;'C992104814510004;PŁATNOŚĆ PEOPAY;Restauracje i kawiarnie
17.02.2021;17.02.2021;REVOLUT* - 8234        GBR;;'23124015321111001044176713;;;-1 000,00;PLN;'C992104811131336;TRANSAKCJA KARTĄ PŁATNICZĄ;Bez kategorii
15.02.2021;15.02.2021;BILETOMAT              WARSZAWA;;'23124015321111001044176713;;PŁATNOŚĆ PEOPAY;-8,80;PLN;'C992104609863814;PŁATNOŚĆ PEOPAY;Transport publiczny
15.02.2021;14.02.2021;ZABKA Z2933 K.1        WARSZAWA;;'23124015321111001044176713;;PŁATNOŚĆ PEOPAY;-8,10;PLN;'C992104521807890;PŁATNOŚĆ PEOPAY;Artykuły spożywcze
13.02.2021;13.02.2021;AUCHAN POLSKA SP. Z    WARSZAWA;;'23124015321111001044176713;;PŁATNOŚĆ PEOPAY;-349,10;PLN;'C992104415496533;PŁATNOŚĆ PEOPAY;Artykuły spożywcze
13.02.2021;12.02.2021;ZABKA Z2933 K.2        WARSZAWA;;'23124015321111001044176713;;PŁATNOŚĆ PEOPAY;-5,67;PLN;'C992104322338390;PŁATNOŚĆ PEOPAY;Artykuły spożywcze
12.02.2021;12.02.2021;ZABKA Z2933 K.2        WARSZAWA;;'23124015321111001044176713;;PŁATNOŚĆ PEOPAY;-10,00;PLN;'C992104313160702;PŁATNOŚĆ PEOPAY;Artykuły spożywcze
11.02.2021;11.02.2021;ZABKA Z9154 K.1        WARSZAWA;;'23124015321111001044176713;;*********3025639;-2,30;PLN;'C992104213094715;TRANSAKCJA KARTĄ PŁATNICZĄ;Artykuły spożywcze
11.02.2021;11.02.2021;WHISKY AND WINE PLACE  WARSZAWA;;'23124015321111001044176713;;PŁATNOŚĆ PEOPAY;-135,00;PLN;'C992104212867525;PŁATNOŚĆ PEOPAY;Alkohol
11.02.2021;11.02.2021;BLUEMEDIA;WARSZAWA;'23124015321111001044176713;'53124012551111001016221166;BPIDAR6QKUUSPX Pakiet BIK;-99,00;PLN;'014212B623005535;REALIZACJA PŁATNOŚCI PEOPAY;Zakupy przez internet
10.02.2021;10.02.2021;REVOLUT* - 8234        GBR;;'23124015321111001044176713;;;-1 000,00;PLN;'C992104118852681;TRANSAKCJA KARTĄ PŁATNICZĄ;Bez kategorii
10.02.2021;10.02.2021;ASSECO POLAND SA PŁACE;UL. OLCHOWA 14 35-322 RZESZÓW;'42124059181111000049090675;'23124015321111001044176713;WYNAGRODZENIE ZA PRACE W NOCY I NADGODZINY **202102N1** 23119;730,29;PLN;'4910210987672892;PRZELEW;Wynagrodzenie
10.02.2021;10.02.2021;WACŁAW SEBASTIAN BOROWSKI;UL. DARŁOWSKA 3  M.46 04-091 WARSZAWA;'50102055581111138370700074;'23124015321111001044176713;KAMIL ZIOM2021 STYCZEŃ, LUTY, MARZEC;39,00;PLN;'VBJ0001002508112;PRZELEW KRAJOWY MIĘDZYBANKOWY;Inne
10.02.2021;09.02.2021;LIDL KSIECIA BOLESL    WARSZAWA;;'23124015321111001044176713;;PŁATNOŚĆ PEOPAY;-85,10;PLN;'C992104021430577;PŁATNOŚĆ PEOPAY;Artykuły spożywcze
09.02.2021;09.02.2021;PL KFC WARSZAWA GOR    WARSZAWA;;'23124015321111001044176713;;PŁATNOŚĆ PEOPAY;-23,85;PLN;'C992104016323205;PŁATNOŚĆ PEOPAY;Restauracje i kawiarnie
09.02.2021;09.02.2021;DOM MAKLERSKI BANKU BPS S.A.;;'23124015321111001044176713;'47193014192300033671930002;KAMIL SOBIERAJ r-k 00-90-001629;-10 000,00;PLN;'0142129602506550;PRZELEW INTERNET M/B;Założenie lokaty, zakup funduszy, akcji
08.02.2021;08.02.2021;ZABKA Z2933 K.1        WARSZAWA;;'23124015321111001044176713;;PŁATNOŚĆ PEOPAY;-6,05;PLN;'C992103909932588;PŁATNOŚĆ PEOPAY;Artykuły spożywcze
08.02.2021;07.02.2021;ZABKA Z2933 K.1        WARSZAWA;;'23124015321111001044176713;;PŁATNOŚĆ PEOPAY;-12,28;PLN;'C992103816813973;PŁATNOŚĆ PEOPAY;Artykuły spożywcze
08.02.2021;07.02.2021;DS USTRONIE;KSIĘCIA JANUSZA 39 Warszawa                 01-452;'23124015321111001044176713;'71124069604903990001114373;Kamil Sobieraj, opłata za akademik464,40 zł;-464,40;PLN;'0142127623204935;PRZELEW INTERNET;Czynsz
06.02.2021;06.02.2021;ZABKA Z2933 K.2        WARSZAWA;;'23124015321111001044176713;;PŁATNOŚĆ PEOPAY;-6,05;PLN;'C992103712555369;PŁATNOŚĆ PEOPAY;Artykuły spożywcze
05.02.2021;04.02.2021;LIDL KSIECIA BOLESL    WARSZAWA;;'23124015321111001044176713;;PŁATNOŚĆ PEOPAY;-72,75;PLN;'C992103521168742;PŁATNOŚĆ PEOPAY;Artykuły spożywcze
04.02.2021;03.02.2021;KEBAB MASHA            WARSZAWA;;'23124015321111001044176713;;PŁATNOŚĆ PEOPAY;-18,00;PLN;'C992103420897867;PŁATNOŚĆ PEOPAY;Restauracje i kawiarnie
04.02.2021;03.02.2021;TESCO GORCZEWSKA 63(152WARSZAWA;;'23124015321111001044176713;;PŁATNOŚĆ PEOPAY;-3,97;PLN;'C992103420896039;PŁATNOŚĆ PEOPAY;Artykuły spożywcze
03.02.2021;03.02.2021;AUT BILET 2484380      WARSZAWA;;'23124015321111001044176713;;PŁATNOŚĆ PEOPAY;-3,40;PLN;'C992103419886222;PŁATNOŚĆ PEOPAY;Transport publiczny
03.02.2021;03.02.2021;ZABKA Z2933 K.2        WARSZAWA;;'23124015321111001044176713;;PŁATNOŚĆ PEOPAY;-5,40;PLN;'C992103410708222;PŁATNOŚĆ PEOPAY;Artykuły spożywcze
02.02.2021;02.02.2021;NETFLIX.COM            NETFLIX.COM;;'23124015321111001044176713;;*********3025639;-52,00;PLN;'C992103305780723;TRANSAKCJA KARTĄ PŁATNICZĄ;Internet, TV, telefon
01.02.2021;01.02.2021;RUCH 705095            WARSZAWA;;'23124015321111001044176713;;PŁATNOŚĆ PEOPAY;-3,98;PLN;'C992103211176788;PŁATNOŚĆ PEOPAY;Gazety lub czasopisma
01.02.2021;31.01.2021;RESTAURACJA ZENTHAI    WARSZAWA;;'23124015321111001044176713;;PŁATNOŚĆ PEOPAY;-26,00;PLN;'C992103117032308;PŁATNOŚĆ PEOPAY;Restauracje i kawiarnie
01.02.2021;31.01.2021;AUCHAN POLSKA SP. Z    WARSZAWA;;'23124015321111001044176713;;PŁATNOŚĆ PEOPAY;-110,26;PLN;'C992103117030445;PŁATNOŚĆ PEOPAY;Artykuły spożywcze
01.02.2021;31.01.2021;PAYU;DOLADOWANIA.PLA Grunwaldzka 186,Poznan;'23124015321111001044176713;;BLIK REF       56940802797;-25,00;PLN;'C992103111929251;PŁATNOŚĆ BLIK;Bez kategorii
30.01.2021;30.01.2021;;;;'23124015321111001044176713;ODSETKI OD DEPOZYTU;0,29;PLN;'014211U98C001353;ODSETKI OD DEPOZYTU;Odsetki, zwrot z inwestycji
30.01.2021;30.01.2021;;;'23124015321111001044176713;;PODATEK POBRANY;-0,06;PLN;'014211U98C001352;PODATEK POBRANY;Podatki
30.01.2021;29.01.2021;JMP S.A. BIEDRONKA 4188WARSZAWA;;'23124015321111001044176713;;*********3025639;-53,06;PLN;'C992102920879645;TRANSAKCJA KARTĄ PŁATNICZĄ;Artykuły spożywcze
29.01.2021;29.01.2021;ZABKA Z2933 K.1        WARSZAWA;;'23124015321111001044176713;;PŁATNOŚĆ PEOPAY;-13,98;PLN;'C992102909409798;PŁATNOŚĆ PEOPAY;Artykuły spożywcze
27.01.2021;26.01.2021;ZABKA Z2933 K.1        WARSZAWA;;'23124015321111001044176713;;PŁATNOŚĆ PEOPAY;-12,97;PLN;'C992102622850044;PŁATNOŚĆ PEOPAY;Artykuły spożywcze
27.01.2021;27.01.2021;RESTAURACJA ZENTHAI    WARSZAWA;;'23124015321111001044176713;;PŁATNOŚĆ PEOPAY;-19,00;PLN;'C992102717027566;PŁATNOŚĆ PEOPAY;Restauracje i kawiarnie
27.01.2021;27.01.2021;AUCHAN POLSKA SP. Z    WARSZAWA;;'23124015321111001044176713;;PŁATNOŚĆ PEOPAY;-71,10;PLN;'C992102717025771;PŁATNOŚĆ PEOPAY;Artykuły spożywcze
27.01.2021;27.01.2021;ASSECO POLAND SA PŁACE;UL. OLCHOWA 14 35-322 RZESZÓW;'42124059181111000049090675;'23124015321111001044176713;WYNAGRODZENIE 01/2021 **202101U** 23119;4 574,65;PLN;'4910127981111515;PRZELEW;Wynagrodzenie
26.01.2021;26.01.2021;PAYU SA STANDARD;WARSZAWA;'23124015321111001044176713;'93124059181111001053653379;PayU XX2008720340XX sklepkfdpl Zamowienie do koszyka 2184858 ze sklepuSklep KF;-93,46;PLN;'014211Q606508927;REALIZACJA PŁATNOŚCI PEOPAY;Zakupy przez internet
25.01.2021;25.01.2021;PIEKARNIA ORMIANSKA    WARSZAWA;;'23124015321111001044176713;;PŁATNOŚĆ PEOPAY;-15,00;PLN;'C992102514470381;PŁATNOŚĆ PEOPAY;Artykuły spożywcze
25.01.2021;25.01.2021;AUCHAN POLSKA SP. Z    WARSZAWA;;'23124015321111001044176713;;PŁATNOŚĆ PEOPAY;-50,40;PLN;'C992102514469794;PŁATNOŚĆ PEOPAY;Artykuły spożywcze
25.01.2021;25.01.2021;PRZELEWY24;WARSZAWA;'23124015321111001044176713;'84124059341111001098127437;P24-W20-H94-J79 M3860-29868;-12,99;PLN;'014211P600007480;REALIZACJA PŁATNOŚCI PEOPAY;Bez kategorii
23.01.2021;23.01.2021;UŁASIUK MAŁGORZATA;UL. DĄBROWICA MAŁA 71 21-530 DĄBROW ICA MAŁA;'61156000132008867040000001;'23124015321111001044176713;frytasy i skrzydełkasy;18,20;PLN;'M042000007062135;PRZELEW EXPRESS ELIXIR;Inne
23.01.2021;23.01.2021;EURO-APTEKA A132       WARSZAWA;;'23124015321111001044176713;;PŁATNOŚĆ PEOPAY;-14,24;PLN;'C992102313074453;PŁATNOŚĆ PEOPAY;Lekarstwa
23.01.2021;23.01.2021;TESCO GORCZEWSKA KASA 8WARSZAWA;;'23124015321111001044176713;;PŁATNOŚĆ PEOPAY;-67,91;PLN;'C992102314097409;PŁATNOŚĆ PEOPAY;Artykuły spożywcze
22.01.2021;22.01.2021;ZABKA Z2933 K.2        WARSZAWA;;'23124015321111001044176713;;*********3025639;-10,48;PLN;'C992102220611672;TRANSAKCJA KARTĄ PŁATNICZĄ;Artykuły spożywcze
22.01.2021;22.01.2021;UBER * EATS PENDING    HELP.UBER.CO;;'23124015321111001044176713;;;-42,14;PLN;'C992102217556968;TRANSAKCJA KARTĄ PŁATNICZĄ;Restauracje i kawiarnie
21.01.2021;21.01.2021;LIDL KSIECIA BOLESL    WARSZAWA;;'23124015321111001044176713;;*********3025639;-118,04;PLN;'C992102120222402;TRANSAKCJA KARTĄ PŁATNICZĄ;Artykuły spożywcze
21.01.2021;21.01.2021;DOTPAY S.A.;SKUBACZ.PL Wielicka 72,Krakow;'23124015321111001044176713;;BLIK REF       56777937540;-64,00;PLN;'C992102114573618;PŁATNOŚĆ BLIK;Bez kategorii
21.01.2021;21.01.2021;ZABKA Z2933 K.2        WARSZAWA;;'23124015321111001044176713;;*********3025639;-6,74;PLN;'C992102108901346;TRANSAKCJA KARTĄ PŁATNICZĄ;Artykuły spożywcze
21.01.2021;21.01.2021;;;'23124015321111001044176713;'92124020921362991111000000;Opłata za obsługę kartyMasterCard Debit*43025639 za miesiąc 1.2021;-0,99;PLN;'M01504AK00218806;PROWIZJE AUT.;Opłaty bankowe
19.01.2021;19.01.2021;JMP S.A. BIEDRONKA 1386WARSZAWA;;'23124015321111001044176713;;*********3025639;-24,98;PLN;'C992101914353276;TRANSAKCJA KARTĄ PŁATNICZĄ;Artykuły spożywcze
19.01.2021;18.01.2021;ZABKA Z2933 K.2        WARSZAWA;;'23124015321111001044176713;;*********3025639;-3,98;PLN;'C992101822173207;TRANSAKCJA KARTĄ PŁATNICZĄ;Artykuły spożywcze
18.01.2021;18.01.2021;ZABKA Z9154 K.1        WARSZAWA;;'23124015321111001044176713;;*********3025639;-3,98;PLN;'C992101813977804;TRANSAKCJA KARTĄ PŁATNICZĄ;Artykuły spożywcze
18.01.2021;18.01.2021;DS USTRONIE;KSIĘCIA JANUSZA 39 Warszawa                 01-452;'23124015321111001044176713;'71124069604903990001114373;Kamil Sobieraj, opłata za akademik464,40 zł;-464,40;PLN;'014211I628809795;PRZELEW INTERNET;Czynsz
16.01.2021;16.01.2021;RESTAURACJA ZENTHAI    WARSZAWA;;'23124015321111001044176713;;*********3025639;-17,00;PLN;'C992101617689073;TRANSAKCJA KARTĄ PŁATNICZĄ;Restauracje i kawiarnie
16.01.2021;16.01.2021;AUCHAN POLSKA SP. Z    WARSZAWA;;'23124015321111001044176713;;*********3025639;-97,92;PLN;'C992101617687055;TRANSAKCJA KARTĄ PŁATNICZĄ;Artykuły spożywcze
09.01.2021;09.01.2021;AUCHAN POLSKA SP. Z    WARSZAWA;;'23124015321111001044176713;;*********3025639;-95,34;PLN;'C992100919835801;TRANSAKCJA KARTĄ PŁATNICZĄ;Artykuły spożywcze
07.01.2021;07.01.2021;AUCHAN POLSKA SP. Z    WARSZAWA;;'23124015321111001044176713;;*********3025639;-104,58;PLN;'C992100719023941;TRANSAKCJA KARTĄ PŁATNICZĄ;Artykuły spożywcze
02.01.2021;02.01.2021;NETFLIX.COM            NETFLIX.COM;;'23124015321111001044176713;;*********3025639;-52,00;PLN;'C992100204422310;TRANSAKCJA KARTĄ PŁATNICZĄ;Internet, TV, telefon
