Data księgowania;Data waluty;Nadawca / Odbiorca;Adres nadawcy / odbiorcy;Rachunek źródłowy;Rachunek docelowy;Tytułem;Kwota operacji;Waluta;Numer referencyjny;Typ operacji;Kategoria
31.12.2025;31.12.2025;;;;'23124015321111001044176713;ODSETKI OD DEPOZYTU;0,03;PLN;'01425CV98C000944;ODSETKI OD DEPOZYTU;Odsetki, zwrot z inwestycji
31.12.2025;31.12.2025;;;'23124015321111001044176713;;PODATEK POBRANY;-0,01;PLN;'01425CV98C000943;PODATEK POBRANY;Podatki
31.12.2025;31.12.2025;JMP S.A. BIEDRONKA 445 WARSZAWA;;'23124015321111001044176713;;*********3025639;-74,04;PLN;'C992536517530176;TRANSAKCJA KARTĄ PŁATNICZĄ;Artykuły spożywcze
31.12.2025;31.12.2025;AUCHAN POLSKA SP. Z  0 WARSZAWA;;'23124015321111001044176713;;*********3025639;-76,72;PLN;'C992536514453102;TRANSAKCJA KARTĄ PŁATNICZĄ;Artykuły spożywcze
30.12.2025;30.12.2025;IKE BOSSA;;'23124015321111001044176713;'83154011578129000000814183;IKE 814183;-719,00;PLN;'01425CU623907789;REALIZACJA PŁATNOŚCI PEOPAY;Bez kategorii
30.12.2025;30.12.2025;XTB SPÓŁKA AKCYJNA;PROSTA 67 00-838 WARSZAWA;'28124040960004000002852889;'23124015321111001044176713;Withdrawal from 2852889;1 170,00;PLN;'M0380PLT00010482;PRZELEW;Inne
29.12.2025;29.12.2025;"BEP-WIET"" HONG SINH NG WARSZAWA";;'23124015321111001044176713;;*********3025639;-17,00;PLN;'C992536320032677;TRANSAKCJA KARTĄ PŁATNICZĄ;Restauracje i kawiarnie
29.12.2025;29.12.2025;LIDL KAROLKOWA         WARSZAWA;;'23124015321111001044176713;;*********3025639;-76,65;PLN;'C992536320507432;TRANSAKCJA KARTĄ PŁATNICZĄ;Artykuły spożywcze
29.12.2025;29.12.2025;JMP S.A. BIEDRONKA 445 WARSZAWA;;'23124015321111001044176713;;*********3025639;-8,98;PLN;'C992536309077933;TRANSAKCJA KARTĄ PŁATNICZĄ;Artykuły spożywcze
29.12.2025;29.12.2025;XTB SPOLKA AKCYJNA;;'23124015321111001044176713;'50124020929725000002852889;2852889;-1,00;PLN;'01425CT621107304;PRZELEW INTERNET;Bez kategorii
29.12.2025;28.12.2025;IKE BOSSA;;'23124015321111001044176713;'83154011578129000000814183;IKE 814183;-1 800,00;PLN;'01425CS622702935;REALIZACJA PŁATNOŚCI PEOPAY;Bez kategorii
29.12.2025;28.12.2025;UL. RONDO DASZYNSKIEGO WARSZAWA;R5320561 R5320561 *********3025639;;'23124015321111001044176713;WPŁATA W BANKOMACIE;1 100,00;PLN;'C992536215902182;WPŁATA W BANKOMACIE;Wpłata w bankomacie
29.12.2025;28.12.2025;TADIM DONER GRILL      WARSZAWA;;'23124015321111001044176713;;*********3025639;-33,50;PLN;'C992536211842327;TRANSAKCJA KARTĄ PŁATNICZĄ;Restauracje i kawiarnie
27.12.2025;27.12.2025;ACTION A195            LOMZA;;'23124015321111001044176713;;*********3025639;-10,95;PLN;'C992536112484473;TRANSAKCJA KARTĄ PŁATNICZĄ;Bez kategorii
27.12.2025;27.12.2025;MULTISERWIS J. KOTOWSK LOMZA;;'23124015321111001044176713;;*********3025639;-65,00;PLN;'C992536111465317;TRANSAKCJA KARTĄ PŁATNICZĄ;Internet, TV, telefon
25.12.2025;25.12.2025;CIRCLE K LOMZA, AL     LOMZA;;'23124015321111001044176713;;*********3025639;-6,00;PLN;'C992535912678293;TRANSAKCJA KARTĄ PŁATNICZĄ;Paliwo
24.12.2025;23.12.2025;ZAKEXPRESS.COM.PL      AUGUSTOW;;'23124015321111001044176713;;*********3025639;-46,59;PLN;'C992535721489521;TRANSAKCJA KARTĄ PŁATNICZĄ;Transport publiczny
23.12.2025;23.12.2025;JMP S.A. BIEDRONKA 445 WARSZAWA;;'23124015321111001044176713;;*********3025639;-25,83;PLN;'C992535709337414;TRANSAKCJA KARTĄ PŁATNICZĄ;Artykuły spożywcze
23.12.2025;23.12.2025;UBER *TRIP HELP.UBER.C AMSTERDAM;;'23124015321111001044176713;;;-5,00;PLN;'C992535719870381;TRANSAKCJA KARTĄ PŁATNICZĄ;Taxi
23.12.2025;23.12.2025;UBER   * PENDING       AMSTERDAM;;'23124015321111001044176713;;*********3025639;-6,91;PLN;'C992535719846671;TRANSAKCJA KARTĄ PŁATNICZĄ;Taxi
23.12.2025;23.12.2025;UBER   *TRIP           AMSTERDAM;;'23124015321111001044176713;;*********3025639;-5,00;PLN;'C992535719437079;TRANSAKCJA KARTĄ PŁATNICZĄ;Taxi
23.12.2025;23.12.2025;IKE BOSSA;;'23124015321111001044176713;'83154011578129000000814183;IKE 814183;-1 500,00;PLN;'01425CN602404974;REALIZACJA PŁATNOŚCI PEOPAY;Bez kategorii
22.12.2025;22.12.2025;HAIRCUT EXPRESS        WARSZAWA;;'23124015321111001044176713;;*********3025639;-65,00;PLN;'C992535618114683;TRANSAKCJA KARTĄ PŁATNICZĄ;Uroda, fryzjer, kosmetyczka
22.12.2025;21.12.2025;TADIM DONER GRILL      WARSZAWA;;'23124015321111001044176713;;*********3025639;-66,50;PLN;'C992535519476744;TRANSAKCJA KARTĄ PŁATNICZĄ;Restauracje i kawiarnie
22.12.2025;21.12.2025;FINELF.COM SP. Z O.O.  SOPOT;;'23124015321111001044176713;;*********3025639;-2,00;PLN;'C992535517992008;TRANSAKCJA KARTĄ PŁATNICZĄ;Multimedia
22.12.2025;21.12.2025;LIDL KAROLKOWA         WARSZAWA;;'23124015321111001044176713;;*********3025639;-117,11;PLN;'C992535513856510;TRANSAKCJA KARTĄ PŁATNICZĄ;Artykuły spożywcze
22.12.2025;21.12.2025;JMP S.A. BIEDRONKA 445 WARSZAWA;;'23124015321111001044176713;;*********3025639;-28,36;PLN;'C992535511183463;TRANSAKCJA KARTĄ PŁATNICZĄ;Artykuły spożywcze
19.12.2025;18.12.2025;JMP S.A. BIEDRONKA 445 WARSZAWA;;'23124015321111001044176713;;*********3025639;-52,86;PLN;'C992535220810191;TRANSAKCJA KARTĄ PŁATNICZĄ;Artykuły spożywcze
18.12.2025;18.12.2025;JMP S.A. BIEDRONKA 445 WARSZAWA;;'23124015321111001044176713;;*********3025639;-18,47;PLN;'C992535209320255;TRANSAKCJA KARTĄ PŁATNICZĄ;Artykuły spożywcze
17.12.2025;17.12.2025;JMP S.A. BIEDRONKA 445 WARSZAWA;;'23124015321111001044176713;;*********3025639;-16,26;PLN;'C992535117083894;TRANSAKCJA KARTĄ PŁATNICZĄ;Artykuły spożywcze
17.12.2025;17.12.2025;ZAKEXPRESS.COM.PL      AUGUSTOW;;'23124015321111001044176713;;*********3025639;-46,59;PLN;'C992535115604050;TRANSAKCJA KARTĄ PŁATNICZĄ;Transport publiczny
17.12.2025;17.12.2025;;;'23124015321111001044176713;'92124020921362991111000000;Opłata za obsługę kartyMasterCard Debit*43025639 za miesiąc 12.2025;-1,00;PLN;'M0150PLI00133452;PROWIZJE AUT.;Opłaty bankowe
17.12.2025;17.12.2025;JMP S.A. BIEDRONKA 445 WARSZAWA;;'23124015321111001044176713;;*********3025639;-25,98;PLN;'C992535108309653;TRANSAKCJA KARTĄ PŁATNICZĄ;Artykuły spożywcze
16.12.2025;16.12.2025;JMP S.A. BIEDRONKA 445 WARSZAWA;;'23124015321111001044176713;;*********3025639;-9,49;PLN;'C992535008736878;TRANSAKCJA KARTĄ PŁATNICZĄ;Artykuły spożywcze
16.12.2025;15.12.2025;BUDZIŃSKA JULIA;;'15105015591000009267210426;'23124015321111001044176713;Przelew na telefon +48xxxxxx789Przelew na telefonDla Kamil SobierajOd JULIA BUDZIŃSKA;278,00;PLN;'M042000218842119;PRZELEW BLIK PRZYCHODZĄCY;Sprzedaż
16.12.2025;15.12.2025;JMP S.A. BIEDRONKA 445 WARSZAWA;;'23124015321111001044176713;;*********3025639;-33,35;PLN;'C992534921010029;TRANSAKCJA KARTĄ PŁATNICZĄ;Artykuły spożywcze
15.12.2025;15.12.2025;IKE BOSSA;;'23124015321111001044176713;'83154011578129000000814183;IKE 814183;-5 000,00;PLN;'01425CF626400674;REALIZACJA PŁATNOŚCI PEOPAY;Bez kategorii
15.12.2025;15.12.2025;ASSECO POLAND SA PŁACE;UL. OLCHOWA 14 35-322 RZESZÓW;'42124059181111000049090675;'23124015321111001044176713;PREMIA STANDBY **202512P4** 23119;528,48;PLN;'4911215981272686;PRZELEW;Premia, nagroda
15.12.2025;14.12.2025;JAKDOJADE.PL           POZNAN;;'23124015321111001044176713;;*********3025639;-20,00;PLN;'C992534815915260;TRANSAKCJA KARTĄ PŁATNICZĄ;Transport publiczny
15.12.2025;14.12.2025;UL. RONDO DASZYNSKIEGO WARSZAWA;R5320561 R5320561 *********3025639;;'23124015321111001044176713;WPŁATA W BANKOMACIE;300,00;PLN;'C992534813180367;WPŁATA W BANKOMACIE;Wpłata w bankomacie
15.12.2025;13.12.2025;JMP S.A. BIEDRONKA 445 WARSZAWA;;'23124015321111001044176713;;*********3025639;-115,11;PLN;'C992534721646286;TRANSAKCJA KARTĄ PŁATNICZĄ;Artykuły spożywcze
13.12.2025;13.12.2025;JMP S.A. BIEDRONKA 445 WARSZAWA;;'23124015321111001044176713;;*********3025639;-12,84;PLN;'C992534713344116;TRANSAKCJA KARTĄ PŁATNICZĄ;Artykuły spożywcze
12.12.2025;12.12.2025;ZABKA Z4410 K.2        WARSZAWA;;'23124015321111001044176713;;*********3025639;-11,98;PLN;'C992534609526581;TRANSAKCJA KARTĄ PŁATNICZĄ;Artykuły spożywcze
11.12.2025;11.12.2025;KAFETERIA.MYBENEFIT.PL WARSZAWA;;'23124015321111001044176713;;*********3025639;-139,00;PLN;'C992534509256672;TRANSAKCJA KARTĄ PŁATNICZĄ;Sport
10.12.2025;10.12.2025;KACPER BANASIK;;'23124015321111001044176713;'69124060031111001048178711;Splitwase Grudzień 2025;-1 763,83;PLN;'01425CA625201673;REALIZACJA PŁATNOŚCI PEOPAY;Czynsz
10.12.2025;10.12.2025;JMP S.A. BIEDRONKA 445 WARSZAWA;;'23124015321111001044176713;;*********3025639;-1,89;PLN;'C992534409312882;TRANSAKCJA KARTĄ PŁATNICZĄ;Artykuły spożywcze
10.12.2025;10.12.2025;IKE BOSSA;;'23124015321111001044176713;'83154011578129000000814183;IKE 814183;-2 000,00;PLN;'01425CAA71008521;ZLECENIE STAŁE;Bez kategorii
09.12.2025;09.12.2025;SHEIN.COM              DUBLIN;;'23124015321111001044176713;;*********3025639;-79,60;PLN;'C992534319466374;TRANSAKCJA KARTĄ PŁATNICZĄ;Bez kategorii
09.12.2025;09.12.2025;KRZYSZTOF P KRYGIER UL. JANA BYTNAR;;'03109025900000000132707486;'23124015321111001044176713;burger Krzysiek Krygier dziękuję;45,00;PLN;'M042000217239786;PRZELEW BLIK PRZYCHODZĄCY;Inne
09.12.2025;09.12.2025;LIPONOGA NINA;;'23116022020000000081891379;'23124015321111001044176713;Przelew BLIK na telefon;50,00;PLN;'M042000217218460;PRZELEW BLIK PRZYCHODZĄCY;Sprzedaż
09.12.2025;09.12.2025;MARIUSZ GRZEGORZ ZIĘCINA;;'26102011270000130202564748;'23124015321111001044176713;BurgerOd: 48514655978 Do: 485*****789;52,00;PLN;'M042000217218092;PRZELEW BLIK PRZYCHODZĄCY;Inne
09.12.2025;09.12.2025;WOLT                   WARSAW;;'23124015321111001044176713;;*********3025639;-213,49;PLN;'C992534312198975;TRANSAKCJA KARTĄ PŁATNICZĄ;Restauracje i kawiarnie
09.12.2025;09.12.2025;ASSECO POLAND SA PŁACE;UL. OLCHOWA 14 35-322 RZESZÓW;'42124059181111000049090675;'23124015321111001044176713;WYNAGRODZENIE 11/2025 **202511U4**23119;10 410,05;PLN;'4911209986881923;PRZELEW;Wynagrodzenie
09.12.2025;08.12.2025;TADIM DONER GRILL      WARSZAWA;;'23124015321111001044176713;;*********3025639;-30,50;PLN;'C992534220605945;TRANSAKCJA KARTĄ PŁATNICZĄ;Restauracje i kawiarnie
08.12.2025;08.12.2025;JMP S.A. BIEDRONKA 445 WARSZAWA;;'23124015321111001044176713;;*********3025639;-85,38;PLN;'C992534210576166;TRANSAKCJA KARTĄ PŁATNICZĄ;Artykuły spożywcze
08.12.2025;07.12.2025;PYSZNE.PL GMH93W       WROCLAW;;'23124015321111001044176713;;;-111,98;PLN;'C992534115277024;TRANSAKCJA KARTĄ PŁATNICZĄ;Restauracje i kawiarnie
08.12.2025;07.12.2025;JMP S.A. BIEDRONKA 445 WARSZAWA;;'23124015321111001044176713;;*********3025639;-18,37;PLN;'C992534114260415;TRANSAKCJA KARTĄ PŁATNICZĄ;Artykuły spożywcze
08.12.2025;07.12.2025;JMP S.A. BIEDRONKA 445 WARSZAWA;;'23124015321111001044176713;;*********3025639;-36,47;PLN;'C992534111823330;TRANSAKCJA KARTĄ PŁATNICZĄ;Artykuły spożywcze
06.12.2025;06.12.2025;JMP S.A. BIEDRONKA 445 WARSZAWA;;'23124015321111001044176713;;*********3025639;-23,52;PLN;'C992534017923618;TRANSAKCJA KARTĄ PŁATNICZĄ;Artykuły spożywcze
06.12.2025;06.12.2025;PAYPAL *PATRONITE      35314369001;;'23124015321111001044176713;;*********3025639;-7,00;PLN;'C992534011687384;TRANSAKCJA KARTĄ PŁATNICZĄ;Kino i teatr
05.12.2025;05.12.2025;LIDL KAROLKOWA         WARSZAWA;;'23124015321111001044176713;;*********3025639;-123,64;PLN;'C992533919397995;TRANSAKCJA KARTĄ PŁATNICZĄ;Artykuły spożywcze
05.12.2025;05.12.2025;ZABKA Z4410 K.1        WARSZAWA;;'23124015321111001044176713;;*********3025639;-21,97;PLN;'C992533908591309;TRANSAKCJA KARTĄ PŁATNICZĄ;Artykuły spożywcze
05.12.2025;05.12.2025;MADAME THY ASIAN CUISI WARSZAWA;;'23124015321111001044176713;;*********3025639;-42,00;PLN;'C992533913826321;TRANSAKCJA KARTĄ PŁATNICZĄ;Restauracje i kawiarnie
04.12.2025;04.12.2025;MEKONG                 WARSZAWA;;'23124015321111001044176713;;*********3025639;-34,70;PLN;'C992533818735864;TRANSAKCJA KARTĄ PŁATNICZĄ;Restauracje i kawiarnie
04.12.2025;04.12.2025;JMP S.A. BIEDRONKA 445 WARSZAWA;;'23124015321111001044176713;;*********3025639;-17,47;PLN;'C992533810388367;TRANSAKCJA KARTĄ PŁATNICZĄ;Artykuły spożywcze
03.12.2025;03.12.2025;JMP S.A. BIEDRONKA 445 WARSZAWA;;'23124015321111001044176713;;*********3025639;-40,37;PLN;'C992533720913353;TRANSAKCJA KARTĄ PŁATNICZĄ;Artykuły spożywcze
03.12.2025;03.12.2025;TADIM DONER GRILL      WARSZAWA;;'23124015321111001044176713;;*********3025639;-34,50;PLN;'C992533715730405;TRANSAKCJA KARTĄ PŁATNICZĄ;Restauracje i kawiarnie
02.12.2025;02.12.2025;SADA MILENA ANGELIKA;;'70105001451000009744880387;'23124015321111001044176713;Przelew na telefon +48xxxxxx789Za czeską restauracjęDla Kamil Koło RoweroweOd MILENA ANGELIKA SADA;92,00;PLN;'M042000215681295;PRZELEW BLIK PRZYCHODZĄCY;Sprzedaż
02.12.2025;02.12.2025;KRZYSZTOF P KRYGIER UL. JANA BYTNAR;;'03109025900000000132707486;'23124015321111001044176713;burger Krzysiek, dziękuję;40,00;PLN;'M042000215612957;PRZELEW BLIK PRZYCHODZĄCY;Inne
02.12.2025;02.12.2025;MAREK KUNKEL;UL.ZIĘBICKA 5 M.6 01-461 WARSZAWA;'97114020040000390212560969;'23124015321111001044176713;BURGER;43,20;PLN;'M042000215610736;PRZELEW BLIK PRZYCHODZĄCY;Inne
02.12.2025;02.12.2025;MONIKA ADAMOWICZ-BALCERCZYK UL.LEGI;;'21191010482205037537810001;'23124015321111001044176713;Transfer to the phone Barn Burger;36,20;PLN;'M042000215610614;PRZELEW BLIK PRZYCHODZĄCY;Inne
02.12.2025;02.12.2025;BLUSZCZ PRZEMYSŁAW;;'42116022020000000284906314;'23124015321111001044176713;Przemek Burger;55,00;PLN;'M042000215608797;PRZELEW BLIK PRZYCHODZĄCY;Inne
02.12.2025;02.12.2025;LIPONOGA NINA;;'23116022020000000081891379;'23124015321111001044176713;Przelew BLIK na telefon;36,20;PLN;'M042000215606925;PRZELEW BLIK PRZYCHODZĄCY;Sprzedaż
02.12.2025;02.12.2025;PAWLICZEK DAWID;;'64105013441000009703826470;'23124015321111001044176713;Przelew na telefon +48xxxxxx789Burger Dawid P.Dla Kamil SobierajOd DAWID PAWLICZEK;38,20;PLN;'M042000215606867;PRZELEW BLIK PRZYCHODZĄCY;Sprzedaż
02.12.2025;02.12.2025;MARIUSZ ZIĘCINA;;'40249000050000400002969849;'23124015321111001044176713;Kuszenie gaździny;53,20;PLN;'M042000215606768;PRZELEW BLIK PRZYCHODZĄCY;Inne
02.12.2025;02.12.2025;WOLT                   WARSZAWA;;'23124015321111001044176713;;;-341,74;PLN;'C992533612060742;TRANSAKCJA KARTĄ PŁATNICZĄ;Restauracje i kawiarnie
02.12.2025;02.12.2025;LIPONOGA NINA;;'23116022020000000081891379;'23124015321111001044176713;Ceska;150,00;PLN;'M042000215532840;PRZELEW BLIK PRZYCHODZĄCY;Inne
02.12.2025;02.12.2025;GORACO POLECAM         WARSZAWA;;'23124015321111001044176713;;*********3025639;-14,95;PLN;'C992533608226341;TRANSAKCJA KARTĄ PŁATNICZĄ;Artykuły spożywcze
02.12.2025;01.12.2025;MARIUSZ GRZEGORZ ZIĘCINA;;'26102011270000130202564748;'23124015321111001044176713;Napiwek CeskaOd: 48514655978 Do: 485*****789;7,00;PLN;'M042000215489316;PRZELEW BLIK PRZYCHODZĄCY;Darowizny
02.12.2025;01.12.2025;KAROLINA SADA;;'23124015321111001044176713;'55102039160000070202300325;Przelew na telefon 48725***375. Zwrot;-18,00;PLN;'M042101254550453;PRZELEW BLIK WYCHODZĄCY;Internet, TV, telefon
02.12.2025;01.12.2025;JMP S.A. BIEDRONKA 445 WARSZAWA;;'23124015321111001044176713;;*********3025639;-20,89;PLN;'C992533522849354;TRANSAKCJA KARTĄ PŁATNICZĄ;Artykuły spożywcze
02.12.2025;01.12.2025;MARIUSZ GRZEGORZ ZIĘCINA;;'26102011270000130202564748;'23124015321111001044176713;CeskaOd: 48514655978 Do: 485*****789;135,00;PLN;'M042000215480608;PRZELEW BLIK PRZYCHODZĄCY;Inne
02.12.2025;01.12.2025;KAROLINA MONIKA SADA;;'55102039160000070202300325;'23124015321111001044176713;CzeskaOd: 48725371375 Do: 485*****789;140,00;PLN;'M042000215479844;PRZELEW BLIK PRZYCHODZĄCY;Inne
02.12.2025;01.12.2025;CESKA WAWA             WARSZAWA;;'23124015321111001044176713;;*********3025639;-520,00;PLN;'C992533521131221;TRANSAKCJA KARTĄ PŁATNICZĄ;Restauracje i kawiarnie
01.12.2025;01.12.2025;JMP S.A. BIEDRONKA 445 WARSZAWA;;'23124015321111001044176713;;*********3025639;-40,64;PLN;'C992533511724374;TRANSAKCJA KARTĄ PŁATNICZĄ;Artykuły spożywcze
01.12.2025;30.11.2025;ZABKA Z4410 K.1        WARSZAWA;;'23124015321111001044176713;;*********3025639;-2,99;PLN;'C992533420248649;TRANSAKCJA KARTĄ PŁATNICZĄ;Artykuły spożywcze
01.12.2025;30.11.2025;OSTROVIT.COM           ZAMBROW;;'23124015321111001044176713;;*********3025639;-104,12;PLN;'C992533417191674;TRANSAKCJA KARTĄ PŁATNICZĄ;Artykuły spożywcze
29.11.2025;29.11.2025;;;;'23124015321111001044176713;ODSETKI OD DEPOZYTU;0,03;PLN;'01425BT98C000943;ODSETKI OD DEPOZYTU;Odsetki, zwrot z inwestycji
29.11.2025;29.11.2025;;;'23124015321111001044176713;;PODATEK POBRANY;-0,01;PLN;'01425BT98C000942;PODATEK POBRANY;Podatki
29.11.2025;29.11.2025;LIDL KAROLKOWA         WARSZAWA;;'23124015321111001044176713;;*********3025639;-130,27;PLN;'C992533315096319;TRANSAKCJA KARTĄ PŁATNICZĄ;Artykuły spożywcze
29.11.2025;29.11.2025;INSTANT GAMING         DUBLIN;;'23124015321111001044176713;;;-8,56;PLN;'C992533314044647;TRANSAKCJA KARTĄ PŁATNICZĄ;Multimedia
29.11.2025;29.11.2025;JAROSŁAW JAKUB MILLER;RYNEK 65 26-025    ŁAGÓW               PL;'75124060031111001047891677;'23124015321111001044176713;Przelew na telefon 48502***789. splitwise;111,67;PLN;'50325BT623708800;PRZELEW;Sprzedaż
29.11.2025;29.11.2025;JMP S.A. BIEDRONKA 445 WARSZAWA;;'23124015321111001044176713;;*********3025639;-4,79;PLN;'C992533313987571;TRANSAKCJA KARTĄ PŁATNICZĄ;Artykuły spożywcze
28.11.2025;28.11.2025;BISTRO GRZYBOWSKA      WARSZAWA;;'23124015321111001044176713;;*********3025639;-26,81;PLN;'C992533212332222;TRANSAKCJA KARTĄ PŁATNICZĄ;Restauracje i kawiarnie
28.11.2025;28.11.2025;ZABKA Z4410 K.2        WARSZAWA;;'23124015321111001044176713;;*********3025639;-11,00;PLN;'C992533209894494;TRANSAKCJA KARTĄ PŁATNICZĄ;Artykuły spożywcze
28.11.2025;28.11.2025;JMP S.A. BIEDRONKA 445 WARSZAWA;;'23124015321111001044176713;;*********3025639;-33,27;PLN;'C992533209166446;TRANSAKCJA KARTĄ PŁATNICZĄ;Artykuły spożywcze
27.11.2025;27.11.2025;JMP S.A. BIEDRONKA 445 WARSZAWA;;'23124015321111001044176713;;*********3025639;-21,18;PLN;'C992533111414413;TRANSAKCJA KARTĄ PŁATNICZĄ;Artykuły spożywcze
27.11.2025;27.11.2025;JMP S.A. BIEDRONKA 445 WARSZAWA;;'23124015321111001044176713;;*********3025639;-17,99;PLN;'C992533120765592;TRANSAKCJA KARTĄ PŁATNICZĄ;Artykuły spożywcze
27.11.2025;27.11.2025;LUX MED. SP. Z O.O.    WARSZAWA;;'23124015321111001044176713;;*********3025639;-400,00;PLN;'C992533119738457;TRANSAKCJA KARTĄ PŁATNICZĄ;Opieka medyczna
26.11.2025;26.11.2025;LUX MED SP. Z O.O. 46  WARSZAWA;;'23124015321111001044176713;;*********3025639;-144,00;PLN;'C992533009073671;TRANSAKCJA KARTĄ PŁATNICZĄ;Opieka medyczna
26.11.2025;26.11.2025;UBER   * EATS PENDING  AMSTERDAM;;'23124015321111001044176713;;*********3025639;-56,74;PLN;'C992533016353640;TRANSAKCJA KARTĄ PŁATNICZĄ;Restauracje i kawiarnie
26.11.2025;26.11.2025;JAKDOJADE.PL           POZNAN;;'23124015321111001044176713;;*********3025639;-20,00;PLN;'C992533009093712;TRANSAKCJA KARTĄ PŁATNICZĄ;Transport publiczny
26.11.2025;26.11.2025;AUCHAN POLSKA SP. Z  0 WARSZAWA;;'23124015321111001044176713;;*********3025639;-18,97;PLN;'C992533009085678;TRANSAKCJA KARTĄ PŁATNICZĄ;Artykuły spożywcze
25.11.2025;25.11.2025;MACHOP SP. Z O.O.      WARSZAWA;;'23124015321111001044176713;;*********3025639;-31,50;PLN;'C992532913705992;TRANSAKCJA KARTĄ PŁATNICZĄ;Restauracje i kawiarnie
24.11.2025;23.11.2025;ZABKA Z4410 K.2        WARSZAWA;;'23124015321111001044176713;;*********3025639;-15,60;PLN;'C992532714574675;TRANSAKCJA KARTĄ PŁATNICZĄ;Artykuły spożywcze
24.11.2025;23.11.2025;ASIA HUNG              WOLA WARSZAW;;'23124015321111001044176713;;*********3025639;-32,00;PLN;'C992532717623616;TRANSAKCJA KARTĄ PŁATNICZĄ;Restauracje i kawiarnie
24.11.2025;24.11.2025;VINA EXPRESS           WARSZAWA;;'23124015321111001044176713;;*********3025639;-38,00;PLN;'C992532815015311;TRANSAKCJA KARTĄ PŁATNICZĄ;Puby i kluby
22.11.2025;22.11.2025;APTEKI CENTRUM         WARSZAWA;;'23124015321111001044176713;;*********3025639;-45,50;PLN;'C992532615505289;TRANSAKCJA KARTĄ PŁATNICZĄ;Lekarstwa
22.11.2025;22.11.2025;LIDL KAROLKOWA         WARSZAWA;;'23124015321111001044176713;;*********3025639;-74,33;PLN;'C992532616524061;TRANSAKCJA KARTĄ PŁATNICZĄ;Artykuły spożywcze
22.11.2025;22.11.2025;LIDL KAROLKOWA         WARSZAWA;;'23124015321111001044176713;;*********3025639;-3,85;PLN;'C992532616296593;TRANSAKCJA KARTĄ PŁATNICZĄ;Artykuły spożywcze
22.11.2025;22.11.2025;ZABKA Z4410 K.1        WARSZAWA;;'23124015321111001044176713;;*********3025639;-14,97;PLN;'C992532619622060;TRANSAKCJA KARTĄ PŁATNICZĄ;Artykuły spożywcze
21.11.2025;21.11.2025;JMP S.A. BIEDRONKA 445 WARSZAWA;;'23124015321111001044176713;;*********3025639;-33,97;PLN;'C992532515898980;TRANSAKCJA KARTĄ PŁATNICZĄ;Artykuły spożywcze
21.11.2025;21.11.2025;JMP S.A. BIEDRONKA 445 WARSZAWA;;'23124015321111001044176713;;*********3025639;-20,66;PLN;'C992532512546812;TRANSAKCJA KARTĄ PŁATNICZĄ;Artykuły spożywcze
20.11.2025;20.11.2025;BILETOMAT TW 20481     WARSZAWA;;'23124015321111001044176713;;*********3025639;-4,40;PLN;'C992532418468337;TRANSAKCJA KARTĄ PŁATNICZĄ;Transport publiczny
20.11.2025;20.11.2025;ZABKA Z8085 K.2        WARSZAWA;;'23124015321111001044176713;;*********3025639;-24,97;PLN;'C992532420309514;TRANSAKCJA KARTĄ PŁATNICZĄ;Artykuły spożywcze
20.11.2025;20.11.2025;LUX MED SP. Z O.O 10   WARSZAWA;;'23124015321111001044176713;;*********3025639;-192,40;PLN;'C992532418273354;TRANSAKCJA KARTĄ PŁATNICZĄ;Opieka medyczna
20.11.2025;20.11.2025;KINGA NACHYLA;;'23124015321111001044176713;'66116022020000000380850716;Przelew na telefon 48505***770. Zwrot za prezent dla Ani;-40,00;PLN;'M042101245299523;PRZELEW BLIK WYCHODZĄCY;Internet, TV, telefon
20.11.2025;20.11.2025;BISTRO GRZYBOWSKA      WARSZAWA;;'23124015321111001044176713;;*********3025639;-31,81;PLN;'C992532413061218;TRANSAKCJA KARTĄ PŁATNICZĄ;Restauracje i kawiarnie
20.11.2025;20.11.2025;ZABKA Z4410 K.2        WARSZAWA;;'23124015321111001044176713;;*********3025639;-11,00;PLN;'C992532412019222;TRANSAKCJA KARTĄ PŁATNICZĄ;Artykuły spożywcze
19.11.2025;19.11.2025;TADIM DONER GRILL      WARSZAWA;;'23124015321111001044176713;;*********3025639;-33,50;PLN;'C992532316632139;TRANSAKCJA KARTĄ PŁATNICZĄ;Restauracje i kawiarnie
19.11.2025;19.11.2025;;;'23124015321111001044176713;'92124020921362991111000000;Opłata za obsługę kartyMasterCard Debit*43025639 za miesiąc 11.2025;-1,00;PLN;'M0150PKK00167695;PROWIZJE AUT.;Opłaty bankowe
18.11.2025;18.11.2025;JMP S.A. BIEDRONKA 445 WARSZAWA;;'23124015321111001044176713;;*********3025639;-9,08;PLN;'C992532217145482;TRANSAKCJA KARTĄ PŁATNICZĄ;Artykuły spożywcze
18.11.2025;18.11.2025;MACHOP SP. Z O.O.      WARSZAWA;;'23124015321111001044176713;;*********3025639;-119,50;PLN;'C992532212974300;TRANSAKCJA KARTĄ PŁATNICZĄ;Restauracje i kawiarnie
18.11.2025;18.11.2025;LIPONOGA NINA;;'23116022020000000081891379;'23124015321111001044176713;Chinczyk;25,50;PLN;'M042000212583886;PRZELEW BLIK PRZYCHODZĄCY;Inne
18.11.2025;18.11.2025;MACIEJ BIEŃKOWSKI;;'60102010130000010200444000;'23124015321111001044176713;obiadOd: 48691964943 Do: 485*****789;29,00;PLN;'M042000212597004;PRZELEW BLIK PRZYCHODZĄCY;Inne
18.11.2025;18.11.2025;MARIUSZ ZIĘCINA;;'40249000050000400002969849;'23124015321111001044176713;Chińczyk;31,50;PLN;'M042000212586649;PRZELEW BLIK PRZYCHODZĄCY;Inne
17.11.2025;17.11.2025;LIDL KAROLKOWA         WARSZAWA;;'23124015321111001044176713;;*********3025639;-29,52;PLN;'C992532118855599;TRANSAKCJA KARTĄ PŁATNICZĄ;Artykuły spożywcze
17.11.2025;17.11.2025;ALIEXPRESS.COM         LUXEMBOURG;;'23124015321111001044176713;;;-26,33;PLN;'C992532100407811;TRANSAKCJA KARTĄ PŁATNICZĄ;Bez kategorii
15.11.2025;15.11.2025;JMP S.A. BIEDRONKA 445 WARSZAWA;;'23124015321111001044176713;;*********3025639;-55,06;PLN;'C992531916990951;TRANSAKCJA KARTĄ PŁATNICZĄ;Artykuły spożywcze
15.11.2025;15.11.2025;TADIM DONER GRILL      WARSZAWA;;'23124015321111001044176713;;*********3025639;-33,50;PLN;'C992531914773338;TRANSAKCJA KARTĄ PŁATNICZĄ;Restauracje i kawiarnie
14.11.2025;14.11.2025;FINELF.COM SP. Z O.O.  SOPOT;;'23124015321111001044176713;;*********3025639;-3,00;PLN;'C992531819507226;TRANSAKCJA KARTĄ PŁATNICZĄ;Multimedia
14.11.2025;14.11.2025;ASSECO POLAND SA PŁACE;UL. OLCHOWA 14 35-322 RZESZÓW;'42124059181111000049090675;'23124015321111001044176713;PREMIA STANDBY **202511P3** 23119;951,47;PLN;'4911114987551733;PRZELEW;Premia, nagroda
14.11.2025;14.11.2025;LIDL KAROLKOWA         WARSZAWA;;'23124015321111001044176713;;*********3025639;-73,35;PLN;'C992531808909625;TRANSAKCJA KARTĄ PŁATNICZĄ;Artykuły spożywcze
13.11.2025;13.11.2025;JMP S.A. BIEDRONKA 445 WARSZAWA;;'23124015321111001044176713;;*********3025639;-19,41;PLN;'C992531710414296;TRANSAKCJA KARTĄ PŁATNICZĄ;Artykuły spożywcze
12.11.2025;12.11.2025;CURRENCY ONE SA;SZYPERSKA 14 61-754    POZNAŃ              PL;'30124066251787001024213427;'39124015321787001140533465;/OPF/X/////TAGWTPL39770426 26034413Kamil Sobieraj;819,54;USD;'5651112609400015;PRZELEW;Inne
12.11.2025;12.11.2025;XTB SPOLKA AKCYJNA;;'39124015321787001140533465;'20124020929729000002871368;2871368;-819,00;USD;'01425BC603207032;REALIZACJA PŁATNOŚCI PEOPAY;Bez kategorii
12.11.2025;12.11.2025;APTEKA 37              WARSZAWA;;'23124015321111001044176713;;*********3025639;-19,90;PLN;'C992531610846264;TRANSAKCJA KARTĄ PŁATNICZĄ;Lekarstwa
12.11.2025;12.11.2025;JMP S.A. BIEDRONKA 445 WARSZAWA;;'23124015321111001044176713;;*********3025639;-10,99;PLN;'C992531614127149;TRANSAKCJA KARTĄ PŁATNICZĄ;Artykuły spożywcze
12.11.2025;12.11.2025;JMP S.A. BIEDRONKA 445 WARSZAWA;;'23124015321111001044176713;;*********3025639;-1,89;PLN;'C992531610974668;TRANSAKCJA KARTĄ PŁATNICZĄ;Artykuły spożywcze
12.11.2025;11.11.2025;ALLEGRO                POZNAN;;'23124015321111001044176713;;*********3025639;-148,76;PLN;'C992531521814106;TRANSAKCJA KARTĄ PŁATNICZĄ;Zakupy przez internet
12.11.2025;11.11.2025;XTB S.A.;XTB.COM PROSTA 67,WARSAW;'23124015321111001044176713;;BLIK REF       91882536059;-2 000,00;PLN;'C992531520679612;PŁATNOŚĆ BLIK;Bez kategorii
11.11.2025;11.11.2025;PAYPRO S.A.;;'23124015321111001044176713;'72124062921111001129726875;/OPT/X/////P24-H4Y-Q4H-Z1W;-3 000,00;PLN;'01425BB601702069;PRZELEW WEWNĘTRZNY - DOSTAWCA;Bez kategorii
11.11.2025;11.11.2025;ZABKA Z4410 K.1        WARSZAWA;;'23124015321111001044176713;;*********3025639;-23,39;PLN;'C992531520802605;TRANSAKCJA KARTĄ PŁATNICZĄ;Artykuły spożywcze
10.11.2025;10.11.2025;JMP S.A. BIEDRONKA 445 WARSZAWA;;'23124015321111001044176713;;*********3025639;-3,29;PLN;'C992531415305249;TRANSAKCJA KARTĄ PŁATNICZĄ;Artykuły spożywcze
10.11.2025;10.11.2025;TADIM DONER GRILL      WARSZAWA;;'23124015321111001044176713;;*********3025639;-33,50;PLN;'C992531414300692;TRANSAKCJA KARTĄ PŁATNICZĄ;Restauracje i kawiarnie
10.11.2025;10.11.2025;KAFETERIA.MYBENEFIT.PL WARSZAWA;;'23124015321111001044176713;;*********3025639;-139,00;PLN;'C992531409020789;TRANSAKCJA KARTĄ PŁATNICZĄ;Sport
10.11.2025;10.11.2025;IKE BOSSA;;'23124015321111001044176713;'83154011578129000000814183;IKE 814183;-2 000,00;PLN;'01425BAA71011033;ZLECENIE STAŁE;Bez kategorii
10.11.2025;09.11.2025;UBER   * EATS PENDING  AMSTERDAM;;'23124015321111001044176713;;*********3025639;-142,38;PLN;'C992531319773178;TRANSAKCJA KARTĄ PŁATNICZĄ;Restauracje i kawiarnie
10.11.2025;09.11.2025;BUDZIŃSKA JULIA;;'15105015591000009267210426;'23124015321111001044176713;Multisport;278,00;PLN;'M042000210727439;PRZELEW BLIK PRZYCHODZĄCY;Inne
08.11.2025;08.11.2025;JMP S.A. BIEDRONKA 445 WARSZAWA;;'23124015321111001044176713;;*********3025639;-21,57;PLN;'C992531217428868;TRANSAKCJA KARTĄ PŁATNICZĄ;Artykuły spożywcze
08.11.2025;08.11.2025;AUCHAN POLSKA SP. Z  0 WARSZAWA;;'23124015321111001044176713;;*********3025639;-82,29;PLN;'C992531215433288;TRANSAKCJA KARTĄ PŁATNICZĄ;Artykuły spożywcze
08.11.2025;08.11.2025;MEDICINE               WARSZAWA;;'23124015321111001044176713;;*********3025639;-169,90;PLN;'C992531213269880;TRANSAKCJA KARTĄ PŁATNICZĄ;Ubrania
08.11.2025;08.11.2025;AUCHAN POLSKA SP. Z  0 WARSZAWA;;'23124015321111001044176713;;*********3025639;-3,19;PLN;'C992531212231988;TRANSAKCJA KARTĄ PŁATNICZĄ;Artykuły spożywcze
08.11.2025;08.11.2025;JMP S.A. BIEDRONKA 445 WARSZAWA;;'23124015321111001044176713;;*********3025639;-24,18;PLN;'C992531210213251;TRANSAKCJA KARTĄ PŁATNICZĄ;Artykuły spożywcze
08.11.2025;08.11.2025;KACPER BANASIK;;'23124015321111001044176713;'69124060031111001048178711;Splitwase listopad 2025;-1 890,21;PLN;'01425B8624006696;REALIZACJA PŁATNOŚCI PEOPAY;Czynsz
07.11.2025;07.11.2025;TADIM DONER GRILL      WARSZAWA;;'23124015321111001044176713;;*********3025639;-28,50;PLN;'C992531117797199;TRANSAKCJA KARTĄ PŁATNICZĄ;Restauracje i kawiarnie
07.11.2025;07.11.2025;ASSECO POLAND SA PŁACE;UL. OLCHOWA 14 35-322 RZESZÓW;'42124059181111000049090675;'23124015321111001044176713;WYNAGRODZENIE 10/2025 **202510U8**23119;10 401,05;PLN;'4911107987873941;PRZELEW;Wynagrodzenie
07.11.2025;07.11.2025;JMP S.A. BIEDRONKA 445 WARSZAWA;;'23124015321111001044176713;;*********3025639;-31,33;PLN;'C992531111496012;TRANSAKCJA KARTĄ PŁATNICZĄ;Artykuły spożywcze
06.11.2025;06.11.2025;JMP S.A. BIEDRONKA 445 WARSZAWA;;'23124015321111001044176713;;*********3025639;-82,57;PLN;'C992531019280818;TRANSAKCJA KARTĄ PŁATNICZĄ;Artykuły spożywcze
06.11.2025;06.11.2025;BISTRO GRZYBOWSKA      WARSZAWA;;'23124015321111001044176713;;*********3025639;-26,81;PLN;'C992531015123646;TRANSAKCJA KARTĄ PŁATNICZĄ;Restauracje i kawiarnie
06.11.2025;06.11.2025;PAYPAL *PATRONITE      35314369001;;'23124015321111001044176713;;*********3025639;-7,00;PLN;'C992531011964121;TRANSAKCJA KARTĄ PŁATNICZĄ;Kino i teatr
05.11.2025;05.11.2025;TADIM DONER GRILL      WARSZAWA;;'23124015321111001044176713;;*********3025639;-33,50;PLN;'C992530914535560;TRANSAKCJA KARTĄ PŁATNICZĄ;Restauracje i kawiarnie
05.11.2025;05.11.2025;JMP S.A. BIEDRONKA 631 WARSZAWA;;'23124015321111001044176713;;*********3025639;-21,16;PLN;'C992530919712088;TRANSAKCJA KARTĄ PŁATNICZĄ;Artykuły spożywcze
05.11.2025;05.11.2025;GROMULSKI PIEKARNIA-CU WARSZAWA;;'23124015321111001044176713;;*********3025639;-21,37;PLN;'C992530919711532;TRANSAKCJA KARTĄ PŁATNICZĄ;Artykuły spożywcze
05.11.2025;05.11.2025;JMP S.A. BIEDRONKA 445 WARSZAWA;;'23124015321111001044176713;;*********3025639;-3,85;PLN;'C992530908366740;TRANSAKCJA KARTĄ PŁATNICZĄ;Artykuły spożywcze
04.11.2025;04.11.2025;GORACO POLECAM         WARSZAWA;;'23124015321111001044176713;;*********3025639;-2,45;PLN;'C992530808759189;TRANSAKCJA KARTĄ PŁATNICZĄ;Artykuły spożywcze
04.11.2025;04.11.2025;PIEKARNIA ORMIANSKA ZE WARSZAWA;;'23124015321111001044176713;;*********3025639;-15,00;PLN;'C992530817170081;TRANSAKCJA KARTĄ PŁATNICZĄ;Artykuły spożywcze
03.11.2025;03.11.2025;XTB SPOLKA AKCYJNA;;'39124015321787001140533465;'20124020929729000002871368;2871368;-543,77;USD;'01425B3602608783;REALIZACJA PŁATNOŚCI PEOPAY;Bez kategorii
03.11.2025;03.11.2025;CURRENCY ONE SA;SZYPERSKA 14 61-754    POZNAŃ              PL;'30124066251787001024213427;'39124015321787001140533465;/OPF/X/////TAGWTPL78533147 26034413Kamil Sobieraj;540,62;USD;'5651103609603349;PRZELEW;Inne
03.11.2025;03.11.2025;PAYPRO S.A.;;'23124015321111001044176713;'72124062921111001129726875;/OPT/X/////P24-G8Y-M8A-M3G;-2 000,00;PLN;'01425B3628709031;PRZELEW WEWNĘTRZNY - DOSTAWCA;Bez kategorii
03.11.2025;03.11.2025;JMP S.A. BIEDRONKA 445 WARSZAWA;;'23124015321111001044176713;;*********3025639;-12,63;PLN;'C992530712369223;TRANSAKCJA KARTĄ PŁATNICZĄ;Artykuły spożywcze
03.11.2025;02.11.2025;ZABKA Z8085 K.2        WARSZAWA;;'23124015321111001044176713;;*********3025639;-5,00;PLN;'C992530619166222;TRANSAKCJA KARTĄ PŁATNICZĄ;Artykuły spożywcze
03.11.2025;02.11.2025;FOODSI.PL              LUBLIN;;'23124015321111001044176713;;*********3025639;-19,98;PLN;'C992530619161831;TRANSAKCJA KARTĄ PŁATNICZĄ;Restauracje i kawiarnie
03.11.2025;02.11.2025;CASA MIA PIZZA NAPOLET WARSZAWA;;'23124015321111001044176713;;*********3025639;-191,00;PLN;'C992530618147965;TRANSAKCJA KARTĄ PŁATNICZĄ;Restauracje i kawiarnie
03.11.2025;02.11.2025;ZABKA Z4410 K.2        WARSZAWA;;'23124015321111001044176713;;*********3025639;-24,39;PLN;'C992530610011343;TRANSAKCJA KARTĄ PŁATNICZĄ;Artykuły spożywcze
01.11.2025;01.11.2025;ZABKA Z4410 K.1        WARSZAWA;;'23124015321111001044176713;;*********3025639;-3,50;PLN;'C992530514858015;TRANSAKCJA KARTĄ PŁATNICZĄ;Artykuły spożywcze
01.11.2025;01.11.2025;TADIM DONER GRILL      WARSZAWA;;'23124015321111001044176713;;*********3025639;-33,50;PLN;'C992530511824942;TRANSAKCJA KARTĄ PŁATNICZĄ;Restauracje i kawiarnie
31.10.2025;31.10.2025;;;;'23124015321111001044176713;ODSETKI OD DEPOZYTU;0,04;PLN;'01425AV98C000981;ODSETKI OD DEPOZYTU;Odsetki, zwrot z inwestycji
31.10.2025;31.10.2025;;;'23124015321111001044176713;;PODATEK POBRANY;-0,01;PLN;'01425AV98C000980;PODATEK POBRANY;Podatki
31.10.2025;31.10.2025;ZABKA Z4410 K.1        WARSZAWA;;'23124015321111001044176713;;*********3025639;-7,30;PLN;'C992530416543458;TRANSAKCJA KARTĄ PŁATNICZĄ;Artykuły spożywcze
31.10.2025;31.10.2025;LIDL KAROLKOWA         WARSZAWA;;'23124015321111001044176713;;*********3025639;-120,65;PLN;'C992530408132062;TRANSAKCJA KARTĄ PŁATNICZĄ;Artykuły spożywcze
30.10.2025;30.10.2025;TADIM DONER GRILL      WARSZAWA;;'23124015321111001044176713;;*********3025639;-28,50;PLN;'C992530314809944;TRANSAKCJA KARTĄ PŁATNICZĄ;Restauracje i kawiarnie
29.10.2025;28.10.2025;JAKDOJADE.PL           POZNAN;;'23124015321111001044176713;;*********3025639;-20,00;PLN;'C992530122964795;TRANSAKCJA KARTĄ PŁATNICZĄ;Transport publiczny
29.10.2025;29.10.2025;ZABKA Z4410 K.1        WARSZAWA;;'23124015321111001044176713;;*********3025639;-20,90;PLN;'C992530207998687;TRANSAKCJA KARTĄ PŁATNICZĄ;Artykuły spożywcze
28.10.2025;28.10.2025;GORACO POLECAM         WARSZAWA;;'23124015321111001044176713;;*********3025639;-14,95;PLN;'C992530109514798;TRANSAKCJA KARTĄ PŁATNICZĄ;Artykuły spożywcze
28.10.2025;28.10.2025;JMP S.A. BIEDRONKA 445 WARSZAWA;;'23124015321111001044176713;;*********3025639;-9,49;PLN;'C992530108514497;TRANSAKCJA KARTĄ PŁATNICZĄ;Artykuły spożywcze
28.10.2025;28.10.2025;WORLD OF ENTERTAINMENT WARSZAWA;;'23124015321111001044176713;;*********3025639;-2,00;PLN;'C992530117859050;TRANSAKCJA KARTĄ PŁATNICZĄ;Podróże
28.10.2025;28.10.2025;AUTOMATSPEC SPZOO      LISZKI;;'23124015321111001044176713;;*********3025639;-4,00;PLN;'C992530113685930;TRANSAKCJA KARTĄ PŁATNICZĄ;Restauracje i kawiarnie
27.10.2025;27.10.2025;JMP S.A. BIEDRONKA 445 WARSZAWA;;'23124015321111001044176713;;*********3025639;-13,68;PLN;'C992530018356326;TRANSAKCJA KARTĄ PŁATNICZĄ;Artykuły spożywcze
27.10.2025;27.10.2025;TADIM DONER GRILL      WARSZAWA;;'23124015321111001044176713;;*********3025639;-34,50;PLN;'C992530014221492;TRANSAKCJA KARTĄ PŁATNICZĄ;Restauracje i kawiarnie
27.10.2025;26.10.2025;UL. GORCZEWSKA         A1100717;A1100717 A1100717 UL. GORCZEWSKA 89      ,WARSZAWA;'23124015321111001044176713;;BLIK REF       91552795593;-100,00;PLN;'C992529909696549;WYPŁATA BLIK;Bez kategorii
27.10.2025;26.10.2025;ZABKA Z8622 K.2        WARSZAWA;;'23124015321111001044176713;;*********3025639;-9,99;PLN;'C992529909694244;TRANSAKCJA KARTĄ PŁATNICZĄ;Artykuły spożywcze
25.10.2025;25.10.2025;JMP S.A. BIEDRONKA 445 WARSZAWA;;'23124015321111001044176713;;*********3025639;-15,78;PLN;'C992529819605452;TRANSAKCJA KARTĄ PŁATNICZĄ;Artykuły spożywcze
25.10.2025;25.10.2025;LIDL KAROLKOWA         WARSZAWA;;'23124015321111001044176713;;*********3025639;-78,22;PLN;'C992529817527502;TRANSAKCJA KARTĄ PŁATNICZĄ;Artykuły spożywcze
25.10.2025;25.10.2025;TADIM DONER GRILL      WARSZAWA;;'23124015321111001044176713;;*********3025639;-39,50;PLN;'C992529813355808;TRANSAKCJA KARTĄ PŁATNICZĄ;Restauracje i kawiarnie
24.10.2025;24.10.2025;JMP S.A. BIEDRONKA 445 WARSZAWA;;'23124015321111001044176713;;*********3025639;-13,28;PLN;'C992529717976203;TRANSAKCJA KARTĄ PŁATNICZĄ;Artykuły spożywcze
24.10.2025;24.10.2025;ZABKA Z4410 K.1        WARSZAWA;;'23124015321111001044176713;;*********3025639;-7,30;PLN;'C992529717975472;TRANSAKCJA KARTĄ PŁATNICZĄ;Artykuły spożywcze
24.10.2025;23.10.2025;ZABKA Z4410 K.2        WARSZAWA;;'23124015321111001044176713;;*********3025639;-9,99;PLN;'C992529620507263;TRANSAKCJA KARTĄ PŁATNICZĄ;Artykuły spożywcze
24.10.2025;23.10.2025;JMP S.A. BIEDRONKA 445 WARSZAWA;;'23124015321111001044176713;;*********3025639;-4,99;PLN;'C992529620507954;TRANSAKCJA KARTĄ PŁATNICZĄ;Artykuły spożywcze
24.10.2025;24.10.2025;ZABKA Z4410 K.2        WARSZAWA;;'23124015321111001044176713;;*********3025639;-10,40;PLN;'C992529712746832;TRANSAKCJA KARTĄ PŁATNICZĄ;Artykuły spożywcze
23.10.2025;23.10.2025;3118 FILIA-PULAWSKA    WARSZAWA;;'23124015321111001044176713;;*********3025639;-8,00;PLN;'C992529617396601;TRANSAKCJA KARTĄ PŁATNICZĄ;Artykuły spożywcze
23.10.2025;23.10.2025;BISTRO GRZYBOWSKA      WARSZAWA;;'23124015321111001044176713;;*********3025639;-30,81;PLN;'C992529613234122;TRANSAKCJA KARTĄ PŁATNICZĄ;Restauracje i kawiarnie
23.10.2025;23.10.2025;JMP S.A. BIEDRONKA 445 WARSZAWA;;'23124015321111001044176713;;*********3025639;-24,33;PLN;'C992529607041310;TRANSAKCJA KARTĄ PŁATNICZĄ;Artykuły spożywcze
22.10.2025;22.10.2025;JMP S.A. BIEDRONKA 445 WARSZAWA;;'23124015321111001044176713;;*********3025639;-7,49;PLN;'C992529511213750;TRANSAKCJA KARTĄ PŁATNICZĄ;Artykuły spożywcze
22.10.2025;22.10.2025;JMP S.A. BIEDRONKA 445 WARSZAWA;;'23124015321111001044176713;;*********3025639;-24,25;PLN;'C992529509138984;TRANSAKCJA KARTĄ PŁATNICZĄ;Artykuły spożywcze
21.10.2025;21.10.2025;KRZYSZTOF P KRYGIER UL. JANA BYTNAR;;'03109025900000000132707486;'23124015321111001044176713;wrap telesajgon;17,00;PLN;'M042000206626824;PRZELEW BLIK PRZYCHODZĄCY;Inne
21.10.2025;21.10.2025;BOGUSŁAW WRĄBEL;UL PADEREWSKIEGO 5 M. 4 98-220    ZDUŃSKA WOLA        PL;'84124030311111000034292501;'23124015321111001044176713;Przelew na telefon 48502***789. Przelew na telefon;26,50;PLN;'41625AL604406824;PRZELEW;Sprzedaż
21.10.2025;21.10.2025;MONIKA ADAMOWICZ-BALCERCZYK UL.LEGI;;'21191010482205037537810001;'23124015321111001044176713;Transfer to the phone Sajgon;30,50;PLN;'M042000206624230;PRZELEW BLIK PRZYCHODZĄCY;Inne
21.10.2025;21.10.2025;LIPONOGA NINA;;'23116022020000000081891379;'23124015321111001044176713;Obiad;28,50;PLN;'M042000206624190;PRZELEW BLIK PRZYCHODZĄCY;Inne
21.10.2025;21.10.2025;SPOLEM WOLA SKLEP NR 3 WARSZAWA;;'23124015321111001044176713;;*********3025639;-6,89;PLN;'C992529413757860;TRANSAKCJA KARTĄ PŁATNICZĄ;Artykuły spożywcze
21.10.2025;21.10.2025;MACHOP SP. Z O.O.      WARSZAWA;;'23124015321111001044176713;;*********3025639;-138,00;PLN;'C992529413753766;TRANSAKCJA KARTĄ PŁATNICZĄ;Restauracje i kawiarnie
21.10.2025;21.10.2025;JMP S.A. BIEDRONKA 445 WARSZAWA;;'23124015321111001044176713;;*********3025639;-9,49;PLN;'C992529408596924;TRANSAKCJA KARTĄ PŁATNICZĄ;Artykuły spożywcze
20.10.2025;20.10.2025;ZABKA Z4410 K.1        WARSZAWA;;'23124015321111001044176713;;*********3025639;-11,98;PLN;'C992529312177335;TRANSAKCJA KARTĄ PŁATNICZĄ;Artykuły spożywcze
20.10.2025;20.10.2025;JMP S.A. BIEDRONKA 445 WARSZAWA;;'23124015321111001044176713;;*********3025639;-34,96;PLN;'C992529312175266;TRANSAKCJA KARTĄ PŁATNICZĄ;Artykuły spożywcze
20.10.2025;19.10.2025;ZABKA Z4410 K.1        WARSZAWA;;'23124015321111001044176713;;*********3025639;-23,95;PLN;'C992529220459942;TRANSAKCJA KARTĄ PŁATNICZĄ;Artykuły spożywcze
20.10.2025;19.10.2025;CASHBILL ECOMM;POLSKIEPREMIUM. SOBIESKIEGO 2,KATOWICE;'23124015321111001044176713;;BLIK REF       91420835542;-18,99;PLN;'C992529219443637;PŁATNOŚĆ BLIK;Zakupy przez internet
20.10.2025;19.10.2025;ZABKA Z4410 K.2        WARSZAWA;;'23124015321111001044176713;;*********3025639;-3,60;PLN;'C992529217411085;TRANSAKCJA KARTĄ PŁATNICZĄ;Artykuły spożywcze
20.10.2025;19.10.2025;CUKIERNIA PERELKA ZGUT WARSZAWA;;'23124015321111001044176713;;*********3025639;-28,22;PLN;'C992529215367996;TRANSAKCJA KARTĄ PŁATNICZĄ;Artykuły spożywcze
20.10.2025;19.10.2025;TENDUR KEBAP&GRILL     WARSZAWA;;'23124015321111001044176713;;*********3025639;-41,00;PLN;'C992529214350039;TRANSAKCJA KARTĄ PŁATNICZĄ;Restauracje i kawiarnie
18.10.2025;18.10.2025;JMP S.A. BIEDRONKA 445 WARSZAWA;;'23124015321111001044176713;;*********3025639;-29,87;PLN;'C992529114842765;TRANSAKCJA KARTĄ PŁATNICZĄ;Artykuły spożywcze
18.10.2025;17.10.2025;ZODIAK BISTRO 01       WARSZAWA;;'23124015321111001044176713;;*********3025639;-27,00;PLN;'C992529023541496;TRANSAKCJA KARTĄ PŁATNICZĄ;Restauracje i kawiarnie
18.10.2025;18.10.2025;PIEKARNIA ORMIANSKA ZE WARSZAWA;;'23124015321111001044176713;;*********3025639;-15,00;PLN;'C992529114836504;TRANSAKCJA KARTĄ PŁATNICZĄ;Artykuły spożywcze
18.10.2025;18.10.2025;MCDONALDS 427 WARSZAWA WARSZAWA;;'23124015321111001044176713;;*********3025639;-11,80;PLN;'C992529100674920;TRANSAKCJA KARTĄ PŁATNICZĄ;Restauracje i kawiarnie
18.10.2025;17.10.2025;TEATR PALLADIUM        WARSZAWA;;'23124015321111001044176713;;*********3025639;-18,00;PLN;'C992529021648888;TRANSAKCJA KARTĄ PŁATNICZĄ;Kino i teatr
17.10.2025;16.10.2025;TEMU.COM               DUBLIN 4;;'23124015321111001044176713;;;-79,94;PLN;'C992528921928373;TRANSAKCJA KARTĄ PŁATNICZĄ;Bez kategorii
17.10.2025;17.10.2025;CUKIERNIA PAWLOWICZ    WARSZAWA;;'23124015321111001044176713;;*********3025639;-7,50;PLN;'C992529013317492;TRANSAKCJA KARTĄ PŁATNICZĄ;Artykuły spożywcze
17.10.2025;17.10.2025;HZK                    WARSZAWA;;'23124015321111001044176713;;*********3025639;-13,00;PLN;'C992529017532184;TRANSAKCJA KARTĄ PŁATNICZĄ;Restauracje i kawiarnie
17.10.2025;17.10.2025;TEATR PALLADIUM        WARSZAWA;;'23124015321111001044176713;;*********3025639;-18,00;PLN;'C992529020491744;TRANSAKCJA KARTĄ PŁATNICZĄ;Kino i teatr
17.10.2025;17.10.2025;TEATR PALLADIUM        WARSZAWA;;'23124015321111001044176713;;*********3025639;-5,00;PLN;'C992529019589238;TRANSAKCJA KARTĄ PŁATNICZĄ;Kino i teatr
17.10.2025;17.10.2025;VINA EXPRESS           WARSZAWA;;'23124015321111001044176713;;*********3025639;-28,00;PLN;'C992529012181470;TRANSAKCJA KARTĄ PŁATNICZĄ;Puby i kluby
17.10.2025;17.10.2025;JMP S.A. BIEDRONKA 445 WARSZAWA;;'23124015321111001044176713;;*********3025639;-11,55;PLN;'C992529008021794;TRANSAKCJA KARTĄ PŁATNICZĄ;Artykuły spożywcze
17.10.2025;17.10.2025;ZABKA ZC606 K.1        WARSZAWA;;'23124015321111001044176713;;*********3025639;-18,39;PLN;'C992529018565026;TRANSAKCJA KARTĄ PŁATNICZĄ;Artykuły spożywcze
17.10.2025;17.10.2025;BOGDAN SOBIERAJ;UL KOŁŁĄTAJA 3/23 18-403    ŁOMŻA               PL;'92124015321111001070940584;'23124015321111001044176713;zasilenie konta;500,00;PLN;'01425AH628705088;PRZELEW;Inne
17.10.2025;11.10.2025;BANK PEKAO S.A.;CENTRALA-OŚRODEK OPERACJI KART UL. ŻUBRA 1 01-066 WARSZAWA;'53124000270999999999999999;'23124015321111001044176713;ZWROT NIEROZLICZONEJ TRANSAKCJINA KARTĘ **** **** 4302 5639WYKONANEJ DN. 11/10/2025;1,54;PLN;'0325101660047018;PRZELEW;Inne
16.10.2025;16.10.2025;BISTRO GRZYBOWSKA      WARSZAWA;;'23124015321111001044176713;;*********3025639;-31,81;PLN;'C992528914707247;TRANSAKCJA KARTĄ PŁATNICZĄ;Restauracje i kawiarnie
16.10.2025;16.10.2025;JMP S.A. BIEDRONKA 445 WARSZAWA;;'23124015321111001044176713;;*********3025639;-11,99;PLN;'C992528914831274;TRANSAKCJA KARTĄ PŁATNICZĄ;Artykuły spożywcze
16.10.2025;16.10.2025;JMP S.A. BIEDRONKA 445 WARSZAWA;;'23124015321111001044176713;;*********3025639;-9,49;PLN;'C992528918876752;TRANSAKCJA KARTĄ PŁATNICZĄ;Artykuły spożywcze
16.10.2025;16.10.2025;JMP S.A. BIEDRONKA 445 WARSZAWA;;'23124015321111001044176713;;*********3025639;-7,80;PLN;'C992528909502574;TRANSAKCJA KARTĄ PŁATNICZĄ;Artykuły spożywcze
15.10.2025;15.10.2025;JMP S.A. BIEDRONKA 445 WARSZAWA;;'23124015321111001044176713;;*********3025639;-24,97;PLN;'C992528818329399;TRANSAKCJA KARTĄ PŁATNICZĄ;Artykuły spożywcze
15.10.2025;15.10.2025;UBER   * EATS PENDING  AMSTERDAM;;'23124015321111001044176713;;*********3025639;-37,09;PLN;'C992528817283158;TRANSAKCJA KARTĄ PŁATNICZĄ;Restauracje i kawiarnie
15.10.2025;15.10.2025;ASSECO POLAND SA PŁACE;UL. OLCHOWA 14 35-322 RZESZÓW;'42124059181111000049090675;'23124015321111001044176713;PREMIA STANDBY **202510P3** 23119;898,24;PLN;'4911015981381601;PRZELEW;Premia, nagroda
15.10.2025;15.10.2025;;;'23124015321111001044176713;'92124020921362991111000000;Opłata za obsługę kartyMasterCard Debit*43025639 za miesiąc 10.2025;-1,00;PLN;'M0150PJG00112862;PROWIZJE AUT.;Opłaty bankowe
15.10.2025;15.10.2025;JMP S.A. BIEDRONKA 445 WARSZAWA;;'23124015321111001044176713;;*********3025639;-30,74;PLN;'C992528809054835;TRANSAKCJA KARTĄ PŁATNICZĄ;Artykuły spożywcze
14.10.2025;14.10.2025;JMP S.A. BIEDRONKA 445 WARSZAWA;;'23124015321111001044176713;;*********3025639;-4,19;PLN;'C992528717719556;TRANSAKCJA KARTĄ PŁATNICZĄ;Artykuły spożywcze
14.10.2025;14.10.2025;CEZARY KANIA;WÓLKA - FOLWARK 29C 07-205 RZĄŚNIK;'45114020040000310234692944;'23124015321111001044176713;CHIŃCZYK;28,50;PLN;'M042000205171011;PRZELEW BLIK PRZYCHODZĄCY;Inne
14.10.2025;14.10.2025;MACHOP SP. Z O.O.      WARSZAWA;;'23124015321111001044176713;;*********3025639;-13,00;PLN;'C992528713536250;TRANSAKCJA KARTĄ PŁATNICZĄ;Restauracje i kawiarnie
14.10.2025;14.10.2025;MACHOP SP. Z O.O.      WARSZAWA;;'23124015321111001044176713;;*********3025639;-72,00;PLN;'C992528713649114;TRANSAKCJA KARTĄ PŁATNICZĄ;Restauracje i kawiarnie
13.10.2025;12.10.2025;PIEROGI DOMOWE - 6     POSWIETNE;;'23124015321111001044176713;;*********3025639;-35,00;PLN;'C992528511548611;TRANSAKCJA KARTĄ PŁATNICZĄ;Artykuły spożywcze
13.10.2025;12.10.2025;BOGATA CHATA           ZABKI;;'23124015321111001044176713;;*********3025639;-28,00;PLN;'C992528511664354;TRANSAKCJA KARTĄ PŁATNICZĄ;Artykuły spożywcze
13.10.2025;12.10.2025;TADIM DONER GRILL      WARSZAWA;;'23124015321111001044176713;;*********3025639;-39,50;PLN;'C992528514607723;TRANSAKCJA KARTĄ PŁATNICZĄ;Restauracje i kawiarnie
13.10.2025;13.10.2025;ZABKA Z4410 K.1        WARSZAWA;;'23124015321111001044176713;;*********3025639;-11,98;PLN;'C992528612965590;TRANSAKCJA KARTĄ PŁATNICZĄ;Artykuły spożywcze
13.10.2025;12.10.2025;KNIGHT BARBERSHOP      WARSZAWA;;'23124015321111001044176713;;*********3025639;-140,00;PLN;'C992528514717341;TRANSAKCJA KARTĄ PŁATNICZĄ;Uroda, fryzjer, kosmetyczka
11.10.2025;11.10.2025;KAFETERIA.MYBENEFIT.PL WARSZAWA;;'23124015321111001044176713;;*********3025639;-139,00;PLN;'C992528409977986;TRANSAKCJA KARTĄ PŁATNICZĄ;Sport
11.10.2025;11.10.2025;UBER   * EATS PENDING  AMSTERDAM;;'23124015321111001044176713;;*********3025639;-76,80;PLN;'C992528420555156;TRANSAKCJA KARTĄ PŁATNICZĄ;Restauracje i kawiarnie
11.10.2025;11.10.2025;KAWIARNIA KAWALEK      WARSZAWA;;'23124015321111001044176713;;*********3025639;-21,00;PLN;'C992528414242825;TRANSAKCJA KARTĄ PŁATNICZĄ;Restauracje i kawiarnie
11.10.2025;11.10.2025;JMP S.A. BIEDRONKA 445 WARSZAWA;;'23124015321111001044176713;;*********3025639;-12,63;PLN;'C992528411194043;TRANSAKCJA KARTĄ PŁATNICZĄ;Artykuły spożywcze
11.10.2025;11.10.2025;JMP S.A. BIEDRONKA 445 WARSZAWA;;'23124015321111001044176713;;*********3025639;-27,84;PLN;'C992528418504583;TRANSAKCJA KARTĄ PŁATNICZĄ;Artykuły spożywcze
11.10.2025;11.10.2025;UBER   *ONE MEMBERSHIP AMSTERDAM;;'23124015321111001044176713;;*********3025639;-1,54;PLN;'C992528415260993;TRANSAKCJA KARTĄ PŁATNICZĄ;Bez kategorii
11.10.2025;11.10.2025;BILETYNA.PL            BLIZNE JASIN;;'23124015321111001044176713;;*********3025639;-167,59;PLN;'C992528413154911;TRANSAKCJA KARTĄ PŁATNICZĄ;Kino i teatr
11.10.2025;11.10.2025;UBER   * EATS PENDING  AMSTERDAM;;'23124015321111001044176713;;*********3025639;-40,04;PLN;'C992528415274478;TRANSAKCJA KARTĄ PŁATNICZĄ;Restauracje i kawiarnie
11.10.2025;11.10.2025;AUGUSTYN SZYMON;;'62116022020000000356556944;'23124015321111001044176713;BLIK transfer to mobile;38,00;PLN;'M042000204648771;PRZELEW BLIK PRZYCHODZĄCY;Inne
10.10.2025;10.10.2025;JMP S.A. BIEDRONKA 445 WARSZAWA;;'23124015321111001044176713;;*********3025639;-22,32;PLN;'C992528317738033;TRANSAKCJA KARTĄ PŁATNICZĄ;Artykuły spożywcze
10.10.2025;10.10.2025;TADIM DONER GRILL      WARSZAWA;;'23124015321111001044176713;;*********3025639;-33,50;PLN;'C992528317854418;TRANSAKCJA KARTĄ PŁATNICZĄ;Restauracje i kawiarnie
10.10.2025;10.10.2025;IKE BOSSA;;'23124015321111001044176713;'83154011578129000000814183;IKE 814183;-2 000,00;PLN;'01425AAA71009300;ZLECENIE STAŁE;Bez kategorii
10.10.2025;09.10.2025;JMP S.A. BIEDRONKA 445 WARSZAWA;;'23124015321111001044176713;;*********3025639;-6,29;PLN;'C992528221221375;TRANSAKCJA KARTĄ PŁATNICZĄ;Artykuły spożywcze
09.10.2025;09.10.2025;XTB SPOLKA AKCYJNA;;'39124015321787001140533465;'20124020929729000002871368;2871368;-540,00;USD;'01425A9605204182;REALIZACJA PŁATNOŚCI PEOPAY;Bez kategorii
09.10.2025;09.10.2025;JMP S.A. BIEDRONKA 445 WARSZAWA;;'23124015321111001044176713;;*********3025639;-7,29;PLN;'C992528218240855;TRANSAKCJA KARTĄ PŁATNICZĄ;Artykuły spożywcze
09.10.2025;09.10.2025;CURRENCY ONE SA;SZYPERSKA 14 61-754    POZNAŃ              PL;'30124066251787001024213427;'39124015321787001140533465;/OPF/X/////TAGWTPL49877105 26034413Kamil Sobieraj;543,15;USD;'5651009609804602;PRZELEW;Inne
09.10.2025;09.10.2025;PAYPRO S.A.;;'23124015321111001044176713;'72124062921111001129726875;/OPT/X/////P24-H8Y-D3B-F5N;-2 000,00;PLN;'01425A9627803348;PRZELEW WEWNĘTRZNY - DOSTAWCA;Bez kategorii
09.10.2025;09.10.2025;XTB S.A.;XTB.COM PROSTA 67,WARSAW;'23124015321111001044176713;;BLIK REF       91220853433;-2 000,00;PLN;'C992528217192066;PŁATNOŚĆ BLIK;Bez kategorii
09.10.2025;09.10.2025;KACPER BANASIK;;'23124015321111001044176713;'69124060031111001048178711;Splitwase październik 2025;-1 818,00;PLN;'01425A9620301261;REALIZACJA PŁATNOŚCI PEOPAY;Czynsz
09.10.2025;09.10.2025;ASSECO POLAND SA PŁACE;UL. OLCHOWA 14 35-322 RZESZÓW;'42124059181111000049090675;'23124015321111001044176713;WYNAGRODZENIE 9/2025 **202509U8** 23119;10 374,50;PLN;'4911009986952751;PRZELEW;Wynagrodzenie
09.10.2025;09.10.2025;JMP S.A. BIEDRONKA 445 WARSZAWA;;'23124015321111001044176713;;*********3025639;-9,49;PLN;'C992528211962698;TRANSAKCJA KARTĄ PŁATNICZĄ;Artykuły spożywcze
09.10.2025;09.10.2025;ZABKA Z4410 K.2        WARSZAWA;;'23124015321111001044176713;;*********3025639;-7,00;PLN;'C992528209880839;TRANSAKCJA KARTĄ PŁATNICZĄ;Artykuły spożywcze
08.10.2025;08.10.2025;JMP S.A. BIEDRONKA 445 WARSZAWA;;'23124015321111001044176713;;*********3025639;-9,99;PLN;'C992528114544750;TRANSAKCJA KARTĄ PŁATNICZĄ;Artykuły spożywcze
08.10.2025;08.10.2025;MAŁGORZATA UŁASIUK TRENER OSOBISTY;UL.ŁUCKA 20 M.62 00-845 WARSZAWA;'25114020040000310281874201;'23124015321111001044176713;SPLITWISE;103,50;PLN;'M042000203654847;PRZELEW BLIK PRZYCHODZĄCY;Inne
08.10.2025;08.10.2025;JMP S.A. BIEDRONKA 445 WARSZAWA;;'23124015321111001044176713;;*********3025639;-12,24;PLN;'C992528108195692;TRANSAKCJA KARTĄ PŁATNICZĄ;Artykuły spożywcze
07.10.2025;07.10.2025;GORACO POLECAM         WARSZAWA;;'23124015321111001044176713;;*********3025639;-14,95;PLN;'C992528009806931;TRANSAKCJA KARTĄ PŁATNICZĄ;Artykuły spożywcze
07.10.2025;07.10.2025;JMP S.A. BIEDRONKA 445 WARSZAWA;;'23124015321111001044176713;;*********3025639;-1,89;PLN;'C992528019092534;TRANSAKCJA KARTĄ PŁATNICZĄ;Artykuły spożywcze
06.10.2025;06.10.2025;PAYPAL *PATRONITE      35314369001;;'23124015321111001044176713;;*********3025639;-7,00;PLN;'C992527913387222;TRANSAKCJA KARTĄ PŁATNICZĄ;Kino i teatr
06.10.2025;06.10.2025;BISTRO GRZYBOWSKA      WARSZAWA;;'23124015321111001044176713;;*********3025639;-27,81;PLN;'C992527913359220;TRANSAKCJA KARTĄ PŁATNICZĄ;Restauracje i kawiarnie
06.10.2025;06.10.2025;JMP S.A. BIEDRONKA 445 WARSZAWA;;'23124015321111001044176713;;*********3025639;-49,43;PLN;'C992527917557576;TRANSAKCJA KARTĄ PŁATNICZĄ;Artykuły spożywcze
06.10.2025;06.10.2025;ZABKA Z4410 K.2        WARSZAWA;;'23124015321111001044176713;;*********3025639;-9,98;PLN;'C992527910245597;TRANSAKCJA KARTĄ PŁATNICZĄ;Artykuły spożywcze
04.10.2025;04.10.2025;PIEKARNIA ORMIANSKA ZE WARSZAWA;;'23124015321111001044176713;;*********3025639;-20,00;PLN;'C992527712677121;TRANSAKCJA KARTĄ PŁATNICZĄ;Artykuły spożywcze
04.10.2025;04.10.2025;JMP S.A. BIEDRONKA 445 WARSZAWA;;'23124015321111001044176713;;*********3025639;-5,99;PLN;'C992527718693809;TRANSAKCJA KARTĄ PŁATNICZĄ;Artykuły spożywcze
04.10.2025;04.10.2025;ZABKA Z6339 K.1        WARSZAWA;;'23124015321111001044176713;;*********3025639;-5,00;PLN;'C992527710298797;TRANSAKCJA KARTĄ PŁATNICZĄ;Artykuły spożywcze
03.10.2025;03.10.2025;AUCHAN POLSKA SP. Z  0 WARSZAWA;;'23124015321111001044176713;;*********3025639;-12,97;PLN;'C992527618375792;TRANSAKCJA KARTĄ PŁATNICZĄ;Artykuły spożywcze
02.10.2025;02.10.2025;JMP S.A. BIEDRONKA 445 WARSZAWA;;'23124015321111001044176713;;*********3025639;-14,07;PLN;'C992527511620296;TRANSAKCJA KARTĄ PŁATNICZĄ;Artykuły spożywcze
01.10.2025;01.10.2025;FINELF.COM SP. Z O.O.  SOPOT;;'23124015321111001044176713;;*********3025639;-4,00;PLN;'C992527417359833;TRANSAKCJA KARTĄ PŁATNICZĄ;Multimedia
01.10.2025;01.10.2025;JMP S.A. BIEDRONKA 445 WARSZAWA;;'23124015321111001044176713;;*********3025639;-5,50;PLN;'C992527413199646;TRANSAKCJA KARTĄ PŁATNICZĄ;Artykuły spożywcze
01.10.2025;01.10.2025;ZABKA Z4410 K.1        WARSZAWA;;'23124015321111001044176713;;*********3025639;-9,98;PLN;'C992527410346734;TRANSAKCJA KARTĄ PŁATNICZĄ;Artykuły spożywcze
30.09.2025;30.09.2025;;;;'23124015321111001044176713;ODSETKI OD DEPOZYTU;0,03;PLN;'014259U98C000956;ODSETKI OD DEPOZYTU;Odsetki, zwrot z inwestycji
30.09.2025;30.09.2025;;;'23124015321111001044176713;;PODATEK POBRANY;-0,01;PLN;'014259U98C000955;PODATEK POBRANY;Podatki
30.09.2025;30.09.2025;LIPONOGA NINA;;'23116022020000000081891379;'23124015321111001044176713;Obiadek;18,00;PLN;'M042000201951747;PRZELEW BLIK PRZYCHODZĄCY;Inne
30.09.2025;30.09.2025;MARIUSZ GRZEGORZ ZIĘCINA;;'26102011270000130202564748;'23124015321111001044176713;BurgerOd: 48514655978 Do: 485*****789;61,00;PLN;'M042000201951631;PRZELEW BLIK PRZYCHODZĄCY;Inne
30.09.2025;30.09.2025;WOLT                   WARSZAWA;;'23124015321111001044176713;;;-134,49;PLN;'C992527313719539;TRANSAKCJA KARTĄ PŁATNICZĄ;Restauracje i kawiarnie
30.09.2025;30.09.2025;AUTOMATSPEC SPZOO      LISZKI;;'23124015321111001044176713;;*********3025639;-4,00;PLN;'C992527311774163;TRANSAKCJA KARTĄ PŁATNICZĄ;Restauracje i kawiarnie
30.09.2025;30.09.2025;JMP S.A. BIEDRONKA 445 WARSZAWA;;'23124015321111001044176713;;*********3025639;-2,38;PLN;'C992527308566966;TRANSAKCJA KARTĄ PŁATNICZĄ;Artykuły spożywcze
29.09.2025;29.09.2025;LIDL KAROLKOWA         WARSZAWA;;'23124015321111001044176713;;*********3025639;-37,48;PLN;'C992527208087510;TRANSAKCJA KARTĄ PŁATNICZĄ;Artykuły spożywcze
29.09.2025;29.09.2025;BISTRO GRZYBOWSKA      WARSZAWA;;'23124015321111001044176713;;*********3025639;-31,81;PLN;'C992527214279631;TRANSAKCJA KARTĄ PŁATNICZĄ;Restauracje i kawiarnie
29.09.2025;29.09.2025;JMP S.A. BIEDRONKA 445 WARSZAWA;;'23124015321111001044176713;;*********3025639;-6,94;PLN;'C992527217414289;TRANSAKCJA KARTĄ PŁATNICZĄ;Artykuły spożywcze
29.09.2025;28.09.2025;ZABKA Z4410 K.2        WARSZAWA;;'23124015321111001044176713;;*********3025639;-7,98;PLN;'C992527120032342;TRANSAKCJA KARTĄ PŁATNICZĄ;Artykuły spożywcze
27.09.2025;27.09.2025;AMAZON RETAIL;AMAZON.PL GENERATION PARK Z, 9TH FLOOR,WARSAW;'23124015321111001044176713;;BLIK REF       90982531415;-60,17;PLN;'C992527019574722;PŁATNOŚĆ BLIK;Zakupy przez internet
27.09.2025;27.09.2025;AUCHAN POLSKA SP. Z  0 WARSZAWA;;'23124015321111001044176713;;*********3025639;-119,17;PLN;'C992527014624042;TRANSAKCJA KARTĄ PŁATNICZĄ;Artykuły spożywcze
27.09.2025;27.09.2025;ZABKA Z4410 K.1        WARSZAWA;;'23124015321111001044176713;;*********3025639;-9,98;PLN;'C992527011262362;TRANSAKCJA KARTĄ PŁATNICZĄ;Artykuły spożywcze
27.09.2025;27.09.2025;TADIM DONER GRILL      WARSZAWA;;'23124015321111001044176713;;*********3025639;-28,50;PLN;'C992527011251723;TRANSAKCJA KARTĄ PŁATNICZĄ;Restauracje i kawiarnie
26.09.2025;26.09.2025;DODOPIZZA.PL           WARSZAWA;;'23124015321111001044176713;;*********3025639;-3,49;PLN;'C992526919310479;TRANSAKCJA KARTĄ PŁATNICZĄ;Restauracje i kawiarnie
26.09.2025;26.09.2025;JMP S.A. BIEDRONKA 445 WARSZAWA;;'23124015321111001044176713;;*********3025639;-23,53;PLN;'C992526911567033;TRANSAKCJA KARTĄ PŁATNICZĄ;Artykuły spożywcze
25.09.2025;25.09.2025;CUKIERNIA PAWLOWICZ    WARSZAWA;;'23124015321111001044176713;;*********3025639;-15,00;PLN;'C992526813591855;TRANSAKCJA KARTĄ PŁATNICZĄ;Artykuły spożywcze
25.09.2025;25.09.2025;ARAS KEBAB             WARSZAWA;;'23124015321111001044176713;;*********3025639;-33,00;PLN;'C992526813586769;TRANSAKCJA KARTĄ PŁATNICZĄ;Restauracje i kawiarnie
25.09.2025;25.09.2025;ZABKA Z4410 K.2        WARSZAWA;;'23124015321111001044176713;;*********3025639;-9,98;PLN;'C992526810937543;TRANSAKCJA KARTĄ PŁATNICZĄ;Artykuły spożywcze
25.09.2025;25.09.2025;JMP S.A. BIEDRONKA 445 WARSZAWA;;'23124015321111001044176713;;*********3025639;-5,43;PLN;'C992526810935304;TRANSAKCJA KARTĄ PŁATNICZĄ;Artykuły spożywcze
24.09.2025;24.09.2025;PAYPRO S.A.;HTTPS://OSTROVI PASTELOWA 8,POZNAN;'23124015321111001044176713;;BLIK REF       90925535966;-101,88;PLN;'C992526718692758;PŁATNOŚĆ BLIK;Zakupy przez internet
24.09.2025;24.09.2025;BISTRO GRZYBOWSKA      WARSZAWA;;'23124015321111001044176713;;*********3025639;-29,81;PLN;'C992526715550708;TRANSAKCJA KARTĄ PŁATNICZĄ;Restauracje i kawiarnie
24.09.2025;24.09.2025;JMP S.A. BIEDRONKA 445 WARSZAWA;;'23124015321111001044176713;;*********3025639;-2,38;PLN;'C992526712403565;TRANSAKCJA KARTĄ PŁATNICZĄ;Artykuły spożywcze
23.09.2025;22.09.2025;JMP S.A. BIEDRONKA 445 WARSZAWA;;'23124015321111001044176713;;*********3025639;-5,99;PLN;'C992526521451209;TRANSAKCJA KARTĄ PŁATNICZĄ;Artykuły spożywcze
23.09.2025;23.09.2025;JMP S.A. BIEDRONKA 445 WARSZAWA;;'23124015321111001044176713;;*********3025639;-2,49;PLN;'C992526608665475;TRANSAKCJA KARTĄ PŁATNICZĄ;Artykuły spożywcze
22.09.2025;21.09.2025;ZABKA Z4410 K.1        WARSZAWA;;'23124015321111001044176713;;*********3025639;-4,40;PLN;'C992526412886427;TRANSAKCJA KARTĄ PŁATNICZĄ;Artykuły spożywcze
22.09.2025;22.09.2025;JMP S.A. BIEDRONKA 445 WARSZAWA;;'23124015321111001044176713;;*********3025639;-16,06;PLN;'C992526520441930;TRANSAKCJA KARTĄ PŁATNICZĄ;Artykuły spożywcze
20.09.2025;20.09.2025;ZABKA Z4410 K.1        WARSZAWA;;'23124015321111001044176713;;*********3025639;-9,98;PLN;'C992526312402636;TRANSAKCJA KARTĄ PŁATNICZĄ;Artykuły spożywcze
20.09.2025;20.09.2025;AUCHAN POLSKA SP. Z  0 WARSZAWA;;'23124015321111001044176713;;*********3025639;-70,78;PLN;'C992526317810203;TRANSAKCJA KARTĄ PŁATNICZĄ;Artykuły spożywcze
20.09.2025;20.09.2025;ALIEXPRESS             LUXEMBOURG;;'23124015321111001044176713;;;-23,49;PLN;'C992526315766899;TRANSAKCJA KARTĄ PŁATNICZĄ;Bez kategorii
20.09.2025;20.09.2025;JMP S.A. BIEDRONKA 445 WARSZAWA;;'23124015321111001044176713;;*********3025639;-6,99;PLN;'C992526313690215;TRANSAKCJA KARTĄ PŁATNICZĄ;Artykuły spożywcze
19.09.2025;19.09.2025;ZABKA Z4410 K.2        WARSZAWA;;'23124015321111001044176713;;*********3025639;-11,98;PLN;'C992526213141267;TRANSAKCJA KARTĄ PŁATNICZĄ;Artykuły spożywcze
19.09.2025;19.09.2025;BISTRO GRZYBOWSKA      WARSZAWA;;'23124015321111001044176713;;*********3025639;-27,81;PLN;'C992526212738486;TRANSAKCJA KARTĄ PŁATNICZĄ;Restauracje i kawiarnie
18.09.2025;18.09.2025;ZABKA Z4410 K.2        WARSZAWA;;'23124015321111001044176713;;*********3025639;-9,98;PLN;'C992526118828997;TRANSAKCJA KARTĄ PŁATNICZĄ;Artykuły spożywcze
18.09.2025;18.09.2025;LIDL KAROLKOWA         WARSZAWA;;'23124015321111001044176713;;*********3025639;-19,73;PLN;'C992526118811934;TRANSAKCJA KARTĄ PŁATNICZĄ;Artykuły spożywcze
18.09.2025;18.09.2025;"BEP-WIET"" HONG SINH NG WARSZAWA";;'23124015321111001044176713;;*********3025639;-30,00;PLN;'C992526118360961;TRANSAKCJA KARTĄ PŁATNICZĄ;Restauracje i kawiarnie
18.09.2025;18.09.2025;JMP S.A. BIEDRONKA 445 WARSZAWA;;'23124015321111001044176713;;*********3025639;-15,99;PLN;'C992526119417759;TRANSAKCJA KARTĄ PŁATNICZĄ;Artykuły spożywcze
17.09.2025;17.09.2025;XTB S.A.;XTB.COM PROSTA 67,WARSAW;'23124015321111001044176713;;BLIK REF       90787395612;-1 000,00;PLN;'C992526017690497;PŁATNOŚĆ BLIK;Bez kategorii
17.09.2025;17.09.2025;;;'23124015321111001044176713;'92124020921362991111000000;Opłata za obsługę kartyMasterCard Debit*43025639 za miesiąc 09.2025;-1,00;PLN;'M0150PII00107696;PROWIZJE AUT.;Opłaty bankowe
17.09.2025;17.09.2025;JMP S.A. BIEDRONKA 445 WARSZAWA;;'23124015321111001044176713;;*********3025639;-12,84;PLN;'C992526010378365;TRANSAKCJA KARTĄ PŁATNICZĄ;Artykuły spożywcze
16.09.2025;16.09.2025;ZABKA Z4410 K.1        WARSZAWA;;'23124015321111001044176713;;*********3025639;-5,00;PLN;'C992525908538899;TRANSAKCJA KARTĄ PŁATNICZĄ;Artykuły spożywcze
15.09.2025;15.09.2025;BISTRO GRZYBOWSKA      WARSZAWA;;'23124015321111001044176713;;*********3025639;-31,81;PLN;'C992525813215706;TRANSAKCJA KARTĄ PŁATNICZĄ;Restauracje i kawiarnie
15.09.2025;15.09.2025;ASSECO POLAND SA PŁACE;UL. OLCHOWA 14 35-322 RZESZÓW;'42124059181111000049090675;'23124015321111001044176713;PREMIA STANDBY **202509P3** 23119;633,98;PLN;'4910915987691484;PRZELEW;Premia, nagroda
15.09.2025;15.09.2025;JMP S.A. BIEDRONKA 445 WARSZAWA;;'23124015321111001044176713;;*********3025639;-73,43;PLN;'C992525808071714;TRANSAKCJA KARTĄ PŁATNICZĄ;Artykuły spożywcze
15.09.2025;15.09.2025;LIDL KAROLKOWA         WARSZAWA;;'23124015321111001044176713;;*********3025639;-58,99;PLN;'C992525808059494;TRANSAKCJA KARTĄ PŁATNICZĄ;Artykuły spożywcze
15.09.2025;14.09.2025;CHILLI KEBAB AND GRI 0 WARSZAWA;;'23124015321111001044176713;;*********3025639;-31,00;PLN;'C992525720808036;TRANSAKCJA KARTĄ PŁATNICZĄ;Restauracje i kawiarnie
15.09.2025;14.09.2025;ZAKEXPRESS.COM.PL      AUGUSTOW;;'23124015321111001044176713;;*********3025639;-46,59;PLN;'C992525716748180;TRANSAKCJA KARTĄ PŁATNICZĄ;Transport publiczny
13.09.2025;13.09.2025;CARREFOUR PLP308       LOMZA;;'23124015321111001044176713;;*********3025639;-27,89;PLN;'C992525612120505;TRANSAKCJA KARTĄ PŁATNICZĄ;Artykuły spożywcze
13.09.2025;13.09.2025;KOMPUTEROWE DORABIANIE LOMZA;;'23124015321111001044176713;;*********3025639;-50,00;PLN;'C992525611035391;TRANSAKCJA KARTĄ PŁATNICZĄ;Bez kategorii
13.09.2025;13.09.2025;SKLEP NR 131           LOMZA;;'23124015321111001044176713;;*********3025639;-23,99;PLN;'C992525615777582;TRANSAKCJA KARTĄ PŁATNICZĄ;Artykuły spożywcze
13.09.2025;13.09.2025;LODZIARNIA MALINA      LOMZA;;'23124015321111001044176713;;*********3025639;-29,00;PLN;'C992525611639677;TRANSAKCJA KARTĄ PŁATNICZĄ;Restauracje i kawiarnie
13.09.2025;13.09.2025;JMP S.A. BIEDRONKA 261 LOMZA;;'23124015321111001044176713;;*********3025639;-10,76;PLN;'C992525618495256;TRANSAKCJA KARTĄ PŁATNICZĄ;Artykuły spożywcze
12.09.2025;12.09.2025;UBER   * PENDING       AMSTERDAM;;'23124015321111001044176713;;*********3025639;-12,92;PLN;'C992525520373952;TRANSAKCJA KARTĄ PŁATNICZĄ;Taxi
12.09.2025;12.09.2025;UBER *TRIP HELP.UBER.C AMSTERDAM;;'23124015321111001044176713;;;-2,00;PLN;'C992525520380085;TRANSAKCJA KARTĄ PŁATNICZĄ;Taxi
12.09.2025;12.09.2025;ZABKA Z4410 K.1        WARSZAWA;;'23124015321111001044176713;;*********3025639;-11,98;PLN;'C992525512627786;TRANSAKCJA KARTĄ PŁATNICZĄ;Artykuły spożywcze
12.09.2025;12.09.2025;BISTRO GRZYBOWSKA      WARSZAWA;;'23124015321111001044176713;;*********3025639;-53,62;PLN;'C992525512621761;TRANSAKCJA KARTĄ PŁATNICZĄ;Restauracje i kawiarnie
12.09.2025;11.09.2025;ZABKA Z4410 K.2        WARSZAWA;;'23124015321111001044176713;;*********3025639;-7,60;PLN;'C992525422797056;TRANSAKCJA KARTĄ PŁATNICZĄ;Artykuły spożywcze
11.09.2025;11.09.2025;PYSZNE.PL MXGXQB       WROCLAW;;'23124015321111001044176713;;;-96,99;PLN;'C992525417640628;TRANSAKCJA KARTĄ PŁATNICZĄ;Restauracje i kawiarnie
11.09.2025;11.09.2025;XTB S.A.;XTB.COM PROSTA 67,WARSAW;'23124015321111001044176713;;BLIK REF       90650221023;-3 000,00;PLN;'C992525410369889;PŁATNOŚĆ BLIK;Bez kategorii
10.09.2025;10.09.2025;ZABKA Z4410 K.2        WARSZAWA;;'23124015321111001044176713;;*********3025639;-3,99;PLN;'C992525313456377;TRANSAKCJA KARTĄ PŁATNICZĄ;Artykuły spożywcze
10.09.2025;10.09.2025;BISTRO GRZYBOWSKA      WARSZAWA;;'23124015321111001044176713;;*********3025639;-59,62;PLN;'C992525313879846;TRANSAKCJA KARTĄ PŁATNICZĄ;Restauracje i kawiarnie
10.09.2025;10.09.2025;KACPER BANASIK;;'23124015321111001044176713;'69124060031111001048178711;Splitwase wrzesień;-1 970,25;PLN;'014259A625406846;REALIZACJA PŁATNOŚCI PEOPAY;Podróże
10.09.2025;10.09.2025;KAFETERIA.MYBENEFIT.PL WARSZAWA;;'23124015321111001044176713;;*********3025639;-139,00;PLN;'C992525309736544;TRANSAKCJA KARTĄ PŁATNICZĄ;Sport
10.09.2025;10.09.2025;ZABKA Z4410 K.2        WARSZAWA;;'23124015321111001044176713;;*********3025639;-11,98;PLN;'C992525308275329;TRANSAKCJA KARTĄ PŁATNICZĄ;Artykuły spożywcze
10.09.2025;10.09.2025;JMP S.A. BIEDRONKA 445 WARSZAWA;;'23124015321111001044176713;;*********3025639;-27,27;PLN;'C992525308274242;TRANSAKCJA KARTĄ PŁATNICZĄ;Artykuły spożywcze
10.09.2025;10.09.2025;IKE BOSSA;;'23124015321111001044176713;'83154011578129000000814183;IKE 814183;-2 000,00;PLN;'014259AA71008398;ZLECENIE STAŁE;Bez kategorii
10.09.2025;09.09.2025;ZAKEXPRESS.COM.PL      AUGUSTOW;;'23124015321111001044176713;;*********3025639;-92,18;PLN;'C992525223196549;TRANSAKCJA KARTĄ PŁATNICZĄ;Transport publiczny
09.09.2025;09.09.2025;MACHOP SP. Z O.O.      WARSZAWA;;'23124015321111001044176713;;*********3025639;-28,00;PLN;'C992525215388565;TRANSAKCJA KARTĄ PŁATNICZĄ;Restauracje i kawiarnie
09.09.2025;09.09.2025;ASSECO POLAND SA PŁACE;UL. OLCHOWA 14 35-322 RZESZÓW;'42124059181111000049090675;'23124015321111001044176713;WYNAGRODZENIE 8/2025 **202508U6** 23119;9 233,22;PLN;'4910909987512163;PRZELEW;Wynagrodzenie
09.09.2025;09.09.2025;ZABKA Z4370 K.2        WARSZAWA;;'23124015321111001044176713;;*********3025639;-6,99;PLN;'C992525210181079;TRANSAKCJA KARTĄ PŁATNICZĄ;Artykuły spożywcze
09.09.2025;08.09.2025;LIDL KAROLKOWA         WARSZAWA;;'23124015321111001044176713;;*********3025639;-22,59;PLN;'C992525121028039;TRANSAKCJA KARTĄ PŁATNICZĄ;Artykuły spożywcze
08.09.2025;08.09.2025;BISTRO GRZYBOWSKA      WARSZAWA;;'23124015321111001044176713;;*********3025639;-25,81;PLN;'C992525114782552;TRANSAKCJA KARTĄ PŁATNICZĄ;Restauracje i kawiarnie
08.09.2025;06.09.2025;BUDZIŃSKA JULIA;;'15105015591000009267210426;'23124015321111001044176713;Przelew na telefon +48xxxxxx789MS sierpień bez burgerka z frytkamiDla Kamil SobierajOd JULIA BUDZIŃSKA;81,00;PLN;'M042000197005552;PRZELEW BLIK PRZYCHODZĄCY;Sprzedaż
06.09.2025;06.09.2025;JMP S.A. BIEDRONKA 445 WARSZAWA;;'23124015321111001044176713;;*********3025639;-9,53;PLN;'C992524911844954;TRANSAKCJA KARTĄ PŁATNICZĄ;Artykuły spożywcze
06.09.2025;06.09.2025;JMP S.A. BIEDRONKA 445 WARSZAWA;;'23124015321111001044176713;;*********3025639;-4,99;PLN;'C992524915034428;TRANSAKCJA KARTĄ PŁATNICZĄ;Artykuły spożywcze
06.09.2025;06.09.2025;AUCHAN POLSKA SP. Z  0 WARSZAWA;;'23124015321111001044176713;;*********3025639;-203,63;PLN;'C992524915005513;TRANSAKCJA KARTĄ PŁATNICZĄ;Artykuły spożywcze
06.09.2025;06.09.2025;PAYPAL *PATRONITE      35314369001;;'23124015321111001044176713;;*********3025639;-7,00;PLN;'C992524912875871;TRANSAKCJA KARTĄ PŁATNICZĄ;Kino i teatr
06.09.2025;05.09.2025;FINELF.COM SP. Z O.O.  SOPOT;;'23124015321111001044176713;;*********3025639;-2,00;PLN;'C992524822650344;TRANSAKCJA KARTĄ PŁATNICZĄ;Multimedia
05.09.2025;04.09.2025;TERMINAL MOBILNY 443   WARSZAWA;;'23124015321111001044176713;;*********3025639;-8,80;PLN;'C992524722054855;TRANSAKCJA KARTĄ PŁATNICZĄ;Transport publiczny
05.09.2025;05.09.2025;JMP S.A. BIEDRONKA 445 WARSZAWA;;'23124015321111001044176713;;*********3025639;-17,99;PLN;'C992524820612015;TRANSAKCJA KARTĄ PŁATNICZĄ;Artykuły spożywcze
05.09.2025;05.09.2025;ARAS KEBAB             WARSZAWA;;'23124015321111001044176713;;*********3025639;-50,00;PLN;'C992524819175520;TRANSAKCJA KARTĄ PŁATNICZĄ;Restauracje i kawiarnie
05.09.2025;05.09.2025;ZABKA Z4410 K.1        WARSZAWA;;'23124015321111001044176713;;*********3025639;-9,98;PLN;'C992524809756469;TRANSAKCJA KARTĄ PŁATNICZĄ;Artykuły spożywcze
05.09.2025;05.09.2025;JMP S.A. BIEDRONKA 445 WARSZAWA;;'23124015321111001044176713;;*********3025639;-3,06;PLN;'C992524809167392;TRANSAKCJA KARTĄ PŁATNICZĄ;Artykuły spożywcze
04.09.2025;04.09.2025;AY ALESIA YARASH CUKIE WARSZAWA;;'23124015321111001044176713;;*********3025639;-8,00;PLN;'C992524718971907;TRANSAKCJA KARTĄ PŁATNICZĄ;Artykuły spożywcze
04.09.2025;04.09.2025;ZABKA Z5270 K.1        PRUSZKOW;;'23124015321111001044176713;;*********3025639;-11,40;PLN;'C992524719570932;TRANSAKCJA KARTĄ PŁATNICZĄ;Artykuły spożywcze
04.09.2025;04.09.2025;ING BANK ŚLĄSKI S.A.;.;'15105010251000009282872853;'23124015321111001044176713;imoje zwrot E524500070649 do trans.nr E521700044022 z dnia 2025-08-05;1 068,00;PLN;'ZID0000000824571;PRZELEW KRAJOWY MIĘDZYBANKOWY;Inne
03.09.2025;03.09.2025;AUCHAN POLSKA SP. Z  0 WARSZAWA;;'23124015321111001044176713;;*********3025639;-85,76;PLN;'C992524618973803;TRANSAKCJA KARTĄ PŁATNICZĄ;Artykuły spożywcze
03.09.2025;03.09.2025;RESTAURACJA TAVOLO     WARSZAWA;;'23124015321111001044176713;;*********3025639;-34,67;PLN;'C992524617351092;TRANSAKCJA KARTĄ PŁATNICZĄ;Restauracje i kawiarnie
03.09.2025;03.09.2025;JMP S.A. BIEDRONKA 445 WARSZAWA;;'23124015321111001044176713;;*********3025639;-46,40;PLN;'C992524608609339;TRANSAKCJA KARTĄ PŁATNICZĄ;Artykuły spożywcze
02.09.2025;02.09.2025;JMP S.A. BIEDRONKA 445 WARSZAWA;;'23124015321111001044176713;;*********3025639;-9,49;PLN;'C992524508449181;TRANSAKCJA KARTĄ PŁATNICZĄ;Artykuły spożywcze
02.09.2025;02.09.2025;ZABKA Z4410 K.1        WARSZAWA;;'23124015321111001044176713;;*********3025639;-9,98;PLN;'C992524507033836;TRANSAKCJA KARTĄ PŁATNICZĄ;Artykuły spożywcze
01.09.2025;01.09.2025;JMP S.A. BIEDRONKA 445 WARSZAWA;;'23124015321111001044176713;;*********3025639;-9,49;PLN;'C992524419907144;TRANSAKCJA KARTĄ PŁATNICZĄ;Artykuły spożywcze
01.09.2025;01.09.2025;BISTRO GRZYBOWSKA      WARSZAWA;;'23124015321111001044176713;;*********3025639;-26,00;PLN;'C992524414137069;TRANSAKCJA KARTĄ PŁATNICZĄ;Restauracje i kawiarnie
01.09.2025;31.08.2025;JMP S.A. BIEDRONKA 445 WARSZAWA;;'23124015321111001044176713;;*********3025639;-28,77;PLN;'C992524318200830;TRANSAKCJA KARTĄ PŁATNICZĄ;Artykuły spożywcze
30.08.2025;30.08.2025;LIDL KAROLKOWA         WARSZAWA;;'23124015321111001044176713;;*********3025639;-49,20;PLN;'C992524213126317;TRANSAKCJA KARTĄ PŁATNICZĄ;Artykuły spożywcze
30.08.2025;30.08.2025;;;'23124015321111001044176713;;PODATEK POBRANY;-0,01;PLN;'014258U98C000943;PODATEK POBRANY;Podatki
30.08.2025;30.08.2025;;;;'23124015321111001044176713;ODSETKI OD DEPOZYTU;0,03;PLN;'014258U98C000944;ODSETKI OD DEPOZYTU;Odsetki, zwrot z inwestycji
30.08.2025;30.08.2025;PYSZNE.PL F68BTF       WROCLAW;;'23124015321111001044176713;;;-148,98;PLN;'C992524216265812;TRANSAKCJA KARTĄ PŁATNICZĄ;Restauracje i kawiarnie
30.08.2025;30.08.2025;SEBASTIAN KURYŁO;;'20194010764625325400000000;'23124015321111001044176713;Przelew na telefon BLIK;50,00;PLN;'M042000195466696;PRZELEW BLIK PRZYCHODZĄCY;Sprzedaż
29.08.2025;29.08.2025;AUCHAN POLSKA SP. Z  0 WARSZAWA;;'23124015321111001044176713;;*********3025639;-56,55;PLN;'C992524112947976;TRANSAKCJA KARTĄ PŁATNICZĄ;Artykuły spożywcze
29.08.2025;29.08.2025;AUCHAN POLSKA SP. Z  0 WARSZAWA;;'23124015321111001044176713;;*********3025639;-2,87;PLN;'C992524111041857;TRANSAKCJA KARTĄ PŁATNICZĄ;Artykuły spożywcze
28.08.2025;28.08.2025;F.H.U SLODKA BUDKA     WARSZAWA;;'23124015321111001044176713;;*********3025639;-10,00;PLN;'C992524018148466;TRANSAKCJA KARTĄ PŁATNICZĄ;Restauracje i kawiarnie
28.08.2025;28.08.2025;KACU SP. Z O.O.        PIASECZNO K.;;'23124015321111001044176713;;*********3025639;-8,00;PLN;'C992524017113507;TRANSAKCJA KARTĄ PŁATNICZĄ;Restauracje i kawiarnie
28.08.2025;28.08.2025;SKLEP SPOZYWCZY NA SKA SLOMCZYN;;'23124015321111001044176713;;*********3025639;-20,40;PLN;'C992524014982827;TRANSAKCJA KARTĄ PŁATNICZĄ;Artykuły spożywcze
28.08.2025;28.08.2025;JMP S.A. BIEDRONKA 445 WARSZAWA;;'23124015321111001044176713;;*********3025639;-5,99;PLN;'C992524011841096;TRANSAKCJA KARTĄ PŁATNICZĄ;Artykuły spożywcze
28.08.2025;28.08.2025;GORA KAWIARNIA MACIE 0 GORA KALWARI;;'23124015321111001044176713;;*********3025639;-14,00;PLN;'C992524015623824;TRANSAKCJA KARTĄ PŁATNICZĄ;Restauracje i kawiarnie
28.08.2025;28.08.2025;KACU SP. Z O.O.        PIASECZNO K.;;'23124015321111001044176713;;*********3025639;-30,00;PLN;'C992524017582099;TRANSAKCJA KARTĄ PŁATNICZĄ;Restauracje i kawiarnie
27.08.2025;27.08.2025;UL. RONDO DASZY        R5320561;R5320561 R5320561 UL. RONDO DASZYNSKIEGO ,WARSZAWA;'23124015321111001044176713;;BLIK REF       90352277043;-150,00;PLN;'C992523915460699;WYPŁATA BLIK;Bez kategorii
27.08.2025;27.08.2025;AUCHAN POLSKA SP. Z  0 WARSZAWA;;'23124015321111001044176713;;*********3025639;-107,08;PLN;'C992523914030466;TRANSAKCJA KARTĄ PŁATNICZĄ;Artykuły spożywcze
26.08.2025;26.08.2025;ZABKA Z4410 K.1        WARSZAWA;;'23124015321111001044176713;;*********3025639;-17,20;PLN;'C992523818527126;TRANSAKCJA KARTĄ PŁATNICZĄ;Artykuły spożywcze
26.08.2025;26.08.2025;KRZYSZTOF P KRYGIER UL. JANA BYTNAR;;'03109025900000000132707486;'23124015321111001044176713;obiad chmielna Koreańczyk;38,00;PLN;'M042000194609788;PRZELEW BLIK PRZYCHODZĄCY;Inne
26.08.2025;26.08.2025;LIPONOGA NINA;;'23116022020000000081891379;'23124015321111001044176713;Obiad;38,00;PLN;'M042000194600901;PRZELEW BLIK PRZYCHODZĄCY;Inne
26.08.2025;26.08.2025;MISS KIMCHI 01         WARSZAWA;;'23124015321111001044176713;;*********3025639;-114,75;PLN;'C992523813431627;TRANSAKCJA KARTĄ PŁATNICZĄ;Restauracje i kawiarnie
25.08.2025;24.08.2025;AMAZON MARKETPLACE;AMAZON.PL 38 AVENUE JOHN F. KENNEDY,LUXEMBOUR;'23124015321111001044176713;;BLIK REF       90300185378;-115,95;PLN;'C992523623530148;PŁATNOŚĆ BLIK;Zakupy przez internet
25.08.2025;24.08.2025;UL. GORCZEWSKA         A1100717;A1100717 A1100717 UL. GORCZEWSKA 89      ,WARSZAWA;'23124015321111001044176713;;BLIK REF       90296395375;-100,00;PLN;'C992523611463776;WYPŁATA BLIK;Bez kategorii
23.08.2025;23.08.2025;JMP S.A. BIEDRONKA 445 WARSZAWA;;'23124015321111001044176713;;*********3025639;-8,93;PLN;'C992523518153860;TRANSAKCJA KARTĄ PŁATNICZĄ;Artykuły spożywcze
23.08.2025;23.08.2025;AUCHAN POLSKA SP. Z  0 WARSZAWA;;'23124015321111001044176713;;*********3025639;-80,55;PLN;'C992523516611149;TRANSAKCJA KARTĄ PŁATNICZĄ;Artykuły spożywcze
23.08.2025;23.08.2025;KFCDOSTAWA.PL          WROCLAW;;'23124015321111001044176713;;*********3025639;-39,99;PLN;'C992523514561965;TRANSAKCJA KARTĄ PŁATNICZĄ;Restauracje i kawiarnie
23.08.2025;23.08.2025;PRACOWNIA CUKIERN79324 OZAROW MAZ.;;'23124015321111001044176713;;*********3025639;-39,00;PLN;'C992523511413952;TRANSAKCJA KARTĄ PŁATNICZĄ;Artykuły spożywcze
22.08.2025;22.08.2025;BISTRO GRZYBOWSKA      WARSZAWA;;'23124015321111001044176713;;*********3025639;-31,81;PLN;'C992523412865769;TRANSAKCJA KARTĄ PŁATNICZĄ;Restauracje i kawiarnie
22.08.2025;22.08.2025;JMP S.A. BIEDRONKA 445 WARSZAWA;;'23124015321111001044176713;;*********3025639;-8,29;PLN;'C992523420179265;TRANSAKCJA KARTĄ PŁATNICZĄ;Artykuły spożywcze
21.08.2025;21.08.2025;TANTUNI KEBAB          WARSZAWA;;'23124015321111001044176713;;*********3025639;-30,00;PLN;'C992523316074096;TRANSAKCJA KARTĄ PŁATNICZĄ;Restauracje i kawiarnie
21.08.2025;21.08.2025;CARREFOUR EXPRESS      WARSZAWA;;'23124015321111001044176713;;*********3025639;-8,24;PLN;'C992523318151644;TRANSAKCJA KARTĄ PŁATNICZĄ;Artykuły spożywcze
21.08.2025;21.08.2025;AUCHAN POLSKA SP. Z  0 WARSZAWA;;'23124015321111001044176713;;*********3025639;-19,91;PLN;'C992523317126380;TRANSAKCJA KARTĄ PŁATNICZĄ;Artykuły spożywcze
20.08.2025;19.08.2025;ALIEXPRESS.COM         LUXEMBOURG;;'23124015321111001044176713;;;-88,73;PLN;'C992523123127473;TRANSAKCJA KARTĄ PŁATNICZĄ;Bez kategorii
20.08.2025;20.08.2025;LIDL KAROLKOWA         WARSZAWA;;'23124015321111001044176713;;*********3025639;-44,61;PLN;'C992523208179390;TRANSAKCJA KARTĄ PŁATNICZĄ;Artykuły spożywcze
20.08.2025;20.08.2025;GEMINI.PL              GDANSK;;'23124015321111001044176713;;*********3025639;-138,72;PLN;'C992523216520939;TRANSAKCJA KARTĄ PŁATNICZĄ;Kosmetyki
20.08.2025;20.08.2025;JMP S.A. BIEDRONKA 445 WARSZAWA;;'23124015321111001044176713;;*********3025639;-2,49;PLN;'C992523208184426;TRANSAKCJA KARTĄ PŁATNICZĄ;Artykuły spożywcze
19.08.2025;19.08.2025;LIDL KAROLKOWA         WARSZAWA;;'23124015321111001044176713;;*********3025639;-21,81;PLN;'C992523117982386;TRANSAKCJA KARTĄ PŁATNICZĄ;Artykuły spożywcze
19.08.2025;19.08.2025;JMP S.A. BIEDRONKA 445 WARSZAWA;;'23124015321111001044176713;;*********3025639;-41,16;PLN;'C992523118033233;TRANSAKCJA KARTĄ PŁATNICZĄ;Artykuły spożywcze
19.08.2025;19.08.2025;KACPER BANASIK;;'23124015321111001044176713;'69124060031111001048178711;Naprawa pralki;-195,50;PLN;'014258J606507136;REALIZACJA PŁATNOŚCI PEOPAY;Podróże
19.08.2025;19.08.2025;ZABKA Z5961 K.1        WARSZAWA;;'23124015321111001044176713;;*********3025639;-6,99;PLN;'C992523110072643;TRANSAKCJA KARTĄ PŁATNICZĄ;Artykuły spożywcze
18.08.2025;18.08.2025;TANTUNI KEBAB          WARSZAWA;;'23124015321111001044176713;;*********3025639;-31,00;PLN;'C992523017796277;TRANSAKCJA KARTĄ PŁATNICZĄ;Restauracje i kawiarnie
18.08.2025;18.08.2025;AUCHAN POLSKA SP. Z  0 WARSZAWA;;'23124015321111001044176713;;*********3025639;-57,47;PLN;'C992523016761101;TRANSAKCJA KARTĄ PŁATNICZĄ;Artykuły spożywcze
18.08.2025;17.08.2025;ZABKA Z4410 K.2        WARSZAWA;;'23124015321111001044176713;;*********3025639;-6,50;PLN;'C992522918916397;TRANSAKCJA KARTĄ PŁATNICZĄ;Artykuły spożywcze
18.08.2025;17.08.2025;PAYPRO S.A.;WWW.ANYTECH.PL PASTELOWA 8,POZNAN;'23124015321111001044176713;;BLIK REF       90159619664;-122,00;PLN;'C992522914194708;PŁATNOŚĆ BLIK;Zakupy przez internet
18.08.2025;17.08.2025;ZABKA Z8085 K.2        WARSZAWA;;'23124015321111001044176713;;*********3025639;-11,50;PLN;'C992522911140320;TRANSAKCJA KARTĄ PŁATNICZĄ;Artykuły spożywcze
16.08.2025;16.08.2025;CARREFOUR HIPERMARKET  WARSZAWA;;'23124015321111001044176713;;*********3025639;-58,43;PLN;'C992522812328811;TRANSAKCJA KARTĄ PŁATNICZĄ;Artykuły spożywcze
15.08.2025;15.08.2025;HARRY DONER KEBAB      WARSZAWA;;'23124015321111001044176713;;*********3025639;-8,00;PLN;'C992522714312531;TRANSAKCJA KARTĄ PŁATNICZĄ;Restauracje i kawiarnie
15.08.2025;15.08.2025;HARRY DONER KEBAB      WARSZAWA;;'23124015321111001044176713;;*********3025639;-43,00;PLN;'C992522714921356;TRANSAKCJA KARTĄ PŁATNICZĄ;Restauracje i kawiarnie
15.08.2025;15.08.2025;PIEKARNIA WANDA        KONSTANCIN-J;;'23124015321111001044176713;;*********3025639;-25,41;PLN;'C992522712887886;TRANSAKCJA KARTĄ PŁATNICZĄ;Artykuły spożywcze
15.08.2025;14.08.2025;AUCHAN POLSKA SP. Z  0 WARSZAWA;;'23124015321111001044176713;;*********3025639;-117,81;PLN;'C992522620744759;TRANSAKCJA KARTĄ PŁATNICZĄ;Artykuły spożywcze
14.08.2025;14.08.2025;ASSECO POLAND SA PŁACE;UL. OLCHOWA 14 35-322 RZESZÓW;'42124059181111000049090675;'23124015321111001044176713;PREMIA STANDBY **202508P4** 23119;1 109,22;PLN;'4910814987670949;PRZELEW;Premia, nagroda
14.08.2025;14.08.2025;ZABKA Z4410 K.2        WARSZAWA;;'23124015321111001044176713;;*********3025639;-5,40;PLN;'C992522609191867;TRANSAKCJA KARTĄ PŁATNICZĄ;Artykuły spożywcze
14.08.2025;14.08.2025;JMP S.A. BIEDRONKA 445 WARSZAWA;;'23124015321111001044176713;;*********3025639;-11,98;PLN;'C992522609575138;TRANSAKCJA KARTĄ PŁATNICZĄ;Artykuły spożywcze
14.08.2025;13.08.2025;LIDL KAROLKOWA         WARSZAWA;;'23124015321111001044176713;;*********3025639;-42,44;PLN;'C992522521452851;TRANSAKCJA KARTĄ PŁATNICZĄ;Artykuły spożywcze
13.08.2025;13.08.2025;;;'23124015321111001044176713;'92124020921362991111000000;Opłata za obsługę kartyMasterCard Debit*43025639 za miesiąc 08.2025;-1,00;PLN;'M0150PHE00079197;PROWIZJE AUT.;Opłaty bankowe
13.08.2025;13.08.2025;JMP S.A. BIEDRONKA 445 WARSZAWA;;'23124015321111001044176713;;*********3025639;-5,20;PLN;'C992522509976647;TRANSAKCJA KARTĄ PŁATNICZĄ;Artykuły spożywcze
12.08.2025;12.08.2025;LIDL KAROLKOWA         WARSZAWA;;'23124015321111001044176713;;*********3025639;-73,88;PLN;'C992522408347472;TRANSAKCJA KARTĄ PŁATNICZĄ;Artykuły spożywcze
12.08.2025;12.08.2025;LIDL KAROLKOWA         WARSZAWA;;'23124015321111001044176713;;*********3025639;-3,99;PLN;'C992522408347898;TRANSAKCJA KARTĄ PŁATNICZĄ;Artykuły spożywcze
11.08.2025;11.08.2025;BISTRO GRZYBOWSKA      WARSZAWA;;'23124015321111001044176713;;*********3025639;-22,81;PLN;'C992522314984664;TRANSAKCJA KARTĄ PŁATNICZĄ;Restauracje i kawiarnie
11.08.2025;11.08.2025;XTB S.A.;XTB.COM PROSTA 67,WARSAW;'23124015321111001044176713;;BLIK REF       90031868747;-2 500,00;PLN;'C992522311842582;PŁATNOŚĆ BLIK;Bez kategorii
11.08.2025;11.08.2025;MAŁGORZATA UŁASIUK;;'23124015321111001044176713;'25114020040000310281874201;Przelew na telefon 48726***330. Splitwase sierpień 2025;-99,30;PLN;'M042101159889855;PRZELEW BLIK WYCHODZĄCY;Internet, TV, telefon
11.08.2025;11.08.2025;KACPER BANASIK;;'23124015321111001044176713;'69124060031111001048178711;Splitwase sierpień 2025;-1 815,00;PLN;'014258B600106104;REALIZACJA PŁATNOŚCI PEOPAY;Podróże
11.08.2025;11.08.2025;KAFETERIA.MYBENEFIT.PL WARSZAWA;;'23124015321111001044176713;;*********3025639;-139,00;PLN;'C992522309766247;TRANSAKCJA KARTĄ PŁATNICZĄ;Sport
11.08.2025;11.08.2025;IKE BOSSA;;'23124015321111001044176713;'83154011578129000000814183;IKE 814183;-2 000,00;PLN;'014258BA71006460;ZLECENIE STAŁE;Bez kategorii
11.08.2025;11.08.2025;ALIEXPRESS             LUXEMBOURG;;'23124015321111001044176713;;;-48,24;PLN;'C992522300297482;TRANSAKCJA KARTĄ PŁATNICZĄ;Bez kategorii
09.08.2025;09.08.2025;LIDL KAROLKOWA         WARSZAWA;;'23124015321111001044176713;;*********3025639;-20,75;PLN;'C992522113050356;TRANSAKCJA KARTĄ PŁATNICZĄ;Artykuły spożywcze
09.08.2025;09.08.2025;ZABKA Z4410 K.2        WARSZAWA;;'23124015321111001044176713;;*********3025639;-9,40;PLN;'C992522108434391;TRANSAKCJA KARTĄ PŁATNICZĄ;Artykuły spożywcze
09.08.2025;09.08.2025;JMP S.A. BIEDRONKA 445 WARSZAWA;;'23124015321111001044176713;;*********3025639;-13,21;PLN;'C992522108802627;TRANSAKCJA KARTĄ PŁATNICZĄ;Artykuły spożywcze
09.08.2025;08.08.2025;AUCHAN POLSKA SP. Z  0 WARSZAWA;;'23124015321111001044176713;;*********3025639;-83,62;PLN;'C992522021723547;TRANSAKCJA KARTĄ PŁATNICZĄ;Artykuły spożywcze
08.08.2025;07.08.2025;JMP S.A. BIEDRONKA 445 WARSZAWA;;'23124015321111001044176713;;*********3025639;-5,99;PLN;'C992521921685111;TRANSAKCJA KARTĄ PŁATNICZĄ;Artykuły spożywcze
08.08.2025;08.08.2025;SADA MILENA ANGELIKA;;'70105001451000009744880387;'23124015321111001044176713;"Przelew na telefon +48xxxxxx789Za ""U Szwejka""Dla Kamil Koło RoweroweOd MILENA ANGELIKA SADA";64,00;PLN;'M042000191096366;PRZELEW BLIK PRZYCHODZĄCY;Sprzedaż
08.08.2025;08.08.2025;JMP S.A. BIEDRONKA 445 WARSZAWA;;'23124015321111001044176713;;*********3025639;-5,97;PLN;'C992522010836162;TRANSAKCJA KARTĄ PŁATNICZĄ;Artykuły spożywcze
07.08.2025;07.08.2025;KRYSTIAN DĄBROWSKI;UL.ŁĄKOWA 10 47-450 ROSZKÓW;'09114020040000360256964644;'23124015321111001044176713;ESCAPE;75,00;PLN;'M042000190995063;PRZELEW BLIK PRZYCHODZĄCY;Inne
07.08.2025;07.08.2025;KAROLINA MONIKA SADA;;'55102039160000070202300325;'23124015321111001044176713;Escape roomOd: 48725371375 Do: 485*****789;75,00;PLN;'M042000190987558;PRZELEW BLIK PRZYCHODZĄCY;Inne
07.08.2025;07.08.2025;KRYSTIAN DĄBROWSKI;UL.ŁĄKOWA 10 47-450 ROSZKÓW;'09114020040000360256964644;'23124015321111001044176713;SZWEJK;70,00;PLN;'M042000191006717;PRZELEW BLIK PRZYCHODZĄCY;Inne
07.08.2025;07.08.2025;KAROLINA MONIKA SADA;;'55102039160000070202300325;'23124015321111001044176713;U szwejkaOd: 48725371375 Do: 485*****789;108,00;PLN;'M042000191006242;PRZELEW BLIK PRZYCHODZĄCY;Inne
07.08.2025;07.08.2025;SADA MILENA ANGELIKA;;'70105001451000009744880387;'23124015321111001044176713;Przelew na telefon +48xxxxxx789Za escape roomDla Kamil Koło RoweroweOd MILENA ANGELIKA SADA;75,00;PLN;'M042000190895390;PRZELEW BLIK PRZYCHODZĄCY;Sprzedaż
07.08.2025;07.08.2025;JMP S.A. BIEDRONKA 445 WARSZAWA;;'23124015321111001044176713;;*********3025639;-15,98;PLN;'C992521913361486;TRANSAKCJA KARTĄ PŁATNICZĄ;Artykuły spożywcze
07.08.2025;07.08.2025;LOCKME.PL              WROCLAW;;'23124015321111001044176713;;*********3025639;-300,00;PLN;'C992521912332159;TRANSAKCJA KARTĄ PŁATNICZĄ;Bez kategorii
07.08.2025;07.08.2025;JAKDOJADE.PL           POZNAN;;'23124015321111001044176713;;*********3025639;-20,00;PLN;'C992521917553623;TRANSAKCJA KARTĄ PŁATNICZĄ;Transport publiczny
07.08.2025;07.08.2025;ASSECO POLAND SA PŁACE;UL. OLCHOWA 14 35-322 RZESZÓW;'42124059181111000049090675;'23124015321111001044176713;WYNAGRODZENIE 7/2025 **202507U10**23119;9 188,68;PLN;'4910807981272046;PRZELEW;Wynagrodzenie
07.08.2025;07.08.2025;"RESTAURACJA "" U SZWEJK WARSZAWA";;'23124015321111001044176713;;*********3025639;-307,00;PLN;'C992521919627937;TRANSAKCJA KARTĄ PŁATNICZĄ;Restauracje i kawiarnie
07.08.2025;07.08.2025;ZABKA Z4410 K.1        WARSZAWA;;'23124015321111001044176713;;*********3025639;-8,50;PLN;'C992521911679130;TRANSAKCJA KARTĄ PŁATNICZĄ;Artykuły spożywcze
07.08.2025;07.08.2025;JMP S.A. BIEDRONKA 445 WARSZAWA;;'23124015321111001044176713;;*********3025639;-5,38;PLN;'C992521910639501;TRANSAKCJA KARTĄ PŁATNICZĄ;Artykuły spożywcze
06.08.2025;06.08.2025;JMP S.A. BIEDRONKA 445 WARSZAWA;;'23124015321111001044176713;;*********3025639;-13,74;PLN;'C992521818999800;TRANSAKCJA KARTĄ PŁATNICZĄ;Artykuły spożywcze
06.08.2025;06.08.2025;JMP S.A. BIEDRONKA 445 WARSZAWA;;'23124015321111001044176713;;*********3025639;-5,79;PLN;'C992521813198912;TRANSAKCJA KARTĄ PŁATNICZĄ;Artykuły spożywcze
06.08.2025;06.08.2025;IRENA STRAK SKLEP      WARSZAWA;;'23124015321111001044176713;;*********3025639;-33,00;PLN;'C992521813790187;TRANSAKCJA KARTĄ PŁATNICZĄ;Artykuły spożywcze
06.08.2025;06.08.2025;PAYPAL *PATRONITE      35314369001;;'23124015321111001044176713;;*********3025639;-7,00;PLN;'C992521813181928;TRANSAKCJA KARTĄ PŁATNICZĄ;Kino i teatr
06.08.2025;06.08.2025;LIDL KAROLKOWA         WARSZAWA;;'23124015321111001044176713;;*********3025639;-19,23;PLN;'C992521808632224;TRANSAKCJA KARTĄ PŁATNICZĄ;Artykuły spożywcze
05.08.2025;05.08.2025;LIDL KAROLKOWA         WARSZAWA;;'23124015321111001044176713;;*********3025639;-9,08;PLN;'C992521718877683;TRANSAKCJA KARTĄ PŁATNICZĄ;Artykuły spożywcze
05.08.2025;05.08.2025;PAYMENTO FINANCIAL S.A.;;'23124015321111001044176713;'85124011701111001099249518;/OPT/X///// E521700044022 imoje mystictravel.com.pl Velo Baltica Trzesacz Kolobrzeg Jaroslawiec-1278;-1 068,00;PLN;'0142585628101948;PRZELEW WEWNĘTRZNY - DOSTAWCA;Bez kategorii
04.08.2025;04.08.2025;LIDL KAROLKOWA         WARSZAWA;;'23124015321111001044176713;;*********3025639;-51,20;PLN;'C992521618306575;TRANSAKCJA KARTĄ PŁATNICZĄ;Artykuły spożywcze
04.08.2025;04.08.2025;JMP S.A. BIEDRONKA 445 WARSZAWA;;'23124015321111001044176713;;*********3025639;-5,99;PLN;'C992521614754851;TRANSAKCJA KARTĄ PŁATNICZĄ;Artykuły spożywcze
04.08.2025;04.08.2025;BISTRO GRZYBOWSKA      WARSZAWA;;'23124015321111001044176713;;*********3025639;-28,00;PLN;'C992521614141395;TRANSAKCJA KARTĄ PŁATNICZĄ;Restauracje i kawiarnie
04.08.2025;03.08.2025;CARREFOUR EXPRESS H59  WARSZAWA;;'23124015321111001044176713;;*********3025639;-6,99;PLN;'C992521521452149;TRANSAKCJA KARTĄ PŁATNICZĄ;Artykuły spożywcze
04.08.2025;03.08.2025;MIESNY DELI            WARSZAWA;;'23124015321111001044176713;;*********3025639;-19,00;PLN;'C992521520833408;TRANSAKCJA KARTĄ PŁATNICZĄ;Restauracje i kawiarnie
04.08.2025;03.08.2025;RUBEN                  WARSZAWA;;'23124015321111001044176713;;*********3025639;-39,00;PLN;'C992521519428695;TRANSAKCJA KARTĄ PŁATNICZĄ;Restauracje i kawiarnie
02.08.2025;02.08.2025;FINELF.COM SP. Z O.O.  SOPOT;;'23124015321111001044176713;;*********3025639;-2,00;PLN;'C992521416410740;TRANSAKCJA KARTĄ PŁATNICZĄ;Multimedia
02.08.2025;02.08.2025;JMP S.A. BIEDRONKA 445 WARSZAWA;;'23124015321111001044176713;;*********3025639;-11,98;PLN;'C992521414317435;TRANSAKCJA KARTĄ PŁATNICZĄ;Artykuły spożywcze
02.08.2025;02.08.2025;IRENA STRAK SKLEP      WARSZAWA;;'23124015321111001044176713;;*********3025639;-50,50;PLN;'C992521409703390;TRANSAKCJA KARTĄ PŁATNICZĄ;Artykuły spożywcze
02.08.2025;01.08.2025;LIDL KAROLKOWA         WARSZAWA;;'23124015321111001044176713;;*********3025639;-54,33;PLN;'C992521320964322;TRANSAKCJA KARTĄ PŁATNICZĄ;Artykuły spożywcze
31.07.2025;31.07.2025;;;;'23124015321111001044176713;ODSETKI OD DEPOZYTU;0,02;PLN;'014257V98C000998;ODSETKI OD DEPOZYTU;Odsetki, zwrot z inwestycji
31.07.2025;31.07.2025;;;'23124015321111001044176713;;PODATEK POBRANY;-0,01;PLN;'014257V98C000997;PODATEK POBRANY;Podatki
31.07.2025;31.07.2025;AUCHAN POLSKA SP. Z  0 WARSZAWA;;'23124015321111001044176713;;*********3025639;-42,49;PLN;'C992521218908461;TRANSAKCJA KARTĄ PŁATNICZĄ;Artykuły spożywcze
31.07.2025;31.07.2025;NINA LIPONOGA;;'23124015321111001044176713;'23116022020000000081891379;Przelew na telefon 48693***870. Prezent dla Łukasza;-18,00;PLN;'M042101150172503;PRZELEW BLIK WYCHODZĄCY;Internet, TV, telefon
31.07.2025;31.07.2025;MACHOP SP. Z O.O.      WARSZAWA;;'23124015321111001044176713;;*********3025639;-39,50;PLN;'C992521212646741;TRANSAKCJA KARTĄ PŁATNICZĄ;Restauracje i kawiarnie
31.07.2025;31.07.2025;AUTOMATSPEC SPZOO      LISZKI;;'23124015321111001044176713;;*********3025639;-4,00;PLN;'C992521210567568;TRANSAKCJA KARTĄ PŁATNICZĄ;Restauracje i kawiarnie
31.07.2025;31.07.2025;JMP S.A. BIEDRONKA 445 WARSZAWA;;'23124015321111001044176713;;*********3025639;-19,97;PLN;'C992521208907942;TRANSAKCJA KARTĄ PŁATNICZĄ;Artykuły spożywcze
30.07.2025;30.07.2025;IRENA STRAK SKLEP      WARSZAWA;;'23124015321111001044176713;;*********3025639;-43,10;PLN;'C992521113136158;TRANSAKCJA KARTĄ PŁATNICZĄ;Artykuły spożywcze
30.07.2025;30.07.2025;JMP S.A. BIEDRONKA 445 WARSZAWA;;'23124015321111001044176713;;*********3025639;-26,04;PLN;'C992521110432576;TRANSAKCJA KARTĄ PŁATNICZĄ;Artykuły spożywcze
30.07.2025;29.07.2025;ZABKA Z4370 K.1        WARSZAWA;;'23124015321111001044176713;;*********3025639;-5,50;PLN;'C992521022903337;TRANSAKCJA KARTĄ PŁATNICZĄ;Artykuły spożywcze
30.07.2025;29.07.2025;KAROLINA SADA;;'23124015321111001044176713;'55102039160000070202300325;Przelew na telefon 48725***375. U sióstr;-77,00;PLN;'M042101148908656;PRZELEW BLIK WYCHODZĄCY;Internet, TV, telefon
29.07.2025;29.07.2025;AUTOMATSPEC SPZOO      LISZKI;;'23124015321111001044176713;;*********3025639;-4,00;PLN;'C992521016724949;TRANSAKCJA KARTĄ PŁATNICZĄ;Restauracje i kawiarnie
29.07.2025;29.07.2025;GORACO POLECAM         WARSZAWA;;'23124015321111001044176713;;*********3025639;-2,55;PLN;'C992521009846577;TRANSAKCJA KARTĄ PŁATNICZĄ;Artykuły spożywcze
29.07.2025;28.07.2025;LIDL KAROLKOWA         WARSZAWA;;'23124015321111001044176713;;*********3025639;-23,83;PLN;'C992520920348098;TRANSAKCJA KARTĄ PŁATNICZĄ;Artykuły spożywcze
28.07.2025;28.07.2025;JMP S.A. BIEDRONKA 445 WARSZAWA;;'23124015321111001044176713;;*********3025639;-6,49;PLN;'C992520914532139;TRANSAKCJA KARTĄ PŁATNICZĄ;Artykuły spożywcze
28.07.2025;28.07.2025;BISTRO GRZYBOWSKA      WARSZAWA;;'23124015321111001044176713;;*********3025639;-24,00;PLN;'C992520914523414;TRANSAKCJA KARTĄ PŁATNICZĄ;Restauracje i kawiarnie
28.07.2025;28.07.2025;JMP S.A. BIEDRONKA 445 WARSZAWA;;'23124015321111001044176713;;*********3025639;-2,38;PLN;'C992520909346618;TRANSAKCJA KARTĄ PŁATNICZĄ;Artykuły spożywcze
28.07.2025;27.07.2025;ZABKA Z8085 K.2        WARSZAWA;;'23124015321111001044176713;;*********3025639;-3,50;PLN;'C992520820225908;TRANSAKCJA KARTĄ PŁATNICZĄ;Artykuły spożywcze
28.07.2025;26.07.2025;JMP S.A. BIEDRONKA 445 WARSZAWA;;'23124015321111001044176713;;*********3025639;-18,57;PLN;'C992520720955610;TRANSAKCJA KARTĄ PŁATNICZĄ;Artykuły spożywcze
26.07.2025;26.07.2025;BERLIN DONER KEBAP     WARSZAWA;;'23124015321111001044176713;;*********3025639;-36,90;PLN;'C992520717850840;TRANSAKCJA KARTĄ PŁATNICZĄ;Restauracje i kawiarnie
26.07.2025;26.07.2025;AUCHAN POLSKA SP. Z  0 WARSZAWA;;'23124015321111001044176713;;*********3025639;-191,15;PLN;'C992520717452424;TRANSAKCJA KARTĄ PŁATNICZĄ;Artykuły spożywcze
26.07.2025;26.07.2025;GOOD LOOD              KRAKOW;;'23124015321111001044176713;;*********3025639;-8,00;PLN;'C992520712283941;TRANSAKCJA KARTĄ PŁATNICZĄ;Restauracje i kawiarnie
26.07.2025;26.07.2025;JULIA BUDZIŃSKA;;'23124015321111001044176713;'15105015591000009267210426;Przelew na telefon 48602***840. Przelew na telefon;-30,00;PLN;'M042101146543167;PRZELEW BLIK WYCHODZĄCY;Internet, TV, telefon
25.07.2025;25.07.2025;IRENA STRAK SKLEP      WARSZAWA;;'23124015321111001044176713;;*********3025639;-47,00;PLN;'C992520611004912;TRANSAKCJA KARTĄ PŁATNICZĄ;Artykuły spożywcze
24.07.2025;24.07.2025;LIDL KAROLKOWA         WARSZAWA;;'23124015321111001044176713;;*********3025639;-63,21;PLN;'C992520509958181;TRANSAKCJA KARTĄ PŁATNICZĄ;Artykuły spożywcze
24.07.2025;24.07.2025;JMP S.A. BIEDRONKA 445 WARSZAWA;;'23124015321111001044176713;;*********3025639;-24,98;PLN;'C992520519766540;TRANSAKCJA KARTĄ PŁATNICZĄ;Artykuły spożywcze
23.07.2025;23.07.2025;SPRZEDAZ OWOCOW I WARZ WARSZAWA;;'23124015321111001044176713;;*********3025639;-6,00;PLN;'C992520412537795;TRANSAKCJA KARTĄ PŁATNICZĄ;Artykuły spożywcze
23.07.2025;22.07.2025;LIDL KAROLKOWA         WARSZAWA;;'23124015321111001044176713;;*********3025639;-13,78;PLN;'C992520322341053;TRANSAKCJA KARTĄ PŁATNICZĄ;Artykuły spożywcze
23.07.2025;23.07.2025;IRENA STRAK SKLEP      WARSZAWA;;'23124015321111001044176713;;*********3025639;-45,40;PLN;'C992520412535850;TRANSAKCJA KARTĄ PŁATNICZĄ;Artykuły spożywcze
22.07.2025;22.07.2025;BLUSZCZ PRZEMYSŁAW;;'42116022020000000284906314;'23124015321111001044176713;Pizza;20,00;PLN;'M042000187837302;PRZELEW BLIK PRZYCHODZĄCY;Inne
22.07.2025;22.07.2025;DOMINOSPIZZA.PL        WARSZAWA;;'23124015321111001044176713;;*********3025639;-9,96;PLN;'C992520312405188;TRANSAKCJA KARTĄ PŁATNICZĄ;Restauracje i kawiarnie
22.07.2025;22.07.2025;JAKUB MACIEJ WRÓBEL;;'87102033520000170200784652;'23124015321111001044176713;pizzaOd: 48790768858 Do: 485*****789;20,00;PLN;'M042000187841103;PRZELEW BLIK PRZYCHODZĄCY;Inne
22.07.2025;21.07.2025;JMP S.A. BIEDRONKA 445 WARSZAWA;;'23124015321111001044176713;;*********3025639;-21,99;PLN;'C992520221175175;TRANSAKCJA KARTĄ PŁATNICZĄ;Artykuły spożywcze
22.07.2025;22.07.2025;JMP S.A. BIEDRONKA 445 WARSZAWA;;'23124015321111001044176713;;*********3025639;-7,37;PLN;'C992520308865382;TRANSAKCJA KARTĄ PŁATNICZĄ;Artykuły spożywcze
22.07.2025;22.07.2025;MACIEJ MIERZWIŃSKI;UL.ARTURA MALAWSKIEGO 5 M.101 02-64 1 WARSZAWA;'98114020040000310274731844;'23124015321111001044176713;PRZELEW ŚRODKÓW;20,00;PLN;'M042000187837236;PRZELEW BLIK PRZYCHODZĄCY;Inne
22.07.2025;22.07.2025;JMP S.A. BIEDRONKA 445 WARSZAWA;;'23124015321111001044176713;;*********3025639;-8,68;PLN;'C992520320299496;TRANSAKCJA KARTĄ PŁATNICZĄ;Artykuły spożywcze
22.07.2025;22.07.2025;DOMINOSPIZZA.PL        WARSZAWA;;'23124015321111001044176713;;*********3025639;-68,96;PLN;'C992520312400013;TRANSAKCJA KARTĄ PŁATNICZĄ;Restauracje i kawiarnie
21.07.2025;21.07.2025;LIDL KAROLKOWA         WARSZAWA;;'23124015321111001044176713;;*********3025639;-91,05;PLN;'C992520215590121;TRANSAKCJA KARTĄ PŁATNICZĄ;Artykuły spożywcze
21.07.2025;21.07.2025;KUCHNIA WIETNAMSK83619 WARSZAWA;;'23124015321111001044176713;;*********3025639;-29,00;PLN;'C992520215963325;TRANSAKCJA KARTĄ PŁATNICZĄ;Restauracje i kawiarnie
21.07.2025;21.07.2025;JMP S.A. BIEDRONKA 445 WARSZAWA;;'23124015321111001044176713;;*********3025639;-6,75;PLN;'C992520208305987;TRANSAKCJA KARTĄ PŁATNICZĄ;Artykuły spożywcze
19.07.2025;19.07.2025;AGROTRANS ROMAN PACKA  WARSZAWA;;'23124015321111001044176713;;*********3025639;-7,00;PLN;'C992520010892480;TRANSAKCJA KARTĄ PŁATNICZĄ;Bez kategorii
19.07.2025;19.07.2025;IRENA STRAK SKLEP      WARSZAWA;;'23124015321111001044176713;;*********3025639;-48,30;PLN;'C992520010885988;TRANSAKCJA KARTĄ PŁATNICZĄ;Artykuły spożywcze
18.07.2025;18.07.2025;TUBEROZA               WARSZAWA;;'23124015321111001044176713;;*********3025639;-60,00;PLN;'C992519919306753;TRANSAKCJA KARTĄ PŁATNICZĄ;Zakupy przez internet
18.07.2025;18.07.2025;JMP S.A. BIEDRONKA 445 WARSZAWA;;'23124015321111001044176713;;*********3025639;-12,48;PLN;'C992519908225439;TRANSAKCJA KARTĄ PŁATNICZĄ;Artykuły spożywcze
18.07.2025;18.07.2025;MPSA A 379             WARSZAWA;;'23124015321111001044176713;;*********3025639;-4,40;PLN;'C992519918288139;TRANSAKCJA KARTĄ PŁATNICZĄ;Transport publiczny
18.07.2025;18.07.2025;ZABKA Z8085 K.1        WARSZAWA;;'23124015321111001044176713;;*********3025639;-20,48;PLN;'C992519916560637;TRANSAKCJA KARTĄ PŁATNICZĄ;Artykuły spożywcze
18.07.2025;18.07.2025;JMP S.A. BIEDRONKA 445 WARSZAWA;;'23124015321111001044176713;;*********3025639;-14,47;PLN;'C992519918643410;TRANSAKCJA KARTĄ PŁATNICZĄ;Artykuły spożywcze
17.07.2025;17.07.2025;JMP S.A. BIEDRONKA 445 WARSZAWA;;'23124015321111001044176713;;*********3025639;-4,99;PLN;'C992519818057126;TRANSAKCJA KARTĄ PŁATNICZĄ;Artykuły spożywcze
17.07.2025;17.07.2025;SPICY KEBAB AND GRILL  WARSZAWA;;'23124015321111001044176713;;*********3025639;-38,49;PLN;'C992519817997307;TRANSAKCJA KARTĄ PŁATNICZĄ;Restauracje i kawiarnie
17.07.2025;17.07.2025;JMP S.A. BIEDRONKA 445 WARSZAWA;;'23124015321111001044176713;;*********3025639;-17,98;PLN;'C992519811746640;TRANSAKCJA KARTĄ PŁATNICZĄ;Artykuły spożywcze
16.07.2025;16.07.2025;AUCHAN POLSKA SP. Z  0 WARSZAWA;;'23124015321111001044176713;;*********3025639;-83,00;PLN;'C992519719516014;TRANSAKCJA KARTĄ PŁATNICZĄ;Artykuły spożywcze
16.07.2025;16.07.2025;BISTRO GRZYBOWSKA      WARSZAWA;;'23124015321111001044176713;;*********3025639;-30,81;PLN;'C992519712249496;TRANSAKCJA KARTĄ PŁATNICZĄ;Restauracje i kawiarnie
15.07.2025;15.07.2025;TUNG ANH               WARSZAWA;;'23124015321111001044176713;;*********3025639;-34,00;PLN;'C992519614395241;TRANSAKCJA KARTĄ PŁATNICZĄ;Restauracje i kawiarnie
15.07.2025;15.07.2025;;;'23124015321111001044176713;'92124020921362991111000000;Opłata za obsługę kartyMasterCard Debit*43025639 za miesiąc 07.2025;-1,00;PLN;'M0150PGG00132393;PROWIZJE AUT.;Opłaty bankowe
14.07.2025;14.07.2025;LIDL KAROLKOWA         WARSZAWA;;'23124015321111001044176713;;*********3025639;-56,99;PLN;'C992519518336274;TRANSAKCJA KARTĄ PŁATNICZĄ;Artykuły spożywcze
14.07.2025;14.07.2025;JMP S.A. BIEDRONKA 445 WARSZAWA;;'23124015321111001044176713;;*********3025639;-7,52;PLN;'C992519510650141;TRANSAKCJA KARTĄ PŁATNICZĄ;Artykuły spożywcze
14.07.2025;14.07.2025;MONIKA ADAMOWICZ;;'23124015321111001044176713;'21191010482205037537810001;Przelew na telefon 48692***540. Prezent Kamil Bien;-15,00;PLN;'M042101137291662;PRZELEW BLIK WYCHODZĄCY;Internet, TV, telefon
14.07.2025;13.07.2025;GOOD LOOD              KRAKOW;;'23124015321111001044176713;;*********3025639;-8,00;PLN;'C992519418454532;TRANSAKCJA KARTĄ PŁATNICZĄ;Restauracje i kawiarnie
14.07.2025;12.07.2025;CASHBILL ECOMM;POLSKIEPREMIUM. SOBIESKIEGO 2,KATOWICE;'23124015321111001044176713;;BLIK REF       89442227413;-26,59;PLN;'C992519321216078;PŁATNOŚĆ BLIK;Zakupy przez internet
12.07.2025;12.07.2025;AUCHAN POLSKA SP. Z  0 WARSZAWA;;'23124015321111001044176713;;*********3025639;-54,35;PLN;'C992519319514608;TRANSAKCJA KARTĄ PŁATNICZĄ;Artykuły spożywcze
12.07.2025;12.07.2025;LIDL KAROLKOWA         WARSZAWA;;'23124015321111001044176713;;*********3025639;-46,85;PLN;'C992519317444302;TRANSAKCJA KARTĄ PŁATNICZĄ;Artykuły spożywcze
12.07.2025;11.07.2025;JMP S.A. BIEDRONKA 445 WARSZAWA;;'23124015321111001044176713;;*********3025639;-5,28;PLN;'C992519221618899;TRANSAKCJA KARTĄ PŁATNICZĄ;Artykuły spożywcze
11.07.2025;11.07.2025;IRENA STRAK SKLEP      WARSZAWA;;'23124015321111001044176713;;*********3025639;-27,00;PLN;'C992519213296032;TRANSAKCJA KARTĄ PŁATNICZĄ;Artykuły spożywcze
11.07.2025;11.07.2025;UL. JANA PAWLA         R4950449;R4950449 R4950449 UL. JANA PAWLA II 29   ,WARSZAWA;'23124015321111001044176713;;BLIK REF       89416246583;-50,00;PLN;'C992519213666078;WYPŁATA BLIK;Bez kategorii
11.07.2025;11.07.2025;JMP S.A. BIEDRONKA 445 WARSZAWA;;'23124015321111001044176713;;*********3025639;-11,28;PLN;'C992519211198816;TRANSAKCJA KARTĄ PŁATNICZĄ;Artykuły spożywcze
11.07.2025;11.07.2025;KAFETERIA.MYBENEFIT.PL WARSZAWA;;'23124015321111001044176713;;*********3025639;-139,00;PLN;'C992519209125458;TRANSAKCJA KARTĄ PŁATNICZĄ;Sport
10.07.2025;10.07.2025;ASSECO POLAND SA PŁACE;UL. OLCHOWA 14 35-322 RZESZÓW;'42124059181111000049090675;'23124015321111001044176713;WYNAGRODZENIE ZA PRACE W NOCY I NADGODZINY **202507N1** 23119;317,11;PLN;'4910710986832545;PRZELEW;Wynagrodzenie
10.07.2025;10.07.2025;BOGDAN SOBIERAJ;UL KOŁŁĄTAJA 3/23 18-403    ŁOMŻA               PL;'92124015321111001070940584;'23124015321111001044176713;zasilenie konta;500,00;PLN;'014257A601308506;PRZELEW;Inne
10.07.2025;10.07.2025;IKE BOSSA;;'23124015321111001044176713;'83154011578129000000814183;IKE 814183;-1 000,00;PLN;'014257AA71008493;ZLECENIE STAŁE;Bez kategorii
10.07.2025;10.07.2025;PIEKARNIA ORMIANSKA ZE WARSZAWA;;'23124015321111001044176713;;*********3025639;-25,00;PLN;'C992519117235125;TRANSAKCJA KARTĄ PŁATNICZĄ;Artykuły spożywcze
10.07.2025;10.07.2025;JMP S.A. BIEDRONKA 445 WARSZAWA;;'23124015321111001044176713;;*********3025639;-31,45;PLN;'C992519112639026;TRANSAKCJA KARTĄ PŁATNICZĄ;Artykuły spożywcze
10.07.2025;10.07.2025;PASAZ HANDLOWY HALA MI WARSZAWA;;'23124015321111001044176713;;*********3025639;-18,00;PLN;'C992519114700864;TRANSAKCJA KARTĄ PŁATNICZĄ;Artykuły spożywcze
09.07.2025;09.07.2025;KACPER BANASIK;;'23124015321111001044176713;'69124060031111001048178711;Splitwase Lipiec 2025;-1 902,10;PLN;'0142579624400672;REALIZACJA PŁATNOŚCI PEOPAY;Podróże
09.07.2025;09.07.2025;ZABKA Z8085 K.2        WARSZAWA;;'23124015321111001044176713;;*********3025639;-11,00;PLN;'C992519017271517;TRANSAKCJA KARTĄ PŁATNICZĄ;Artykuły spożywcze
09.07.2025;09.07.2025;XTB S.A.;XTB.COM PROSTA 67,WARSAW;'23124015321111001044176713;;BLIK REF       89371944556;-3 500,00;PLN;'C992519016596954;PŁATNOŚĆ BLIK;Bez kategorii
09.07.2025;09.07.2025;ZABKA Z4410 K.2        WARSZAWA;;'23124015321111001044176713;;*********3025639;-13,98;PLN;'C992519015179813;TRANSAKCJA KARTĄ PŁATNICZĄ;Artykuły spożywcze
09.07.2025;09.07.2025;BLISSCOMPANY           WARSZAWA;;'23124015321111001044176713;;*********3025639;-33,00;PLN;'C992519014113395;TRANSAKCJA KARTĄ PŁATNICZĄ;Myjnia, przeglądy i naprawy
09.07.2025;09.07.2025;ASSECO POLAND SA PŁACE;UL. OLCHOWA 14 35-322 RZESZÓW;'42124059181111000049090675;'23124015321111001044176713;WYNAGRODZENIE 6/2025 **202506U7** 23119;9 274,92;PLN;'4910709987591828;PRZELEW;Wynagrodzenie
09.07.2025;08.07.2025;LIDL KAROLKOWA         WARSZAWA;;'23124015321111001044176713;;*********3025639;-44,66;PLN;'C992518921834790;TRANSAKCJA KARTĄ PŁATNICZĄ;Artykuły spożywcze
08.07.2025;08.07.2025;SDH HALA MIROWSKA      WARSZAWA;;'23124015321111001044176713;;*********3025639;-4,69;PLN;'C992518917086552;TRANSAKCJA KARTĄ PŁATNICZĄ;Inne
08.07.2025;08.07.2025;JMP S.A. BIEDRONKA 445 WARSZAWA;;'23124015321111001044176713;;*********3025639;-13,76;PLN;'C992518911878404;TRANSAKCJA KARTĄ PŁATNICZĄ;Artykuły spożywcze
08.07.2025;07.07.2025;ZABKA Z4410 K.2        WARSZAWA;;'23124015321111001044176713;;*********3025639;-11,50;PLN;'C992518821682256;TRANSAKCJA KARTĄ PŁATNICZĄ;Artykuły spożywcze
07.07.2025;07.07.2025;GOOD LOOD              KRAKOW;;'23124015321111001044176713;;*********3025639;-8,00;PLN;'C992518815462902;TRANSAKCJA KARTĄ PŁATNICZĄ;Restauracje i kawiarnie
07.07.2025;07.07.2025;POLLYPIZZA SP Z O.O.   WARSZAWA;;'23124015321111001044176713;;*********3025639;-41,00;PLN;'C992518814031858;TRANSAKCJA KARTĄ PŁATNICZĄ;Restauracje i kawiarnie
07.07.2025;06.07.2025;PAYPAL *PATRONITE      35314369001;;'23124015321111001044176713;;*********3025639;-7,00;PLN;'C992518713565231;TRANSAKCJA KARTĄ PŁATNICZĄ;Kino i teatr
07.07.2025;05.07.2025;AUCHAN POLSKA SP. Z  0 WARSZAWA;;'23124015321111001044176713;;*********3025639;-48,53;PLN;'C992518621447712;TRANSAKCJA KARTĄ PŁATNICZĄ;Artykuły spożywcze
05.07.2025;05.07.2025;JMP S.A. BIEDRONKA 445 WARSZAWA;;'23124015321111001044176713;;*********3025639;-9,68;PLN;'C992518612097645;TRANSAKCJA KARTĄ PŁATNICZĄ;Artykuły spożywcze
05.07.2025;04.07.2025;JMP S.A. BIEDRONKA 631 WARSZAWA;;'23124015321111001044176713;;*********3025639;-14,24;PLN;'C992518520836747;TRANSAKCJA KARTĄ PŁATNICZĄ;Artykuły spożywcze
04.07.2025;04.07.2025;ZABKA Z4410 K.1        WARSZAWA;;'23124015321111001044176713;;*********3025639;-11,98;PLN;'C992518510414684;TRANSAKCJA KARTĄ PŁATNICZĄ;Artykuły spożywcze
04.07.2025;04.07.2025;ZABKA Z4410 K.2        WARSZAWA;;'23124015321111001044176713;;*********3025639;-19,39;PLN;'C992518516688539;TRANSAKCJA KARTĄ PŁATNICZĄ;Artykuły spożywcze
04.07.2025;03.07.2025;LIDL KAROLKOWA         WARSZAWA;;'23124015321111001044176713;;*********3025639;-133,36;PLN;'C992518421649648;TRANSAKCJA KARTĄ PŁATNICZĄ;Artykuły spożywcze
03.07.2025;03.07.2025;JMP S.A. BIEDRONKA 445 WARSZAWA;;'23124015321111001044176713;;*********3025639;-8,83;PLN;'C992518415429676;TRANSAKCJA KARTĄ PŁATNICZĄ;Artykuły spożywcze
02.07.2025;02.07.2025;JMP S.A. BIEDRONKA 445 WARSZAWA;;'23124015321111001044176713;;*********3025639;-13,77;PLN;'C992518310670816;TRANSAKCJA KARTĄ PŁATNICZĄ;Artykuły spożywcze
02.07.2025;02.07.2025;STOLICA LODOW          WARSZAWA;;'23124015321111001044176713;;*********3025639;-8,20;PLN;'C992518313776048;TRANSAKCJA KARTĄ PŁATNICZĄ;Artykuły spożywcze
02.07.2025;02.07.2025;IRENA STRAK SKLEP      WARSZAWA;;'23124015321111001044176713;;*********3025639;-49,30;PLN;'C992518314836851;TRANSAKCJA KARTĄ PŁATNICZĄ;Artykuły spożywcze
02.07.2025;02.07.2025;ZABKA Z4410 K.2        WARSZAWA;;'23124015321111001044176713;;*********3025639;-4,70;PLN;'C992518314415019;TRANSAKCJA KARTĄ PŁATNICZĄ;Artykuły spożywcze
02.07.2025;02.07.2025;JMP S.A. BIEDRONKA 445 WARSZAWA;;'23124015321111001044176713;;*********3025639;-15,10;PLN;'C992518319023180;TRANSAKCJA KARTĄ PŁATNICZĄ;Artykuły spożywcze
01.07.2025;01.07.2025;CARREFOUR HIPERMARKET  WARSZAWA;;'23124015321111001044176713;;*********3025639;-5,10;PLN;'C992518213205183;TRANSAKCJA KARTĄ PŁATNICZĄ;Artykuły spożywcze
01.07.2025;01.07.2025;CARREFOUR HIPERMARKET  WARSZAWA;;'23124015321111001044176713;;*********3025639;-62,69;PLN;'C992518215870526;TRANSAKCJA KARTĄ PŁATNICZĄ;Artykuły spożywcze
01.07.2025;01.07.2025;EOBUWIE 3767 WARSZAWA  WARSZAWA;;'23124015321111001044176713;;*********3025639;-389,98;PLN;'C992518214837161;TRANSAKCJA KARTĄ PŁATNICZĄ;Obuwie
30.06.2025;30.06.2025;AUCHAN POLSKA SP. Z  0 WARSZAWA;;'23124015321111001044176713;;*********3025639;-9,98;PLN;'C992518116751930;TRANSAKCJA KARTĄ PŁATNICZĄ;Artykuły spożywcze
30.06.2025;29.06.2025;ALLEGRO                POZNAN;;'23124015321111001044176713;;*********3025639;-59,90;PLN;'C992518019922177;TRANSAKCJA KARTĄ PŁATNICZĄ;Zakupy przez internet
30.06.2025;30.06.2025;DOENJI KOREAN FOOD     WARSZAWA;;'23124015321111001044176713;;*********3025639;-39,25;PLN;'C992518117789705;TRANSAKCJA KARTĄ PŁATNICZĄ;Restauracje i kawiarnie
30.06.2025;30.06.2025;;;;'23124015321111001044176713;ODSETKI OD DEPOZYTU;0,02;PLN;'014256U98C000961;ODSETKI OD DEPOZYTU;Odsetki, zwrot z inwestycji
30.06.2025;30.06.2025;GOOD LOOD              KRAKOW;;'23124015321111001044176713;;*********3025639;-8,00;PLN;'C992518117411425;TRANSAKCJA KARTĄ PŁATNICZĄ;Restauracje i kawiarnie
30.06.2025;30.06.2025;;;'23124015321111001044176713;;PODATEK POBRANY;-0,01;PLN;'014256U98C000960;PODATEK POBRANY;Podatki
30.06.2025;29.06.2025;ZABKA Z8085 K.2        WARSZAWA;;'23124015321111001044176713;;*********3025639;-14,98;PLN;'C992518018910833;TRANSAKCJA KARTĄ PŁATNICZĄ;Artykuły spożywcze
30.06.2025;29.06.2025;BUDZIŃSKA JULIA;;'15105015591000009267210426;'23124015321111001044176713;Przelew na telefon +48xxxxxx789Przelew na telefonDla Kamil SobierajOd JULIA BUDZIŃSKA;280,00;PLN;'M042000183188934;PRZELEW BLIK PRZYCHODZĄCY;Sprzedaż
30.06.2025;29.06.2025;FINELF.COM SP. Z O.O.  SOPOT;;'23124015321111001044176713;;*********3025639;-2,00;PLN;'C992518016854463;TRANSAKCJA KARTĄ PŁATNICZĄ;Multimedia
30.06.2025;29.06.2025;ZABKA Z4410 K.1        WARSZAWA;;'23124015321111001044176713;;*********3025639;-13,98;PLN;'C992518015812896;TRANSAKCJA KARTĄ PŁATNICZĄ;Artykuły spożywcze
28.06.2025;28.06.2025;JMP S.A. BIEDRONKA 445 WARSZAWA;;'23124015321111001044176713;;*********3025639;-14,10;PLN;'C992517918919714;TRANSAKCJA KARTĄ PŁATNICZĄ;Artykuły spożywcze
28.06.2025;28.06.2025;ZABKA Z4410 K.1        WARSZAWA;;'23124015321111001044176713;;*********3025639;-9,00;PLN;'C992517917880529;TRANSAKCJA KARTĄ PŁATNICZĄ;Artykuły spożywcze
28.06.2025;28.06.2025;GOOD LOOD              KRAKOW;;'23124015321111001044176713;;*********3025639;-8,00;PLN;'C992517915834098;TRANSAKCJA KARTĄ PŁATNICZĄ;Restauracje i kawiarnie
28.06.2025;28.06.2025;ZORTEX SP. Z O.O       WARSZAWA;;'23124015321111001044176713;;*********3025639;-32,00;PLN;'C992517915401115;TRANSAKCJA KARTĄ PŁATNICZĄ;Restauracje i kawiarnie
28.06.2025;28.06.2025;GORACO POLECAM         WARSZAWA;;'23124015321111001044176713;;*********3025639;-14,95;PLN;'C992517913766706;TRANSAKCJA KARTĄ PŁATNICZĄ;Artykuły spożywcze
28.06.2025;28.06.2025;CARREFOUR PLA546       WARSZAWA;;'23124015321111001044176713;;*********3025639;-5,57;PLN;'C992517913763676;TRANSAKCJA KARTĄ PŁATNICZĄ;Artykuły spożywcze
28.06.2025;28.06.2025;JMP S.A. BIEDRONKA 445 WARSZAWA;;'23124015321111001044176713;;*********3025639;-2,50;PLN;'C992517909157367;TRANSAKCJA KARTĄ PŁATNICZĄ;Artykuły spożywcze
27.06.2025;27.06.2025;LIDL KAROLKOWA         WARSZAWA;;'23124015321111001044176713;;*********3025639;-82,02;PLN;'C992517817914204;TRANSAKCJA KARTĄ PŁATNICZĄ;Artykuły spożywcze
27.06.2025;27.06.2025;JMP S.A. BIEDRONKA 445 WARSZAWA;;'23124015321111001044176713;;*********3025639;-9,36;PLN;'C992517809937700;TRANSAKCJA KARTĄ PŁATNICZĄ;Artykuły spożywcze
27.06.2025;27.06.2025;BISTRO GRZYBOWSKA      WARSZAWA;;'23124015321111001044176713;;*********3025639;-31,81;PLN;'C992517813146363;TRANSAKCJA KARTĄ PŁATNICZĄ;Restauracje i kawiarnie
26.06.2025;25.06.2025;JMP S.A. BIEDRONKA 445 WARSZAWA;;'23124015321111001044176713;;*********3025639;-13,97;PLN;'C992517620832563;TRANSAKCJA KARTĄ PŁATNICZĄ;Artykuły spożywcze
26.06.2025;26.06.2025;JAROSŁAW JAKUB MILLER;RYNEK 65 26-025    ŁAGÓW               PL;'75124060031111001047891677;'23124015321111001044176713;Przelew na telefon 48502***789. Splitwise;63,45;PLN;'503256Q627108346;PRZELEW;Sprzedaż
26.06.2025;26.06.2025;JMP S.A. BIEDRONKA 445 WARSZAWA;;'23124015321111001044176713;;*********3025639;-9,37;PLN;'C992517709971356;TRANSAKCJA KARTĄ PŁATNICZĄ;Artykuły spożywcze
26.06.2025;26.06.2025;MAŁGORZATA UŁASIUK TRENER OSOBISTY;UL.ŁUCKA 20 M.62 00-845 WARSZAWA;'25114020040000310281874201;'23124015321111001044176713;SPLITWIESE;129,38;PLN;'M042000182464838;PRZELEW BLIK PRZYCHODZĄCY;Inne
26.06.2025;26.06.2025;MISS KIMCHI 01         WARSZAWA;;'23124015321111001044176713;;*********3025639;-47,00;PLN;'C992517717708928;TRANSAKCJA KARTĄ PŁATNICZĄ;Restauracje i kawiarnie
25.06.2025;25.06.2025;JMP S.A. BIEDRONKA 445 WARSZAWA;;'23124015321111001044176713;;*********3025639;-4,49;PLN;'C992517614600247;TRANSAKCJA KARTĄ PŁATNICZĄ;Artykuły spożywcze
25.06.2025;24.06.2025;ALIEXPRESS             LUXEMBOURG;;'23124015321111001044176713;;;-9,84;PLN;'C992517522309705;TRANSAKCJA KARTĄ PŁATNICZĄ;Bez kategorii
25.06.2025;25.06.2025;BISTRO GRZYBOWSKA      WARSZAWA;;'23124015321111001044176713;;*********3025639;-25,00;PLN;'C992517614593051;TRANSAKCJA KARTĄ PŁATNICZĄ;Restauracje i kawiarnie
24.06.2025;24.06.2025;SPOLEM WOLA SKLEP NR 3 WARSZAWA;;'23124015321111001044176713;;*********3025639;-8,28;PLN;'C992517508229328;TRANSAKCJA KARTĄ PŁATNICZĄ;Artykuły spożywcze
24.06.2025;24.06.2025;AUTOMATSPEC SPZOO      LISZKI;;'23124015321111001044176713;;*********3025639;-4,00;PLN;'C992517513016577;TRANSAKCJA KARTĄ PŁATNICZĄ;Restauracje i kawiarnie
23.06.2025;23.06.2025;ADRIA GELATO           WARSZAWA;;'23124015321111001044176713;;*********3025639;-8,00;PLN;'C992517417011996;TRANSAKCJA KARTĄ PŁATNICZĄ;Restauracje i kawiarnie
23.06.2025;23.06.2025;SAPKO                  WARSZAWA;;'23124015321111001044176713;;*********3025639;-33,00;PLN;'C992517417003051;TRANSAKCJA KARTĄ PŁATNICZĄ;Restauracje i kawiarnie
23.06.2025;23.06.2025;AION*NORTH             KOSZALIN;;'23124015321111001044176713;;;-25,89;PLN;'C992517400536911;TRANSAKCJA KARTĄ PŁATNICZĄ;Bez kategorii
23.06.2025;22.06.2025;ZABKA Z4410 K.1        WARSZAWA;;'23124015321111001044176713;;*********3025639;-13,50;PLN;'C992517319485563;TRANSAKCJA KARTĄ PŁATNICZĄ;Artykuły spożywcze
23.06.2025;22.06.2025;NA KONCU TECZY         WARSZAWA;;'23124015321111001044176713;;*********3025639;-9,00;PLN;'C992517316419322;TRANSAKCJA KARTĄ PŁATNICZĄ;Artykuły spożywcze
23.06.2025;22.06.2025;PINTA WARSZAWA SP. Z O WARSZAWA;;'23124015321111001044176713;;*********3025639;-27,00;PLN;'C992517315126502;TRANSAKCJA KARTĄ PŁATNICZĄ;Restauracje i kawiarnie
21.06.2025;21.06.2025;SEBASTIAN KURYŁO;;'20194010764625325400000000;'23124015321111001044176713;Przelew na telefon BLIK;37,50;PLN;'M042000181634979;PRZELEW BLIK PRZYCHODZĄCY;Sprzedaż
21.06.2025;21.06.2025;LIDL KAROLKOWA         WARSZAWA;;'23124015321111001044176713;;*********3025639;-69,77;PLN;'C992517219137921;TRANSAKCJA KARTĄ PŁATNICZĄ;Artykuły spożywcze
21.06.2025;21.06.2025;PAYPRO S.A.;HTTPS://ZAMOWIE PASTELOWA 8,POZNAN;'23124015321111001044176713;;BLIK REF       89010216834;-146,50;PLN;'C992517215024500;PŁATNOŚĆ BLIK;Zakupy przez internet
21.06.2025;21.06.2025;ZABKA Z4410 K.1        WARSZAWA;;'23124015321111001044176713;;*********3025639;-14,67;PLN;'C992517214773692;TRANSAKCJA KARTĄ PŁATNICZĄ;Artykuły spożywcze
20.06.2025;20.06.2025;JMP S.A. BIEDRONKA 445 WARSZAWA;;'23124015321111001044176713;;*********3025639;-6,29;PLN;'C992517110000731;TRANSAKCJA KARTĄ PŁATNICZĄ;Artykuły spożywcze
19.06.2025;19.06.2025;ZABKA Z4410 K.2        WARSZAWA;;'23124015321111001044176713;;*********3025639;-7,98;PLN;'C992517015861052;TRANSAKCJA KARTĄ PŁATNICZĄ;Artykuły spożywcze
19.06.2025;19.06.2025;LA CASITA              WARSZAWA;;'23124015321111001044176713;;*********3025639;-32,90;PLN;'C992517015845001;TRANSAKCJA KARTĄ PŁATNICZĄ;Restauracje i kawiarnie
18.06.2025;18.06.2025;AUCHAN POLSKA SP. Z  0 WARSZAWA;;'23124015321111001044176713;;*********3025639;-92,14;PLN;'C992516913283676;TRANSAKCJA KARTĄ PŁATNICZĄ;Artykuły spożywcze
17.06.2025;17.06.2025;LIDL KAROLKOWA         WARSZAWA;;'23124015321111001044176713;;*********3025639;-109,56;PLN;'C992516818380839;TRANSAKCJA KARTĄ PŁATNICZĄ;Artykuły spożywcze
17.06.2025;17.06.2025;;;'23124015321111001044176713;'92124020921362991111000000;Opłata za obsługę kartyMasterCard Debit*43025639 za miesiąc 06.2025;-1,00;PLN;'M0150PFI00184811;PROWIZJE AUT.;Opłaty bankowe
16.06.2025;16.06.2025;JMP S.A. BIEDRONKA 445 WARSZAWA;;'23124015321111001044176713;;*********3025639;-19,15;PLN;'C992516720755541;TRANSAKCJA KARTĄ PŁATNICZĄ;Artykuły spożywcze
16.06.2025;16.06.2025;"""WARSZAWIANKA""         WARSZAWA";;'23124015321111001044176713;;*********3025639;-18,80;PLN;'C992516714530249;TRANSAKCJA KARTĄ PŁATNICZĄ;Artykuły spożywcze
16.06.2025;15.06.2025;BLM*KARO               WARSZAWA;;'23124015321111001044176713;;*********3025639;-134,80;PLN;'C992516621205928;TRANSAKCJA KARTĄ PŁATNICZĄ;Wyposażenie
16.06.2025;15.06.2025;ZABKA Z4410 K.1        WARSZAWA;;'23124015321111001044176713;;*********3025639;-1,50;PLN;'C992516617137857;TRANSAKCJA KARTĄ PŁATNICZĄ;Artykuły spożywcze
16.06.2025;15.06.2025;KIP;UW-TEAM.ORG PLAC ANDERSA 3 73,POZNAN;'23124015321111001044176713;;BLIK REF       88895756965;-222,00;PLN;'C992516616181618;PŁATNOŚĆ BLIK;Zakupy przez internet
16.06.2025;15.06.2025;ZABKA Z4410 K.2        WARSZAWA;;'23124015321111001044176713;;*********3025639;-13,50;PLN;'C992516614126446;TRANSAKCJA KARTĄ PŁATNICZĄ;Artykuły spożywcze
14.06.2025;14.06.2025;OSTROVIT.COM           ZAMBROW;;'23124015321111001044176713;;*********3025639;-85,42;PLN;'C992516517835872;TRANSAKCJA KARTĄ PŁATNICZĄ;Artykuły spożywcze
14.06.2025;14.06.2025;AUCHAN POLSKA SP. Z  0 WARSZAWA;;'23124015321111001044176713;;*********3025639;-36,36;PLN;'C992516515696513;TRANSAKCJA KARTĄ PŁATNICZĄ;Artykuły spożywcze
14.06.2025;14.06.2025;KFCDOSTAWA.PL          WROCLAW;;'23124015321111001044176713;;*********3025639;-41,99;PLN;'C992516514652547;TRANSAKCJA KARTĄ PŁATNICZĄ;Restauracje i kawiarnie
14.06.2025;14.06.2025;SUPER - PHARM WARSZA 0 WARSZAWA;;'23124015321111001044176713;;*********3025639;-43,99;PLN;'C992516514724438;TRANSAKCJA KARTĄ PŁATNICZĄ;Lekarstwa
13.06.2025;13.06.2025;XTB S.A.;XTB.COM PROSTA 67,WARSAW;'23124015321111001044176713;;BLIK REF       88855484961;-1 500,00;PLN;'C992516411883626;PŁATNOŚĆ BLIK;Bez kategorii
13.06.2025;13.06.2025;ASSECO POLAND SA PŁACE;UL. OLCHOWA 14 35-322 RZESZÓW;'42124059181111000049090675;'23124015321111001044176713;PREMIA STANDBY **202506P3** 23119;1 056,98;PLN;'4910613981111258;PRZELEW;Premia, nagroda
12.06.2025;12.06.2025;ZABKA Z4410 K.2        WARSZAWA;;'23124015321111001044176713;;*********3025639;-5,99;PLN;'C992516319590221;TRANSAKCJA KARTĄ PŁATNICZĄ;Artykuły spożywcze
12.06.2025;12.06.2025;JMP S.A. BIEDRONKA 445 WARSZAWA;;'23124015321111001044176713;;*********3025639;-54,56;PLN;'C992516317537100;TRANSAKCJA KARTĄ PŁATNICZĄ;Artykuły spożywcze
11.06.2025;11.06.2025;JMP S.A. BIEDRONKA 445 WARSZAWA;;'23124015321111001044176713;;*********3025639;-4,19;PLN;'C992516208639944;TRANSAKCJA KARTĄ PŁATNICZĄ;Artykuły spożywcze
11.06.2025;11.06.2025;BOGDAN SOBIERAJ;UL KOŁŁĄTAJA 3/23 18-403    ŁOMŻA               PL;'92124015321111001070940584;'23124015321111001044176713;zasilenie konta;500,00;PLN;'014256B622708531;PRZELEW;Inne
11.06.2025;11.06.2025;ORLEN STACJA NR 568    WARSZAWA;;'23124015321111001044176713;;*********3025639;-8,79;PLN;'C992516218022831;TRANSAKCJA KARTĄ PŁATNICZĄ;Paliwo
11.06.2025;11.06.2025;ALLEGRO                POZNAN;;'23124015321111001044176713;;*********3025639;-257,59;PLN;'C992516213744429;TRANSAKCJA KARTĄ PŁATNICZĄ;Zakupy przez internet
11.06.2025;11.06.2025;LIDL KAROLKOWA         WARSZAWA;;'23124015321111001044176713;;*********3025639;-73,09;PLN;'C992516217009633;TRANSAKCJA KARTĄ PŁATNICZĄ;Artykuły spożywcze
11.06.2025;11.06.2025;MULTIWITAMINKA - BEA 0 WARSZAWA;;'23124015321111001044176713;;*********3025639;-17,60;PLN;'C992516217025150;TRANSAKCJA KARTĄ PŁATNICZĄ;Artykuły spożywcze
11.06.2025;11.06.2025;BISTRO GRZYBOWSKA      WARSZAWA;;'23124015321111001044176713;;*********3025639;-30,81;PLN;'C992516214797755;TRANSAKCJA KARTĄ PŁATNICZĄ;Restauracje i kawiarnie
10.06.2025;09.06.2025;LIDL KAROLKOWA         WARSZAWA;;'23124015321111001044176713;;*********3025639;-45,58;PLN;'C992516022946743;TRANSAKCJA KARTĄ PŁATNICZĄ;Artykuły spożywcze
10.06.2025;10.06.2025;IKE BOSSA;;'23124015321111001044176713;'83154011578129000000814183;IKE 814183;-1 000,00;PLN;'014256AA71008496;ZLECENIE STAŁE;Bez kategorii
10.06.2025;10.06.2025;KAFETERIA.MYBENEFIT.PL WARSZAWA;;'23124015321111001044176713;;*********3025639;-139,00;PLN;'C992516109061666;TRANSAKCJA KARTĄ PŁATNICZĄ;Sport
10.06.2025;10.06.2025;SKLEP FIRMOWY NR 117   WARSZAWA;;'23124015321111001044176713;;*********3025639;-18,48;PLN;'C992516109981612;TRANSAKCJA KARTĄ PŁATNICZĄ;Artykuły spożywcze
10.06.2025;10.06.2025;MACHOP SP. Z O.O.      WARSZAWA;;'23124015321111001044176713;;*********3025639;-31,50;PLN;'C992516112183965;TRANSAKCJA KARTĄ PŁATNICZĄ;Restauracje i kawiarnie
09.06.2025;09.06.2025;XTB S.A.;XTB.COM PROSTA 67,WARSAW;'23124015321111001044176713;;BLIK REF       88774239675;-4 000,00;PLN;'C992516015652592;PŁATNOŚĆ BLIK;Bez kategorii
09.06.2025;09.06.2025;KACPER BANASIK;;'23124015321111001044176713;'69124060031111001048178711;Splitwase czerwiec;-1 822,60;PLN;'0142569600800082;REALIZACJA PŁATNOŚCI PEOPAY;Podróże
09.06.2025;09.06.2025;ASSECO POLAND SA PŁACE;UL. OLCHOWA 14 35-322 RZESZÓW;'42124059181111000049090675;'23124015321111001044176713;WYNAGRODZENIE 5/2025 **202505U6** 23119;9 298,19;PLN;'4910609987873010;PRZELEW;Wynagrodzenie
09.06.2025;09.06.2025;JMP S.A. BIEDRONKA 445 WARSZAWA;;'23124015321111001044176713;;*********3025639;-8,68;PLN;'C992516010512147;TRANSAKCJA KARTĄ PŁATNICZĄ;Artykuły spożywcze
09.06.2025;08.06.2025;ALIEXPRESS             LUXEMBOURG;;'23124015321111001044176713;;;-63,99;PLN;'C992515920301004;TRANSAKCJA KARTĄ PŁATNICZĄ;Bez kategorii
09.06.2025;08.06.2025;ZABKA Z4410 K.2        WARSZAWA;;'23124015321111001044176713;;*********3025639;-19,99;PLN;'C992515919273591;TRANSAKCJA KARTĄ PŁATNICZĄ;Artykuły spożywcze
07.06.2025;07.06.2025;AUCHAN POLSKA SP. Z  0 WARSZAWA;;'23124015321111001044176713;;*********3025639;-125,16;PLN;'C992515816960084;TRANSAKCJA KARTĄ PŁATNICZĄ;Alkohol
06.06.2025;06.06.2025;CARREFOUR HIPERMARKET  WARSZAWA;;'23124015321111001044176713;;*********3025639;-75,39;PLN;'C992515719482389;TRANSAKCJA KARTĄ PŁATNICZĄ;Artykuły spożywcze
06.06.2025;06.06.2025;PAYPAL *PATRONITE      35314369001;;'23124015321111001044176713;;*********3025639;-7,00;PLN;'C992515712181784;TRANSAKCJA KARTĄ PŁATNICZĄ;Kino i teatr
06.06.2025;05.06.2025;ZABKA Z8085 K.2        WARSZAWA;;'23124015321111001044176713;;*********3025639;-15,00;PLN;'C992515621902402;TRANSAKCJA KARTĄ PŁATNICZĄ;Artykuły spożywcze
06.06.2025;06.06.2025;ZABKA Z4410 K.1        WARSZAWA;;'23124015321111001044176713;;*********3025639;-6,99;PLN;'C992515711113896;TRANSAKCJA KARTĄ PŁATNICZĄ;Artykuły spożywcze
04.06.2025;04.06.2025;JAKDOJADE.PL           POZNAN;;'23124015321111001044176713;;*********3025639;-20,00;PLN;'C992515518212418;TRANSAKCJA KARTĄ PŁATNICZĄ;Transport publiczny
04.06.2025;04.06.2025;JMP S.A. BIEDRONKA 445 WARSZAWA;;'23124015321111001044176713;;*********3025639;-9,38;PLN;'C992515510880864;TRANSAKCJA KARTĄ PŁATNICZĄ;Artykuły spożywcze
03.06.2025;03.06.2025;FOODSI.PL              LUBLIN;;'23124015321111001044176713;;*********3025639;-30,30;PLN;'C992515419733029;TRANSAKCJA KARTĄ PŁATNICZĄ;Restauracje i kawiarnie
03.06.2025;03.06.2025;ASIAN HOUSE WOLA PARK  WARSZAWA;;'23124015321111001044176713;;*********3025639;-26,50;PLN;'C992515419681429;TRANSAKCJA KARTĄ PŁATNICZĄ;Artykuły spożywcze
03.06.2025;03.06.2025;ZABKA Z4410 K.2        WARSZAWA;;'23124015321111001044176713;;*********3025639;-11,98;PLN;'C992515414467275;TRANSAKCJA KARTĄ PŁATNICZĄ;Artykuły spożywcze
03.06.2025;03.06.2025;JMP S.A. BIEDRONKA 445 WARSZAWA;;'23124015321111001044176713;;*********3025639;-86,32;PLN;'C992515411390480;TRANSAKCJA KARTĄ PŁATNICZĄ;Artykuły spożywcze
03.06.2025;03.06.2025;BROWARY PITA BROS      WARSZAWA;;'23124015321111001044176713;;*********3025639;-36,00;PLN;'C992515413499156;TRANSAKCJA KARTĄ PŁATNICZĄ;Restauracje i kawiarnie
03.06.2025;03.06.2025;AUCHAN POLSKA SP. Z  0 WARSZAWA;;'23124015321111001044176713;;*********3025639;-18,95;PLN;'C992515419725247;TRANSAKCJA KARTĄ PŁATNICZĄ;Artykuły spożywcze
03.06.2025;03.06.2025;CASTORAMA WARSZAWA WOL WARSZAWA;;'23124015321111001044176713;;*********3025639;-39,46;PLN;'C992515419664527;TRANSAKCJA KARTĄ PŁATNICZĄ;Naprawy i remonty
02.06.2025;02.06.2025;JMP S.A. BIEDRONKA 445 WARSZAWA;;'23124015321111001044176713;;*********3025639;-4,49;PLN;'C992515314933342;TRANSAKCJA KARTĄ PŁATNICZĄ;Artykuły spożywcze
02.06.2025;02.06.2025;JMP S.A. BIEDRONKA 445 WARSZAWA;;'23124015321111001044176713;;*********3025639;-39,12;PLN;'C992515308712108;TRANSAKCJA KARTĄ PŁATNICZĄ;Artykuły spożywcze
31.05.2025;31.05.2025;;;;'23124015321111001044176713;ODSETKI OD DEPOZYTU;0,05;PLN;'014255V98C000965;ODSETKI OD DEPOZYTU;Odsetki, zwrot z inwestycji
31.05.2025;31.05.2025;;;'23124015321111001044176713;;PODATEK POBRANY;-0,01;PLN;'014255V98C000964;PODATEK POBRANY;Podatki
31.05.2025;31.05.2025;AUCHAN POLSKA SP. Z  0 WARSZAWA;;'23124015321111001044176713;;*********3025639;-87,40;PLN;'C992515117193062;TRANSAKCJA KARTĄ PŁATNICZĄ;Artykuły spożywcze
31.05.2025;31.05.2025;ZABKA ZC551 K.1        WARSZAWA;;'23124015321111001044176713;;*********3025639;-5,50;PLN;'C992515116208312;TRANSAKCJA KARTĄ PŁATNICZĄ;Artykuły spożywcze
31.05.2025;31.05.2025;CASTORAMA WARSZAWA WOL WARSZAWA;;'23124015321111001044176713;;*********3025639;-8,28;PLN;'C992515116191762;TRANSAKCJA KARTĄ PŁATNICZĄ;Naprawy i remonty
31.05.2025;31.05.2025;JMP S.A. BIEDRONKA 445 WARSZAWA;;'23124015321111001044176713;;*********3025639;-7,10;PLN;'C992515109851868;TRANSAKCJA KARTĄ PŁATNICZĄ;Artykuły spożywcze
30.05.2025;30.05.2025;ZABKA Z4410 K.2        WARSZAWA;;'23124015321111001044176713;;*********3025639;-16,18;PLN;'C992515012391525;TRANSAKCJA KARTĄ PŁATNICZĄ;Artykuły spożywcze
30.05.2025;30.05.2025;MARIUSZ ZIĘCINA;;'40249000050000400002969849;'23124015321111001044176713;Piwko i placki;43,00;PLN;'M042000176905263;PRZELEW BLIK PRZYCHODZĄCY;Inne
30.05.2025;30.05.2025;LIPONOGA NINA;;'23116022020000000081891379;'23124015321111001044176713;Flora;50,00;PLN;'M042000176905193;PRZELEW BLIK PRZYCHODZĄCY;Inne
30.05.2025;30.05.2025;;;'23124015321111001044176713;'92124020921362991111000000;Opłata za otrzymany przekazzagraniczny w obr. dewizowymz 29.05.2025 ref:IP2505280131983R;-20,00;PLN;'M0150PEV00318645;PROWIZJE AUT.;Opłaty bankowe
30.05.2025;29.05.2025;ALIEXPRESS             LUXEMBOURG;;'23124015321111001044176713;;;-42,13;PLN;'C992514922191366;TRANSAKCJA KARTĄ PŁATNICZĄ;Bez kategorii
30.05.2025;30.05.2025;RESTAURACJA SZAURMAFIA WARSZAWA;;'23124015321111001044176713;;*********3025639;-30,00;PLN;'C992515015536326;TRANSAKCJA KARTĄ PŁATNICZĄ;Restauracje i kawiarnie
29.05.2025;29.05.2025;JMP S.A. BIEDRONKA 445 WARSZAWA;;'23124015321111001044176713;;*********3025639;-19,18;PLN;'C992514920114275;TRANSAKCJA KARTĄ PŁATNICZĄ;Artykuły spożywcze
29.05.2025;29.05.2025;AUTOMATSPEC SPZOO      LISZKI;;'23124015321111001044176713;;*********3025639;-4,00;PLN;'C992514909719594;TRANSAKCJA KARTĄ PŁATNICZĄ;Restauracje i kawiarnie
29.05.2025;29.05.2025;FLORA CAFFE            WARSZAWA;;'23124015321111001044176713;;*********3025639;-151,00;PLN;'C992514919141688;TRANSAKCJA KARTĄ PŁATNICZĄ;Restauracje i kawiarnie
29.05.2025;28.05.2025;JAROSŁAW JAKUB MILLER;RYNEK 65 26-025    ŁAGÓW               PL;'75124060031111001047891677;'23124015321111001044176713;Przelew na telefon 48502***789. splitwise;150,74;PLN;'503255S605103633;PRZELEW;Sprzedaż
29.05.2025;29.05.2025;TRADING 212 UK LIMITED;10-15 QUEEN STREET;'GB34CHAS60924276974858;'23124015321111001044176713;/ROC/2997849///URI/2965032;320,90;PLN;'IP2505280131983R;PRZELEW;Inne
28.05.2025;28.05.2025;TANTUNI KEBAB          WARSZAWA;;'23124015321111001044176713;;*********3025639;-30,00;PLN;'C992514816460236;TRANSAKCJA KARTĄ PŁATNICZĄ;Restauracje i kawiarnie
28.05.2025;28.05.2025;BUDZIŃSKA JULIA;;'15105015591000009267210426;'23124015321111001044176713;Przelew na telefon +48xxxxxx789MultisportDla Kamil SobierajOd JULIA BUDZIŃSKA;417,00;PLN;'M042000176520712;PRZELEW BLIK PRZYCHODZĄCY;Sprzedaż
28.05.2025;28.05.2025;JMP S.A. BIEDRONKA 445 WARSZAWA;;'23124015321111001044176713;;*********3025639;-3,99;PLN;'C992514817516419;TRANSAKCJA KARTĄ PŁATNICZĄ;Artykuły spożywcze
27.05.2025;27.05.2025;JMP S.A. BIEDRONKA 445 WARSZAWA;;'23124015321111001044176713;;*********3025639;-6,99;PLN;'C992514714825635;TRANSAKCJA KARTĄ PŁATNICZĄ;Artykuły spożywcze
27.05.2025;27.05.2025;LIDL KAROLKOWA         WARSZAWA;;'23124015321111001044176713;;*********3025639;-133,31;PLN;'C992514708600156;TRANSAKCJA KARTĄ PŁATNICZĄ;Artykuły spożywcze
26.05.2025;24.05.2025;ZABKA Z8085 K.2        WARSZAWA;;'23124015321111001044176713;;*********3025639;-15,00;PLN;'C992514422738742;TRANSAKCJA KARTĄ PŁATNICZĄ;Artykuły spożywcze
26.05.2025;26.05.2025;CYNAMOONKA BAKERY      WARSZAWA;;'23124015321111001044176713;;*********3025639;-44,00;PLN;'C992514616387060;TRANSAKCJA KARTĄ PŁATNICZĄ;Artykuły spożywcze
26.05.2025;26.05.2025;AZYMUT                 WARSZAWA;;'23124015321111001044176713;;*********3025639;-1 599,00;PLN;'C992514616372866;TRANSAKCJA KARTĄ PŁATNICZĄ;Hobby
26.05.2025;26.05.2025;ZABKA Z4410 K.1        WARSZAWA;;'23124015321111001044176713;;*********3025639;-9,00;PLN;'C992514613261515;TRANSAKCJA KARTĄ PŁATNICZĄ;Artykuły spożywcze
26.05.2025;26.05.2025;BISTRO GRZYBOWSKA      WARSZAWA;;'23124015321111001044176713;;*********3025639;-26,81;PLN;'C992514613222228;TRANSAKCJA KARTĄ PŁATNICZĄ;Restauracje i kawiarnie
26.05.2025;26.05.2025;JMP S.A. BIEDRONKA 445 WARSZAWA;;'23124015321111001044176713;;*********3025639;-12,97;PLN;'C992514610090013;TRANSAKCJA KARTĄ PŁATNICZĄ;Artykuły spożywcze
24.05.2025;24.05.2025;JMP S.A. BIEDRONKA 445 WARSZAWA;;'23124015321111001044176713;;*********3025639;-53,35;PLN;'C992514415517758;TRANSAKCJA KARTĄ PŁATNICZĄ;Artykuły spożywcze
24.05.2025;24.05.2025;BISTRO GRZYBOWSKA      WARSZAWA;;'23124015321111001044176713;;*********3025639;-236,81;PLN;'C992514414463274;TRANSAKCJA KARTĄ PŁATNICZĄ;Restauracje i kawiarnie
23.05.2025;23.05.2025;STACJA 604             ZABCE;;'23124015321111001044176713;;*********3025639;-8,00;PLN;'C992514310742466;TRANSAKCJA KARTĄ PŁATNICZĄ;Paliwo
23.05.2025;23.05.2025;DELIKATESY CENTRUM     JANOW PODLAS;;'23124015321111001044176713;;*********3025639;-14,28;PLN;'C992514313858090;TRANSAKCJA KARTĄ PŁATNICZĄ;Artykuły spożywcze
23.05.2025;22.05.2025;XTB S.A.;XTB.COM PROSTA 67,WARSAW;'23124015321111001044176713;;BLIK REF       88428663712;-5 000,00;PLN;'C992514221526582;PŁATNOŚĆ BLIK;Bez kategorii
23.05.2025;22.05.2025;XTB SPOLKA AKCYJNA;;'39124015321787001140533465;'20124020929729000002871368;2871368;-31,22;USD;'014255M626506985;PRZELEW INTERNET;Bez kategorii
22.05.2025;22.05.2025;"""WARSZAWIANKA""         WARSZAWA";;'23124015321111001044176713;;*********3025639;-6,50;PLN;'C992514218493862;TRANSAKCJA KARTĄ PŁATNICZĄ;Artykuły spożywcze
22.05.2025;22.05.2025;JMDIF SP.Z.O.O. HEBE R WARSZAWA;;'23124015321111001044176713;;*********3025639;-18,99;PLN;'C992514218487779;TRANSAKCJA KARTĄ PŁATNICZĄ;Kosmetyki
22.05.2025;22.05.2025;LIDL KAROLKOWA         WARSZAWA;;'23124015321111001044176713;;*********3025639;-57,09;PLN;'C992514218477726;TRANSAKCJA KARTĄ PŁATNICZĄ;Artykuły spożywcze
22.05.2025;22.05.2025;VINA EXPRESS           WARSZAWA;;'23124015321111001044176713;;*********3025639;-34,00;PLN;'C992514215323398;TRANSAKCJA KARTĄ PŁATNICZĄ;Puby i kluby
22.05.2025;22.05.2025;;;'23124015321111001044176713;'92124020921362991111000000;Opłata za obsługę kartyMasterCard Debit*43025639 za miesiąc 05.2025;-1,00;PLN;'M0150PEN00192295;PROWIZJE AUT.;Opłaty bankowe
22.05.2025;22.05.2025;JMP S.A. BIEDRONKA 445 WARSZAWA;;'23124015321111001044176713;;*********3025639;-10,26;PLN;'C992514208102699;TRANSAKCJA KARTĄ PŁATNICZĄ;Artykuły spożywcze
21.05.2025;21.05.2025;AFZAL RAHIMI           WARSZAWA;;'23124015321111001044176713;;*********3025639;-30,00;PLN;'C992514115771035;TRANSAKCJA KARTĄ PŁATNICZĄ;Restauracje i kawiarnie
21.05.2025;21.05.2025;JMP S.A. BIEDRONKA 445 WARSZAWA;;'23124015321111001044176713;;*********3025639;-13,28;PLN;'C992514111627669;TRANSAKCJA KARTĄ PŁATNICZĄ;Artykuły spożywcze
20.05.2025;20.05.2025;MACHOP SP. Z O.O.      WARSZAWA;;'23124015321111001044176713;;*********3025639;-35,50;PLN;'C992514013162765;TRANSAKCJA KARTĄ PŁATNICZĄ;Restauracje i kawiarnie
20.05.2025;20.05.2025;SPOLEM WOLA SKLEP NR 3 WARSZAWA;;'23124015321111001044176713;;*********3025639;-5,29;PLN;'C992514010051269;TRANSAKCJA KARTĄ PŁATNICZĄ;Artykuły spożywcze
19.05.2025;18.05.2025;ZABKA Z4410 K.2        WARSZAWA;;'23124015321111001044176713;;*********3025639;-13,50;PLN;'C992513817301955;TRANSAKCJA KARTĄ PŁATNICZĄ;Artykuły spożywcze
19.05.2025;19.05.2025;JMP S.A. BIEDRONKA 445 WARSZAWA;;'23124015321111001044176713;;*********3025639;-3,69;PLN;'C992513915739796;TRANSAKCJA KARTĄ PŁATNICZĄ;Artykuły spożywcze
19.05.2025;19.05.2025;JMP S.A. BIEDRONKA 445 WARSZAWA;;'23124015321111001044176713;;*********3025639;-13,47;PLN;'C992513919889784;TRANSAKCJA KARTĄ PŁATNICZĄ;Artykuły spożywcze
19.05.2025;19.05.2025;JMP S.A. BIEDRONKA 445 WARSZAWA;;'23124015321111001044176713;;*********3025639;-3,99;PLN;'C992513911576972;TRANSAKCJA KARTĄ PŁATNICZĄ;Artykuły spożywcze
19.05.2025;19.05.2025;K-BAR BROWARY          WARSZAWA;;'23124015321111001044176713;;*********3025639;-38,00;PLN;'C992513915694006;TRANSAKCJA KARTĄ PŁATNICZĄ;Restauracje i kawiarnie
17.05.2025;17.05.2025;UL. GORCZEWSKA         R1103530;R1103530 R1103530 UL. GORCZEWSKA 137     ,WARSZAWA;'23124015321111001044176713;;BLIK REF       88321509234;-100,00;PLN;'C992513718076261;WYPŁATA BLIK;Bez kategorii
17.05.2025;17.05.2025;AUCHAN POLSKA SP. Z  0 WARSZAWA;;'23124015321111001044176713;;*********3025639;-51,40;PLN;'C992513718076994;TRANSAKCJA KARTĄ PŁATNICZĄ;Artykuły spożywcze
17.05.2025;17.05.2025;JAKDOJADE.PL           POZNAN;;'23124015321111001044176713;;*********3025639;-20,00;PLN;'C992513717000079;TRANSAKCJA KARTĄ PŁATNICZĄ;Transport publiczny
16.05.2025;16.05.2025;LIDL KAROLKOWA         WARSZAWA;;'23124015321111001044176713;;*********3025639;-52,02;PLN;'C992513618504249;TRANSAKCJA KARTĄ PŁATNICZĄ;Artykuły spożywcze
16.05.2025;16.05.2025;JMP S.A. BIEDRONKA 445 WARSZAWA;;'23124015321111001044176713;;*********3025639;-5,49;PLN;'C992513613318406;TRANSAKCJA KARTĄ PŁATNICZĄ;Artykuły spożywcze
16.05.2025;16.05.2025;BISTRO GRZYBOWSKA      WARSZAWA;;'23124015321111001044176713;;*********3025639;-25,00;PLN;'C992513613296990;TRANSAKCJA KARTĄ PŁATNICZĄ;Restauracje i kawiarnie
15.05.2025;15.05.2025;UBER   * EATS PENDING  AMSTERDAM;;'23124015321111001044176713;;*********3025639;-110,40;PLN;'C992513515838187;TRANSAKCJA KARTĄ PŁATNICZĄ;Restauracje i kawiarnie
15.05.2025;15.05.2025;ASSECO POLAND SA PŁACE;UL. OLCHOWA 14 35-322 RZESZÓW;'42124059181111000049090675;'23124015321111001044176713;PREMIA STANDBY **202505P2** 23119;317,49;PLN;'4910515989841559;PRZELEW;Premia, nagroda
14.05.2025;14.05.2025;ZABKA Z4410 K.1        WARSZAWA;;'23124015321111001044176713;;*********3025639;-9,98;PLN;'C992513420399511;TRANSAKCJA KARTĄ PŁATNICZĄ;Artykuły spożywcze
14.05.2025;14.05.2025;JMP S.A. BIEDRONKA 445 WARSZAWA;;'23124015321111001044176713;;*********3025639;-5,49;PLN;'C992513414194320;TRANSAKCJA KARTĄ PŁATNICZĄ;Artykuły spożywcze
14.05.2025;14.05.2025;OCTO PASTA PIZZA       WARSZAWA;;'23124015321111001044176713;;*********3025639;-35,00;PLN;'C992513414200518;TRANSAKCJA KARTĄ PŁATNICZĄ;Restauracje i kawiarnie
13.05.2025;13.05.2025;LIDL KAROLKOWA         WARSZAWA;;'23124015321111001044176713;;*********3025639;-129,42;PLN;'C992513319844694;TRANSAKCJA KARTĄ PŁATNICZĄ;Artykuły spożywcze
13.05.2025;13.05.2025;ARAS KEBAB             WARSZAWA;;'23124015321111001044176713;;*********3025639;-33,00;PLN;'C992513315669174;TRANSAKCJA KARTĄ PŁATNICZĄ;Restauracje i kawiarnie
13.05.2025;13.05.2025;ZABKA Z4410 K.1        WARSZAWA;;'23124015321111001044176713;;*********3025639;-9,00;PLN;'C992513315682585;TRANSAKCJA KARTĄ PŁATNICZĄ;Artykuły spożywcze
12.05.2025;12.05.2025;JMP S.A. BIEDRONKA 445 WARSZAWA;;'23124015321111001044176713;;*********3025639;-7,29;PLN;'C992513215103162;TRANSAKCJA KARTĄ PŁATNICZĄ;Artykuły spożywcze
12.05.2025;12.05.2025;BISTRO GRZYBOWSKA      WARSZAWA;;'23124015321111001044176713;;*********3025639;-28,00;PLN;'C992513215120684;TRANSAKCJA KARTĄ PŁATNICZĄ;Restauracje i kawiarnie
12.05.2025;12.05.2025;KACPER BANASIK;;'23124015321111001044176713;'69124060031111001048178711;Splitwase maj;-1 959,51;PLN;'014255C621005963;REALIZACJA PŁATNOŚCI PEOPAY;Podróże
12.05.2025;12.05.2025;ZABKA Z4410 K.2        WARSZAWA;;'23124015321111001044176713;;*********3025639;-10,99;PLN;'C992513208821489;TRANSAKCJA KARTĄ PŁATNICZĄ;Artykuły spożywcze
12.05.2025;12.05.2025;IKE BOSSA;;'23124015321111001044176713;'83154011578129000000814183;IKE 814183;-1 000,00;PLN;'014255CA71006440;ZLECENIE STAŁE;Bez kategorii
12.05.2025;11.05.2025;KAFETERIA.MYBENEFIT.PL WARSZAWA;;'23124015321111001044176713;;*********3025639;-139,00;PLN;'C992513109521216;TRANSAKCJA KARTĄ PŁATNICZĄ;Sport
10.05.2025;10.05.2025;LIDL KAROLKOWA         WARSZAWA;;'23124015321111001044176713;;*********3025639;-49,61;PLN;'C992513019419926;TRANSAKCJA KARTĄ PŁATNICZĄ;Artykuły spożywcze
10.05.2025;10.05.2025;JMP S.A. BIEDRONKA 445 WARSZAWA;;'23124015321111001044176713;;*********3025639;-58,93;PLN;'C992513013196618;TRANSAKCJA KARTĄ PŁATNICZĄ;Artykuły spożywcze
09.05.2025;09.05.2025;JMP S.A. BIEDRONKA 445 WARSZAWA;;'23124015321111001044176713;;*********3025639;-7,29;PLN;'C992512917716729;TRANSAKCJA KARTĄ PŁATNICZĄ;Artykuły spożywcze
09.05.2025;09.05.2025;JMP S.A. BIEDRONKA 445 WARSZAWA;;'23124015321111001044176713;;*********3025639;-52,03;PLN;'C992512910388706;TRANSAKCJA KARTĄ PŁATNICZĄ;Artykuły spożywcze
09.05.2025;09.05.2025;ARAS KEBAB             WARSZAWA;;'23124015321111001044176713;;*********3025639;-33,00;PLN;'C992512916684860;TRANSAKCJA KARTĄ PŁATNICZĄ;Restauracje i kawiarnie
08.05.2025;08.05.2025;VINA EXPRESS           WARSZAWA;;'23124015321111001044176713;;*********3025639;-46,00;PLN;'C992512813911689;TRANSAKCJA KARTĄ PŁATNICZĄ;Puby i kluby
08.05.2025;08.05.2025;SYSTEMY POB. OPLAT     WARSZAWA;;'23124015321111001044176713;;*********3025639;-7,00;PLN;'C992512817104550;TRANSAKCJA KARTĄ PŁATNICZĄ;Inne
08.05.2025;08.05.2025;JMP S.A. BIEDRONKA 635 PRUSZKOW;;'23124015321111001044176713;;*********3025639;-15,32;PLN;'C992512818126196;TRANSAKCJA KARTĄ PŁATNICZĄ;Artykuły spożywcze
08.05.2025;08.05.2025;SYSTEMY POB. OPLAT     WARSZAWA;;'23124015321111001044176713;;*********3025639;-4,40;PLN;'C992512817093456;TRANSAKCJA KARTĄ PŁATNICZĄ;Inne
08.05.2025;08.05.2025;RADO DELIKATESY        PRUSZKOW;;'23124015321111001044176713;;*********3025639;-19,69;PLN;'C992512818123722;TRANSAKCJA KARTĄ PŁATNICZĄ;Artykuły spożywcze
08.05.2025;08.05.2025;ASSECO POLAND SA PŁACE;UL. OLCHOWA 14 35-322 RZESZÓW;'42124059181111000049090675;'23124015321111001044176713;WYNAGRODZENIE 04/2025 **202504U3**23119;9 216,80;PLN;'4910508987661664;PRZELEW;Wynagrodzenie
07.05.2025;07.05.2025;JMP S.A. BIEDRONKA 445 WARSZAWA;;'23124015321111001044176713;;*********3025639;-7,29;PLN;'C992512720642980;TRANSAKCJA KARTĄ PŁATNICZĄ;Artykuły spożywcze
07.05.2025;07.05.2025;MAŁGORZATA UŁASIUK TRENER OSOBISTY;UL.ŁUCKA 20 M.62 00-845 WARSZAWA;'25114020040000310281874201;'23124015321111001044176713;SPLITEISE;160,49;PLN;'M042000172261830;PRZELEW BLIK PRZYCHODZĄCY;Inne
07.05.2025;07.05.2025;JMP S.A. BIEDRONKA 445 WARSZAWA;;'23124015321111001044176713;;*********3025639;-19,38;PLN;'C992512713396598;TRANSAKCJA KARTĄ PŁATNICZĄ;Artykuły spożywcze
07.05.2025;07.05.2025;ZABKA Z4410 K.2        WARSZAWA;;'23124015321111001044176713;;*********3025639;-9,98;PLN;'C992512710252423;TRANSAKCJA KARTĄ PŁATNICZĄ;Artykuły spożywcze
07.05.2025;07.05.2025;JMP S.A. BIEDRONKA 445 WARSZAWA;;'23124015321111001044176713;;*********3025639;-7,21;PLN;'C992512710238976;TRANSAKCJA KARTĄ PŁATNICZĄ;Artykuły spożywcze
06.05.2025;06.05.2025;MACHOP SP. Z O.O.      WARSZAWA;;'23124015321111001044176713;;*********3025639;-69,00;PLN;'C992512613831076;TRANSAKCJA KARTĄ PŁATNICZĄ;Restauracje i kawiarnie
06.05.2025;06.05.2025;JMP S.A. BIEDRONKA 4456WARSZAWA;;'23124015321111001044176713;;*********3025639;-16,99;PLN;'C992512618048495;TRANSAKCJA KARTĄ PŁATNICZĄ;Artykuły spożywcze
06.05.2025;06.05.2025;PAYPAL *PATRONITE      35314369001;;'23124015321111001044176713;;*********3025639;-7,00;PLN;'C992512612794815;TRANSAKCJA KARTĄ PŁATNICZĄ;Kino i teatr
06.05.2025;06.05.2025;JAKUB MACIEJ WRÓBEL;;'87102033520000170200784652;'23124015321111001044176713;Przelew na telefonOd: 48790768858 Do: 485*****789;43,50;PLN;'M042000172005279;PRZELEW BLIK PRZYCHODZĄCY;Sprzedaż
06.05.2025;06.05.2025;MRÓZ ZOFIA MARIA;KOZIETUŁY 16 05-640 MOGIENICA;'73929100010084578630000010;'23124015321111001044176713;Przelew na telefon 48508***551. Zwrot hotel;96,00;PLN;'ZEF0000000536959;PRZELEW KRAJOWY MIĘDZYBANKOWY;Sprzedaż
05.05.2025;05.05.2025;FINELF.COM SP. Z O.O.  +48882454482;;'23124015321111001044176713;;*********3025639;-3,00;PLN;'C992512518474759;TRANSAKCJA KARTĄ PŁATNICZĄ;Multimedia
05.05.2025;05.05.2025;FINELF.COM SP. Z O.O.  +48882454482;;'23124015321111001044176713;;*********3025639;-2,00;PLN;'C992512518473198;TRANSAKCJA KARTĄ PŁATNICZĄ;Multimedia
05.05.2025;05.05.2025;JMP S.A. BIEDRONKA 4456WARSZAWA;;'23124015321111001044176713;;*********3025639;-54,81;PLN;'C992512517441513;TRANSAKCJA KARTĄ PŁATNICZĄ;Artykuły spożywcze
05.05.2025;05.05.2025;KACPER BANASIK;;'23124015321111001044176713;'69124060031111001048178711;Majowka;-279,20;PLN;'0142555629504895;REALIZACJA PŁATNOŚCI PEOPAY;Podróże
05.05.2025;05.05.2025;;;'23124015321111001044176713;'92124020921362991111000000;Prowizja za wypłatę z użyciemBLIK w dniu 2025-04-30;-6,90;PLN;'M0150PE600290579;PROWIZJE AUT.;Opłaty bankowe
05.05.2025;05.05.2025;GRZYBOWSKA 61/1        WARSZAWA;;'23124015321111001044176713;;*********3025639;-29,81;PLN;'C992512513274552;TRANSAKCJA KARTĄ PŁATNICZĄ;Restauracje i kawiarnie
05.05.2025;04.05.2025;UBER   * EATS PENDING  AMSTERDAM;;'23124015321111001044176713;;*********3025639;-57,95;PLN;'C992512416827929;TRANSAKCJA KARTĄ PŁATNICZĄ;Restauracje i kawiarnie
05.05.2025;04.05.2025;ZABKA Z4410 K.2        WARSZAWA;;'23124015321111001044176713;;*********3025639;-6,50;PLN;'C992512410853036;TRANSAKCJA KARTĄ PŁATNICZĄ;Artykuły spożywcze
05.05.2025;03.05.2025;BP-PRZASNYSZ 904       PRZASNYSZ;;'23124015321111001044176713;;*********3025639;-5,99;PLN;'C992512321786630;TRANSAKCJA KARTĄ PŁATNICZĄ;Paliwo
03.05.2025;03.05.2025;MCDONALDS              SZCZYTNO;;'23124015321111001044176713;;*********3025639;-13,60;PLN;'C992512319650938;TRANSAKCJA KARTĄ PŁATNICZĄ;Restauracje i kawiarnie
03.05.2025;03.05.2025;ZOFIA MRÓZ;;'23124015321111001044176713;'73929100010084578630000010;Przelew na telefon 48508***551. Zwrot hotel;-96,00;PLN;'M042101075030677;PRZELEW BLIK WYCHODZĄCY;Internet, TV, telefon
03.05.2025;03.05.2025;SMAŻALNIA;;'23124015321111001044176713;'47102036390000890200880450;Przelew na telefon 48600***584. Smażalnia;-71,00;PLN;'M042101075028672;PRZELEW BLIK WYCHODZĄCY;Internet, TV, telefon
03.05.2025;03.05.2025;ZABKA Z6396 K.1        MRAGOWO;;'23124015321111001044176713;;*********3025639;-9,99;PLN;'C992512315683266;TRANSAKCJA KARTĄ PŁATNICZĄ;Artykuły spożywcze
03.05.2025;03.05.2025;ZOFIA MRÓZ;;'23124015321111001044176713;'73929100010084578630000010;Przelew na telefon 48508***551. Kawiarnia;-8,00;PLN;'M042101074948506;PRZELEW BLIK WYCHODZĄCY;Internet, TV, telefon
02.05.2025;02.05.2025;JMP S.A. BIEDRONKA 463 PIECKI;;'23124015321111001044176713;;*********3025639;-2,79;PLN;'C992512218348950;TRANSAKCJA KARTĄ PŁATNICZĄ;Artykuły spożywcze
01.05.2025;01.05.2025;PAYU;DOLADOWANIA.PLA GRUNWALDZKA 186,POZNAN;'23124015321111001044176713;;BLIK REF       87997840314;-30,00;PLN;'C992512111635923;PŁATNOŚĆ BLIK;Zakupy przez internet
01.05.2025;30.04.2025;JMP S.A. BIEDRONKA 445 WARSZAWA;;'23124015321111001044176713;;*********3025639;-24,35;PLN;'C992512021576313;TRANSAKCJA KARTĄ PŁATNICZĄ;Artykuły spożywcze
01.05.2025;30.04.2025;ZABKA Z4410 K.2        WARSZAWA;;'23124015321111001044176713;;*********3025639;-7,00;PLN;'C992512021577566;TRANSAKCJA KARTĄ PŁATNICZĄ;Artykuły spożywcze
30.04.2025;30.04.2025;;;;'23124015321111001044176713;ODSETKI OD DEPOZYTU;0,03;PLN;'014254U98C001053;ODSETKI OD DEPOZYTU;Odsetki, zwrot z inwestycji
30.04.2025;30.04.2025;;;'23124015321111001044176713;;PODATEK POBRANY;-0,01;PLN;'014254U98C001052;PODATEK POBRANY;Podatki
30.04.2025;30.04.2025;BANKOMAT EURONET       RCNL0G88;RCNL0G88 0170200011 UL  LUCKA 20 LOK  17,WARSZAWA;'23124015321111001044176713;;BLIK REF       87972157193;-300,00;PLN;'C992512016346982;WYPŁATA BLIK;Uroda, fryzjer, kosmetyczka
30.04.2025;30.04.2025;ASSECO POLAND SA PŁACE;UL. OLCHOWA 14 35-322 RZESZÓW;'42124059181111000049090675;'23124015321111001044176713;WYNAGRODZENIE ZA PRACE W NOCY I NADGODZINY **202504N2** 23119;403,37;PLN;'4910430981161637;PRZELEW;Wynagrodzenie
30.04.2025;30.04.2025;JMP S.A. BIEDRONKA 445 WARSZAWA;;'23124015321111001044176713;;*********3025639;-11,28;PLN;'C992512008918385;TRANSAKCJA KARTĄ PŁATNICZĄ;Artykuły spożywcze
30.04.2025;29.04.2025;REVOLUT**9494*         DUBLIN;;'23124015321111001044176713;;;-100,00;PLN;'C992511923919404;TRANSAKCJA KARTĄ PŁATNICZĄ;Bez kategorii
30.04.2025;29.04.2025;REVOLUT**9494*         DUBLIN;;'23124015321111001044176713;;;-363,97;PLN;'C992511923919444;TRANSAKCJA KARTĄ PŁATNICZĄ;Bez kategorii
29.04.2025;29.04.2025;AMAZON RETAIL;AMAZON.PL GENERATION PARK Z, 9TH FLOOR,WARSAW;'23124015321111001044176713;;BLIK REF       87965660288;-75,18;PLN;'C992511919770749;PŁATNOŚĆ BLIK;Zakupy przez internet
29.04.2025;29.04.2025;JMP S.A. BIEDRONKA 445 WARSZAWA;;'23124015321111001044176713;;*********3025639;-22,06;PLN;'C992511918833091;TRANSAKCJA KARTĄ PŁATNICZĄ;Artykuły spożywcze
29.04.2025;29.04.2025;;;'23124015321111001044176713;'92124020921362991111000000;Prowizja za wypłatę z użyciemBLIK w dniu 2025-04-25;-5,00;PLN;'M0150PDU00034874;PROWIZJE AUT.;Opłaty bankowe
29.04.2025;29.04.2025;SPOLEM WOLA SKLEP NR 3 WARSZAWA;;'23124015321111001044176713;;*********3025639;-13,58;PLN;'C992511915689847;TRANSAKCJA KARTĄ PŁATNICZĄ;Artykuły spożywcze
29.04.2025;29.04.2025;KRZYSZTOF PIOTR KRYGIER UL. JANA BY;;'03109025900000000132707486;'23124015321111001044176713;chińczyk;17,00;PLN;'M042000170709925;PRZELEW BLIK PRZYCHODZĄCY;Inne
29.04.2025;29.04.2025;MACHOP SP. Z O.O.      WARSZAWA;;'23124015321111001044176713;;*********3025639;-45,50;PLN;'C992511913628908;TRANSAKCJA KARTĄ PŁATNICZĄ;Restauracje i kawiarnie
29.04.2025;29.04.2025;SKLEP FIRMOWY NR 117   WARSZAWA;;'23124015321111001044176713;;*********3025639;-12,49;PLN;'C992511909482590;TRANSAKCJA KARTĄ PŁATNICZĄ;Artykuły spożywcze
28.04.2025;28.04.2025;JMP S.A. BIEDRONKA 445 WARSZAWA;;'23124015321111001044176713;;*********3025639;-3,89;PLN;'C992511818110518;TRANSAKCJA KARTĄ PŁATNICZĄ;Artykuły spożywcze
28.04.2025;28.04.2025;SPOLEM WOLA SKLEP NR 3 WARSZAWA;;'23124015321111001044176713;;*********3025639;-2,49;PLN;'C992511812875970;TRANSAKCJA KARTĄ PŁATNICZĄ;Artykuły spożywcze
28.04.2025;28.04.2025;MACHOP SP. Z O.O.      WARSZAWA;;'23124015321111001044176713;;*********3025639;-24,00;PLN;'C992511812864242;TRANSAKCJA KARTĄ PŁATNICZĄ;Restauracje i kawiarnie
28.04.2025;28.04.2025;BOGDAN SOBIERAJ;UL KOŁŁĄTAJA 3/23 18-403    ŁOMŻA               PL;'92124015321111001070940584;'23124015321111001044176713;zasilenie konta;700,00;PLN;'014254S604800748;PRZELEW;Inne
28.04.2025;28.04.2025;GORACO POLECAM         WARSZAWA;;'23124015321111001044176713;;*********3025639;-14,95;PLN;'C992511808926543;TRANSAKCJA KARTĄ PŁATNICZĄ;Artykuły spożywcze
28.04.2025;27.04.2025;PRACOWNIA CUKIERNICZA  WARSZAWA;;'23124015321111001044176713;;*********3025639;-16,00;PLN;'C992511714713500;TRANSAKCJA KARTĄ PŁATNICZĄ;Artykuły spożywcze
26.04.2025;26.04.2025;JMP S.A. BIEDRONKA 445 WARSZAWA;;'23124015321111001044176713;;*********3025639;-13,41;PLN;'C992511614020832;TRANSAKCJA KARTĄ PŁATNICZĄ;Artykuły spożywcze
25.04.2025;25.04.2025;CARREFOUR HIPERMARKET  WARSZAWA;;'23124015321111001044176713;;*********3025639;-37,74;PLN;'C992511513719695;TRANSAKCJA KARTĄ PŁATNICZĄ;Artykuły spożywcze
25.04.2025;25.04.2025;TENDUR KEBAP&GRILL     WARSZAWA;;'23124015321111001044176713;;*********3025639;-33,00;PLN;'C992511513734787;TRANSAKCJA KARTĄ PŁATNICZĄ;Restauracje i kawiarnie
25.04.2025;25.04.2025;CARREFOUR HIPERMARKET  WARSZAWA;;'23124015321111001044176713;;*********3025639;-9,00;PLN;'C992511512667458;TRANSAKCJA KARTĄ PŁATNICZĄ;Artykuły spożywcze
25.04.2025;25.04.2025;LUKASZ KAMINSKI        KOZIEGLOWY;;'23124015321111001044176713;;*********3025639;-21,80;PLN;'C992511514382086;TRANSAKCJA KARTĄ PŁATNICZĄ;Artykuły spożywcze
25.04.2025;25.04.2025;BANKOMAT EURONET       RCNN0F3Z;RCNN0F3Z 0170200011 PL  MIROWSKI 1,WARSZAWA;'23124015321111001044176713;;BLIK REF       87878389798;-50,00;PLN;'C992511514374294;WYPŁATA BLIK;Uroda, fryzjer, kosmetyczka
25.04.2025;25.04.2025;LEROY MERLIN WARSZAWA  WARSZAWA;;'23124015321111001044176713;;*********3025639;-25,97;PLN;'C992511512690743;TRANSAKCJA KARTĄ PŁATNICZĄ;Wyposażenie
24.04.2025;24.04.2025;JMP S.A. BIEDRONKA 445 WARSZAWA;;'23124015321111001044176713;;*********3025639;-30,96;PLN;'C992511420024632;TRANSAKCJA KARTĄ PŁATNICZĄ;Artykuły spożywcze
24.04.2025;24.04.2025;HA - MAR               WARSZAWA;;'23124015321111001044176713;;*********3025639;-10,50;PLN;'C992511413745165;TRANSAKCJA KARTĄ PŁATNICZĄ;Artykuły spożywcze
23.04.2025;23.04.2025;AUCHAN POLSKA SP. Z  0 WARSZAWA;;'23124015321111001044176713;;*********3025639;-3,44;PLN;'C992511313681783;TRANSAKCJA KARTĄ PŁATNICZĄ;Artykuły spożywcze
23.04.2025;23.04.2025;AUCHAN POLSKA SP. Z  0 WARSZAWA;;'23124015321111001044176713;;*********3025639;-141,08;PLN;'C992511313714690;TRANSAKCJA KARTĄ PŁATNICZĄ;Artykuły spożywcze
23.04.2025;23.04.2025;GALERIA WOLA PARK      WARSZAWA;;'23124015321111001044176713;;*********3025639;-8,00;PLN;'C992511313687839;TRANSAKCJA KARTĄ PŁATNICZĄ;Restauracje i kawiarnie
22.04.2025;22.04.2025;JMP S.A. BIEDRONKA 445 WARSZAWA;;'23124015321111001044176713;;*********3025639;-12,78;PLN;'C992511217776788;TRANSAKCJA KARTĄ PŁATNICZĄ;Artykuły spożywcze
22.04.2025;22.04.2025;JMP S.A. BIEDRONKA 445 WARSZAWA;;'23124015321111001044176713;;*********3025639;-15,96;PLN;'C992511213193812;TRANSAKCJA KARTĄ PŁATNICZĄ;Artykuły spożywcze
22.04.2025;22.04.2025;UBR* PENDING.UBER.COM  AMSTERDAM;;'23124015321111001044176713;;*********3025639;-12,99;PLN;'C992511218394540;TRANSAKCJA KARTĄ PŁATNICZĄ;Bez kategorii
22.04.2025;22.04.2025;UBER   * EATS PENDING  AMSTERDAM;;'23124015321111001044176713;;*********3025639;-103,00;PLN;'C992511218834304;TRANSAKCJA KARTĄ PŁATNICZĄ;Restauracje i kawiarnie
21.04.2025;21.04.2025;ŁUCJA KARASEK;;'23124015321111001044176713;'09124015321111001041567374;Przelew na telefon 48508***350. Deser;-30,00;PLN;'014254L623601952;REALIZACJA PŁATNOŚCI PEOPAY;Podróże
21.04.2025;21.04.2025;ZABKA ZA261 K.2        LOMZA;;'23124015321111001044176713;;*********3025639;-3,99;PLN;'C992511111868646;TRANSAKCJA KARTĄ PŁATNICZĄ;Artykuły spożywcze
19.04.2025;19.04.2025;ZABKA ZB128 K.2        LOMZA;;'23124015321111001044176713;;*********3025639;-4,70;PLN;'C992510915930578;TRANSAKCJA KARTĄ PŁATNICZĄ;Artykuły spożywcze
19.04.2025;19.04.2025;CUKIETERIA 8           LOMZA;;'23124015321111001044176713;;*********3025639;-15,00;PLN;'C992510913602412;TRANSAKCJA KARTĄ PŁATNICZĄ;Artykuły spożywcze
19.04.2025;19.04.2025;ROSSMANN 04            LOMZA;;'23124015321111001044176713;;*********3025639;-3,79;PLN;'C992510913885913;TRANSAKCJA KARTĄ PŁATNICZĄ;Kosmetyki
19.04.2025;19.04.2025;TS O/ BIALYSTOK        LOMZA;;'23124015321111001044176713;;*********3025639;-4,00;PLN;'C992510912570785;TRANSAKCJA KARTĄ PŁATNICZĄ;Bez kategorii
18.04.2025;18.04.2025;ZABKA Z7846 K.2        LOMZA;;'23124015321111001044176713;;*********3025639;-5,50;PLN;'C992510809797208;TRANSAKCJA KARTĄ PŁATNICZĄ;Artykuły spożywcze
18.04.2025;18.04.2025;"P.H.U.""KARGO"" MARKET K LOMZA";;'23124015321111001044176713;;*********3025639;-15,48;PLN;'C992510810079666;TRANSAKCJA KARTĄ PŁATNICZĄ;Artykuły spożywcze
17.04.2025;17.04.2025;ACTION A195            LOMZA;;'23124015321111001044176713;;*********3025639;-11,68;PLN;'C992510714373312;TRANSAKCJA KARTĄ PŁATNICZĄ;Bez kategorii
17.04.2025;17.04.2025;LIDL SIKORSKIEGO       LOMZA;;'23124015321111001044176713;;*********3025639;-35,52;PLN;'C992510712285483;TRANSAKCJA KARTĄ PŁATNICZĄ;Artykuły spożywcze
17.04.2025;17.04.2025;CARREFOUR PLP308       LOMZA;;'23124015321111001044176713;;*********3025639;-2,65;PLN;'C992510713353571;TRANSAKCJA KARTĄ PŁATNICZĄ;Artykuły spożywcze
16.04.2025;16.04.2025;AUCHAN POLSKA SP. Z  0 WARSZAWA;;'23124015321111001044176713;;*********3025639;-36,12;PLN;'C992510618095607;TRANSAKCJA KARTĄ PŁATNICZĄ;Artykuły spożywcze
16.04.2025;16.04.2025;;;'23124015321111001044176713;'92124020921362991111000000;Opłata za obsługę kartyMasterCard Debit*43025639 za miesiąc 04.2025;-1,00;PLN;'M0150PDH00235448;PROWIZJE AUT.;Opłaty bankowe
15.04.2025;15.04.2025;ASSECO POLAND SA PŁACE;UL. OLCHOWA 14 35-322 RZESZÓW;'42124059181111000049090675;'23124015321111001044176713;PREMIA STANDBY **202504P5** 23119;1 321,21;PLN;'4910415987781771;PRZELEW;Premia, nagroda
15.04.2025;15.04.2025;ZABKA Z4410 K.2        WARSZAWA;;'23124015321111001044176713;;*********3025639;-11,40;PLN;'C992510513208361;TRANSAKCJA KARTĄ PŁATNICZĄ;Artykuły spożywcze
15.04.2025;15.04.2025;GOOD LOOD              KRAKOW;;'23124015321111001044176713;;*********3025639;-8,00;PLN;'C992510513202683;TRANSAKCJA KARTĄ PŁATNICZĄ;Restauracje i kawiarnie
15.04.2025;15.04.2025;LIDL WOLOSKA           WARSZAWA;;'23124015321111001044176713;;*********3025639;-8,18;PLN;'C992510511090304;TRANSAKCJA KARTĄ PŁATNICZĄ;Artykuły spożywcze
15.04.2025;15.04.2025;APTEKA SW. LUKASZA     WARSZAWA;;'23124015321111001044176713;;*********3025639;-32,90;PLN;'C992510511087388;TRANSAKCJA KARTĄ PŁATNICZĄ;Lekarstwa
15.04.2025;15.04.2025;JAKDOJADE.PL           POZNAN;;'23124015321111001044176713;;*********3025639;-20,00;PLN;'C992510509015715;TRANSAKCJA KARTĄ PŁATNICZĄ;Transport publiczny
14.04.2025;14.04.2025;JMP S.A. BIEDRONKA 445 WARSZAWA;;'23124015321111001044176713;;*********3025639;-5,99;PLN;'C992510414633542;TRANSAKCJA KARTĄ PŁATNICZĄ;Artykuły spożywcze
14.04.2025;14.04.2025;WARSZAWA ALEJE JEROZOL WARSZAWA;;'23124015321111001044176713;;*********3025639;-30,28;PLN;'C992510414642948;TRANSAKCJA KARTĄ PŁATNICZĄ;Artykuły spożywcze
14.04.2025;14.04.2025;MEDIA MARKT P510 K.3   WARSZAWA;;'23124015321111001044176713;;*********3025639;-18,99;PLN;'C992510413615518;TRANSAKCJA KARTĄ PŁATNICZĄ;Sprzęt AGD i RTV
14.04.2025;14.04.2025;PAYU;ZAKEXPRESS.COM. GRUNWALDZKA 186,POZNAN;'23124015321111001044176713;;BLIK REF       87658699326;-92,18;PLN;'C992510411500101;PŁATNOŚĆ BLIK;Zakupy przez internet
14.04.2025;13.04.2025;JMP S.A. BIEDRONKA 445 WARSZAWA;;'23124015321111001044176713;;*********3025639;-16,98;PLN;'C992510317294842;TRANSAKCJA KARTĄ PŁATNICZĄ;Artykuły spożywcze
14.04.2025;13.04.2025;JMP S.A. BIEDRONKA 445 WARSZAWA;;'23124015321111001044176713;;*********3025639;-16,48;PLN;'C992510310942238;TRANSAKCJA KARTĄ PŁATNICZĄ;Artykuły spożywcze
12.04.2025;12.04.2025;CARREFOUR HIPERMARKET  WARSZAWA;;'23124015321111001044176713;;*********3025639;-249,84;PLN;'C992510214755296;TRANSAKCJA KARTĄ PŁATNICZĄ;Artykuły spożywcze
12.04.2025;12.04.2025;CARREFOUR HIPERMARKET  WARSZAWA;;'23124015321111001044176713;;*********3025639;-8,00;PLN;'C992510212507570;TRANSAKCJA KARTĄ PŁATNICZĄ;Artykuły spożywcze
12.04.2025;12.04.2025;NEXTBIKE BENEFIT MULTI WARSZAWA;;'23124015321111001044176713;;*********3025639;-5,00;PLN;'C992510211437935;TRANSAKCJA KARTĄ PŁATNICZĄ;Sport
12.04.2025;11.04.2025;JMP S.A. BIEDRONKA 445 WARSZAWA;;'23124015321111001044176713;;*********3025639;-6,44;PLN;'C992510121426615;TRANSAKCJA KARTĄ PŁATNICZĄ;Artykuły spożywcze
11.04.2025;11.04.2025;JMP S.A. BIEDRONKA 445 WARSZAWA;;'23124015321111001044176713;;*********3025639;-4,19;PLN;'C992510114174151;TRANSAKCJA KARTĄ PŁATNICZĄ;Artykuły spożywcze
11.04.2025;11.04.2025;BISTRO GRZYBOWSKA      WARSZAWA;;'23124015321111001044176713;;*********3025639;-29,00;PLN;'C992510114921745;TRANSAKCJA KARTĄ PŁATNICZĄ;Restauracje i kawiarnie
10.04.2025;10.04.2025;XTB SPOLKA AKCYJNA;;'39124015321787001140533465;'20124020929729000002871368;2871368;-800,00;USD;'014254A624503523;PRZELEW INTERNET;Bez kategorii
10.04.2025;10.04.2025;CURRENCY ONE SA;SZYPERSKA 14 61-754    POZNAŃ              PL;'30124066251787001024213427;'39124015321787001140533465;/OPF/X/////TAGWTPL21929279 26034413Kamil Sobieraj;771,82;USD;'5650410608601118;PRZELEW;Inne
10.04.2025;10.04.2025;XTB S.A.;XTB.COM PROSTA 67,WARSAW;'23124015321111001044176713;;BLIK REF       87579167714;-2 000,00;PLN;'C992510009065065;PŁATNOŚĆ BLIK;Bez kategorii
10.04.2025;10.04.2025;PAYPRO S.A.;;'23124015321111001044176713;'72124062921111001129726875;/OPT/X/////P24-J4U-J8K-V1Q;-3 000,00;PLN;'014254A605507663;PRZELEW WEWNĘTRZNY - DOSTAWCA;Bez kategorii
10.04.2025;10.04.2025;KAFETERIA.MYBENEFIT.PL WARSZAWA;;'23124015321111001044176713;;*********3025639;-139,00;PLN;'C992510009063613;TRANSAKCJA KARTĄ PŁATNICZĄ;Sport
10.04.2025;10.04.2025;IKE BOSSA;;'23124015321111001044176713;'83154011578129000000814183;IKE 814183;-1 000,00;PLN;'014254AA71008513;ZLECENIE STAŁE;Bez kategorii
09.04.2025;09.04.2025;KACPER BANASIK;;'23124015321111001044176713;'69124060031111001048178711;kwiecień splitwise;-1 797,48;PLN;'0142549600805869;PRZELEW INTERNET;Bez kategorii
09.04.2025;09.04.2025;BISTRO GRZYBOWSKA      WARSZAWA;;'23124015321111001044176713;;*********3025639;-29,81;PLN;'C992509914046690;TRANSAKCJA KARTĄ PŁATNICZĄ;Restauracje i kawiarnie
09.04.2025;09.04.2025;ASSECO POLAND SA PŁACE;UL. OLCHOWA 14 35-322 RZESZÓW;'42124059181111000049090675;'23124015321111001044176713;WYNAGRODZENIE 03/2025 **202503U3**23119;8 805,19;PLN;'4910409987471794;PRZELEW;Wynagrodzenie
08.04.2025;08.04.2025;JMP S.A. BIEDRONKA 445 WARSZAWA;;'23124015321111001044176713;;*********3025639;-22,05;PLN;'C992509817688882;TRANSAKCJA KARTĄ PŁATNICZĄ;Artykuły spożywcze
08.04.2025;08.04.2025;JAKUB MACIEJ WRÓBEL;;'87102033520000170200784652;'23124015321111001044176713;Przelew na telefonOd: 48790768858 Do: 485*****789;27,50;PLN;'M042000166687663;PRZELEW BLIK PRZYCHODZĄCY;Sprzedaż
08.04.2025;08.04.2025;AUTOMATSPEC SPZOO      LISZKI;;'23124015321111001044176713;;*********3025639;-3,50;PLN;'C992509814072141;TRANSAKCJA KARTĄ PŁATNICZĄ;Restauracje i kawiarnie
08.04.2025;08.04.2025;MACHOP SP. Z O.O.      WARSZAWA;;'23124015321111001044176713;;*********3025639;-58,00;PLN;'C992509813020374;TRANSAKCJA KARTĄ PŁATNICZĄ;Restauracje i kawiarnie
07.04.2025;07.04.2025;KUCHNIA WIETNAMSK83619 WARSZAWA;;'23124015321111001044176713;;*********3025639;-29,00;PLN;'C992509717654564;TRANSAKCJA KARTĄ PŁATNICZĄ;Restauracje i kawiarnie
07.04.2025;07.04.2025;JMP S.A. BIEDRONKA 445 WARSZAWA;;'23124015321111001044176713;;*********3025639;-6,72;PLN;'C992509709322624;TRANSAKCJA KARTĄ PŁATNICZĄ;Artykuły spożywcze
07.04.2025;06.04.2025;ZABKA Z4410 K.2        WARSZAWA;;'23124015321111001044176713;;*********3025639;-13,50;PLN;'C992509615091622;TRANSAKCJA KARTĄ PŁATNICZĄ;Artykuły spożywcze
07.04.2025;06.04.2025;PAYPAL *PATRONITE      35314369001;;'23124015321111001044176713;;*********3025639;-7,00;PLN;'C992509613050868;TRANSAKCJA KARTĄ PŁATNICZĄ;Kino i teatr
07.04.2025;06.04.2025;BOGDAN SOBIERAJ;UL KOŁŁĄTAJA 3/23 18-403    ŁOMŻA               PL;'92124015321111001070940584;'23124015321111001044176713;zasilenie konta;500,00;PLN;'0142546603305665;PRZELEW;Inne
07.04.2025;05.04.2025;REVOLUT**3619*         DUBLIN;;'23124015321111001044176713;;;-100,00;PLN;'C992509521927653;TRANSAKCJA KARTĄ PŁATNICZĄ;Bez kategorii
05.04.2025;05.04.2025;LIDL KAROLKOWA         WARSZAWA;;'23124015321111001044176713;;*********3025639;-57,22;PLN;'C992509519539888;TRANSAKCJA KARTĄ PŁATNICZĄ;Artykuły spożywcze
05.04.2025;05.04.2025;ZABKA Z4410 K.2        WARSZAWA;;'23124015321111001044176713;;*********3025639;-5,50;PLN;'C992509515753880;TRANSAKCJA KARTĄ PŁATNICZĄ;Artykuły spożywcze
05.04.2025;05.04.2025;JMP S.A. BIEDRONKA 445 WARSZAWA;;'23124015321111001044176713;;*********3025639;-1,29;PLN;'C992509515751640;TRANSAKCJA KARTĄ PŁATNICZĄ;Artykuły spożywcze
04.04.2025;04.04.2025;JMP S.A. BIEDRONKA 445 WARSZAWA;;'23124015321111001044176713;;*********3025639;-58,78;PLN;'C992509416168810;TRANSAKCJA KARTĄ PŁATNICZĄ;Artykuły spożywcze
04.04.2025;03.04.2025;ALIEXPRESS             LUXEMBOURG;;'23124015321111001044176713;;;-41,57;PLN;'C992509323508887;TRANSAKCJA KARTĄ PŁATNICZĄ;Bez kategorii
04.04.2025;04.04.2025;JMP S.A. BIEDRONKA 445 WARSZAWA;;'23124015321111001044176713;;*********3025639;-20,98;PLN;'C992509411668475;TRANSAKCJA KARTĄ PŁATNICZĄ;Artykuły spożywcze
03.04.2025;03.04.2025;ZABKA Z4410 K.2        WARSZAWA;;'23124015321111001044176713;;*********3025639;-9,98;PLN;'C992509311322635;TRANSAKCJA KARTĄ PŁATNICZĄ;Artykuły spożywcze
03.04.2025;02.04.2025;PAYPRO S.A.;MARKAN-AGDRTV.P PASTELOWA 8,POZNAN;'23124015321111001044176713;;BLIK REF       87428657723;-76,59;PLN;'C992509223146884;PŁATNOŚĆ BLIK;Zakupy przez internet
02.04.2025;02.04.2025;LIDL KAROLKOWA         WARSZAWA;;'23124015321111001044176713;;*********3025639;-99,97;PLN;'C992509218039825;TRANSAKCJA KARTĄ PŁATNICZĄ;Artykuły spożywcze
02.04.2025;02.04.2025;ZABKA Z4410 K.1        WARSZAWA;;'23124015321111001044176713;;*********3025639;-7,20;PLN;'C992509215792504;TRANSAKCJA KARTĄ PŁATNICZĄ;Artykuły spożywcze
02.04.2025;02.04.2025;MEKONG                 WARSZAWA;;'23124015321111001044176713;;*********3025639;-33,70;PLN;'C992509215781455;TRANSAKCJA KARTĄ PŁATNICZĄ;Restauracje i kawiarnie
02.04.2025;02.04.2025;JMP S.A. BIEDRONKA 445 WARSZAWA;;'23124015321111001044176713;;*********3025639;-17,00;PLN;'C992509210608623;TRANSAKCJA KARTĄ PŁATNICZĄ;Artykuły spożywcze
01.04.2025;01.04.2025;SKLEP FIRMOWY NR 117   WARSZAWA;;'23124015321111001044176713;;*********3025639;-1,45;PLN;'C992509109074433;TRANSAKCJA KARTĄ PŁATNICZĄ;Artykuły spożywcze
31.03.2025;31.03.2025;;;;'23124015321111001044176713;ODSETKI OD DEPOZYTU;0,04;PLN;'014253V98C001001;ODSETKI OD DEPOZYTU;Odsetki, zwrot z inwestycji
31.03.2025;31.03.2025;;;'23124015321111001044176713;;PODATEK POBRANY;-0,01;PLN;'014253V98C001000;PODATEK POBRANY;Podatki
31.03.2025;31.03.2025;JMP S.A. BIEDRONKA 445 WARSZAWA;;'23124015321111001044176713;;*********3025639;-9,44;PLN;'C992509011356947;TRANSAKCJA KARTĄ PŁATNICZĄ;Artykuły spożywcze
31.03.2025;30.03.2025;ZABKA Z4410 K.2        WARSZAWA;;'23124015321111001044176713;;*********3025639;-17,98;PLN;'C992508916140532;TRANSAKCJA KARTĄ PŁATNICZĄ;Artykuły spożywcze
29.03.2025;29.03.2025;ZABKA Z4410 K.2        WARSZAWA;;'23124015321111001044176713;;*********3025639;-9,98;PLN;'C992508809579353;TRANSAKCJA KARTĄ PŁATNICZĄ;Artykuły spożywcze
29.03.2025;29.03.2025;JMP S.A. BIEDRONKA 445 WARSZAWA;;'23124015321111001044176713;;*********3025639;-6,00;PLN;'C992508809577369;TRANSAKCJA KARTĄ PŁATNICZĄ;Artykuły spożywcze
28.03.2025;28.03.2025;ZABKA Z4410 K.2        WARSZAWA;;'23124015321111001044176713;;*********3025639;-10,99;PLN;'C992508720728598;TRANSAKCJA KARTĄ PŁATNICZĄ;Artykuły spożywcze
28.03.2025;28.03.2025;JMP S.A. BIEDRONKA 631 WARSZAWA;;'23124015321111001044176713;;*********3025639;-104,48;PLN;'C992508717606851;TRANSAKCJA KARTĄ PŁATNICZĄ;Artykuły spożywcze
28.03.2025;28.03.2025;JMP S.A. BIEDRONKA 445 WARSZAWA;;'23124015321111001044176713;;*********3025639;-8,80;PLN;'C992508713191493;TRANSAKCJA KARTĄ PŁATNICZĄ;Artykuły spożywcze
28.03.2025;22.03.2025;BANK PEKAO S.A.;CENTRALA-OŚRODEK OPERACJI KART UL. ŻUBRA 1 01-066 WARSZAWA;'53124000270999999999999999;'23124015321111001044176713;ZWROT NIEROZLICZONEJ TRANSAKCJINA KARTĘ **** **** 4302 5639WYKONANEJ DN. 22/03/2025;1,60;PLN;'0325032860007923;PRZELEW;Inne
27.03.2025;27.03.2025;JMP S.A. BIEDRONKA 445 WARSZAWA;;'23124015321111001044176713;;*********3025639;-3,11;PLN;'C992508619108444;TRANSAKCJA KARTĄ PŁATNICZĄ;Artykuły spożywcze
26.03.2025;26.03.2025;LIDL KAROLKOWA         WARSZAWA;;'23124015321111001044176713;;*********3025639;-94,70;PLN;'C992508518368031;TRANSAKCJA KARTĄ PŁATNICZĄ;Artykuły spożywcze
25.03.2025;25.03.2025;MACHOP SP. Z O.O.      WARSZAWA;;'23124015321111001044176713;;*********3025639;-79,00;PLN;'C992508412735558;TRANSAKCJA KARTĄ PŁATNICZĄ;Restauracje i kawiarnie
25.03.2025;25.03.2025;JMP S.A. BIEDRONKA 445 WARSZAWA;;'23124015321111001044176713;;*********3025639;-5,99;PLN;'C992508419926305;TRANSAKCJA KARTĄ PŁATNICZĄ;Artykuły spożywcze
25.03.2025;25.03.2025;SPOLEM WOLA SKLEP NR 3 WARSZAWA;;'23124015321111001044176713;;*********3025639;-3,89;PLN;'C992508415853269;TRANSAKCJA KARTĄ PŁATNICZĄ;Artykuły spożywcze
25.03.2025;25.03.2025;PIEKARNIA ORMIANSKA ZE WARSZAWA;;'23124015321111001044176713;;*********3025639;-15,00;PLN;'C992508417872050;TRANSAKCJA KARTĄ PŁATNICZĄ;Artykuły spożywcze
25.03.2025;25.03.2025;JAKUB MACIEJ WRÓBEL;;'87102033520000170200784652;'23124015321111001044176713;obiadOd: 48790768858 Do: 485*****789;43,00;PLN;'M042000163978592;PRZELEW BLIK PRZYCHODZĄCY;Inne
25.03.2025;25.03.2025;GORACO POLECAM         WARSZAWA;;'23124015321111001044176713;;*********3025639;-14,95;PLN;'C992508408597763;TRANSAKCJA KARTĄ PŁATNICZĄ;Artykuły spożywcze
24.03.2025;24.03.2025;ZABKA Z4410 K.2        WARSZAWA;;'23124015321111001044176713;;*********3025639;-11,40;PLN;'C992508311138613;TRANSAKCJA KARTĄ PŁATNICZĄ;Artykuły spożywcze
24.03.2025;24.03.2025;ALLEGRO                POZNAN;;'23124015321111001044176713;;*********3025639;-183,96;PLN;'C992508312199053;TRANSAKCJA KARTĄ PŁATNICZĄ;Zakupy przez internet
24.03.2025;23.03.2025;TRANSFERUJ.PL;PLAC ANDERSA 3 61-894 POZNAN;'23124015321111001044176713;'06124059181111001052283171;/OPT/X/////TR-7YY-FZ9ZJYXdla iExpert.pl SA;-165,00;PLN;'014253N605209570;PRZELEW MOBILE;Bez kategorii
24.03.2025;23.03.2025;CUKIERNIA PAWLOWICZ    WARSZAWA;;'23124015321111001044176713;;*********3025639;-17,00;PLN;'C992508214651124;TRANSAKCJA KARTĄ PŁATNICZĄ;Artykuły spożywcze
24.03.2025;22.03.2025;JMP S.A. BIEDRONKA 445 WARSZAWA;;'23124015321111001044176713;;*********3025639;-7,88;PLN;'C992508121533669;TRANSAKCJA KARTĄ PŁATNICZĄ;Artykuły spożywcze
22.03.2025;22.03.2025;ALLEGRO                POZNAN;;'23124015321111001044176713;;*********3025639;-169,90;PLN;'C992508119501752;TRANSAKCJA KARTĄ PŁATNICZĄ;Zakupy przez internet
22.03.2025;22.03.2025;UBER   * EATS PENDING  AMSTERDAM;;'23124015321111001044176713;;*********3025639;-161,25;PLN;'C992508113296649;TRANSAKCJA KARTĄ PŁATNICZĄ;Restauracje i kawiarnie
22.03.2025;22.03.2025;UBER   * PENDING       AMSTERDAM;;'23124015321111001044176713;;*********3025639;-1,60;PLN;'C992508113285972;TRANSAKCJA KARTĄ PŁATNICZĄ;Bez kategorii
22.03.2025;22.03.2025;JMP S.A. BIEDRONKA 445 WARSZAWA;;'23124015321111001044176713;;*********3025639;-45,75;PLN;'C992508113299731;TRANSAKCJA KARTĄ PŁATNICZĄ;Artykuły spożywcze
21.03.2025;21.03.2025;JMP S.A. BIEDRONKA 631 WARSZAWA;;'23124015321111001044176713;;*********3025639;-9,49;PLN;'C992508017864512;TRANSAKCJA KARTĄ PŁATNICZĄ;Artykuły spożywcze
21.03.2025;21.03.2025;BISTRO GRZYBOWSKA      WARSZAWA;;'23124015321111001044176713;;*********3025639;-51,62;PLN;'C992508012650200;TRANSAKCJA KARTĄ PŁATNICZĄ;Restauracje i kawiarnie
20.03.2025;20.03.2025;JMP S.A. BIEDRONKA 445 WARSZAWA;;'23124015321111001044176713;;*********3025639;-4,19;PLN;'C992507918340056;TRANSAKCJA KARTĄ PŁATNICZĄ;Artykuły spożywcze
20.03.2025;20.03.2025;MILENA;;'23124015321111001044176713;'70105001451000009744880387;Przelew na telefon 48663***503. Prezent Ania cześć 2;-17,00;PLN;'M042101039387168;PRZELEW BLIK WYCHODZĄCY;Internet, TV, telefon
20.03.2025;20.03.2025;ZABKA Z4410 K.1        WARSZAWA;;'23124015321111001044176713;;*********3025639;-4,99;PLN;'C992507909016120;TRANSAKCJA KARTĄ PŁATNICZĄ;Artykuły spożywcze
20.03.2025;20.03.2025;JMP S.A. BIEDRONKA 445 WARSZAWA;;'23124015321111001044176713;;*********3025639;-40,95;PLN;'C992507907933393;TRANSAKCJA KARTĄ PŁATNICZĄ;Artykuły spożywcze
20.03.2025;19.03.2025;ZABKA Z4410 K.2        WARSZAWA;;'23124015321111001044176713;;*********3025639;-15,98;PLN;'C992507822881377;TRANSAKCJA KARTĄ PŁATNICZĄ;Artykuły spożywcze
19.03.2025;19.03.2025;LIDL KAROLKOWA         WARSZAWA;;'23124015321111001044176713;;*********3025639;-71,65;PLN;'C992507818804255;TRANSAKCJA KARTĄ PŁATNICZĄ;Artykuły spożywcze
19.03.2025;19.03.2025;ZABKA Z4410 K.1        WARSZAWA;;'23124015321111001044176713;;*********3025639;-3,98;PLN;'C992507813609926;TRANSAKCJA KARTĄ PŁATNICZĄ;Artykuły spożywcze
19.03.2025;19.03.2025;MEKONG                 WARSZAWA;;'23124015321111001044176713;;*********3025639;-34,70;PLN;'C992507813589542;TRANSAKCJA KARTĄ PŁATNICZĄ;Restauracje i kawiarnie
19.03.2025;19.03.2025;JMP S.A. BIEDRONKA 445 WARSZAWA;;'23124015321111001044176713;;*********3025639;-39,41;PLN;'C992507810502300;TRANSAKCJA KARTĄ PŁATNICZĄ;Artykuły spożywcze
17.03.2025;17.03.2025;PIEKARNIA ORMIANSKA ZE WARSZAWA;;'23124015321111001044176713;;*********3025639;-40,00;PLN;'C992507617736504;TRANSAKCJA KARTĄ PŁATNICZĄ;Artykuły spożywcze
17.03.2025;17.03.2025;;;'23124015321111001044176713;'92124020921362991111000000;Opłata za obsługę kartyMasterCard Debit*43025639 za miesiąc 03.2025;-1,00;PLN;'M0150PCI00221502;PROWIZJE AUT.;Opłaty bankowe
17.03.2025;16.03.2025;FOODSI.PL              LUBLIN;;'23124015321111001044176713;;*********3025639;-13,00;PLN;'C992507517300169;TRANSAKCJA KARTĄ PŁATNICZĄ;Restauracje i kawiarnie
15.03.2025;15.03.2025;JMP S.A. BIEDRONKA 445 WARSZAWA;;'23124015321111001044176713;;*********3025639;-65,67;PLN;'C992507416952053;TRANSAKCJA KARTĄ PŁATNICZĄ;Artykuły spożywcze
14.03.2025;14.03.2025;MILENA;;'23124015321111001044176713;'70105001451000009744880387;Przelew na telefon 48663***503. Ania prezent;-150,00;PLN;'M042101034845063;PRZELEW BLIK WYCHODZĄCY;Internet, TV, telefon
14.03.2025;14.03.2025;ASSECO POLAND SA PŁACE;UL. OLCHOWA 14 35-322 RZESZÓW;'42124059181111000049090675;'23124015321111001044176713;PREMIA STANDBY **202503P3** 23119;528,48;PLN;'4910314987651742;PRZELEW;Premia, nagroda
14.03.2025;14.03.2025;BISTRO GRZYBOWSKA      WARSZAWA;;'23124015321111001044176713;;*********3025639;-31,81;PLN;'C992507314284409;TRANSAKCJA KARTĄ PŁATNICZĄ;Restauracje i kawiarnie
14.03.2025;14.03.2025;JMP S.A. BIEDRONKA 445 WARSZAWA;;'23124015321111001044176713;;*********3025639;-26,99;PLN;'C992507313282849;TRANSAKCJA KARTĄ PŁATNICZĄ;Artykuły spożywcze
14.03.2025;14.03.2025;JMP S.A. BIEDRONKA 445 WARSZAWA;;'23124015321111001044176713;;*********3025639;-6,49;PLN;'C992507310097388;TRANSAKCJA KARTĄ PŁATNICZĄ;Artykuły spożywcze
13.03.2025;13.03.2025;ZABKA Z4410 K.2        WARSZAWA;;'23124015321111001044176713;;*********3025639;-7,40;PLN;'C992507213662082;TRANSAKCJA KARTĄ PŁATNICZĄ;Artykuły spożywcze
13.03.2025;13.03.2025;BISTRO GRZYBOWSKA      WARSZAWA;;'23124015321111001044176713;;*********3025639;-30,81;PLN;'C992507213673916;TRANSAKCJA KARTĄ PŁATNICZĄ;Restauracje i kawiarnie
13.03.2025;13.03.2025;JMP S.A. BIEDRONKA 445 WARSZAWA;;'23124015321111001044176713;;*********3025639;-7,26;PLN;'C992507210563978;TRANSAKCJA KARTĄ PŁATNICZĄ;Artykuły spożywcze
13.03.2025;12.03.2025;JMP S.A. BIEDRONKA 445 WARSZAWA;;'23124015321111001044176713;;*********3025639;-3,89;PLN;'C992507121435504;TRANSAKCJA KARTĄ PŁATNICZĄ;Artykuły spożywcze
11.03.2025;11.03.2025;JMP S.A. BIEDRONKA 445 WARSZAWA;;'23124015321111001044176713;;*********3025639;-6,64;PLN;'C992507017772526;TRANSAKCJA KARTĄ PŁATNICZĄ;Artykuły spożywcze
11.03.2025;11.03.2025;MARIUSZ ZIECINA;;'23124015321111001044176713;'26102011270000130202564748;Przelew na telefon 48514***978. Telesajgon;-31,50;PLN;'M042101031576574;PRZELEW BLIK WYCHODZĄCY;Restauracje i kawiarnie
11.03.2025;11.03.2025;SYSTEM.MYBENEFIT.PL    WARSZAWA;;'23124015321111001044176713;;*********3025639;-139,00;PLN;'C992507009461425;TRANSAKCJA KARTĄ PŁATNICZĄ;Lekarstwa
11.03.2025;11.03.2025;SKLEP FIRMOWY NR 117   WARSZAWA;;'23124015321111001044176713;;*********3025639;-2,59;PLN;'C992507009433695;TRANSAKCJA KARTĄ PŁATNICZĄ;Artykuły spożywcze
10.03.2025;10.03.2025;XTB SPOLKA AKCYJNA;;'39124015321787001140533465;'20124020929729000002871368;2871368;-800,00;USD;'014253A629104138;REALIZACJA PŁATNOŚCI PEOPAY;Bez kategorii
10.03.2025;10.03.2025;"BEP-WIET"" HONG SINH NG WARSZAWA";;'23124015321111001044176713;;*********3025639;-26,00;PLN;'C992506918264515;TRANSAKCJA KARTĄ PŁATNICZĄ;Restauracje i kawiarnie
10.03.2025;10.03.2025;LIDL KAROLKOWA         WARSZAWA;;'23124015321111001044176713;;*********3025639;-2,99;PLN;'C992506918260129;TRANSAKCJA KARTĄ PŁATNICZĄ;Artykuły spożywcze
10.03.2025;10.03.2025;CURRENCY ONE SA;SZYPERSKA 14 61-754    POZNAŃ              PL;'30124066251787001024213427;'39124015321787001140533465;/OPF/X/////TAGWTPL29845363 26034413Kamil Sobieraj;774,59;USD;'5650310614402482;PRZELEW;Inne
10.03.2025;10.03.2025;XTB.COM/PL;WWW.XTB.COM UL.  PROSTA 67,WARSZAWA;'23124015321111001044176713;;BLIK REF       86957325548;-2 000,00;PLN;'C992506911996095;PŁATNOŚĆ BLIK;Bez kategorii
10.03.2025;10.03.2025;PAYPRO S.A.;;'23124015321111001044176713;'65124059341111001093613108;/OPT/X/////P24-H9T-Y4U-D6Q;-3 000,00;PLN;'014253A627401822;PRZELEW WEWNĘTRZNY - DOSTAWCA;Bez kategorii
10.03.2025;10.03.2025;IKE BOSSA;;'23124015321111001044176713;'83154011578129000000814183;IKE 814183;-1 000,00;PLN;'014253AA71010082;ZLECENIE STAŁE;Bez kategorii
10.03.2025;09.03.2025;ZABKA Z4410 K.2        WARSZAWA;;'23124015321111001044176713;;*********3025639;-13,98;PLN;'C992506820776058;TRANSAKCJA KARTĄ PŁATNICZĄ;Artykuły spożywcze
10.03.2025;09.03.2025;PAYPRO S.A.;UL. PASTELOWA 8 60-198 POZNAŃ;'23124015321111001044176713;'84124059341111001098127437;/OPT/X/////P24-G6T-Y5M-M7Z;-194,10;PLN;'0142539620804780;PRZELEW MOBILE;Bez kategorii
10.03.2025;09.03.2025;ZABKA Z4410 K.1        WARSZAWA;;'23124015321111001044176713;;*********3025639;-13,40;PLN;'C992506815629086;TRANSAKCJA KARTĄ PŁATNICZĄ;Artykuły spożywcze
10.03.2025;09.03.2025;MEKONG                 WARSZAWA;;'23124015321111001044176713;;*********3025639;-31,70;PLN;'C992506815677097;TRANSAKCJA KARTĄ PŁATNICZĄ;Restauracje i kawiarnie
08.03.2025;08.03.2025;AUCHAN POLSKA SP. Z  0 WARSZAWA;;'23124015321111001044176713;;*********3025639;-122,42;PLN;'C992506716314627;TRANSAKCJA KARTĄ PŁATNICZĄ;Artykuły spożywcze
08.03.2025;08.03.2025;JMP S.A. BIEDRONKA 445 WARSZAWA;;'23124015321111001044176713;;*********3025639;-8,99;PLN;'C992506711071269;TRANSAKCJA KARTĄ PŁATNICZĄ;Artykuły spożywcze
08.03.2025;08.03.2025;JMP S.A. BIEDRONKA 445 WARSZAWA;;'23124015321111001044176713;;*********3025639;-12,90;PLN;'C992506710009514;TRANSAKCJA KARTĄ PŁATNICZĄ;Artykuły spożywcze
08.03.2025;07.03.2025;ALLEGRO                POZNAN;;'23124015321111001044176713;;*********3025639;-66,35;PLN;'C992506620844188;TRANSAKCJA KARTĄ PŁATNICZĄ;Zakupy przez internet
07.03.2025;07.03.2025;JMP S.A. BIEDRONKA 631 WARSZAWA;;'23124015321111001044176713;;*********3025639;-78,90;PLN;'C992506617738840;TRANSAKCJA KARTĄ PŁATNICZĄ;Artykuły spożywcze
07.03.2025;07.03.2025;KACPER BANASIK;;'23124015321111001044176713;'69124060031111001048178711;Splitwase marzec;-1 956,34;PLN;'0142537629303315;REALIZACJA PŁATNOŚCI PEOPAY;Bez kategorii
07.03.2025;07.03.2025;ASSECO POLAND SA PŁACE;UL. OLCHOWA 14 35-322 RZESZÓW;'42124059181111000049090675;'23124015321111001044176713;WYNAGRODZENIE 02/2025 **202502U5**23119;9 307,19;PLN;'4910307989713262;PRZELEW;Wynagrodzenie
07.03.2025;07.03.2025;JMP S.A. BIEDRONKA 445 WARSZAWA;;'23124015321111001044176713;;*********3025639;-13,28;PLN;'C992506610414270;TRANSAKCJA KARTĄ PŁATNICZĄ;Artykuły spożywcze
06.03.2025;06.03.2025;JMP S.A. BIEDRONKA 445 WARSZAWA;;'23124015321111001044176713;;*********3025639;-8,88;PLN;'C992506514995476;TRANSAKCJA KARTĄ PŁATNICZĄ;Artykuły spożywcze
06.03.2025;06.03.2025;PAYPAL *PATRONITE      35314369001;;'23124015321111001044176713;;*********3025639;-7,00;PLN;'C992506511890068;TRANSAKCJA KARTĄ PŁATNICZĄ;Kino i teatr
05.03.2025;05.03.2025;LIDL KAROLKOWA         WARSZAWA;;'23124015321111001044176713;;*********3025639;-47,85;PLN;'C992506418643725;TRANSAKCJA KARTĄ PŁATNICZĄ;Artykuły spożywcze
05.03.2025;05.03.2025;JMP S.A. BIEDRONKA 445 WARSZAWA;;'23124015321111001044176713;;*********3025639;-5,01;PLN;'C992506411335146;TRANSAKCJA KARTĄ PŁATNICZĄ;Artykuły spożywcze
04.03.2025;04.03.2025;LIPONOGA NINA;;'23116022020000000081891379;'23124015321111001044176713;Przelew BLIK na telefon;26,00;PLN;'M042000159856730;PRZELEW BLIK PRZYCHODZĄCY;Sprzedaż
04.03.2025;04.03.2025;FLORA CAFFE            WARSZAWA;;'23124015321111001044176713;;*********3025639;-52,00;PLN;'C992506319156663;TRANSAKCJA KARTĄ PŁATNICZĄ;Restauracje i kawiarnie
03.03.2025;03.03.2025;JMP S.A. BIEDRONKA 445 WARSZAWA;;'23124015321111001044176713;;*********3025639;-63,16;PLN;'C992506218634565;TRANSAKCJA KARTĄ PŁATNICZĄ;Artykuły spożywcze
03.03.2025;03.03.2025;BISTRO GRZYBOWSKA      WARSZAWA;;'23124015321111001044176713;;*********3025639;-27,81;PLN;'C992506212338645;TRANSAKCJA KARTĄ PŁATNICZĄ;Restauracje i kawiarnie
03.03.2025;03.03.2025;XTB.COM/PL;WWW.XTB.COM UL.  PROSTA 67,WARSZAWA;'23124015321111001044176713;;BLIK REF       86819887649;-3 000,00;PLN;'C992506211342454;PŁATNOŚĆ BLIK;Bez kategorii
03.03.2025;02.03.2025;MINISTERSTWO FINANSOW;MF/TWOJ E-PIT P SWIETOKRZYSKA 12,WARSZAWA;'23124015321111001044176713;;BLIK REF       86799280213;-1 139,59;PLN;'C992506112011648;PŁATNOŚĆ BLIK;Bez kategorii
01.03.2025;01.03.2025;FINELF.COM SP. Z O.O.  +48882454482;;'23124015321111001044176713;;*********3025639;-4,00;PLN;'C992506019923882;TRANSAKCJA KARTĄ PŁATNICZĄ;Multimedia
01.03.2025;01.03.2025;ALIEXPRESS             LUXEMBOURG;;'23124015321111001044176713;;;-49,71;PLN;'C992506019897532;TRANSAKCJA KARTĄ PŁATNICZĄ;Bez kategorii
01.03.2025;01.03.2025;JMP S.A. BIEDRONKA 445 WARSZAWA;;'23124015321111001044176713;;*********3025639;-39,97;PLN;'C992506018895486;TRANSAKCJA KARTĄ PŁATNICZĄ;Artykuły spożywcze
01.03.2025;01.03.2025;JMP S.A. BIEDRONKA 445 WARSZAWA;;'23124015321111001044176713;;*********3025639;-47,09;PLN;'C992506014708600;TRANSAKCJA KARTĄ PŁATNICZĄ;Artykuły spożywcze
28.02.2025;28.02.2025;;;;'23124015321111001044176713;ODSETKI OD DEPOZYTU;0,07;PLN;'014252S98C000989;ODSETKI OD DEPOZYTU;Odsetki, zwrot z inwestycji
28.02.2025;28.02.2025;;;'23124015321111001044176713;;PODATEK POBRANY;-0,02;PLN;'014252S98C000988;PODATEK POBRANY;Podatki
28.02.2025;28.02.2025;LIDL KAROLKOWA         WARSZAWA;;'23124015321111001044176713;;*********3025639;-84,76;PLN;'C992505918320403;TRANSAKCJA KARTĄ PŁATNICZĄ;Artykuły spożywcze
28.02.2025;27.02.2025;JMP S.A. BIEDRONKA 445 WARSZAWA;;'23124015321111001044176713;;*********3025639;-33,79;PLN;'C992505821808852;TRANSAKCJA KARTĄ PŁATNICZĄ;Artykuły spożywcze
26.02.2025;26.02.2025;JMP S.A. BIEDRONKA 445 WARSZAWA;;'23124015321111001044176713;;*********3025639;-0,79;PLN;'C992505708856100;TRANSAKCJA KARTĄ PŁATNICZĄ;Artykuły spożywcze
26.02.2025;26.02.2025;JMP S.A. BIEDRONKA 445 WARSZAWA;;'23124015321111001044176713;;*********3025639;-9,98;PLN;'C992505717215388;TRANSAKCJA KARTĄ PŁATNICZĄ;Artykuły spożywcze
26.02.2025;26.02.2025;JMP S.A. BIEDRONKA 445 WARSZAWA;;'23124015321111001044176713;;*********3025639;-27,37;PLN;'C992505708850633;TRANSAKCJA KARTĄ PŁATNICZĄ;Artykuły spożywcze
25.02.2025;25.02.2025;JMP S.A. BIEDRONKA 445 WARSZAWA;;'23124015321111001044176713;;*********3025639;-12,75;PLN;'C992505610431911;TRANSAKCJA KARTĄ PŁATNICZĄ;Artykuły spożywcze
24.02.2025;24.02.2025;JMP S.A. BIEDRONKA 445 WARSZAWA;;'23124015321111001044176713;;*********3025639;-46,92;PLN;'C992505515103070;TRANSAKCJA KARTĄ PŁATNICZĄ;Artykuły spożywcze
22.02.2025;22.02.2025;ZABKA Z8085 K.2        WARSZAWA;;'23124015321111001044176713;;*********3025639;-15,00;PLN;'C992505317477628;TRANSAKCJA KARTĄ PŁATNICZĄ;Artykuły spożywcze
22.02.2025;22.02.2025;JMP S.A. BIEDRONKA 445 WARSZAWA;;'23124015321111001044176713;;*********3025639;-0,79;PLN;'C992505310250961;TRANSAKCJA KARTĄ PŁATNICZĄ;Artykuły spożywcze
22.02.2025;22.02.2025;JMP S.A. BIEDRONKA 445 WARSZAWA;;'23124015321111001044176713;;*********3025639;-136,29;PLN;'C992505310249828;TRANSAKCJA KARTĄ PŁATNICZĄ;Artykuły spożywcze
21.02.2025;21.02.2025;DOZ APTEKA DBAM O ZDRO WARSZAWA;;'23124015321111001044176713;;*********3025639;-22,99;PLN;'C992505219014835;TRANSAKCJA KARTĄ PŁATNICZĄ;Lekarstwa
21.02.2025;21.02.2025;JMP S.A. BIEDRONKA 631 WARSZAWA;;'23124015321111001044176713;;*********3025639;-20,40;PLN;'C992505208629268;TRANSAKCJA KARTĄ PŁATNICZĄ;Artykuły spożywcze
19.02.2025;19.02.2025;APPLE.COM/BILL         APPLE.COM/BI;;'23124015321111001044176713;;*********3025639;-4,99;PLN;'C992505003616704;TRANSAKCJA KARTĄ PŁATNICZĄ;Bez kategorii
19.02.2025;19.02.2025;JMP S.A. BIEDRONKA 445 WARSZAWA;;'23124015321111001044176713;;*********3025639;-10,04;PLN;'C992505012710620;TRANSAKCJA KARTĄ PŁATNICZĄ;Artykuły spożywcze
19.02.2025;19.02.2025;ALLEGRO                POZNAN;;'23124015321111001044176713;;*********3025639;-45,00;PLN;'C992505000609018;TRANSAKCJA KARTĄ PŁATNICZĄ;Zakupy przez internet
19.02.2025;18.02.2025;OSTROVIT.COM           ZAMBROW;;'23124015321111001044176713;;*********3025639;-382,00;PLN;'C992504923548412;TRANSAKCJA KARTĄ PŁATNICZĄ;Artykuły spożywcze
18.02.2025;18.02.2025;AUTOMATSPEC SPZOO      LISZKI;;'23124015321111001044176713;;*********3025639;-4,00;PLN;'C992504910267718;TRANSAKCJA KARTĄ PŁATNICZĄ;Restauracje i kawiarnie
18.02.2025;18.02.2025;JMP S.A. BIEDRONKA 445 WARSZAWA;;'23124015321111001044176713;;*********3025639;-3,99;PLN;'C992504917430000;TRANSAKCJA KARTĄ PŁATNICZĄ;Artykuły spożywcze
18.02.2025;18.02.2025;LIPONOGA NINA;;'23116022020000000081891379;'23124015321111001044176713;Przelew BLIK na telefon;15,00;PLN;'M042000157190197;PRZELEW BLIK PRZYCHODZĄCY;Sprzedaż
18.02.2025;18.02.2025;SKLEP FIRMOWY NR 117   WARSZAWA;;'23124015321111001044176713;;*********3025639;-18,08;PLN;'C992504908202341;TRANSAKCJA KARTĄ PŁATNICZĄ;Artykuły spożywcze
18.02.2025;18.02.2025;MONIKA ADAMOWICZ-BALCERCZYK UL.LEGI;;'21191010482205037537810001;'23124015321111001044176713;BLIK transfer to a mobile phone;20,00;PLN;'M042000157193930;PRZELEW BLIK PRZYCHODZĄCY;Inne
18.02.2025;18.02.2025;FLORA CAFFE            WARSZAWA;;'23124015321111001044176713;;*********3025639;-70,00;PLN;'C992504913355367;TRANSAKCJA KARTĄ PŁATNICZĄ;Restauracje i kawiarnie
17.02.2025;17.02.2025;JMP S.A. BIEDRONKA 445 WARSZAWA;;'23124015321111001044176713;;*********3025639;-32,16;PLN;'C992504816000897;TRANSAKCJA KARTĄ PŁATNICZĄ;Artykuły spożywcze
17.02.2025;17.02.2025;JMP S.A. BIEDRONKA 445 WARSZAWA;;'23124015321111001044176713;;*********3025639;-9,57;PLN;'C992504810675340;TRANSAKCJA KARTĄ PŁATNICZĄ;Artykuły spożywcze
17.02.2025;17.02.2025;;;'23124015321111001044176713;'92124020921362991111000000;Opłata za obsługę kartyMasterCard Debit*43025639 za miesiąc 02.2025;-1,00;PLN;'M0150PBI00203786;PROWIZJE AUT.;Opłaty bankowe
17.02.2025;16.02.2025;CASHBILL ECOMM;POLSKIEPREMIUM. SOBIESKIEGO 2,KATOWICE;'23124015321111001044176713;;BLIK REF       86515910491;-17,99;PLN;'C992504721568911;PŁATNOŚĆ BLIK;Zakupy przez internet
15.02.2025;15.02.2025;"BEP-WIET"" HONG SINH NG WARSZAWA";;'23124015321111001044176713;;*********3025639;-26,00;PLN;'C992504615253775;TRANSAKCJA KARTĄ PŁATNICZĄ;Restauracje i kawiarnie
15.02.2025;15.02.2025;LIDL KAROLKOWA         WARSZAWA;;'23124015321111001044176713;;*********3025639;-163,87;PLN;'C992504615169888;TRANSAKCJA KARTĄ PŁATNICZĄ;Artykuły spożywcze
15.02.2025;15.02.2025;PIEKARNIA ORMIANSKA ZE WARSZAWA;;'23124015321111001044176713;;*********3025639;-15,00;PLN;'C992504611014156;TRANSAKCJA KARTĄ PŁATNICZĄ;Artykuły spożywcze
15.02.2025;15.02.2025;JAKDOJADE.PL           POZNAN;;'23124015321111001044176713;;*********3025639;-20,00;PLN;'C992504610042012;TRANSAKCJA KARTĄ PŁATNICZĄ;Transport publiczny
15.02.2025;14.02.2025;JMP S.A. BIEDRONKA 445 WARSZAWA;;'23124015321111001044176713;;*********3025639;-6,99;PLN;'C992504520881604;TRANSAKCJA KARTĄ PŁATNICZĄ;Artykuły spożywcze
14.02.2025;14.02.2025;ASSECO POLAND SA PŁACE;UL. OLCHOWA 14 35-322 RZESZÓW;'42124059181111000049090675;'23124015321111001044176713;PREMIA STANDBY **202502P6** 23119;2 906,67;PLN;'4910214987451725;PRZELEW;Premia, nagroda
14.02.2025;14.02.2025;BISTRO GRZYBOWSKA      WARSZAWA;;'23124015321111001044176713;;*********3025639;-29,81;PLN;'C992504515690672;TRANSAKCJA KARTĄ PŁATNICZĄ;Restauracje i kawiarnie
14.02.2025;14.02.2025;JMP S.A. BIEDRONKA 445 WARSZAWA;;'23124015321111001044176713;;*********3025639;-48,55;PLN;'C992504510461828;TRANSAKCJA KARTĄ PŁATNICZĄ;Artykuły spożywcze
14.02.2025;14.02.2025;JMP S.A. BIEDRONKA 445 WARSZAWA;;'23124015321111001044176713;;*********3025639;-4,99;PLN;'C992504515589992;TRANSAKCJA KARTĄ PŁATNICZĄ;Artykuły spożywcze
13.02.2025;13.02.2025;JMP S.A. BIEDRONKA 445 WARSZAWA;;'23124015321111001044176713;;*********3025639;-29,88;PLN;'C992504418159723;TRANSAKCJA KARTĄ PŁATNICZĄ;Artykuły spożywcze
13.02.2025;13.02.2025;XTB.COM/PL;WWW.XTB.COM UL.  PROSTA 67,WARSZAWA;'23124015321111001044176713;;BLIK REF       86442675682;-2 000,00;PLN;'C992504416178303;PŁATNOŚĆ BLIK;Bez kategorii
13.02.2025;13.02.2025;XTB SPOLKA AKCYJNA;;'39124015321787001140533465;'20124020929729000002871368;2871368;-900,00;USD;'014252D620506307;REALIZACJA PŁATNOŚCI PEOPAY;Bez kategorii
13.02.2025;13.02.2025;CURRENCY ONE SA;SZYPERSKA 14 61-754    POZNAŃ              PL;'30124066251787001024213427;'39124015321787001140533465;/OPF/X/////TAGWTPL11311419 26034413Kamil Sobieraj;745,67;USD;'5650213607102352;PRZELEW;Inne
13.02.2025;13.02.2025;PAYPRO S.A.;;'23124015321111001044176713;'72124062921111001129726875;/OPT/X/////P24-C2T-N1J-J9N;-3 000,00;PLN;'014252D602509606;PRZELEW WEWNĘTRZNY - DOSTAWCA;Bez kategorii
13.02.2025;13.02.2025;JMP S.A. BIEDRONKA 445 WARSZAWA;;'23124015321111001044176713;;*********3025639;-20,43;PLN;'C992504411954718;TRANSAKCJA KARTĄ PŁATNICZĄ;Artykuły spożywcze
13.02.2025;12.02.2025;ZABKA Z8085 K.2        WARSZAWA;;'23124015321111001044176713;;*********3025639;-10,99;PLN;'C992504322816329;TRANSAKCJA KARTĄ PŁATNICZĄ;Artykuły spożywcze
12.02.2025;12.02.2025;ZABKA Z4410 K.2        WARSZAWA;;'23124015321111001044176713;;*********3025639;-7,00;PLN;'C992504314597376;TRANSAKCJA KARTĄ PŁATNICZĄ;Artykuły spożywcze
12.02.2025;12.02.2025;BISTRO GRZYBOWSKA      WARSZAWA;;'23124015321111001044176713;;*********3025639;-29,81;PLN;'C992504314594415;TRANSAKCJA KARTĄ PŁATNICZĄ;Restauracje i kawiarnie
12.02.2025;12.02.2025;KACPER BANASIK;;'23124015321111001044176713;'69124060031111001048178711;Splitwise luty;-1 781,57;PLN;'014252C629009573;REALIZACJA PŁATNOŚCI PEOPAY;Bez kategorii
12.02.2025;12.02.2025;JMP S.A. BIEDRONKA 445 WARSZAWA;;'23124015321111001044176713;;*********3025639;-40,47;PLN;'C992504310413619;TRANSAKCJA KARTĄ PŁATNICZĄ;Artykuły spożywcze
11.02.2025;11.02.2025;ŁUKASZ KAROL WACHOWICZ;;'73102010130000070203708492;'23124015321111001044176713;Przelew na telefonOd: 48661246121 Do: 485*****789;30,50;PLN;'M042000155935136;PRZELEW BLIK PRZYCHODZĄCY;Sprzedaż
11.02.2025;11.02.2025;LIPONOGA NINA;;'23116022020000000081891379;'23124015321111001044176713;Obiadek;26,00;PLN;'M042000155929203;PRZELEW BLIK PRZYCHODZĄCY;Inne
11.02.2025;11.02.2025;BOGUSŁAW WRĄBEL;UL PADEREWSKIEGO 5 M. 4 98-220    ZDUŃSKA WOLA        PL;'84124030311111000034292501;'23124015321111001044176713;Przelew na telefon 48502***789. Przelew na telefon;26,50;PLN;'416252B603809550;PRZELEW;Sprzedaż
11.02.2025;11.02.2025;PIOTR TOMSZYS;UL.GRZYMALITÓW 1D M.21 03-141 WARSZ AWA;'45114020170000490205722303;'23124015321111001044176713;CHINCZYK;25,50;PLN;'M042000155923909;PRZELEW BLIK PRZYCHODZĄCY;Inne
11.02.2025;11.02.2025;MACHOP SP. Z O.O.      WARSZAWA;;'23124015321111001044176713;;*********3025639;-139,00;PLN;'C992504212899902;TRANSAKCJA KARTĄ PŁATNICZĄ;Restauracje i kawiarnie
11.02.2025;11.02.2025;SKLEP FIRMOWY NR 117   WARSZAWA;;'23124015321111001044176713;;*********3025639;-17,75;PLN;'C992504208765257;TRANSAKCJA KARTĄ PŁATNICZĄ;Artykuły spożywcze
10.02.2025;10.02.2025;BUDZIŃSKA JULIA;;'15105015591000009267210426;'23124015321111001044176713;Przelew na telefon +48xxxxxx789Przelew na telefonDla Kamil SobierajOd JULIA BUDZIŃSKA;139,00;PLN;'M042000155693177;PRZELEW BLIK PRZYCHODZĄCY;Sprzedaż
10.02.2025;10.02.2025;BISTRO GRZYBOWSKA      WARSZAWA;;'23124015321111001044176713;;*********3025639;-29,81;PLN;'C992504114430936;TRANSAKCJA KARTĄ PŁATNICZĄ;Restauracje i kawiarnie
10.02.2025;10.02.2025;IKE BOSSA;;'23124015321111001044176713;'83154011578129000000814183;IKE 814183;-1 000,00;PLN;'014252AA71009990;ZLECENIE STAŁE;Bez kategorii
10.02.2025;09.02.2025;PIEKARNIA ORMIANSKA ZE WARSZAWA;;'23124015321111001044176713;;*********3025639;-15,00;PLN;'C992504014040757;TRANSAKCJA KARTĄ PŁATNICZĄ;Artykuły spożywcze
08.02.2025;08.02.2025;JMP S.A. BIEDRONKA 631 WARSZAWA;;'23124015321111001044176713;;*********3025639;-49,25;PLN;'C992503919856240;TRANSAKCJA KARTĄ PŁATNICZĄ;Artykuły spożywcze
08.02.2025;08.02.2025;SYSTEM.MYBENEFIT.PL    WARSZAWA;;'23124015321111001044176713;;*********3025639;-139,00;PLN;'C992503909468725;TRANSAKCJA KARTĄ PŁATNICZĄ;Lekarstwa
07.02.2025;07.02.2025;JMP S.A. BIEDRONKA 631 WARSZAWA;;'23124015321111001044176713;;*********3025639;-16,79;PLN;'C992503817243258;TRANSAKCJA KARTĄ PŁATNICZĄ;Artykuły spożywcze
07.02.2025;07.02.2025;ASSECO POLAND SA PŁACE;UL. OLCHOWA 14 35-322 RZESZÓW;'42124059181111000049090675;'23124015321111001044176713;WYNAGRODZENIE 01/2025 **202501U4**23119;9 203,01;PLN;'4910207987053408;PRZELEW;Wynagrodzenie
06.02.2025;06.02.2025;LIDL KAROLKOWA         WARSZAWA;;'23124015321111001044176713;;*********3025639;-64,62;PLN;'C992503719765367;TRANSAKCJA KARTĄ PŁATNICZĄ;Artykuły spożywcze
06.02.2025;06.02.2025;"BEP-WIET"" HONG SINH NG WARSZAWA";;'23124015321111001044176713;;*********3025639;-26,00;PLN;'C992503719763157;TRANSAKCJA KARTĄ PŁATNICZĄ;Restauracje i kawiarnie
06.02.2025;06.02.2025;BISTRO GRZYBOWSKA      WARSZAWA;;'23124015321111001044176713;;*********3025639;-33,81;PLN;'C992503713539439;TRANSAKCJA KARTĄ PŁATNICZĄ;Restauracje i kawiarnie
06.02.2025;06.02.2025;PAYPAL *PATRONITE      35314369001;;'23124015321111001044176713;;*********3025639;-7,00;PLN;'C992503711455383;TRANSAKCJA KARTĄ PŁATNICZĄ;Kino i teatr
06.02.2025;06.02.2025;JMP S.A. BIEDRONKA 445 WARSZAWA;;'23124015321111001044176713;;*********3025639;-3,19;PLN;'C992503716751294;TRANSAKCJA KARTĄ PŁATNICZĄ;Artykuły spożywcze
05.02.2025;05.02.2025;XTB SPOLKA AKCYJNA;;'39124015321787001140533465;'20124020929729000002871368;2871368;-1 000,00;USD;'0142525600102589;REALIZACJA PŁATNOŚCI PEOPAY;Bez kategorii
05.02.2025;05.02.2025;JMP S.A. BIEDRONKA 445 WARSZAWA;;'23124015321111001044176713;;*********3025639;-11,00;PLN;'C992503618257800;TRANSAKCJA KARTĄ PŁATNICZĄ;Artykuły spożywcze
05.02.2025;05.02.2025;CURRENCY ONE SA;SZYPERSKA 14 61-754    POZNAŃ              PL;'30124066251787001024213427;'39124015321787001140533465;/OPF/X/////TAGWTPL57349825 26034413Kamil Sobieraj;1 235,84;USD;'5650205607902797;PRZELEW;Inne
05.02.2025;05.02.2025;PAYPRO S.A.;;'23124015321111001044176713;'65124059341111001093613108;/OPT/X/////P24-C1T-J2U-G2N;-5 000,00;PLN;'0142525604005013;PRZELEW WEWNĘTRZNY - DOSTAWCA;Bez kategorii
05.02.2025;05.02.2025;BISTRO GRZYBOWSKA      WARSZAWA;;'23124015321111001044176713;;*********3025639;-29,81;PLN;'C992503614096147;TRANSAKCJA KARTĄ PŁATNICZĄ;Restauracje i kawiarnie
04.02.2025;04.02.2025;MARIUSZ ZIECINA;;'23124015321111001044176713;'26102011270000130202564748;Przelew na telefon 48514***978. Flora;-24,00;PLN;'M042101000367519;PRZELEW BLIK WYCHODZĄCY;Restauracje i kawiarnie
04.02.2025;04.02.2025;JMP S.A. BIEDRONKA 445 WARSZAWA;;'23124015321111001044176713;;*********3025639;-6,81;PLN;'C992503519885538;TRANSAKCJA KARTĄ PŁATNICZĄ;Artykuły spożywcze
04.02.2025;04.02.2025;AUTOMATSPEC SPZOO      LISZKI;;'23124015321111001044176713;;*********3025639;-4,00;PLN;'C992503509435333;TRANSAKCJA KARTĄ PŁATNICZĄ;Restauracje i kawiarnie
04.02.2025;03.02.2025;JMP S.A. BIEDRONKA 631 WARSZAWA;;'23124015321111001044176713;;*********3025639;-9,82;PLN;'C992503420415979;TRANSAKCJA KARTĄ PŁATNICZĄ;Artykuły spożywcze
03.02.2025;03.02.2025;SIRIN BODRUM DONER KEB WARSZAWA;;'23124015321111001044176713;;*********3025639;-37,90;PLN;'C992503419386120;TRANSAKCJA KARTĄ PŁATNICZĄ;Restauracje i kawiarnie
03.02.2025;03.02.2025;EMILII PLATER 53       WARSZAWA;R5270269 R5270269 *********3025639;;'23124015321111001044176713;WPŁATA W BANKOMACIE;1 350,00;PLN;'C992503419312149;WPŁATA W BANKOMACIE;Wpłata w bankomacie
03.02.2025;03.02.2025;JMP S.A. BIEDRONKA 445 WARSZAWA;;'23124015321111001044176713;;*********3025639;-18,65;PLN;'C992503411009035;TRANSAKCJA KARTĄ PŁATNICZĄ;Artykuły spożywcze
03.02.2025;01.02.2025;ALIEXPRESS.COM         LUXEMBOURG;;'23124015321111001044176713;;;-98,71;PLN;'C992503222641123;TRANSAKCJA KARTĄ PŁATNICZĄ;Bez kategorii
01.02.2025;01.02.2025;JMP S.A. BIEDRONKA 445 WARSZAWA;;'23124015321111001044176713;;*********3025639;-82,86;PLN;'C992503219667877;TRANSAKCJA KARTĄ PŁATNICZĄ;Artykuły spożywcze
01.02.2025;01.02.2025;JMP S.A. BIEDRONKA 445 WARSZAWA;;'23124015321111001044176713;;*********3025639;-2,38;PLN;'C992503211277712;TRANSAKCJA KARTĄ PŁATNICZĄ;Artykuły spożywcze
31.01.2025;31.01.2025;JMP S.A. BIEDRONKA 631 WARSZAWA;;'23124015321111001044176713;;*********3025639;-4,49;PLN;'C992503116990973;TRANSAKCJA KARTĄ PŁATNICZĄ;Artykuły spożywcze
31.01.2025;31.01.2025;;;'23124015321111001044176713;;PODATEK POBRANY;-0,02;PLN;'014251V98C001051;PODATEK POBRANY;Podatki
31.01.2025;31.01.2025;PIEKARNIA ORMIANSKA ZE WARSZAWA;;'23124015321111001044176713;;*********3025639;-39,00;PLN;'C992503117102390;TRANSAKCJA KARTĄ PŁATNICZĄ;Artykuły spożywcze
31.01.2025;31.01.2025;;;;'23124015321111001044176713;ODSETKI OD DEPOZYTU;0,06;PLN;'014251V98C001052;ODSETKI OD DEPOZYTU;Odsetki, zwrot z inwestycji
31.01.2025;31.01.2025;ASSECO POLAND SA PŁACE;UL. OLCHOWA 14 35-322 RZESZÓW;'42124059181111000049090675;'23124015321111001044176713;PREMIA STANDBY **202501P11** 23119;2 113,95;PLN;'4910131987751818;PRZELEW;Premia, nagroda
31.01.2025;31.01.2025;ASSECO POLAND SA PŁACE;UL. OLCHOWA 14 35-322 RZESZÓW;'42124059181111000049090675;'23124015321111001044176713;WYNAGRODZENIE ZA PRACE W NOCY I NADGODZINY **202501N2** 23119;668,94;PLN;'4910131989891821;PRZELEW;Wynagrodzenie
30.01.2025;30.01.2025;BOGDAN SOBIERAJ;UL KOŁŁĄTAJA 3/23 18-403    ŁOMŻA               PL;'92124015321111001070940584;'23124015321111001044176713;zasilenie konta;500,00;PLN;'014251U621606826;PRZELEW;Inne
30.01.2025;30.01.2025;LIDL KAROLKOWA         WARSZAWA;;'23124015321111001044176713;;*********3025639;-54,19;PLN;'C992503017571444;TRANSAKCJA KARTĄ PŁATNICZĄ;Artykuły spożywcze
30.01.2025;30.01.2025;JMP S.A. BIEDRONKA 445 WARSZAWA;;'23124015321111001044176713;;*********3025639;-24,94;PLN;'C992503010217789;TRANSAKCJA KARTĄ PŁATNICZĄ;Artykuły spożywcze
29.01.2025;29.01.2025;JMP S.A. BIEDRONKA 445 WARSZAWA;;'23124015321111001044176713;;*********3025639;-5,37;PLN;'C992502910827651;TRANSAKCJA KARTĄ PŁATNICZĄ;Artykuły spożywcze
29.01.2025;29.01.2025;JMP S.A. BIEDRONKA 445 WARSZAWA;;'23124015321111001044176713;;*********3025639;-15,58;PLN;'C992502920091500;TRANSAKCJA KARTĄ PŁATNICZĄ;Artykuły spożywcze
28.01.2025;28.01.2025;ZABKA Z4410 K.2        WARSZAWA;;'23124015321111001044176713;;*********3025639;-13,00;PLN;'C992502817549427;TRANSAKCJA KARTĄ PŁATNICZĄ;Artykuły spożywcze
28.01.2025;28.01.2025;JMP S.A. BIEDRONKA 631 WARSZAWA;;'23124015321111001044176713;;*********3025639;-15,51;PLN;'C992502817545391;TRANSAKCJA KARTĄ PŁATNICZĄ;Artykuły spożywcze
28.01.2025;28.01.2025;JMP S.A. BIEDRONKA 445 WARSZAWA;;'23124015321111001044176713;;*********3025639;-3,89;PLN;'C992502810364306;TRANSAKCJA KARTĄ PŁATNICZĄ;Artykuły spożywcze
27.01.2025;27.01.2025;JMP S.A. BIEDRONKA 445 WARSZAWA;;'23124015321111001044176713;;*********3025639;-7,98;PLN;'C992502717173085;TRANSAKCJA KARTĄ PŁATNICZĄ;Artykuły spożywcze
27.01.2025;27.01.2025;JMP S.A. BIEDRONKA 445 WARSZAWA;;'23124015321111001044176713;;*********3025639;-7,99;PLN;'C992502711862850;TRANSAKCJA KARTĄ PŁATNICZĄ;Artykuły spożywcze
27.01.2025;27.01.2025;SEBASTIAN KURYŁO;;'20194010764625325400000000;'23124015321111001044176713;Przelew na telefon BLIK;178,00;PLN;'M042000153059141;PRZELEW BLIK PRZYCHODZĄCY;Sprzedaż
27.01.2025;26.01.2025;LIDL KAROLKOWA         WARSZAWA;;'23124015321111001044176713;;*********3025639;-79,42;PLN;'C992502613624450;TRANSAKCJA KARTĄ PŁATNICZĄ;Artykuły spożywcze
25.01.2025;25.01.2025;JMP S.A. BIEDRONKA 445 WARSZAWA;;'23124015321111001044176713;;*********3025639;-41,26;PLN;'C992502515347272;TRANSAKCJA KARTĄ PŁATNICZĄ;Artykuły spożywcze
25.01.2025;25.01.2025;LIDL KAROLKOWA         WARSZAWA;;'23124015321111001044176713;;*********3025639;-57,40;PLN;'C992502512197704;TRANSAKCJA KARTĄ PŁATNICZĄ;Artykuły spożywcze
25.01.2025;25.01.2025;DOZ APTEKA DBAM O ZDRO WARSZAWA;;'23124015321111001044176713;;*********3025639;-48,37;PLN;'C992502511071596;TRANSAKCJA KARTĄ PŁATNICZĄ;Lekarstwa
24.01.2025;24.01.2025;CASTORAMA WARSZAWA WOL WARSZAWA;;'23124015321111001044176713;;*********3025639;-52,96;PLN;'C992502416757698;TRANSAKCJA KARTĄ PŁATNICZĄ;Naprawy i remonty
24.01.2025;24.01.2025;NORTH FISH WOLA PARK   WARSZAWA;;'23124015321111001044176713;;*********3025639;-30,25;PLN;'C992502415712650;TRANSAKCJA KARTĄ PŁATNICZĄ;Restauracje i kawiarnie
24.01.2025;24.01.2025;JAKDOJADE.PL           POZNAN;;'23124015321111001044176713;;*********3025639;-20,00;PLN;'C992502412682100;TRANSAKCJA KARTĄ PŁATNICZĄ;Transport publiczny
23.01.2025;23.01.2025;PIEKARNIA ORMIANSKA ZE WARSZAWA;;'23124015321111001044176713;;*********3025639;-39,00;PLN;'C992502315314900;TRANSAKCJA KARTĄ PŁATNICZĄ;Artykuły spożywcze
22.01.2025;22.01.2025;LIDL KAROLKOWA         WARSZAWA;;'23124015321111001044176713;;*********3025639;-48,10;PLN;'C992502216815628;TRANSAKCJA KARTĄ PŁATNICZĄ;Artykuły spożywcze
22.01.2025;22.01.2025;APTEKI CENTRUM         WARSZAWA;;'23124015321111001044176713;;*********3025639;-46,50;PLN;'C992502216792504;TRANSAKCJA KARTĄ PŁATNICZĄ;Lekarstwa
22.01.2025;22.01.2025;;;'23124015321111001044176713;'92124020921362991111000000;Prowizja za wypłatę z użyciemBLIK w dniu 2025-01-20;-5,00;PLN;'M0150PAN00021287;PROWIZJE AUT.;Opłaty bankowe
21.01.2025;21.01.2025;AUCHAN POLSKA SP. Z  0 WARSZAWA;;'23124015321111001044176713;;*********3025639;-181,95;PLN;'C992502114256617;TRANSAKCJA KARTĄ PŁATNICZĄ;Artykuły spożywcze
21.01.2025;21.01.2025;JMP S.A. BIEDRONKA 445 WARSZAWA;;'23124015321111001044176713;;*********3025639;-35,52;PLN;'C992502109153449;TRANSAKCJA KARTĄ PŁATNICZĄ;Artykuły spożywcze
21.01.2025;20.01.2025;BOLT.EU/D/2501202201   TALLINN;;'23124015321111001044176713;;;-68,21;PLN;'C992502023985732;TRANSAKCJA KARTĄ PŁATNICZĄ;Restauracje i kawiarnie
20.01.2025;20.01.2025;ZABKA Z1042 K.2        ZAKOPANE;;'23124015321111001044176713;;*********3025639;-16,49;PLN;'C992502016907402;TRANSAKCJA KARTĄ PŁATNICZĄ;Artykuły spożywcze
20.01.2025;20.01.2025;GORSKI DIAMENT         ZAKOPANE;;'23124015321111001044176713;;*********3025639;-30,00;PLN;'C992502013717733;TRANSAKCJA KARTĄ PŁATNICZĄ;Restauracje i kawiarnie
20.01.2025;20.01.2025;BAR MLECZNY S.C.       ZAKOPANE;;'23124015321111001044176713;;*********3025639;-40,00;PLN;'C992502012659974;TRANSAKCJA KARTĄ PŁATNICZĄ;Puby i kluby
20.01.2025;20.01.2025;MAGA MARTYNA GASIOROWS ZAKOPANE;;'23124015321111001044176713;;*********3025639;-43,40;PLN;'C992502011644657;TRANSAKCJA KARTĄ PŁATNICZĄ;Artykuły spożywcze
20.01.2025;20.01.2025;BANKOMAT EURONET       PLNN3428;PLNN3428 0170200011 UL  NA GUBALOWKE 4,ZAKOPANE;'23124015321111001044176713;;BLIK REF       85965412478;-80,00;PLN;'C992502011705403;WYPŁATA BLIK;Uroda, fryzjer, kosmetyczka
20.01.2025;20.01.2025;MARIA TYLKA            KRAUSZOW;;'23124015321111001044176713;;*********3025639;-56,00;PLN;'C992502011705234;TRANSAKCJA KARTĄ PŁATNICZĄ;Artykuły spożywcze
20.01.2025;20.01.2025;WENECJA FIRMA HANDLOWA ZAKOPANE;;'23124015321111001044176713;;*********3025639;-30,00;PLN;'C992502010605947;TRANSAKCJA KARTĄ PŁATNICZĄ;Dodatki, biżuteria
20.01.2025;20.01.2025;COCTAIL BAR OMLET 01   ZAKOPANE;;'23124015321111001044176713;;*********3025639;-64,00;PLN;'C992502010691348;TRANSAKCJA KARTĄ PŁATNICZĄ;Puby i kluby
20.01.2025;20.01.2025;CUKIERNIA SAMANTA      ZAKOPANE;;'23124015321111001044176713;;*********3025639;-31,00;PLN;'C992502010587961;TRANSAKCJA KARTĄ PŁATNICZĄ;Artykuły spożywcze
20.01.2025;20.01.2025;CUKIERNIA SAMANTA      ZAKOPANE;;'23124015321111001044176713;;*********3025639;-5,00;PLN;'C992502010580884;TRANSAKCJA KARTĄ PŁATNICZĄ;Artykuły spożywcze
20.01.2025;19.01.2025;ZABKA Z7146 K.2        ZAKOPANE;;'23124015321111001044176713;;*********3025639;-6,60;PLN;'C992501920475796;TRANSAKCJA KARTĄ PŁATNICZĄ;Artykuły spożywcze
20.01.2025;19.01.2025;ZABKA Z5335 K.1        ZAKOPANE;;'23124015321111001044176713;;*********3025639;-30,00;PLN;'C992501918452439;WYPŁATA GOTÓWKI;Wypłata z rachunku
20.01.2025;19.01.2025;ZABKA Z5335 K.1        ZAKOPANE;;'23124015321111001044176713;;*********3025639;-13,00;PLN;'C992501918452439;TRANSAKCJA KARTĄ PŁATNICZĄ;Artykuły spożywcze
20.01.2025;19.01.2025;ZABKA Z5619 K.2        ZAKOPANE;;'23124015321111001044176713;;*********3025639;-28,39;PLN;'C992501912343297;TRANSAKCJA KARTĄ PŁATNICZĄ;Artykuły spożywcze
20.01.2025;19.01.2025;CZARNY STAW 02         ZAKOPANE;;'23124015321111001044176713;;*********3025639;-7,00;PLN;'C992501911331689;TRANSAKCJA KARTĄ PŁATNICZĄ;Restauracje i kawiarnie
20.01.2025;19.01.2025;APPLE.COM/BILL         APPLE.COM/BI;;'23124015321111001044176713;;*********3025639;-4,99;PLN;'C992501903292437;TRANSAKCJA KARTĄ PŁATNICZĄ;Bez kategorii
20.01.2025;18.01.2025;BAR MLECZNY S.C.       ZAKOPANE;;'23124015321111001044176713;;*********3025639;-30,00;PLN;'C992501820239522;TRANSAKCJA KARTĄ PŁATNICZĄ;Puby i kluby
18.01.2025;18.01.2025;SKLEP U MIETKA         ZAKOPANE;;'23124015321111001044176713;;*********3025639;-11,48;PLN;'C992501814140352;TRANSAKCJA KARTĄ PŁATNICZĄ;Artykuły spożywcze
17.01.2025;17.01.2025;SCHRONISKO PTTK        ZAKOPANE;;'23124015321111001044176713;;*********3025639;-4,00;PLN;'C992501714566504;TRANSAKCJA KARTĄ PŁATNICZĄ;Podróże
16.01.2025;16.01.2025;BAR MLECZNY S.C.       ZAKOPANE;;'23124015321111001044176713;;*********3025639;-54,00;PLN;'C992501616167321;TRANSAKCJA KARTĄ PŁATNICZĄ;Puby i kluby
16.01.2025;16.01.2025;JMP S.A. BIEDRONKA 422 ZAKOPANE;;'23124015321111001044176713;;*********3025639;-77,10;PLN;'C992501617189398;TRANSAKCJA KARTĄ PŁATNICZĄ;Artykuły spożywcze
15.01.2025;15.01.2025;VINA EXPRESS           WARSZAWA;;'23124015321111001044176713;;*********3025639;-33,00;PLN;'C992501516565421;TRANSAKCJA KARTĄ PŁATNICZĄ;Puby i kluby
15.01.2025;15.01.2025;ZABKA Z4410 K.2        WARSZAWA;;'23124015321111001044176713;;*********3025639;-7,99;PLN;'C992501516576922;TRANSAKCJA KARTĄ PŁATNICZĄ;Artykuły spożywcze
15.01.2025;15.01.2025;JMP S.A. BIEDRONKA 445 WARSZAWA;;'23124015321111001044176713;;*********3025639;-34,79;PLN;'C992501520676447;TRANSAKCJA KARTĄ PŁATNICZĄ;Artykuły spożywcze
15.01.2025;15.01.2025;JMP S.A. BIEDRONKA 445 WARSZAWA;;'23124015321111001044176713;;*********3025639;-14,23;PLN;'C992501512407075;TRANSAKCJA KARTĄ PŁATNICZĄ;Artykuły spożywcze
14.01.2025;14.01.2025;LIDL KAROLKOWA         WARSZAWA;;'23124015321111001044176713;;*********3025639;-47,07;PLN;'C992501415113347;TRANSAKCJA KARTĄ PŁATNICZĄ;Artykuły spożywcze
14.01.2025;14.01.2025;APTEKI CENTRUM         WARSZAWA;;'23124015321111001044176713;;*********3025639;-9,90;PLN;'C992501414000828;TRANSAKCJA KARTĄ PŁATNICZĄ;Lekarstwa
14.01.2025;14.01.2025;BUDZIŃSKA JULIA;;'15105015591000009267210426;'23124015321111001044176713;Przelew na telefon +48xxxxxx789Przelew na telefonDla Kamil SobierajOd JULIA BUDZIŃSKA;417,00;PLN;'M042000150939377;PRZELEW BLIK PRZYCHODZĄCY;Sprzedaż
14.01.2025;14.01.2025;;;'23124015321111001044176713;'92124020921362991111000000;Opłata za obsługę kartyMasterCard Debit*43025639 za miesiąc 01.2025;-1,00;PLN;'M0150PAF00135718;PROWIZJE AUT.;Opłaty bankowe
13.01.2025;13.01.2025;JMP S.A. BIEDRONKA 445 WARSZAWA;;'23124015321111001044176713;;*********3025639;-10,24;PLN;'C992501316660059;TRANSAKCJA KARTĄ PŁATNICZĄ;Artykuły spożywcze
13.01.2025;13.01.2025;KEBAB KING             WARSZAWA;;'23124015321111001044176713;;*********3025639;-32,00;PLN;'C992501314513574;TRANSAKCJA KARTĄ PŁATNICZĄ;Restauracje i kawiarnie
13.01.2025;13.01.2025;CARREFOUR HIPERMARKET  WARSZAWA;;'23124015321111001044176713;;*********3025639;-36,01;PLN;'C992501314576261;TRANSAKCJA KARTĄ PŁATNICZĄ;Artykuły spożywcze
13.01.2025;13.01.2025;DECATHLON WARSZAWA ARK WARSZAWA;;'23124015321111001044176713;;*********3025639;-219,98;PLN;'C992501313471735;TRANSAKCJA KARTĄ PŁATNICZĄ;Sport
13.01.2025;13.01.2025;BILETOMAT TW 32411     WARSZAWA;;'23124015321111001044176713;;*********3025639;-3,40;PLN;'C992501312435326;TRANSAKCJA KARTĄ PŁATNICZĄ;Transport publiczny
13.01.2025;13.01.2025;XTB.COM/PL;WWW.XTB.COM ul.  PROSTA 67,WARSZAWA;'23124015321111001044176713;;BLIK REF       85823229826;-3 000,00;PLN;'C992501312412138;PŁATNOŚĆ BLIK;Bez kategorii
13.01.2025;13.01.2025;JMP S.A. BIEDRONKA 445 WARSZAWA;;'23124015321111001044176713;;*********3025639;-3,69;PLN;'C992501311379239;TRANSAKCJA KARTĄ PŁATNICZĄ;Artykuły spożywcze
13.01.2025;12.01.2025;REVOLUT**3619*         DUBLIN;;'23124015321111001044176713;;;-200,00;PLN;'C992501217170382;TRANSAKCJA KARTĄ PŁATNICZĄ;Bez kategorii
13.01.2025;12.01.2025;UBER   * EATS PENDING  AMSTERDAM;;'23124015321111001044176713;;*********3025639;-67,00;PLN;'C992501217164797;TRANSAKCJA KARTĄ PŁATNICZĄ;Restauracje i kawiarnie
11.01.2025;11.01.2025;JAKDOJADE.PL           POZNAN;;'23124015321111001044176713;;*********3025639;-20,00;PLN;'C992501117913892;TRANSAKCJA KARTĄ PŁATNICZĄ;Transport publiczny
11.01.2025;11.01.2025;JMP S.A. BIEDRONKA 445 WARSZAWA;;'23124015321111001044176713;;*********3025639;-44,29;PLN;'C992501116870637;TRANSAKCJA KARTĄ PŁATNICZĄ;Artykuły spożywcze
11.01.2025;11.01.2025;SYSTEM.MYBENEFIT.PL    WARSZAWA;;'23124015321111001044176713;;*********3025639;-139,00;PLN;'C992501109577002;TRANSAKCJA KARTĄ PŁATNICZĄ;Lekarstwa
10.01.2025;10.01.2025;BISTRO GRZYBOWSKA      WARSZAWA;;'23124015321111001044176713;;*********3025639;-29,81;PLN;'C992501013255893;TRANSAKCJA KARTĄ PŁATNICZĄ;Restauracje i kawiarnie
10.01.2025;10.01.2025;KACPER BANASIK;;'23124015321111001044176713;'69124060031111001048178711;Splitwise styczeń;-1 757,41;PLN;'014251A621006812;REALIZACJA PŁATNOŚCI PEOPAY;Bez kategorii
10.01.2025;10.01.2025;ZABKA Z4410 K.1        WARSZAWA;;'23124015321111001044176713;;*********3025639;-11,98;PLN;'C992501011161194;TRANSAKCJA KARTĄ PŁATNICZĄ;Artykuły spożywcze
10.01.2025;10.01.2025;JMP S.A. BIEDRONKA 445 WARSZAWA;;'23124015321111001044176713;;*********3025639;-7,33;PLN;'C992501009107044;TRANSAKCJA KARTĄ PŁATNICZĄ;Artykuły spożywcze
10.01.2025;10.01.2025;LUX MED SP. Z O.O. 46  WARSZAWA;;'23124015321111001044176713;;*********3025639;-152,00;PLN;'C992501009088654;TRANSAKCJA KARTĄ PŁATNICZĄ;Opieka medyczna
10.01.2025;10.01.2025;IKE BOSSA;;'23124015321111001044176713;'83154011578129000000814183;IKE 814183;-1 000,00;PLN;'014251AA71009086;ZLECENIE STAŁE;Bez kategorii
09.01.2025;09.01.2025;ASSECO POLAND SA PŁACE;UL. OLCHOWA 14 35-322 RZESZÓW;'42124059181111000049090675;'23124015321111001044176713;WYNAGRODZENIE 12/2024 **202412U2**23119;9 324,22;PLN;'4910109981222067;PRZELEW;Wynagrodzenie
09.01.2025;09.01.2025;JMP S.A. BIEDRONKA 445 WARSZAWA;;'23124015321111001044176713;;*********3025639;-3,89;PLN;'C992500910524731;TRANSAKCJA KARTĄ PŁATNICZĄ;Artykuły spożywcze
08.01.2025;08.01.2025;SATYA SPOLKA CYWILNA   WARSZAWA;;'23124015321111001044176713;;*********3025639;-47,36;PLN;'C992500817404744;TRANSAKCJA KARTĄ PŁATNICZĄ;Restauracje i kawiarnie
08.01.2025;08.01.2025;APTEKA SLONECZNA 11    WARSZAWA;;'23124015321111001044176713;;*********3025639;-21,99;PLN;'C992500817324958;TRANSAKCJA KARTĄ PŁATNICZĄ;Lekarstwa
08.01.2025;08.01.2025;AUTOMATSPEC SPZOO      LISZKI;;'23124015321111001044176713;;*********3025639;-4,20;PLN;'C992500811072261;TRANSAKCJA KARTĄ PŁATNICZĄ;Restauracje i kawiarnie
08.01.2025;08.01.2025;GORACO POLECAM         WARSZAWA;;'23124015321111001044176713;;*********3025639;-14,95;PLN;'C992500810046112;TRANSAKCJA KARTĄ PŁATNICZĄ;Artykuły spożywcze
08.01.2025;08.01.2025;JAKDOJADE.PL           POZNAN;;'23124015321111001044176713;;*********3025639;-20,00;PLN;'C992500809025059;TRANSAKCJA KARTĄ PŁATNICZĄ;Transport publiczny
07.01.2025;07.01.2025;JMP S.A. BIEDRONKA 445 WARSZAWA;;'23124015321111001044176713;;*********3025639;-6,99;PLN;'C992500718863338;TRANSAKCJA KARTĄ PŁATNICZĄ;Artykuły spożywcze
07.01.2025;07.01.2025;KUCHNIA WIETNAMSK83619 WARSZAWA;;'23124015321111001044176713;;*********3025639;-34,00;PLN;'C992500717912873;TRANSAKCJA KARTĄ PŁATNICZĄ;Restauracje i kawiarnie
07.01.2025;07.01.2025;LIDL KAROLKOWA         WARSZAWA;;'23124015321111001044176713;;*********3025639;-51,63;PLN;'C992500717842589;TRANSAKCJA KARTĄ PŁATNICZĄ;Artykuły spożywcze
07.01.2025;07.01.2025;JMP S.A. BIEDRONKA 445 WARSZAWA;;'23124015321111001044176713;;*********3025639;-16,93;PLN;'C992500710526718;TRANSAKCJA KARTĄ PŁATNICZĄ;Artykuły spożywcze
07.01.2025;06.01.2025;PAYU;OLX.PL Grunwaldzka 186,Poznan;'23124015321111001044176713;;BLIK REF       85693896259;-50,39;PLN;'C992500621420952;PŁATNOŚĆ BLIK;Zakupy przez internet
06.01.2025;06.01.2025;ALIEXPRESS.COM         LUXEMBOURG;;'23124015321111001044176713;;;-86,46;PLN;'C992500619480620;TRANSAKCJA KARTĄ PŁATNICZĄ;Bez kategorii
06.01.2025;06.01.2025;ZABKA Z4410 K.2        WARSZAWA;;'23124015321111001044176713;;*********3025639;-4,50;PLN;'C992500618459646;TRANSAKCJA KARTĄ PŁATNICZĄ;Artykuły spożywcze
06.01.2025;06.01.2025;MADO KEBAB GRILL       WARSZAWA;;'23124015321111001044176713;;*********3025639;-33,00;PLN;'C992500618463440;TRANSAKCJA KARTĄ PŁATNICZĄ;Restauracje i kawiarnie
06.01.2025;06.01.2025;SAMOSEDNO.COM.PL;HTTP://WWW.SAMO Belgijska 11,Warszawa;'23124015321111001044176713;;BLIK REF       85681963041;-43,83;PLN;'C992500616429598;PŁATNOŚĆ BLIK;Bez kategorii
06.01.2025;06.01.2025;DOLADOWANIA.PLAY.PL    POZNAN;;'23124015321111001044176713;;*********3025639;-7,00;PLN;'C992500613289092;TRANSAKCJA KARTĄ PŁATNICZĄ;Internet, TV, telefon
06.01.2025;06.01.2025;DOLADOWANIA.PLAY.PL    POZNAN;;'23124015321111001044176713;;*********3025639;-5,00;PLN;'C992500612289783;TRANSAKCJA KARTĄ PŁATNICZĄ;Internet, TV, telefon
06.01.2025;06.01.2025;PAYPAL *PATRONITE      35314369001;;'23124015321111001044176713;;*********3025639;-7,00;PLN;'C992500611261537;TRANSAKCJA KARTĄ PŁATNICZĄ;Kino i teatr
06.01.2025;05.01.2025;ZABKA Z8085 K.2        WARSZAWA;;'23124015321111001044176713;;*********3025639;-2,70;PLN;'C992500516253329;TRANSAKCJA KARTĄ PŁATNICZĄ;Artykuły spożywcze
04.01.2025;04.01.2025;ACTION A338 WARSZAWA   WARSZAWA;;'23124015321111001044176713;;*********3025639;-6,99;PLN;'C992500417933172;TRANSAKCJA KARTĄ PŁATNICZĄ;Bez kategorii
04.01.2025;04.01.2025;KFCDOSTAWA.PL          WROCLAW;;'23124015321111001044176713;;*********3025639;-43,99;PLN;'C992500417913702;TRANSAKCJA KARTĄ PŁATNICZĄ;Restauracje i kawiarnie
04.01.2025;04.01.2025;DECATHLON WARSZAWA RED WARSZAWA;;'23124015321111001044176713;;*********3025639;-189,98;PLN;'C992500417906614;TRANSAKCJA KARTĄ PŁATNICZĄ;Sport
04.01.2025;04.01.2025;BOLT.EU/O/2501040329   WARSAW;;'23124015321111001044176713;;;-25,18;PLN;'C992500404545481;TRANSAKCJA KARTĄ PŁATNICZĄ;Taxi
03.01.2025;03.01.2025;LIDL KAROLKOWA         WARSZAWA;;'23124015321111001044176713;;*********3025639;-43,83;PLN;'C992500317422740;TRANSAKCJA KARTĄ PŁATNICZĄ;Artykuły spożywcze
03.01.2025;03.01.2025;DARWINA.PL             WARSZAWA;;'23124015321111001044176713;;*********3025639;-69,90;PLN;'C992500319564893;TRANSAKCJA KARTĄ PŁATNICZĄ;Alkohol
03.01.2025;03.01.2025;FINELF.COM SP. Z O.O.  +48882454482;;'23124015321111001044176713;;*********3025639;-4,00;PLN;'C992500316458254;TRANSAKCJA KARTĄ PŁATNICZĄ;Multimedia
03.01.2025;03.01.2025;JMP S.A. BIEDRONKA 445 WARSZAWA;;'23124015321111001044176713;;*********3025639;-2,99;PLN;'C992500315335083;TRANSAKCJA KARTĄ PŁATNICZĄ;Artykuły spożywcze
03.01.2025;03.01.2025;BISTRO GRZYBOWSKA      WARSZAWA;;'23124015321111001044176713;;*********3025639;-30,00;PLN;'C992500315320123;TRANSAKCJA KARTĄ PŁATNICZĄ;Restauracje i kawiarnie
03.01.2025;03.01.2025;JMP S.A. BIEDRONKA 445 WARSZAWA;;'23124015321111001044176713;;*********3025639;-1,29;PLN;'C992500314322183;TRANSAKCJA KARTĄ PŁATNICZĄ;Artykuły spożywcze
03.01.2025;03.01.2025;XTB SPOLKA AKCYJNA;;'39124015321787001140533465;'20124020929729000002871368;2871368;-800,00;USD;'0142513605309866;REALIZACJA PŁATNOŚCI PEOPAY;Bez kategorii
03.01.2025;03.01.2025;XTB.COM/PL;WWW.XTB.COM ul.  PROSTA 67,WARSZAWA;'23124015321111001044176713;;BLIK REF       85628164833;-5 000,00;PLN;'C992500312212973;PŁATNOŚĆ BLIK;Bez kategorii
02.01.2025;02.01.2025;ALLEGRO                POZNAN;;'23124015321111001044176713;;*********3025639;-51,98;PLN;'C992500217045168;TRANSAKCJA KARTĄ PŁATNICZĄ;Zakupy przez internet
01.01.2025;01.01.2025;ZABKA Z4410 K.2        WARSZAWA;;'23124015321111001044176713;;*********3025639;-10,99;PLN;'C992500112488710;TRANSAKCJA KARTĄ PŁATNICZĄ;Artykuły spożywcze
