Data księgowania;Data waluty;Nadawca / Odbiorca;Adres nadawcy / odbiorcy;Rachunek źródłowy;Rachunek docelowy;Tytułem;Kwota operacji;Waluta;Numer referencyjny;Typ operacji;Kategoria
31.12.2024;31.12.2024;;;;'39124015321787001140533465;ODSETKI OD DEPOZYTU;0,01;USD;'01424CV98E002255;ODSETKI OD DEPOZYTU;Odsetki, zwrot z inwestycji
31.12.2024;31.12.2024;LIDL KAROLKOWA         WARSZAWA;;'23124015321111001044176713;;*********3025639;-84,71;PLN;'C992436614391470;TRANSAKCJA KARTĄ PŁATNICZĄ;Artykuły spożywcze
31.12.2024;31.12.2024;;;;'23124015321111001044176713;ODSETKI OD DEPOZYTU;0,10;PLN;'01424CV98C001001;ODSETKI OD DEPOZYTU;Odsetki, zwrot z inwestycji
31.12.2024;31.12.2024;;;'23124015321111001044176713;;PODATEK POBRANY;-0,02;PLN;'01424CV98C001000;PODATEK POBRANY;Podatki
31.12.2024;31.12.2024;JMP S.A. BIEDRONKA 445 WARSZAWA;;'23124015321111001044176713;;*********3025639;-10,08;PLN;'C992436610077719;TRANSAKCJA KARTĄ PŁATNICZĄ;Artykuły spożywcze
30.12.2024;30.12.2024;SPICY KEBAB AND GRILL  WARSZAWA;;'23124015321111001044176713;;*********3025639;-30,99;PLN;'C992436515751953;TRANSAKCJA KARTĄ PŁATNICZĄ;Restauracje i kawiarnie
30.12.2024;30.12.2024;KRZYSZTOF;;'23124015321111001044176713;'56102010130000020205042793;Przelew na telefon 48519***698. Prezent;-51,00;PLN;'M042100971567854;PRZELEW BLIK WYCHODZĄCY;Internet, TV, telefon
30.12.2024;30.12.2024;JMP S.A. BIEDRONKA 445 WARSZAWA;;'23124015321111001044176713;;*********3025639;-42,85;PLN;'C992436510492214;TRANSAKCJA KARTĄ PŁATNICZĄ;Artykuły spożywcze
30.12.2024;29.12.2024;KACPER BANASIK;;'23124015321111001044176713;'69124060031111001048178711;Podliczylem wszystkie pierdoły;-104,50;PLN;'01424CT609008365;REALIZACJA PŁATNOŚCI PEOPAY;Bez kategorii
30.12.2024;29.12.2024;CASHBILL ECOMM;POLSKIEPREMIUM. Sobieskiego 2,Katowice;'23124015321111001044176713;;BLIK REF       85520710958;-17,99;PLN;'C992436416323267;PŁATNOŚĆ BLIK;Zakupy przez internet
28.12.2024;28.12.2024;PAYPAL *SHENDUQRWEA    18658850911;;'23124015321111001044176713;;*********3025639;-9,08;PLN;'C992436318223606;TRANSAKCJA KARTĄ PŁATNICZĄ;Internet, TV, telefon
28.12.2024;28.12.2024;JAKDOJADE.PL           POZNAN;;'23124015321111001044176713;;*********3025639;-20,00;PLN;'C992436315093118;TRANSAKCJA KARTĄ PŁATNICZĄ;Transport publiczny
28.12.2024;28.12.2024;AUCHAN POLSKA SP. Z  0 WARSZAWA;;'23124015321111001044176713;;*********3025639;-28,76;PLN;'C992436315096430;TRANSAKCJA KARTĄ PŁATNICZĄ;Alkohol
27.12.2024;27.12.2024;LIDL KAROLKOWA         WARSZAWA;;'23124015321111001044176713;;*********3025639;-63,50;PLN;'C992436215650427;TRANSAKCJA KARTĄ PŁATNICZĄ;Artykuły spożywcze
27.12.2024;27.12.2024;JMP S.A. BIEDRONKA 445 WARSZAWA;;'23124015321111001044176713;;*********3025639;-11,87;PLN;'C992436210494052;TRANSAKCJA KARTĄ PŁATNICZĄ;Artykuły spożywcze
27.12.2024;27.12.2024;JMP S.A. BIEDRONKA 445 WARSZAWA;;'23124015321111001044176713;;*********3025639;-35,85;PLN;'C992436220819596;TRANSAKCJA KARTĄ PŁATNICZĄ;Artykuły spożywcze
27.12.2024;27.12.2024;"BEP-WIET"" HONG SINH NG WARSZAWA";;'23124015321111001044176713;;*********3025639;-26,00;PLN;'C992436215680297;TRANSAKCJA KARTĄ PŁATNICZĄ;Restauracje i kawiarnie
24.12.2024;23.12.2024;ZABKA Z4410 K.1        WARSZAWA;;'23124015321111001044176713;;*********3025639;-14,98;PLN;'C992435821755514;TRANSAKCJA KARTĄ PŁATNICZĄ;Artykuły spożywcze
24.12.2024;23.12.2024;JMP S.A. BIEDRONKA 445 WARSZAWA;;'23124015321111001044176713;;*********3025639;-9,36;PLN;'C992435821763269;TRANSAKCJA KARTĄ PŁATNICZĄ;Artykuły spożywcze
23.12.2024;23.12.2024;JMP S.A. BIEDRONKA 445 WARSZAWA;;'23124015321111001044176713;;*********3025639;-14,98;PLN;'C992435814531334;TRANSAKCJA KARTĄ PŁATNICZĄ;Artykuły spożywcze
23.12.2024;22.12.2024;ZABKA Z4410 K.2        WARSZAWA;;'23124015321111001044176713;;*********3025639;-3,20;PLN;'C992435718125547;TRANSAKCJA KARTĄ PŁATNICZĄ;Artykuły spożywcze
23.12.2024;22.12.2024;JMP S.A. BIEDRONKA 445 WARSZAWA;;'23124015321111001044176713;;*********3025639;-8,93;PLN;'C992435718118300;TRANSAKCJA KARTĄ PŁATNICZĄ;Artykuły spożywcze
23.12.2024;22.12.2024;AUCHAN POLSKA SP. Z  0 WARSZAWA;;'23124015321111001044176713;;*********3025639;-110,24;PLN;'C992435711907242;TRANSAKCJA KARTĄ PŁATNICZĄ;Artykuły spożywcze
21.12.2024;21.12.2024;MEKONG                 WARSZAWA;;'23124015321111001044176713;;*********3025639;-40,70;PLN;'C992435613474337;TRANSAKCJA KARTĄ PŁATNICZĄ;Restauracje i kawiarnie
21.12.2024;21.12.2024;JMP S.A. BIEDRONKA 445 WARSZAWA;;'23124015321111001044176713;;*********3025639;-1,54;PLN;'C992435610343281;TRANSAKCJA KARTĄ PŁATNICZĄ;Artykuły spożywcze
21.12.2024;21.12.2024;ZABKA Z8085 K.2        WARSZAWA;;'23124015321111001044176713;;*********3025639;-10,99;PLN;'C992435619671756;TRANSAKCJA KARTĄ PŁATNICZĄ;Artykuły spożywcze
20.12.2024;20.12.2024;LIDL KAROLKOWA         WARSZAWA;;'23124015321111001044176713;;*********3025639;-32,34;PLN;'C992435518055581;TRANSAKCJA KARTĄ PŁATNICZĄ;Artykuły spożywcze
20.12.2024;20.12.2024;ZABKA Z4410 K.2        WARSZAWA;;'23124015321111001044176713;;*********3025639;-6,80;PLN;'C992435515010258;TRANSAKCJA KARTĄ PŁATNICZĄ;Artykuły spożywcze
20.12.2024;20.12.2024;ASSECO POLAND SA PŁACE;UL. OLCHOWA 14 35-322 RZESZÓW;'42124059181111000049090675;'23124015321111001044176713;WYNAGRODZENIE ZA PRACE W NOCY I NADGODZINY **202412N3** 23119;216,60;PLN;'4911220987013183;PRZELEW;Wynagrodzenie
19.12.2024;19.12.2024;PYSZNE.PL SSPPUN       WROCLAW;;'23124015321111001044176713;;;-60,98;PLN;'C992435413232314;TRANSAKCJA KARTĄ PŁATNICZĄ;Restauracje i kawiarnie
19.12.2024;19.12.2024;JMP S.A. BIEDRONKA 445 WARSZAWA;;'23124015321111001044176713;;*********3025639;-7,99;PLN;'C992435412254518;TRANSAKCJA KARTĄ PŁATNICZĄ;Artykuły spożywcze
19.12.2024;19.12.2024;ZABKA Z4410 K.2        WARSZAWA;;'23124015321111001044176713;;*********3025639;-6,80;PLN;'C992435409131944;TRANSAKCJA KARTĄ PŁATNICZĄ;Artykuły spożywcze
19.12.2024;19.12.2024;JMP S.A. BIEDRONKA 445 WARSZAWA;;'23124015321111001044176713;;*********3025639;-32,30;PLN;'C992435409110031;TRANSAKCJA KARTĄ PŁATNICZĄ;Artykuły spożywcze
19.12.2024;19.12.2024;APPLE.COM/BILL         APPLE.COM/BI;;'23124015321111001044176713;;*********3025639;-4,99;PLN;'C992435403056968;TRANSAKCJA KARTĄ PŁATNICZĄ;Bez kategorii
18.12.2024;18.12.2024;KACPER BANASIK;;'23124015321111001044176713;'69124060031111001048178711;Grudzień splitwase;-1 799,32;PLN;'01424CI605900090;REALIZACJA PŁATNOŚCI PEOPAY;Bez kategorii
18.12.2024;18.12.2024;KAMIL MAŁKOWSKI;;'95249000050000400084568945;'23124015321111001044176713;Przelew na telefon BLIK;103,55;PLN;'M042000146536357;PRZELEW BLIK PRZYCHODZĄCY;Sprzedaż
18.12.2024;18.12.2024;CUKIERNIA PAWLOWICZ    WARSZAWA;;'23124015321111001044176713;;*********3025639;-7,00;PLN;'C992435313661223;TRANSAKCJA KARTĄ PŁATNICZĄ;Artykuły spożywcze
18.12.2024;18.12.2024;VINA EXPRESS           WARSZAWA;;'23124015321111001044176713;;*********3025639;-22,00;PLN;'C992435313646752;TRANSAKCJA KARTĄ PŁATNICZĄ;Puby i kluby
18.12.2024;18.12.2024;MARIUSZ ZIĘCINA;;'40249000050000400002969849;'23124015321111001044176713;Piwko i deski;105,00;PLN;'M042000146491417;PRZELEW BLIK PRZYCHODZĄCY;Inne
18.12.2024;18.12.2024;;;'23124015321111001044176713;'92124020921362991111000000;Opłata za obsługę kartyMasterCard Debit*43025639 za miesiąc 12.2024;-1,00;PLN;'M0150OLJ00174075;PROWIZJE AUT.;Opłaty bankowe
18.12.2024;17.12.2024;ZABKA Z4410 K.1        WARSZAWA;;'23124015321111001044176713;;*********3025639;-6,40;PLN;'C992435221448747;TRANSAKCJA KARTĄ PŁATNICZĄ;Artykuły spożywcze
18.12.2024;17.12.2024;LIPONOGA NINA;;'23116022020000000081891379;'23124015321111001044176713;Piwo;46,00;PLN;'M042000146432621;PRZELEW BLIK PRZYCHODZĄCY;Inne
18.12.2024;17.12.2024;U SIOSTR SP. Z O.O.    WARSZAWA;;'23124015321111001044176713;;*********3025639;-316,71;PLN;'C992435221383027;TRANSAKCJA KARTĄ PŁATNICZĄ;Restauracje i kawiarnie
17.12.2024;17.12.2024;UBR* PENDING.UBER.COM  AMSTERDAM;;'23124015321111001044176713;;*********3025639;-12,99;PLN;'C992435213177216;TRANSAKCJA KARTĄ PŁATNICZĄ;Bez kategorii
17.12.2024;17.12.2024;TEROPLAN               OSWIECIM;;'23124015321111001044176713;;*********3025639;-101,67;PLN;'C992435212064639;TRANSAKCJA KARTĄ PŁATNICZĄ;Inne
17.12.2024;17.12.2024;AUTOMATSPEC SPZOO      LISZKI;;'23124015321111001044176713;;*********3025639;-4,20;PLN;'C992435211085485;TRANSAKCJA KARTĄ PŁATNICZĄ;Restauracje i kawiarnie
17.12.2024;17.12.2024;MARIUSZ ZIECINA;;'23124015321111001044176713;'26102011270000130202564748;Przelew na telefon 48514***978. Przelew na telefon;-20,00;PLN;'M042100963072854;PRZELEW BLIK WYCHODZĄCY;Restauracje i kawiarnie
16.12.2024;16.12.2024;JMP S.A. BIEDRONKA 445 WARSZAWA;;'23124015321111001044176713;;*********3025639;-14,36;PLN;'C992435117714496;TRANSAKCJA KARTĄ PŁATNICZĄ;Artykuły spożywcze
16.12.2024;16.12.2024;APTEKAROSA PL          WIDZEW LODZ;;'23124015321111001044176713;;*********3025639;-380,01;PLN;'C992435116746667;TRANSAKCJA KARTĄ PŁATNICZĄ;Lekarstwa
16.12.2024;16.12.2024;ZABKA Z4410 K.2        WARSZAWA;;'23124015321111001044176713;;*********3025639;-6,40;PLN;'C992435113534602;TRANSAKCJA KARTĄ PŁATNICZĄ;Artykuły spożywcze
16.12.2024;16.12.2024;BISTRO GRZYBOWSKA      WARSZAWA;;'23124015321111001044176713;;*********3025639;-25,81;PLN;'C992435113531696;TRANSAKCJA KARTĄ PŁATNICZĄ;Restauracje i kawiarnie
16.12.2024;15.12.2024;JMP S.A. BIEDRONKA 445 WARSZAWA;;'23124015321111001044176713;;*********3025639;-9,88;PLN;'C992435011028941;TRANSAKCJA KARTĄ PŁATNICZĄ;Artykuły spożywcze
14.12.2024;14.12.2024;STOKROTKA NR 1146      ZABKI;;'23124015321111001044176713;;*********3025639;-16,67;PLN;'C992434920895654;TRANSAKCJA KARTĄ PŁATNICZĄ;Artykuły spożywcze
14.12.2024;14.12.2024;BISTRO GRZYBOWSKA      WARSZAWA;;'23124015321111001044176713;;*********3025639;-36,81;PLN;'C992434915729864;TRANSAKCJA KARTĄ PŁATNICZĄ;Restauracje i kawiarnie
14.12.2024;14.12.2024;JAKDOJADE.PL           POZNAN;;'23124015321111001044176713;;*********3025639;-20,00;PLN;'C992434916766289;TRANSAKCJA KARTĄ PŁATNICZĄ;Transport publiczny
14.12.2024;14.12.2024;JMP S.A. BIEDRONKA 445 WARSZAWA;;'23124015321111001044176713;;*********3025639;-28,68;PLN;'C992434915794423;TRANSAKCJA KARTĄ PŁATNICZĄ;Artykuły spożywcze
13.12.2024;13.12.2024;JMP S.A. BIEDRONKA 445 WARSZAWA;;'23124015321111001044176713;;*********3025639;-79,87;PLN;'C992434817246677;TRANSAKCJA KARTĄ PŁATNICZĄ;Artykuły spożywcze
13.12.2024;13.12.2024;ASSECO POLAND SA PŁACE;UL. OLCHOWA 14 35-322 RZESZÓW;'42124059181111000049090675;'23124015321111001044176713;PREMIA STANDBY **202412P3** 23119;1 849,70;PLN;'4911213981362697;PRZELEW;Premia, nagroda
13.12.2024;13.12.2024;ZABKA Z4410 K.2        WARSZAWA;;'23124015321111001044176713;;*********3025639;-11,98;PLN;'C992434814090312;TRANSAKCJA KARTĄ PŁATNICZĄ;Artykuły spożywcze
13.12.2024;13.12.2024;VINA EXPRESS           WARSZAWA;;'23124015321111001044176713;;*********3025639;-44,00;PLN;'C992434814126217;TRANSAKCJA KARTĄ PŁATNICZĄ;Puby i kluby
13.12.2024;13.12.2024;JMP S.A. BIEDRONKA 445 WARSZAWA;;'23124015321111001044176713;;*********3025639;-9,36;PLN;'C992434809920436;TRANSAKCJA KARTĄ PŁATNICZĄ;Artykuły spożywcze
13.12.2024;13.12.2024;LUX MED SP. Z O.O 10   WARSZAWA;;'23124015321111001044176713;;*********3025639;-22,00;PLN;'C992434808849450;TRANSAKCJA KARTĄ PŁATNICZĄ;Opieka medyczna
13.12.2024;13.12.2024;LUX MED SP. Z O.O 20   WARSZAWA;;'23124015321111001044176713;;*********3025639;-172,00;PLN;'C992434808833651;TRANSAKCJA KARTĄ PŁATNICZĄ;Opieka medyczna
13.12.2024;13.12.2024;JAKDOJADE.PL           POZNAN;;'23124015321111001044176713;;*********3025639;-10,20;PLN;'C992434806800617;TRANSAKCJA KARTĄ PŁATNICZĄ;Transport publiczny
13.12.2024;12.12.2024;JMP S.A. BIEDRONKA 445 WARSZAWA;;'23124015321111001044176713;;*********3025639;-43,26;PLN;'C992434721800628;TRANSAKCJA KARTĄ PŁATNICZĄ;Artykuły spożywcze
12.12.2024;12.12.2024;XTB SPOLKA AKCYJNA;;'39124015321787001140533465;'20124020929729000002871368;2871368;-700,00;USD;'01424CC624608950;REALIZACJA PŁATNOŚCI PEOPAY;Bez kategorii
12.12.2024;12.12.2024;MUZEUM W WILANOWIE     WARSZAWA;;'23124015321111001044176713;;*********3025639;-30,00;PLN;'C992434719695878;TRANSAKCJA KARTĄ PŁATNICZĄ;Podróże
12.12.2024;12.12.2024;UBER   * EATS PENDING  AMSTERDAM;;'23124015321111001044176713;;*********3025639;-46,90;PLN;'C992434712471994;TRANSAKCJA KARTĄ PŁATNICZĄ;Restauracje i kawiarnie
12.12.2024;12.12.2024;XTB.COM/PL;WWW.XTB.COM ul.  PROSTA 67,WARSZAWA;'23124015321111001044176713;;BLIK REF       85186820899;-5 000,00;PLN;'C992434711380554;PŁATNOŚĆ BLIK;Bez kategorii
11.12.2024;11.12.2024;JMP S.A. BIEDRONKA 445 WARSZAWA;;'23124015321111001044176713;;*********3025639;-17,99;PLN;'C992434617121924;TRANSAKCJA KARTĄ PŁATNICZĄ;Artykuły spożywcze
11.12.2024;11.12.2024;JMP S.A. BIEDRONKA 445 WARSZAWA;;'23124015321111001044176713;;*********3025639;-5,38;PLN;'C992434614974196;TRANSAKCJA KARTĄ PŁATNICZĄ;Artykuły spożywcze
11.12.2024;11.12.2024;ZABKA Z4410 K.1        WARSZAWA;;'23124015321111001044176713;;*********3025639;-11,98;PLN;'C992434610826962;TRANSAKCJA KARTĄ PŁATNICZĄ;Artykuły spożywcze
11.12.2024;11.12.2024;JMP S.A. BIEDRONKA 445 WARSZAWA;;'23124015321111001044176713;;*********3025639;-12,14;PLN;'C992434610832625;TRANSAKCJA KARTĄ PŁATNICZĄ;Artykuły spożywcze
11.12.2024;11.12.2024;SYSTEM.MYBENEFIT.PL    WARSZAWA;;'23124015321111001044176713;;*********3025639;-139,00;PLN;'C992434609789303;TRANSAKCJA KARTĄ PŁATNICZĄ;Lekarstwa
11.12.2024;10.12.2024;NINA LIPONOGA;;'23124015321111001044176713;'23116022020000000081891379;Przelew na telefon 48693***870. Przelew na telefon;-50,00;PLN;'M042100957722227;PRZELEW BLIK WYCHODZĄCY;Internet, TV, telefon
11.12.2024;10.12.2024;ZABKA Z8085 K.2        WARSZAWA;;'23124015321111001044176713;;*********3025639;-21,98;PLN;'C992434521628260;TRANSAKCJA KARTĄ PŁATNICZĄ;Artykuły spożywcze
10.12.2024;10.12.2024;AUTOMATSPEC SPZOO      LISZKI;;'23124015321111001044176713;;*********3025639;-3,50;PLN;'C992434514426382;TRANSAKCJA KARTĄ PŁATNICZĄ;Restauracje i kawiarnie
10.12.2024;10.12.2024;IKE BOSSA;;'23124015321111001044176713;'83154011578129000000814183;IKE 814183;-1 000,00;PLN;'01424CAA71008324;ZLECENIE STAŁE;Bez kategorii
09.12.2024;09.12.2024;LIDL KAROLKOWA         WARSZAWA;;'23124015321111001044176713;;*********3025639;-16,61;PLN;'C992434418980298;TRANSAKCJA KARTĄ PŁATNICZĄ;Artykuły spożywcze
09.12.2024;09.12.2024;ZABKA Z4410 K.2        WARSZAWA;;'23124015321111001044176713;;*********3025639;-9,50;PLN;'C992434419016032;TRANSAKCJA KARTĄ PŁATNICZĄ;Artykuły spożywcze
09.12.2024;09.12.2024;EMILY MYA              WARSZAWA;;'23124015321111001044176713;;*********3025639;-45,00;PLN;'C992434417024329;TRANSAKCJA KARTĄ PŁATNICZĄ;Uroda, fryzjer, kosmetyczka
09.12.2024;09.12.2024;KUCHNIA WIETNAMSK83619 WARSZAWA;;'23124015321111001044176713;;*********3025639;-30,00;PLN;'C992434418016128;TRANSAKCJA KARTĄ PŁATNICZĄ;Restauracje i kawiarnie
09.12.2024;09.12.2024;ASSECO POLAND SA PŁACE;UL. OLCHOWA 14 35-322 RZESZÓW;'42124059181111000049090675;'23124015321111001044176713;WYNAGRODZENIE 11/2024 **202411U4**23119;9 333,22;PLN;'4911209986924511;PRZELEW;Wynagrodzenie
09.12.2024;08.12.2024;NINA LIPONOGA;;'23124015321111001044176713;'23116022020000000081891379;Przelew na telefon 48693***870. Parapetówka Mariusza;-100,00;PLN;'M042100954998926;PRZELEW BLIK WYCHODZĄCY;Internet, TV, telefon
07.12.2024;07.12.2024;LIDL KAROLKOWA         WARSZAWA;;'23124015321111001044176713;;*********3025639;-39,95;PLN;'C992434218239153;TRANSAKCJA KARTĄ PŁATNICZĄ;Artykuły spożywcze
07.12.2024;07.12.2024;PIEKARNIA ORMIANSKA ZE WARSZAWA;;'23124015321111001044176713;;*********3025639;-14,00;PLN;'C992434212022306;TRANSAKCJA KARTĄ PŁATNICZĄ;Artykuły spożywcze
07.12.2024;07.12.2024;JMP S.A. BIEDRONKA 445 WARSZAWA;;'23124015321111001044176713;;*********3025639;-23,94;PLN;'C992434212005435;TRANSAKCJA KARTĄ PŁATNICZĄ;Artykuły spożywcze
07.12.2024;07.12.2024;JMP S.A. BIEDRONKA 445 WARSZAWA;;'23124015321111001044176713;;*********3025639;-4,15;PLN;'C992434210918901;TRANSAKCJA KARTĄ PŁATNICZĄ;Artykuły spożywcze
06.12.2024;06.12.2024;PAYPAL *PATRONITE      35314369001;;'23124015321111001044176713;;*********3025639;-7,00;PLN;'C992434112401018;TRANSAKCJA KARTĄ PŁATNICZĄ;Kino i teatr
06.12.2024;06.12.2024;ZABKA Z8085 K.2        WARSZAWA;;'23124015321111001044176713;;*********3025639;-15,00;PLN;'C992434115558544;TRANSAKCJA KARTĄ PŁATNICZĄ;Artykuły spożywcze
05.12.2024;05.12.2024;LIDL KAROLKOWA         WARSZAWA;;'23124015321111001044176713;;*********3025639;-67,39;PLN;'C992434018084824;TRANSAKCJA KARTĄ PŁATNICZĄ;Artykuły spożywcze
05.12.2024;05.12.2024;BISTRO GRZYBOWSKA      WARSZAWA;;'23124015321111001044176713;;*********3025639;-44,62;PLN;'C992434011800936;TRANSAKCJA KARTĄ PŁATNICZĄ;Restauracje i kawiarnie
05.12.2024;05.12.2024;ZABKA Z4410 K.1        WARSZAWA;;'23124015321111001044176713;;*********3025639;-11,98;PLN;'C992434009738933;TRANSAKCJA KARTĄ PŁATNICZĄ;Artykuły spożywcze
05.12.2024;05.12.2024;LUX MED SP. Z O.O 20   WARSZAWA;;'23124015321111001044176713;;*********3025639;-172,00;PLN;'C992434008718841;TRANSAKCJA KARTĄ PŁATNICZĄ;Opieka medyczna
05.12.2024;04.12.2024;MAŁGORZATA UŁASIUK TRENER OSOBISTY;UL.ŁUCKA 20 M.62 00-845 WARSZAWA;'25114020040000310281874201;'23124015321111001044176713;SPLITWISE;49,18;PLN;'M042000143772056;PRZELEW BLIK PRZYCHODZĄCY;Inne
04.12.2024;04.12.2024;BISTRO GRZYBOWSKA      WARSZAWA;;'23124015321111001044176713;;*********3025639;-25,81;PLN;'C992433916490439;TRANSAKCJA KARTĄ PŁATNICZĄ;Restauracje i kawiarnie
04.12.2024;04.12.2024;APTEKA 37              WARSZAWA;;'23124015321111001044176713;;*********3025639;-37,00;PLN;'C992433916473099;TRANSAKCJA KARTĄ PŁATNICZĄ;Lekarstwa
04.12.2024;04.12.2024;JMP S.A. BIEDRONKA 445 WARSZAWA;;'23124015321111001044176713;;*********3025639;-3,49;PLN;'C992433913325670;TRANSAKCJA KARTĄ PŁATNICZĄ;Artykuły spożywcze
04.12.2024;04.12.2024;PAYU;EMARKET.LUXMED. Grunwaldzka 186,Poznan;'23124015321111001044176713;;BLIK REF       85028412392;-109,00;PLN;'C992433910221470;PŁATNOŚĆ BLIK;Zakupy przez internet
04.12.2024;03.12.2024;BANK PEKAO S.A.;CENTRALA-OŚRODEK OPERACJI KART ul. Żubra 1 01-066 Warszawa;'53124000270999999999999999;'23124015321111001044176713;ZWROT TRANSAKCJI PEOPAYWYKONANEJ: /38 avenue John F. KenneZ DNIA 29/11/202447281514 006;124,95;PLN;'0324120460057715;ZWROT PŁATNOŚCI PEOPAY;Inne
04.12.2024;04.12.2024;JMP S.A. BIEDRONKA 445 WARSZAWA;;'23124015321111001044176713;;*********3025639;-24,87;PLN;'C992433910208479;TRANSAKCJA KARTĄ PŁATNICZĄ;Artykuły spożywcze
03.12.2024;03.12.2024;AUCHAN POLSKA SP. Z  0 WARSZAWA;;'23124015321111001044176713;;*********3025639;-35,43;PLN;'C992433818039143;TRANSAKCJA KARTĄ PŁATNICZĄ;Artykuły spożywcze
03.12.2024;03.12.2024;CASTORAMA WARSZAWA WOL WARSZAWA;;'23124015321111001044176713;;*********3025639;-23,78;PLN;'C992433818011270;TRANSAKCJA KARTĄ PŁATNICZĄ;Naprawy i remonty
03.12.2024;03.12.2024;JAKUB MACIEJ WRÓBEL;;'87102033520000170200784652;'23124015321111001044176713;Przelew na telefonOd: 48790768858 Do: 485*****789;41,00;PLN;'M042000143489967;PRZELEW BLIK PRZYCHODZĄCY;Sprzedaż
03.12.2024;03.12.2024;AUTOMATSPEC SPZOO      LISZKI;;'23124015321111001044176713;;*********3025639;-3,50;PLN;'C992433815890577;TRANSAKCJA KARTĄ PŁATNICZĄ;Restauracje i kawiarnie
03.12.2024;03.12.2024;MICHAŁ KALUGA;;'02102033780000180204018016;'23124015321111001044176713;za obiad KalugaOd: 48607318840 Do: 485*****789;30,00;PLN;'M042000143456895;PRZELEW BLIK PRZYCHODZĄCY;Inne
03.12.2024;03.12.2024;JANUS JAKUB;;'57116022020000000533274350;'23124015321111001044176713;Przelew BLIK na telefon;42,00;PLN;'M042000143446313;PRZELEW BLIK PRZYCHODZĄCY;Sprzedaż
03.12.2024;03.12.2024;KRZYSZTOF PIOTR KRYGIER UL. JANA BY;;'03109025900000000132707486;'23124015321111001044176713;kurczak Sajgon;25,00;PLN;'M042000143446004;PRZELEW BLIK PRZYCHODZĄCY;Inne
03.12.2024;03.12.2024;MACHOP SP. Z O.O.      WARSZAWA;;'23124015321111001044176713;;*********3025639;-179,00;PLN;'C992433813825447;TRANSAKCJA KARTĄ PŁATNICZĄ;Restauracje i kawiarnie
02.12.2024;02.12.2024;ZABKA Z8085 K.1        WARSZAWA;;'23124015321111001044176713;;*********3025639;-19,97;PLN;'C992433711197436;TRANSAKCJA KARTĄ PŁATNICZĄ;Artykuły spożywcze
02.12.2024;02.12.2024;LUX MED. SP. Z O.O. 07 WARSZAWA;;'23124015321111001044176713;;*********3025639;-22,00;PLN;'C992433718515845;TRANSAKCJA KARTĄ PŁATNICZĄ;Opieka medyczna
02.12.2024;02.12.2024;JAKDOJADE.PL           POZNAN;;'23124015321111001044176713;;*********3025639;-20,00;PLN;'C992433717429607;TRANSAKCJA KARTĄ PŁATNICZĄ;Transport publiczny
02.12.2024;02.12.2024;KEBAB                  WARSZAWA;;'23124015321111001044176713;;*********3025639;-27,00;PLN;'C992433719508686;TRANSAKCJA KARTĄ PŁATNICZĄ;Restauracje i kawiarnie
02.12.2024;02.12.2024;JMP S.A. BIEDRONKA 445 WARSZAWA;;'23124015321111001044176713;;*********3025639;-8,49;PLN;'C992433720527834;TRANSAKCJA KARTĄ PŁATNICZĄ;Artykuły spożywcze
02.12.2024;01.12.2024;XTB SPOLKA AKCYJNA;;'39124015321787001140533465;'20124020929729000002871368;2871368;-1 500,00;USD;'01424C1627401247;PRZELEW INTERNET;Bez kategorii
02.12.2024;01.12.2024;ALLEGRO                POZNAN;;'23124015321111001044176713;;*********3025639;-86,97;PLN;'C992433612906515;TRANSAKCJA KARTĄ PŁATNICZĄ;Zakupy przez internet
02.12.2024;01.12.2024;ZABKA Z4410 K.2        WARSZAWA;;'23124015321111001044176713;;*********3025639;-6,50;PLN;'C992433610853548;TRANSAKCJA KARTĄ PŁATNICZĄ;Artykuły spożywcze
30.11.2024;30.11.2024;;;;'23124015321111001044176713;ODSETKI OD DEPOZYTU;0,09;PLN;'01424BU98C001000;ODSETKI OD DEPOZYTU;Odsetki, zwrot z inwestycji
30.11.2024;30.11.2024;;;'23124015321111001044176713;;PODATEK POBRANY;-0,02;PLN;'01424BU98C000999;PODATEK POBRANY;Podatki
30.11.2024;30.11.2024;JMP S.A. BIEDRONKA 445 WARSZAWA;;'23124015321111001044176713;;*********3025639;-9,38;PLN;'C992433517647719;TRANSAKCJA KARTĄ PŁATNICZĄ;Artykuły spożywcze
30.11.2024;30.11.2024;ALIEXPRESS             LUXEMBOURG;;'23124015321111001044176713;;;-149,01;PLN;'C992433513513156;TRANSAKCJA KARTĄ PŁATNICZĄ;Bez kategorii
30.11.2024;30.11.2024;ZABKA Z4410 K.1        WARSZAWA;;'23124015321111001044176713;;*********3025639;-9,98;PLN;'C992433511448914;TRANSAKCJA KARTĄ PŁATNICZĄ;Artykuły spożywcze
30.11.2024;30.11.2024;;;;'39124015321787001140533465;ODSETKI OD DEPOZYTU;0,02;USD;'01424BU98E002247;ODSETKI OD DEPOZYTU;Odsetki, zwrot z inwestycji
29.11.2024;29.11.2024;AUCHAN POLSKA SP. Z  0 WARSZAWA;;'23124015321111001044176713;;*********3025639;-127,91;PLN;'C992433419153719;TRANSAKCJA KARTĄ PŁATNICZĄ;Artykuły spożywcze
29.11.2024;29.11.2024;PL KFC WARSZAWA WOLA P WARSZAWA;;'23124015321111001044176713;;*********3025639;-41,99;PLN;'C992433417095053;TRANSAKCJA KARTĄ PŁATNICZĄ;Restauracje i kawiarnie
29.11.2024;29.11.2024;ASSECO POLAND SA PŁACE;UL. OLCHOWA 14 35-322 RZESZÓW;'42124059181111000049090675;'23124015321111001044176713;WYNAGRODZENIE ZA PRACE W NOCY I NADGODZINY **202411N3** 23119;138,04;PLN;'4911129989872456;PRZELEW;Wynagrodzenie
29.11.2024;29.11.2024;JULIA BUDZIŃSKA;;'23124015321111001044176713;'15105015591000009267210426;Przelew na telefon 48602***840. Przelew na telefon;-300,00;PLN;'M042100946021237;PRZELEW BLIK WYCHODZĄCY;Internet, TV, telefon
29.11.2024;29.11.2024;JMP S.A. BIEDRONKA 445 WARSZAWA;;'23124015321111001044176713;;*********3025639;-8,89;PLN;'C992433409733558;TRANSAKCJA KARTĄ PŁATNICZĄ;Artykuły spożywcze
28.11.2024;28.11.2024;VINA EXPRESS           WARSZAWA;;'23124015321111001044176713;;*********3025639;-33,00;PLN;'C992433315431103;TRANSAKCJA KARTĄ PŁATNICZĄ;Puby i kluby
28.11.2024;28.11.2024;PAYPRO S.A.;HTTPS://OSTROVI Pastelowa 8,Poznan;'23124015321111001044176713;;BLIK REF       84902963549;-179,91;PLN;'C992433312333955;PŁATNOŚĆ BLIK;Zakupy przez internet
28.11.2024;28.11.2024;JMP S.A. BIEDRONKA 445 WARSZAWA;;'23124015321111001044176713;;*********3025639;-21,70;PLN;'C992433309200733;TRANSAKCJA KARTĄ PŁATNICZĄ;Artykuły spożywcze
28.11.2024;27.11.2024;AMAZON MARKETPLACE;AMAZON.PL 38 avenue John F. Kennedy,Luxembour;'23124015321111001044176713;;BLIK REF       84893856024;-124,95;PLN;'C992433220102327;PŁATNOŚĆ BLIK;Zakupy przez internet
27.11.2024;27.11.2024;JMP S.A. BIEDRONKA 445 WARSZAWA;;'23124015321111001044176713;;*********3025639;-15,62;PLN;'C992433218028872;TRANSAKCJA KARTĄ PŁATNICZĄ;Artykuły spożywcze
27.11.2024;27.11.2024;JULIA BUDZIŃSKA;;'23124015321111001044176713;'15105015591000009267210426;Przelew na telefon 48602***840. Przelew na telefon;-200,00;PLN;'M042100944641446;PRZELEW BLIK WYCHODZĄCY;Internet, TV, telefon
27.11.2024;27.11.2024;JMP S.A. BIEDRONKA 445 WARSZAWA;;'23124015321111001044176713;;*********3025639;-18,67;PLN;'C992433214874437;TRANSAKCJA KARTĄ PŁATNICZĄ;Artykuły spożywcze
27.11.2024;26.11.2024;JMP S.A. BIEDRONKA 445 WARSZAWA;;'23124015321111001044176713;;*********3025639;-16,99;PLN;'C992433121614848;TRANSAKCJA KARTĄ PŁATNICZĄ;Artykuły spożywcze
26.11.2024;26.11.2024;JMP S.A. BIEDRONKA 445 WARSZAWA;;'23124015321111001044176713;;*********3025639;-33,78;PLN;'C992433116484839;TRANSAKCJA KARTĄ PŁATNICZĄ;Artykuły spożywcze
26.11.2024;26.11.2024;FADI KEBAB             WARSZAWA;;'23124015321111001044176713;;*********3025639;-26,50;PLN;'C992433113352527;TRANSAKCJA KARTĄ PŁATNICZĄ;Restauracje i kawiarnie
26.11.2024;26.11.2024;JAROSŁAW JAKUB MILLER;RYNEK 65 26-025    ŁAGÓW               PL;'75124060031111001047891677;'23124015321111001044176713;Przelew na telefon 48502***789. splitwise;61,75;PLN;'50324BQ627007403;PRZELEW;Sprzedaż
26.11.2024;26.11.2024;JAROSŁAW JAKUB MILLER;RYNEK 65 26-025    ŁAGÓW               PL;'75124060031111001047891677;'23124015321111001044176713;Przelew na telefon 48502***789. splitwise;500,00;PLN;'50324BQ628103275;PRZELEW;Sprzedaż
26.11.2024;26.11.2024;ZABKA Z8085 K.2        WARSZAWA;;'23124015321111001044176713;;*********3025639;-4,20;PLN;'C992433108193255;TRANSAKCJA KARTĄ PŁATNICZĄ;Artykuły spożywcze
25.11.2024;25.11.2024;JMP S.A. BIEDRONKA 445 WARSZAWA;;'23124015321111001044176713;;*********3025639;-20,29;PLN;'C992433017031344;TRANSAKCJA KARTĄ PŁATNICZĄ;Artykuły spożywcze
25.11.2024;25.11.2024;MISS KIMCHI 02         WARSZAWA;;'23124015321111001044176713;;*********3025639;-39,25;PLN;'C992433017008452;TRANSAKCJA KARTĄ PŁATNICZĄ;Restauracje i kawiarnie
25.11.2024;25.11.2024;ZABKA Z4410 K.1        WARSZAWA;;'23124015321111001044176713;;*********3025639;-9,98;PLN;'C992433012809893;TRANSAKCJA KARTĄ PŁATNICZĄ;Artykuły spożywcze
25.11.2024;25.11.2024;JMP S.A. BIEDRONKA 445 WARSZAWA;;'23124015321111001044176713;;*********3025639;-16,96;PLN;'C992433012808141;TRANSAKCJA KARTĄ PŁATNICZĄ;Artykuły spożywcze
25.11.2024;24.11.2024;ZABKA Z8085 K.1        WARSZAWA;;'23124015321111001044176713;;*********3025639;-11,99;PLN;'C992432922619351;TRANSAKCJA KARTĄ PŁATNICZĄ;Artykuły spożywcze
25.11.2024;24.11.2024;KACPER;;'23124015321111001044176713;'11114020040000350278096495;Przelew na telefon 48606***449. Bilet;-41,00;PLN;'M042100942289082;PRZELEW BLIK WYCHODZĄCY;Internet, TV, telefon
25.11.2024;24.11.2024;MCDONALDS 61600227     WARSZAWA;;'23124015321111001044176713;;;-24,90;PLN;'C992432918580927;TRANSAKCJA KARTĄ PŁATNICZĄ;Restauracje i kawiarnie
25.11.2024;24.11.2024;ZABKA Z4410 K.1        WARSZAWA;;'23124015321111001044176713;;*********3025639;-3,50;PLN;'C992432917568375;TRANSAKCJA KARTĄ PŁATNICZĄ;Artykuły spożywcze
23.11.2024;23.11.2024;KACPER BANASIK;;'23124015321111001044176713;'69124060031111001048178711;Splitwase listopad;-1 818,97;PLN;'01424BN629002813;REALIZACJA PŁATNOŚCI PEOPAY;Bez kategorii
23.11.2024;23.11.2024;LIDL KAROLKOWA         WARSZAWA;;'23124015321111001044176713;;*********3025639;-160,18;PLN;'C992432809959171;TRANSAKCJA KARTĄ PŁATNICZĄ;Artykuły spożywcze
23.11.2024;22.11.2024;AMAZON MARKETPLACE;AMAZON.PL 38 avenue John F. Kennedy,Luxembour;'23124015321111001044176713;;BLIK REF       84790546526;-124,95;PLN;'C992432723885581;PŁATNOŚĆ BLIK;Zakupy przez internet
22.11.2024;22.11.2024;ZABKA Z4410 K.1        WARSZAWA;;'23124015321111001044176713;;*********3025639;-21,97;PLN;'C992432716732424;TRANSAKCJA KARTĄ PŁATNICZĄ;Artykuły spożywcze
22.11.2024;22.11.2024;LIDL KAROLKOWA         WARSZAWA;;'23124015321111001044176713;;*********3025639;-30,85;PLN;'C992432708404694;TRANSAKCJA KARTĄ PŁATNICZĄ;Artykuły spożywcze
21.11.2024;21.11.2024;LIDL KAROLKOWA         WARSZAWA;;'23124015321111001044176713;;*********3025639;-6,99;PLN;'C992432619293664;TRANSAKCJA KARTĄ PŁATNICZĄ;Artykuły spożywcze
21.11.2024;21.11.2024;JMP S.A. BIEDRONKA 760 WARSZAWA;;'23124015321111001044176713;;*********3025639;-5,99;PLN;'C992432617245666;TRANSAKCJA KARTĄ PŁATNICZĄ;Artykuły spożywcze
21.11.2024;21.11.2024;JMP S.A. BIEDRONKA 445 WARSZAWA;;'23124015321111001044176713;;*********3025639;-36,80;PLN;'C992432612020798;TRANSAKCJA KARTĄ PŁATNICZĄ;Artykuły spożywcze
20.11.2024;20.11.2024;MARIUSZ ZIĘCINA;;'40249000050000400002969849;'23124015321111001044176713;Dolewka;13,00;PLN;'M042000141137472;PRZELEW BLIK PRZYCHODZĄCY;Inne
20.11.2024;20.11.2024;MARIUSZ ZIĘCINA;;'40249000050000400002969849;'23124015321111001044176713;Piwko;41,00;PLN;'M042000141137317;PRZELEW BLIK PRZYCHODZĄCY;Inne
20.11.2024;20.11.2024;JMP S.A. BIEDRONKA 445 WARSZAWA;;'23124015321111001044176713;;*********3025639;-48,22;PLN;'C992432518776077;TRANSAKCJA KARTĄ PŁATNICZĄ;Artykuły spożywcze
20.11.2024;20.11.2024;JMP S.A. BIEDRONKA 445 WARSZAWA;;'23124015321111001044176713;;*********3025639;-12,77;PLN;'C992432510481086;TRANSAKCJA KARTĄ PŁATNICZĄ;Artykuły spożywcze
20.11.2024;20.11.2024;;;'23124015321111001044176713;'92124020921362991111000000;Opłata za obsługę kartyMasterCard Debit*43025639 za miesiąc 11.2024;-1,00;PLN;'M0150OKL00217275;PROWIZJE AUT.;Opłaty bankowe
19.11.2024;19.11.2024;AUTOMATSPEC SPZOO      LISZKI;;'23124015321111001044176713;;*********3025639;-3,50;PLN;'C992432416222059;TRANSAKCJA KARTĄ PŁATNICZĄ;Restauracje i kawiarnie
19.11.2024;19.11.2024;U SIOSTR SP. Z O.O.    WARSZAWA;;'23124015321111001044176713;;*********3025639;-137,42;PLN;'C992432419322682;TRANSAKCJA KARTĄ PŁATNICZĄ;Restauracje i kawiarnie
19.11.2024;19.11.2024;LIPONOGA NINA;;'23116022020000000081891379;'23124015321111001044176713;Piwko;45,00;PLN;'M042000140967617;PRZELEW BLIK PRZYCHODZĄCY;Inne
19.11.2024;19.11.2024;MARIUSZ ZIECINA;;'23124015321111001044176713;'26102011270000130202564748;Przelew na telefon 48514***978. Przelew na telefon;-27,00;PLN;'M042100938685821;PRZELEW BLIK WYCHODZĄCY;Restauracje i kawiarnie
19.11.2024;19.11.2024;APPLE.COM/BILL         APPLE.COM/BI;;'23124015321111001044176713;;*********3025639;-4,99;PLN;'C992432403879212;TRANSAKCJA KARTĄ PŁATNICZĄ;Bez kategorii
18.11.2024;18.11.2024;ZABKA Z8085 K.2        WARSZAWA;;'23124015321111001044176713;;*********3025639;-15,98;PLN;'C992432318804501;TRANSAKCJA KARTĄ PŁATNICZĄ;Artykuły spożywcze
18.11.2024;18.11.2024;BISTRO GRZYBOWSKA      WARSZAWA;;'23124015321111001044176713;;*********3025639;-28,81;PLN;'C992432315685068;TRANSAKCJA KARTĄ PŁATNICZĄ;Restauracje i kawiarnie
18.11.2024;17.11.2024;ZABKA Z8085 K.2        WARSZAWA;;'23124015321111001044176713;;*********3025639;-15,00;PLN;'C992432214265373;TRANSAKCJA KARTĄ PŁATNICZĄ;Artykuły spożywcze
18.11.2024;17.11.2024;UBR* PENDING.UBER.COM  AMSTERDAM;;'23124015321111001044176713;;*********3025639;-12,99;PLN;'C992432213247553;TRANSAKCJA KARTĄ PŁATNICZĄ;Bez kategorii
18.11.2024;16.11.2024;KUCHNIA WIETNAMSK83619 WARSZAWA;;'23124015321111001044176713;;*********3025639;-36,00;PLN;'C992432120132871;TRANSAKCJA KARTĄ PŁATNICZĄ;Restauracje i kawiarnie
18.11.2024;16.11.2024;LIDL KAROLKOWA         WARSZAWA;;'23124015321111001044176713;;*********3025639;-27,28;PLN;'C992432120118513;TRANSAKCJA KARTĄ PŁATNICZĄ;Artykuły spożywcze
16.11.2024;16.11.2024;PIEKARNIA ORMIANSKA ZE WARSZAWA;;'23124015321111001044176713;;*********3025639;-34,00;PLN;'C992432114922582;TRANSAKCJA KARTĄ PŁATNICZĄ;Artykuły spożywcze
16.11.2024;16.11.2024;ZABKA Z4410 K.1        WARSZAWA;;'23124015321111001044176713;;*********3025639;-11,98;PLN;'C992432114926641;TRANSAKCJA KARTĄ PŁATNICZĄ;Artykuły spożywcze
15.11.2024;15.11.2024;AUCHAN POLSKA SP. Z  0 WARSZAWA;;'23124015321111001044176713;;*********3025639;-122,64;PLN;'C992432020574645;TRANSAKCJA KARTĄ PŁATNICZĄ;Artykuły spożywcze
15.11.2024;15.11.2024;JAKDOJADE.PL           POZNAN;;'23124015321111001044176713;;*********3025639;-20,00;PLN;'C992432020569577;TRANSAKCJA KARTĄ PŁATNICZĄ;Transport publiczny
15.11.2024;15.11.2024;ASSECO POLAND SA PŁACE;UL. OLCHOWA 14 35-322 RZESZÓW;'42124059181111000049090675;'23124015321111001044176713;PREMIA STANDBY **202411P1** 23119;2 324,94;PLN;'4911115989781524;PRZELEW;Premia, nagroda
14.11.2024;14.11.2024;PYSZNE.PL TCFS2O       WROCLAW;;'23124015321111001044176713;;;-138,00;PLN;'C992431918954520;TRANSAKCJA KARTĄ PŁATNICZĄ;Restauracje i kawiarnie
14.11.2024;14.11.2024;JMP S.A. BIEDRONKA 445 WARSZAWA;;'23124015321111001044176713;;*********3025639;-29,96;PLN;'C992431912705704;TRANSAKCJA KARTĄ PŁATNICZĄ;Artykuły spożywcze
13.11.2024;13.11.2024;JMP S.A. BIEDRONKA 445 WARSZAWA;;'23124015321111001044176713;;*********3025639;-11,80;PLN;'C992431810119983;TRANSAKCJA KARTĄ PŁATNICZĄ;Artykuły spożywcze
13.11.2024;13.11.2024;BANGGOOD.COM           NICOSIA;;'23124015321111001044176713;;;-437,76;PLN;'C992431800015286;TRANSAKCJA KARTĄ PŁATNICZĄ;Bez kategorii
12.11.2024;12.11.2024;LIDL KAROLKOWA         WARSZAWA;;'23124015321111001044176713;;*********3025639;-4,49;PLN;'C992431719966000;TRANSAKCJA KARTĄ PŁATNICZĄ;Artykuły spożywcze
12.11.2024;12.11.2024;ZABKA Z4410 K.2        WARSZAWA;;'23124015321111001044176713;;*********3025639;-11,80;PLN;'C992431712663009;TRANSAKCJA KARTĄ PŁATNICZĄ;Artykuły spożywcze
12.11.2024;12.11.2024;JMP S.A. BIEDRONKA 445 WARSZAWA;;'23124015321111001044176713;;*********3025639;-4,10;PLN;'C992431712650323;TRANSAKCJA KARTĄ PŁATNICZĄ;Artykuły spożywcze
12.11.2024;12.11.2024;IKE BOSSA;;'23124015321111001044176713;'83154011578129000000814183;IKE 814183;-1 000,00;PLN;'01424BCA71005136;ZLECENIE STAŁE;Bez kategorii
11.11.2024;11.11.2024;ZABKA Z8085 K.2        WARSZAWA;;'23124015321111001044176713;;*********3025639;-11,98;PLN;'C992431611270804;TRANSAKCJA KARTĄ PŁATNICZĄ;Artykuły spożywcze
11.11.2024;10.11.2024;BUDZIŃSKA JULIA;;'15105015591000009267210426;'23124015321111001044176713;Przelew na telefon +48xxxxxx789Przelew na telefonDla Kamil SobierajOd BUDZIŃSKA JULIA;150,00;PLN;'M042000139339982;PRZELEW BLIK PRZYCHODZĄCY;Sprzedaż
11.11.2024;10.11.2024;ZABKA Z4410 K.2        WARSZAWA;;'23124015321111001044176713;;*********3025639;-11,80;PLN;'C992431512064581;TRANSAKCJA KARTĄ PŁATNICZĄ;Artykuły spożywcze
11.11.2024;10.11.2024;SYSTEM.MYBENEFIT.PL    WARSZAWA;;'23124015321111001044176713;;*********3025639;-139,00;PLN;'C992431509012990;TRANSAKCJA KARTĄ PŁATNICZĄ;Lekarstwa
09.11.2024;09.11.2024;LIDL KAROLKOWA         WARSZAWA;;'23124015321111001044176713;;*********3025639;-99,73;PLN;'C992431416827652;TRANSAKCJA KARTĄ PŁATNICZĄ;Artykuły spożywcze
09.11.2024;09.11.2024;PIEKARNIA ORMIANSKA ZE WARSZAWA;;'23124015321111001044176713;;*********3025639;-15,00;PLN;'C992431413687918;TRANSAKCJA KARTĄ PŁATNICZĄ;Artykuły spożywcze
09.11.2024;09.11.2024;ZDROFIT WOLA POS       WARSZAWA;;'23124015321111001044176713;;*********3025639;-4,50;PLN;'C992431410536465;TRANSAKCJA KARTĄ PŁATNICZĄ;Hobby
09.11.2024;09.11.2024;JMP S.A. BIEDRONKA 445 WARSZAWA;;'23124015321111001044176713;;*********3025639;-22,61;PLN;'C992431409446784;TRANSAKCJA KARTĄ PŁATNICZĄ;Artykuły spożywcze
08.11.2024;08.11.2024;JMP S.A. BIEDRONKA 445 WARSZAWA;;'23124015321111001044176713;;*********3025639;-8,89;PLN;'C992431312968712;TRANSAKCJA KARTĄ PŁATNICZĄ;Artykuły spożywcze
08.11.2024;08.11.2024;ZABKA Z4410 K.2        WARSZAWA;;'23124015321111001044176713;;*********3025639;-11,80;PLN;'C992431308834736;TRANSAKCJA KARTĄ PŁATNICZĄ;Artykuły spożywcze
08.11.2024;08.11.2024;KUCHNIA WIETNAMSK83619 WARSZAWA;;'23124015321111001044176713;;*********3025639;-26,00;PLN;'C992431316165671;TRANSAKCJA KARTĄ PŁATNICZĄ;Restauracje i kawiarnie
08.11.2024;08.11.2024;LIDL KAROLKOWA         WARSZAWA;;'23124015321111001044176713;;*********3025639;-43,46;PLN;'C992431316194614;TRANSAKCJA KARTĄ PŁATNICZĄ;Artykuły spożywcze
08.11.2024;07.11.2024;ZABKA Z4410 K.2        WARSZAWA;;'23124015321111001044176713;;*********3025639;-13,98;PLN;'C992431222735576;TRANSAKCJA KARTĄ PŁATNICZĄ;Artykuły spożywcze
07.11.2024;07.11.2024;ASSECO POLAND SA PŁACE;UL. OLCHOWA 14 35-322 RZESZÓW;'42124059181111000049090675;'23124015321111001044176713;WYNAGRODZENIE 10/2024 **202410U5**23119;9 327,22;PLN;'4911107989952645;PRZELEW;Wynagrodzenie
06.11.2024;06.11.2024;JULIA BUDZIŃSKA;;'23124015321111001044176713;'15105015591000009267210426;Przelew na telefon 48602***840. Przelew na telefon;-150,00;PLN;'M042100927861780;PRZELEW BLIK WYCHODZĄCY;Internet, TV, telefon
06.11.2024;06.11.2024;LIDL KAROLKOWA         WARSZAWA;;'23124015321111001044176713;;*********3025639;-66,67;PLN;'C992431117086537;TRANSAKCJA KARTĄ PŁATNICZĄ;Artykuły spożywcze
06.11.2024;06.11.2024;KUCHNIA WIETNAMSK83619 WARSZAWA;;'23124015321111001044176713;;*********3025639;-26,00;PLN;'C992431112902233;TRANSAKCJA KARTĄ PŁATNICZĄ;Restauracje i kawiarnie
06.11.2024;06.11.2024;PAYPAL *PATRONITE      35314369001;;'23124015321111001044176713;;*********3025639;-7,00;PLN;'C992431112915143;TRANSAKCJA KARTĄ PŁATNICZĄ;Kino i teatr
06.11.2024;06.11.2024;CURRENCY ONE SA;SZYPERSKA 14 61-754    POZNAŃ              PL;'30124066251787001024213427;'39124015321787001140533465;/OPF/X/////TAGWTPL96145725 26034413Kamil Sobieraj;984,69;USD;'5651106608900988;PRZELEW;Inne
06.11.2024;06.11.2024;PAYPRO S.A.;;'23124015321111001044176713;'65124059341111001093613108;/OPT/X/////P24-J3Q-Z7R-F8C;-4 000,00;PLN;'01424B6601409953;PRZELEW WEWNĘTRZNY - DOSTAWCA;Bez kategorii
06.11.2024;06.11.2024;ZABKA Z4410 K.1        WARSZAWA;;'23124015321111001044176713;;*********3025639;-5,98;PLN;'C992431108797518;TRANSAKCJA KARTĄ PŁATNICZĄ;Artykuły spożywcze
06.11.2024;06.11.2024;JMP S.A. BIEDRONKA 445 WARSZAWA;;'23124015321111001044176713;;*********3025639;-14,68;PLN;'C992431108790083;TRANSAKCJA KARTĄ PŁATNICZĄ;Artykuły spożywcze
05.11.2024;05.11.2024;JMP S.A. BIEDRONKA 445 WARSZAWA;;'23124015321111001044176713;;*********3025639;-14,99;PLN;'C992431019694167;TRANSAKCJA KARTĄ PŁATNICZĄ;Artykuły spożywcze
05.11.2024;05.11.2024;FLORA CAFFE TAKA AWAY  WARSZAWA;;'23124015321111001044176713;;*********3025639;-12,00;PLN;'C992431018672024;TRANSAKCJA KARTĄ PŁATNICZĄ;Restauracje i kawiarnie
05.11.2024;05.11.2024;FLORA CAFFE TAKA AWAY  WARSZAWA;;'23124015321111001044176713;;*********3025639;-18,00;PLN;'C992431017601093;TRANSAKCJA KARTĄ PŁATNICZĄ;Restauracje i kawiarnie
05.11.2024;05.11.2024;AUTOMATSPEC SPZOO      LISZKI;;'23124015321111001044176713;;*********3025639;-3,50;PLN;'C992431015544355;TRANSAKCJA KARTĄ PŁATNICZĄ;Restauracje i kawiarnie
05.11.2024;05.11.2024;MACHOP SP. Z O.O.      WARSZAWA;;'23124015321111001044176713;;*********3025639;-24,50;PLN;'C992431014493098;TRANSAKCJA KARTĄ PŁATNICZĄ;Restauracje i kawiarnie
05.11.2024;05.11.2024;JMP S.A. BIEDRONKA 445 WARSZAWA;;'23124015321111001044176713;;*********3025639;-14,88;PLN;'C992431008285992;TRANSAKCJA KARTĄ PŁATNICZĄ;Artykuły spożywcze
04.11.2024;03.11.2024;ZABKA Z8085 K.2        WARSZAWA;;'23124015321111001044176713;;*********3025639;-7,90;PLN;'C992430819682101;TRANSAKCJA KARTĄ PŁATNICZĄ;Artykuły spożywcze
04.11.2024;03.11.2024;ZABKA Z8085 K.2        WARSZAWA;;'23124015321111001044176713;;*********3025639;-22,00;PLN;'C992430813574515;TRANSAKCJA KARTĄ PŁATNICZĄ;Artykuły spożywcze
04.11.2024;03.11.2024;ZABKA Z4410 K.1        WARSZAWA;;'23124015321111001044176713;;*********3025639;-9,98;PLN;'C992430813594365;TRANSAKCJA KARTĄ PŁATNICZĄ;Artykuły spożywcze
04.11.2024;03.11.2024;KUCHNIA WIETNAMSK83619 WARSZAWA;;'23124015321111001044176713;;*********3025639;-36,00;PLN;'C992430812565550;TRANSAKCJA KARTĄ PŁATNICZĄ;Restauracje i kawiarnie
02.11.2024;02.11.2024;CARREFOUR PLP308       LOMZA;;'23124015321111001044176713;;*********3025639;-1,09;PLN;'C992430711189721;TRANSAKCJA KARTĄ PŁATNICZĄ;Artykuły spożywcze
02.11.2024;02.11.2024;CARREFOUR PLP308       LOMZA;;'23124015321111001044176713;;*********3025639;-20,03;PLN;'C992430711183311;TRANSAKCJA KARTĄ PŁATNICZĄ;Artykuły spożywcze
02.11.2024;02.11.2024;GELATO RIALTO 4        LOMZA;;'23124015321111001044176713;;*********3025639;-14,90;PLN;'C992430711144436;TRANSAKCJA KARTĄ PŁATNICZĄ;Restauracje i kawiarnie
01.11.2024;01.11.2024;ZABKA ZB128 K.1        LOMZA;;'23124015321111001044176713;;*********3025639;-11,98;PLN;'C992430614944313;TRANSAKCJA KARTĄ PŁATNICZĄ;Artykuły spożywcze
31.10.2024;31.10.2024;;;;'39124015321787001140533465;ODSETKI OD DEPOZYTU;0,01;USD;'01424AV98E002274;ODSETKI OD DEPOZYTU;Odsetki, zwrot z inwestycji
31.10.2024;31.10.2024;;;;'23124015321111001044176713;ODSETKI OD DEPOZYTU;0,11;PLN;'01424AV98C001058;ODSETKI OD DEPOZYTU;Odsetki, zwrot z inwestycji
31.10.2024;31.10.2024;;;'23124015321111001044176713;;PODATEK POBRANY;-0,02;PLN;'01424AV98C001057;PODATEK POBRANY;Podatki
31.10.2024;31.10.2024;ASSECO POLAND SA PŁACE;UL. OLCHOWA 14 35-322 RZESZÓW;'42124059181111000049090675;'23124015321111001044176713;WYNAGRODZENIE ZA PRACE W NOCY I NADGODZINY **202410N2** 23119;406,39;PLN;'4911031987831542;PRZELEW;Wynagrodzenie
31.10.2024;31.10.2024;JMP S.A. BIEDRONKA 445 WARSZAWA;;'23124015321111001044176713;;*********3025639;-2,40;PLN;'C992430509310309;TRANSAKCJA KARTĄ PŁATNICZĄ;Artykuły spożywcze
31.10.2024;31.10.2024;LIDL KAROLKOWA         WARSZAWA;;'23124015321111001044176713;;*********3025639;-51,03;PLN;'C992430508262266;TRANSAKCJA KARTĄ PŁATNICZĄ;Artykuły spożywcze
30.10.2024;30.10.2024;JMP S.A. BIEDRONKA 631 WARSZAWA;;'23124015321111001044176713;;*********3025639;-4,84;PLN;'C992430418138552;TRANSAKCJA KARTĄ PŁATNICZĄ;Artykuły spożywcze
30.10.2024;30.10.2024;UŁASIUK MAŁGORZATA;UL. DĄBROWICA MAŁA 71 21-530 DĄBROW ICA MAŁA;'61156000132008867040000001;'23124015321111001044176713;Splitwiese;445,00;PLN;'YJ30002108403933;PRZELEW KRAJOWY MIĘDZYBANKOWY;Inne
30.10.2024;30.10.2024;ZABKA Z8085 K.2        WARSZAWA;;'23124015321111001044176713;;*********3025639;-9,98;PLN;'C992430409754912;TRANSAKCJA KARTĄ PŁATNICZĄ;Artykuły spożywcze
30.10.2024;29.10.2024;JMP S.A. BIEDRONKA 631 WARSZAWA;;'23124015321111001044176713;;*********3025639;-26,33;PLN;'C992430320658432;TRANSAKCJA KARTĄ PŁATNICZĄ;Artykuły spożywcze
29.10.2024;29.10.2024;JMP S.A. BIEDRONKA 445 WARSZAWA;;'23124015321111001044176713;;*********3025639;-22,17;PLN;'C992430317582325;TRANSAKCJA KARTĄ PŁATNICZĄ;Artykuły spożywcze
29.10.2024;29.10.2024;JMP S.A. BIEDRONKA 445 WARSZAWA;;'23124015321111001044176713;;*********3025639;-19,14;PLN;'C992430308242311;TRANSAKCJA KARTĄ PŁATNICZĄ;Artykuły spożywcze
28.10.2024;28.10.2024;JMP S.A. BIEDRONKA 445 WARSZAWA;;'23124015321111001044176713;;*********3025639;-14,99;PLN;'C992430219135491;TRANSAKCJA KARTĄ PŁATNICZĄ;Artykuły spożywcze
28.10.2024;28.10.2024;AUCHAN POLSKA SP. Z  0 WARSZAWA;;'23124015321111001044176713;;*********3025639;-73,62;PLN;'C992430217077578;TRANSAKCJA KARTĄ PŁATNICZĄ;Artykuły spożywcze
28.10.2024;28.10.2024;INFOBUS S.R.O.         PRAGUE;;'23124015321111001044176713;;;-89,65;PLN;'C992430211837886;TRANSAKCJA KARTĄ PŁATNICZĄ;Podróże
28.10.2024;28.10.2024;PIEKARNIA ORMIANSKA ZE WARSZAWA;;'23124015321111001044176713;;*********3025639;-14,00;PLN;'C992430210798491;TRANSAKCJA KARTĄ PŁATNICZĄ;Artykuły spożywcze
28.10.2024;28.10.2024;JMP S.A. BIEDRONKA 760 WARSZAWA;;'23124015321111001044176713;;*********3025639;-5,08;PLN;'C992430207704351;TRANSAKCJA KARTĄ PŁATNICZĄ;Artykuły spożywcze
28.10.2024;27.10.2024;ZABKA Z4410 K.1        WARSZAWA;;'23124015321111001044176713;;*********3025639;-6,50;PLN;'C992430115573775;TRANSAKCJA KARTĄ PŁATNICZĄ;Artykuły spożywcze
28.10.2024;27.10.2024;SKLEP SPOZYWCZY AZJATY WARSZAWA;;'23124015321111001044176713;;*********3025639;-17,00;PLN;'C992430112513219;TRANSAKCJA KARTĄ PŁATNICZĄ;Artykuły spożywcze
28.10.2024;26.10.2024;LIDL KAROLKOWA         WARSZAWA;;'23124015321111001044176713;;*********3025639;-9,38;PLN;'C992430020406573;TRANSAKCJA KARTĄ PŁATNICZĄ;Artykuły spożywcze
26.10.2024;26.10.2024;JMP S.A. BIEDRONKA 445 WARSZAWA;;'23124015321111001044176713;;*********3025639;-120,07;PLN;'C992430015251421;TRANSAKCJA KARTĄ PŁATNICZĄ;Artykuły spożywcze
25.10.2024;25.10.2024;ZABKA Z8085 K.2        WARSZAWA;;'23124015321111001044176713;;*********3025639;-22,90;PLN;'C992429919842459;TRANSAKCJA KARTĄ PŁATNICZĄ;Artykuły spożywcze
25.10.2024;25.10.2024;JMP S.A. BIEDRONKA 445 WARSZAWA;;'23124015321111001044176713;;*********3025639;-16,47;PLN;'C992429913589515;TRANSAKCJA KARTĄ PŁATNICZĄ;Artykuły spożywcze
24.10.2024;24.10.2024;ZABKA Z8085 K.2        WARSZAWA;;'23124015321111001044176713;;*********3025639;-5,50;PLN;'C992429817239641;TRANSAKCJA KARTĄ PŁATNICZĄ;Artykuły spożywcze
24.10.2024;24.10.2024;XTB SPOLKA AKCYJNA;;'39124015321787001140533465;'20124020929729000002871368;2871368;-1 100,00;USD;'01424AO60J004596;REALIZACJA PŁATNOŚCI PEOPAY;Bez kategorii
24.10.2024;24.10.2024;CURRENCY ONE SA;SZYPERSKA 14 61-754    POZNAŃ              PL;'30124066251787001024213427;'39124015321787001140533465;/OPF/X/////TAGWTPL70899671 26034413Kamil Sobieraj;2 482,55;USD;'5651024614700893;PRZELEW;Inne
24.10.2024;24.10.2024;PAYPRO S.A.;;'23124015321111001044176713;'65124059341111001093613108;/OPT/X/////P24-D9Q-V2A-F2G;-10 000,00;PLN;'01424AO626408548;PRZELEW WEWNĘTRZNY - DOSTAWCA;Bez kategorii
24.10.2024;24.10.2024;LIDL KAROLKOWA         WARSZAWA;;'23124015321111001044176713;;*********3025639;-56,69;PLN;'C992429807895092;TRANSAKCJA KARTĄ PŁATNICZĄ;Artykuły spożywcze
23.10.2024;23.10.2024;JMP S.A. BIEDRONKA 445 WARSZAWA;;'23124015321111001044176713;;*********3025639;-25,12;PLN;'C992429717744374;TRANSAKCJA KARTĄ PŁATNICZĄ;Artykuły spożywcze
23.10.2024;23.10.2024;ZABKA Z4410 K.2        WARSZAWA;;'23124015321111001044176713;;*********3025639;-15,48;PLN;'C992429715661905;TRANSAKCJA KARTĄ PŁATNICZĄ;Artykuły spożywcze
23.10.2024;23.10.2024;CHILII KEBAB AND GRILL WARSZAWA;;'23124015321111001044176713;;*********3025639;-35,00;PLN;'C992429713561718;TRANSAKCJA KARTĄ PŁATNICZĄ;Restauracje i kawiarnie
23.10.2024;23.10.2024;ZABKA Z4410 K.2        WARSZAWA;;'23124015321111001044176713;;*********3025639;-9,98;PLN;'C992429710466478;TRANSAKCJA KARTĄ PŁATNICZĄ;Artykuły spożywcze
23.10.2024;22.10.2024;LIDL KAROLKOWA         WARSZAWA;;'23124015321111001044176713;;*********3025639;-10,88;PLN;'C992429621339464;TRANSAKCJA KARTĄ PŁATNICZĄ;Artykuły spożywcze
22.10.2024;22.10.2024;PIEKARNIA ORMIANSKA ZE WARSZAWA;;'23124015321111001044176713;;*********3025639;-14,00;PLN;'C992429620324737;TRANSAKCJA KARTĄ PŁATNICZĄ;Artykuły spożywcze
22.10.2024;22.10.2024;MARIUSZ ZIECINA;;'23124015321111001044176713;'26102011270000130202564748;Przelew na telefon 48514***978. Restauracja u sióstr;-94,00;PLN;'M042100916564179;PRZELEW BLIK WYCHODZĄCY;Restauracje i kawiarnie
22.10.2024;22.10.2024;CARREFOUR EXPRESS H82  WARSZAWA;;'23124015321111001044176713;;*********3025639;-8,49;PLN;'C992429612051592;TRANSAKCJA KARTĄ PŁATNICZĄ;Artykuły spożywcze
22.10.2024;22.10.2024;SKLEP FIRMOWY NR 117   WARSZAWA;;'23124015321111001044176713;;*********3025639;-19,21;PLN;'C992429609949274;TRANSAKCJA KARTĄ PŁATNICZĄ;Artykuły spożywcze
21.10.2024;21.10.2024;VINA EXPRESS           WARSZAWA;;'23124015321111001044176713;;*********3025639;-28,00;PLN;'C992429515662208;TRANSAKCJA KARTĄ PŁATNICZĄ;Puby i kluby
21.10.2024;21.10.2024;ZABKA Z4410 K.1        WARSZAWA;;'23124015321111001044176713;;*********3025639;-5,98;PLN;'C992429508424076;TRANSAKCJA KARTĄ PŁATNICZĄ;Artykuły spożywcze
21.10.2024;21.10.2024;JMP S.A. BIEDRONKA 445 WARSZAWA;;'23124015321111001044176713;;*********3025639;-8,89;PLN;'C992429508422378;TRANSAKCJA KARTĄ PŁATNICZĄ;Artykuły spożywcze
21.10.2024;19.10.2024;ALIEXPRESS.COM         LUXEMBOURG;;'23124015321111001044176713;;;-58,01;PLN;'C992429323131489;TRANSAKCJA KARTĄ PŁATNICZĄ;Bez kategorii
19.10.2024;19.10.2024;JMP S.A. BIEDRONKA 445 WARSZAWA;;'23124015321111001044176713;;*********3025639;-101,16;PLN;'C992429320094706;TRANSAKCJA KARTĄ PŁATNICZĄ;Artykuły spożywcze
19.10.2024;19.10.2024;APPLE.COM/BILL         APPLE.COM/BI;;'23124015321111001044176713;;*********3025639;-4,99;PLN;'C992429303613401;TRANSAKCJA KARTĄ PŁATNICZĄ;Bez kategorii
18.10.2024;18.10.2024;LIDL KAROLKOWA         WARSZAWA;;'23124015321111001044176713;;*********3025639;-92,54;PLN;'C992429220560850;TRANSAKCJA KARTĄ PŁATNICZĄ;Artykuły spożywcze
18.10.2024;18.10.2024;VINA EXPRESS           WARSZAWA;;'23124015321111001044176713;;*********3025639;-33,00;PLN;'C992429217453167;TRANSAKCJA KARTĄ PŁATNICZĄ;Puby i kluby
17.10.2024;17.10.2024;XTB SPOLKA AKCYJNA;;'39124015321787001140533465;'20124020929729000002871368;2871368;-1 000,00;USD;'01424AH606107028;PRZELEW INTERNET;Bez kategorii
17.10.2024;17.10.2024;UBR* PENDING.UBER.COM  AMSTERDAM;;'23124015321111001044176713;;*********3025639;-9,09;PLN;'C992429114804195;TRANSAKCJA KARTĄ PŁATNICZĄ;Bez kategorii
16.10.2024;16.10.2024;JMP S.A. BIEDRONKA 445 WARSZAWA;;'23124015321111001044176713;;*********3025639;-19,97;PLN;'C992429009117018;TRANSAKCJA KARTĄ PŁATNICZĄ;Artykuły spożywcze
15.10.2024;15.10.2024;AUCHAN POLSKA SP. Z  0 WARSZAWA;;'23124015321111001044176713;;*********3025639;-160,13;PLN;'C992428919965384;TRANSAKCJA KARTĄ PŁATNICZĄ;Artykuły spożywcze
15.10.2024;15.10.2024;JAKUB MACIEJ WRÓBEL;;'87102033520000170200784652;'23124015321111001044176713;Przelew na telefonOd: 48790768858 Do: 485*****789;18,00;PLN;'M042000134800746;PRZELEW BLIK PRZYCHODZĄCY;Sprzedaż
15.10.2024;15.10.2024;LIPONOGA NINA;;'23116022020000000081891379;'23124015321111001044176713;Obiadek;42,00;PLN;'M042000134794127;PRZELEW BLIK PRZYCHODZĄCY;Inne
15.10.2024;15.10.2024;ASSECO POLAND SA PŁACE;UL. OLCHOWA 14 35-322 RZESZÓW;'42124059181111000049090675;'23124015321111001044176713;PREMIA STANDBY **202410P2** 23119;2 801,17;PLN;'4911015987421372;PRZELEW;Premia, nagroda
15.10.2024;15.10.2024;MACHOP SP. Z O.O.      WARSZAWA;;'23124015321111001044176713;;*********3025639;-100,00;PLN;'C992428913740635;TRANSAKCJA KARTĄ PŁATNICZĄ;Restauracje i kawiarnie
15.10.2024;15.10.2024;;;'23124015321111001044176713;'92124020921362991111000000;Opłata za obsługę kartyMasterCard Debit*43025639 za miesiąc 10.2024;-1,00;PLN;'M0150OJG00239764;PROWIZJE AUT.;Opłaty bankowe
15.10.2024;15.10.2024;JMP S.A. BIEDRONKA 445 WARSZAWA;;'23124015321111001044176713;;*********3025639;-2,58;PLN;'C992428907553903;TRANSAKCJA KARTĄ PŁATNICZĄ;Artykuły spożywcze
14.10.2024;14.10.2024;JMP S.A. BIEDRONKA 445 WARSZAWA;;'23124015321111001044176713;;*********3025639;-22,96;PLN;'C992428809062604;TRANSAKCJA KARTĄ PŁATNICZĄ;Artykuły spożywcze
14.10.2024;13.10.2024;ALLEGRO                POZNAN;;'23124015321111001044176713;;*********3025639;-52,52;PLN;'C992428723739326;TRANSAKCJA KARTĄ PŁATNICZĄ;Zakupy przez internet
14.10.2024;13.10.2024;ZABKA Z4410 K.1        WARSZAWA;;'23124015321111001044176713;;*********3025639;-9,99;PLN;'C992428721414448;TRANSAKCJA KARTĄ PŁATNICZĄ;Artykuły spożywcze
14.10.2024;13.10.2024;ZABKA Z4410 K.1        WARSZAWA;;'23124015321111001044176713;;*********3025639;-9,93;PLN;'C992428713282636;TRANSAKCJA KARTĄ PŁATNICZĄ;Artykuły spożywcze
12.10.2024;12.10.2024;JMP S.A. BIEDRONKA 445 WARSZAWA;;'23124015321111001044176713;;*********3025639;-30,46;PLN;'C992428620164668;TRANSAKCJA KARTĄ PŁATNICZĄ;Artykuły spożywcze
12.10.2024;12.10.2024;BUDZIŃSKA JULIA;;'15105015591000009267210426;'23124015321111001044176713;Przelew na telefon +48xxxxxx789Przelew na telefonDla Kamil SobierajOd BUDZIŃSKA JULIA;378,00;PLN;'M042000134312699;PRZELEW BLIK PRZYCHODZĄCY;Sprzedaż
12.10.2024;12.10.2024;LIDL KAROLKOWA         WARSZAWA;;'23124015321111001044176713;;*********3025639;-37,52;PLN;'C992428613240680;TRANSAKCJA KARTĄ PŁATNICZĄ;Artykuły spożywcze
12.10.2024;12.10.2024;ZABKA Z4410 K.2        WARSZAWA;;'23124015321111001044176713;;*********3025639;-11,21;PLN;'C992428610775951;TRANSAKCJA KARTĄ PŁATNICZĄ;Artykuły spożywcze
11.10.2024;11.10.2024;JMP S.A. BIEDRONKA 445 WARSZAWA;;'23124015321111001044176713;;*********3025639;-14,98;PLN;'C992428517818412;TRANSAKCJA KARTĄ PŁATNICZĄ;Artykuły spożywcze
11.10.2024;11.10.2024;SYSTEM.MYBENEFIT.PL    WARSZAWA;;'23124015321111001044176713;;*********3025639;-139,00;PLN;'C992428509142280;TRANSAKCJA KARTĄ PŁATNICZĄ;Lekarstwa
11.10.2024;10.10.2024;LIDL KAROLKOWA         WARSZAWA;;'23124015321111001044176713;;*********3025639;-49,95;PLN;'C992428420026055;TRANSAKCJA KARTĄ PŁATNICZĄ;Artykuły spożywcze
10.10.2024;10.10.2024;UBER   * EATS PENDING  AMSTERDAM;;'23124015321111001044176713;;*********3025639;-84,00;PLN;'C992428415844505;TRANSAKCJA KARTĄ PŁATNICZĄ;Restauracje i kawiarnie
10.10.2024;10.10.2024;IKE BOSSA;;'23124015321111001044176713;'83154011578129000000814183;IKE 814183;-500,00;PLN;'01424AAA71008300;ZLECENIE STAŁE;Bez kategorii
09.10.2024;09.10.2024;BISTRO GRZYBOWSKA      WARSZAWA;;'23124015321111001044176713;;*********3025639;-29,81;PLN;'C992428313209885;TRANSAKCJA KARTĄ PŁATNICZĄ;Restauracje i kawiarnie
09.10.2024;09.10.2024;ASSECO POLAND SA PŁACE;UL. OLCHOWA 14 35-322 RZESZÓW;'42124059181111000049090675;'23124015321111001044176713;WYNAGRODZENIE 09/2024 **202409U6**23119;9 309,91;PLN;'4911009987892493;PRZELEW;Wynagrodzenie
09.10.2024;09.10.2024;ZABKA Z4410 K.2        WARSZAWA;;'23124015321111001044176713;;*********3025639;-9,00;PLN;'C992428309070484;TRANSAKCJA KARTĄ PŁATNICZĄ;Artykuły spożywcze
09.10.2024;08.10.2024;KACPER BANASIK;;'23124015321111001044176713;'69124060031111001048178711;splitwase październik;-1 798,75;PLN;'01424A8601202196;PRZELEW INTERNET;Bez kategorii
09.10.2024;08.10.2024;JMP S.A. BIEDRONKA 445 WARSZAWA;;'23124015321111001044176713;;*********3025639;-3,25;PLN;'C992428220958894;TRANSAKCJA KARTĄ PŁATNICZĄ;Artykuły spożywcze
08.10.2024;08.10.2024;JMP S.A. BIEDRONKA 445 WARSZAWA;;'23124015321111001044176713;;*********3025639;-9,07;PLN;'C992428219915671;TRANSAKCJA KARTĄ PŁATNICZĄ;Artykuły spożywcze
08.10.2024;08.10.2024;KFD SP. Z O. O.        WROBLOWICE;;'23124015321111001044176713;;*********3025639;-123,96;PLN;'C992428216144970;TRANSAKCJA KARTĄ PŁATNICZĄ;Artykuły spożywcze
08.10.2024;08.10.2024;BISTRO GRZYBOWSKA      WARSZAWA;;'23124015321111001044176713;;*********3025639;-26,81;PLN;'C992428214724458;TRANSAKCJA KARTĄ PŁATNICZĄ;Restauracje i kawiarnie
08.10.2024;08.10.2024;;;'23124015321111001044176713;'92124020921362991111000000;Prowizja za wypłatę z użyciemBLIK w dniu 2024-10-04;-5,00;PLN;'M0150OJ900024830;PROWIZJE AUT.;Opłaty bankowe
08.10.2024;08.10.2024;;;'23124015321111001044176713;'92124020921362991111000000;Prowizja za wypłatę z użyciemBLIK w dniu 2024-10-04;-13,80;PLN;'M0150OJ900024829;PROWIZJE AUT.;Opłaty bankowe
07.10.2024;07.10.2024;LIDL KAROLKOWA         WARSZAWA;;'23124015321111001044176713;;*********3025639;-19,85;PLN;'C992428117689535;TRANSAKCJA KARTĄ PŁATNICZĄ;Artykuły spożywcze
07.10.2024;07.10.2024;KUCHNIA WIETNAMSK83619 WARSZAWA;;'23124015321111001044176713;;*********3025639;-36,00;PLN;'C992428117356950;TRANSAKCJA KARTĄ PŁATNICZĄ;Restauracje i kawiarnie
07.10.2024;07.10.2024;JMP S.A. BIEDRONKA 445 WARSZAWA;;'23124015321111001044176713;;*********3025639;-19,99;PLN;'C992428110432552;TRANSAKCJA KARTĄ PŁATNICZĄ;Artykuły spożywcze
07.10.2024;07.10.2024;MARIUSZ ZIECINA;;'23124015321111001044176713;'26102011270000130202564748;Przelew na telefon 48514***978. Przelew na telefon;-30,00;PLN;'M042100903649376;PRZELEW BLIK WYCHODZĄCY;Restauracje i kawiarnie
07.10.2024;06.10.2024;ZABKA Z8085 K.1        WARSZAWA;;'23124015321111001044176713;;*********3025639;-33,97;PLN;'C992428021298362;TRANSAKCJA KARTĄ PŁATNICZĄ;Artykuły spożywcze
07.10.2024;06.10.2024;PAYPAL *PATRONITE      35314369001;;'23124015321111001044176713;;*********3025639;-7,00;PLN;'C992428013847731;TRANSAKCJA KARTĄ PŁATNICZĄ;Kino i teatr
05.10.2024;05.10.2024;CIRCLE K KOZIENICE     KOZIENICE;;'23124015321111001044176713;;*********3025639;-13,00;PLN;'C992427917964371;TRANSAKCJA KARTĄ PŁATNICZĄ;Paliwo
05.10.2024;05.10.2024;STOKROTKA NR 0456      JASTRZEBIA;;'23124015321111001044176713;;*********3025639;-27,13;PLN;'C992427915907438;TRANSAKCJA KARTĄ PŁATNICZĄ;Artykuły spożywcze
05.10.2024;04.10.2024;BANKOMAT EURONET       RCNL0G88;RCNL0G88 0170200011 ul  Lucka 20 lok  17,Warszawa;'23124015321111001044176713;;BLIK REF       83813221090;-50,00;PLN;'C992427821560727;WYPŁATA BLIK;Uroda, fryzjer, kosmetyczka
04.10.2024;04.10.2024;BANKOMAT EURONET       RCNL0G88;RCNL0G88 0170200011 ul  Lucka 20 lok  17,Warszawa;'23124015321111001044176713;;BLIK REF       83816288819;-600,00;PLN;'C992427817100259;WYPŁATA BLIK;Uroda, fryzjer, kosmetyczka
04.10.2024;04.10.2024;JMP S.A. BIEDRONKA 445 WARSZAWA;;'23124015321111001044176713;;*********3025639;-9,99;PLN;'C992427817425039;TRANSAKCJA KARTĄ PŁATNICZĄ;Artykuły spożywcze
04.10.2024;04.10.2024;BOGDAN SOBIERAJ;UL KOŁŁĄTAJA 3/23 18-403    ŁOMŻA               PL;'92124015321111001070940584;'23124015321111001044176713;zasilenie konta;500,00;PLN;'01424A4601606800;PRZELEW;Inne
04.10.2024;04.10.2024;ZABKA Z4370 K.1        WARSZAWA;;'23124015321111001044176713;;*********3025639;-9,98;PLN;'C992427808767048;TRANSAKCJA KARTĄ PŁATNICZĄ;Artykuły spożywcze
02.10.2024;02.10.2024;KUCHNIA WIETNAMSK83619 WARSZAWA;;'23124015321111001044176713;;*********3025639;-36,00;PLN;'C992427617415099;TRANSAKCJA KARTĄ PŁATNICZĄ;Restauracje i kawiarnie
02.10.2024;02.10.2024;LIDL KAROLKOWA         WARSZAWA;;'23124015321111001044176713;;*********3025639;-33,36;PLN;'C992427617081517;TRANSAKCJA KARTĄ PŁATNICZĄ;Artykuły spożywcze
02.10.2024;02.10.2024;JMDIF SP.Z.O.O. HEBE R WARSZAWA;;'23124015321111001044176713;;*********3025639;-18,99;PLN;'C992427617395260;TRANSAKCJA KARTĄ PŁATNICZĄ;Kosmetyki
02.10.2024;02.10.2024;ZABKA Z4410 K.1        WARSZAWA;;'23124015321111001044176713;;*********3025639;-5,98;PLN;'C992427615319290;TRANSAKCJA KARTĄ PŁATNICZĄ;Artykuły spożywcze
02.10.2024;02.10.2024;JMP S.A. BIEDRONKA 445 WARSZAWA;;'23124015321111001044176713;;*********3025639;-17,37;PLN;'C992427611163349;TRANSAKCJA KARTĄ PŁATNICZĄ;Artykuły spożywcze
02.10.2024;01.10.2024;LIPONOGA NINA;;'23116022020000000081891379;'23124015321111001044176713;Flora;58,00;PLN;'M042000132294683;PRZELEW BLIK PRZYCHODZĄCY;Inne
02.10.2024;01.10.2024;MARIUSZ GRZEGORZ ZIĘCINA;;'26102011270000130202564748;'23124015321111001044176713;PiwkoOd: 48514655978 Do: 485*****789;36,00;PLN;'M042000132292956;PRZELEW BLIK PRZYCHODZĄCY;Inne
01.10.2024;01.10.2024;FLORA CAFFE TAKA AWAY  WARSZAWA;;'23124015321111001044176713;;*********3025639;-146,00;PLN;'C992427520654445;TRANSAKCJA KARTĄ PŁATNICZĄ;Restauracje i kawiarnie
01.10.2024;01.10.2024;CEZARY KANIA;WÓLKA - FOLWARK 29C 07-205 RZĄŚNIK;'45114020040000310234692944;'23124015321111001044176713;CHINOL;27,00;PLN;'M042000132186791;PRZELEW BLIK PRZYCHODZĄCY;Inne
01.10.2024;01.10.2024;MACHOP SP. Z O.O.      WARSZAWA;;'23124015321111001044176713;;*********3025639;-51,00;PLN;'C992427513672515;TRANSAKCJA KARTĄ PŁATNICZĄ;Restauracje i kawiarnie
01.10.2024;01.10.2024;JMP S.A. BIEDRONKA 445 WARSZAWA;;'23124015321111001044176713;;*********3025639;-13,38;PLN;'C992427508509460;TRANSAKCJA KARTĄ PŁATNICZĄ;Artykuły spożywcze
01.10.2024;30.09.2024;ALIEXPRESS.COM         LUXEMBOURG;;'23124015321111001044176713;;;-95,88;PLN;'C992427423173400;TRANSAKCJA KARTĄ PŁATNICZĄ;Bez kategorii
30.09.2024;30.09.2024;;;;'39124015321787001140533465;ODSETKI OD DEPOZYTU;0,01;USD;'014249U98E002242;ODSETKI OD DEPOZYTU;Odsetki, zwrot z inwestycji
30.09.2024;30.09.2024;;;;'23124015321111001044176713;ODSETKI OD DEPOZYTU;0,07;PLN;'014249U98C001017;ODSETKI OD DEPOZYTU;Odsetki, zwrot z inwestycji
30.09.2024;30.09.2024;;;'23124015321111001044176713;;PODATEK POBRANY;-0,02;PLN;'014249U98C001016;PODATEK POBRANY;Podatki
30.09.2024;30.09.2024;PIEKARNIA ORMIANSKA ZE WARSZAWA;;'23124015321111001044176713;;*********3025639;-14,00;PLN;'C992427418352393;TRANSAKCJA KARTĄ PŁATNICZĄ;Artykuły spożywcze
30.09.2024;30.09.2024;KNIGHT BARBERSHOP      WARSZAWA;;'23124015321111001044176713;;*********3025639;-80,00;PLN;'C992427418077752;TRANSAKCJA KARTĄ PŁATNICZĄ;Uroda, fryzjer, kosmetyczka
30.09.2024;30.09.2024;ŁUKASZ MAREK ADAMCZYK;UL. ALTERNATYWY 7  M.49 02-775 WARSZAWA;'73102043170000560204407417;'23124015321111001044176713;ZWROT ZA KAWALERSKI BARTOSZ SULIMA;154,86;PLN;'YI30002081624950;PRZELEW KRAJOWY MIĘDZYBANKOWY;Inne
30.09.2024;30.09.2024;ASSECO POLAND SA;UL. OLCHOWA 14 35-322    RZESZÓW             PL;'42124059181111000049090675;'23124015321111001044176713;WYNAGRODZENIE ZA PRACE W NOCY I NADGODZINY **202409N2** 23119;605,06;PLN;'4910930614802125;PRZELEW;Wynagrodzenie
30.09.2024;30.09.2024;JMP S.A. BIEDRONKA 445 WARSZAWA;;'23124015321111001044176713;;*********3025639;-24,05;PLN;'C992427409016621;TRANSAKCJA KARTĄ PŁATNICZĄ;Artykuły spożywcze
30.09.2024;29.09.2024;AMAZON MARKETPLACE;AMAZON.PL 38 avenue John F. Kennedy,Luxembour;'23124015321111001044176713;;BLIK REF       83714231812;-30,38;PLN;'C992427319601516;PŁATNOŚĆ BLIK;Zakupy przez internet
30.09.2024;29.09.2024;ZABKA Z4410 K.2        WARSZAWA;;'23124015321111001044176713;;*********3025639;-2,20;PLN;'C992427315818442;TRANSAKCJA KARTĄ PŁATNICZĄ;Artykuły spożywcze
30.09.2024;29.09.2024;ZABKA Z6340 K.1        WARSZAWA;;'23124015321111001044176713;;*********3025639;-9,98;PLN;'C992427314527282;TRANSAKCJA KARTĄ PŁATNICZĄ;Artykuły spożywcze
28.09.2024;28.09.2024;ZABKA Z8085 K.2        WARSZAWA;;'23124015321111001044176713;;*********3025639;-9,98;PLN;'C992427219335781;TRANSAKCJA KARTĄ PŁATNICZĄ;Artykuły spożywcze
28.09.2024;28.09.2024;JMP S.A. BIEDRONKA 445 WARSZAWA;;'23124015321111001044176713;;*********3025639;-36,62;PLN;'C992427216551509;TRANSAKCJA KARTĄ PŁATNICZĄ;Artykuły spożywcze
28.09.2024;28.09.2024;JMP S.A. BIEDRONKA 445 WARSZAWA;;'23124015321111001044176713;;*********3025639;-6,99;PLN;'C992427208904124;TRANSAKCJA KARTĄ PŁATNICZĄ;Artykuły spożywcze
28.09.2024;28.09.2024;JMP S.A. BIEDRONKA 445 WARSZAWA;;'23124015321111001044176713;;*********3025639;-20,51;PLN;'C992427208903705;TRANSAKCJA KARTĄ PŁATNICZĄ;Artykuły spożywcze
28.09.2024;27.09.2024;BOOKING.COM            AMSTERDAM;;'23124015321111001044176713;;*********3025639;-1 440,00;PLN;'C992427122828163;TRANSAKCJA KARTĄ PŁATNICZĄ;Podróże
27.09.2024;27.09.2024;ZABKA Z4410 K.2        WARSZAWA;;'23124015321111001044176713;;*********3025639;-5,98;PLN;'C992427118154885;TRANSAKCJA KARTĄ PŁATNICZĄ;Artykuły spożywcze
27.09.2024;27.09.2024;PAYU;WWW.DOMINOSPIZZ Grunwaldzka 186,Poznan;'23124015321111001044176713;;BLIK REF       83674200110;-28,98;PLN;'C992427118721014;PŁATNOŚĆ BLIK;Zakupy przez internet
27.09.2024;27.09.2024;JULIA BUDZIŃSKA;;'23124015321111001044176713;'15105015591000009267210426;Przelew na telefon 48602***840. Przelew na telefon;-100,00;PLN;'M042100895961977;PRZELEW BLIK WYCHODZĄCY;Internet, TV, telefon
26.09.2024;26.09.2024;AUCHAN POLSKA SP. Z  0 WARSZAWA;;'23124015321111001044176713;;*********3025639;-71,42;PLN;'C992427019687774;TRANSAKCJA KARTĄ PŁATNICZĄ;Artykuły spożywcze
26.09.2024;26.09.2024;LIDL KAROLKOWA         WARSZAWA;;'23124015321111001044176713;;*********3025639;-6,99;PLN;'C992427015578513;TRANSAKCJA KARTĄ PŁATNICZĄ;Artykuły spożywcze
26.09.2024;26.09.2024;KUCHNIA WIETNAMSK83619 WARSZAWA;;'23124015321111001044176713;;*********3025639;-31,00;PLN;'C992427015576369;TRANSAKCJA KARTĄ PŁATNICZĄ;Restauracje i kawiarnie
25.09.2024;25.09.2024;JAREK MILLER;;'23124015321111001044176713;'75124060031111001047891677;Przelew na telefon 48785***780. Skoki;-479,00;PLN;'014249P604306425;REALIZACJA PŁATNOŚCI PEOPAY;Internet, TV, telefon
25.09.2024;25.09.2024;ZABKA Z4410 K.1        WARSZAWA;;'23124015321111001044176713;;*********3025639;-9,98;PLN;'C992426912023222;TRANSAKCJA KARTĄ PŁATNICZĄ;Artykuły spożywcze
25.09.2024;25.09.2024;PIEKARNIA CUKIERNIA GR WARSZAWA;;'23124015321111001044176713;;*********3025639;-8,09;PLN;'C992426908916261;TRANSAKCJA KARTĄ PŁATNICZĄ;Artykuły spożywcze
25.09.2024;25.09.2024;JMP S.A. BIEDRONKA 445 WARSZAWA;;'23124015321111001044176713;;*********3025639;-1,02;PLN;'C992426908173601;TRANSAKCJA KARTĄ PŁATNICZĄ;Artykuły spożywcze
24.09.2024;24.09.2024;ZABKA Z4410 K.2        WARSZAWA;;'23124015321111001044176713;;*********3025639;-2,99;PLN;'C992426813796797;TRANSAKCJA KARTĄ PŁATNICZĄ;Artykuły spożywcze
24.09.2024;24.09.2024;JMP S.A. BIEDRONKA 445 WARSZAWA;;'23124015321111001044176713;;*********3025639;-2,59;PLN;'C992426813794852;TRANSAKCJA KARTĄ PŁATNICZĄ;Artykuły spożywcze
24.09.2024;24.09.2024;;;'23124015321111001044176713;'92124020921362991111000000;Prowizja za wypłatę z użyciemBLIK w dniu 2024-09-21;-5,00;PLN;'M0150OIP00024328;PROWIZJE AUT.;Opłaty bankowe
24.09.2024;24.09.2024;JMP S.A. BIEDRONKA 445 WARSZAWA;;'23124015321111001044176713;;*********3025639;-14,79;PLN;'C992426810525798;TRANSAKCJA KARTĄ PŁATNICZĄ;Artykuły spożywcze
23.09.2024;23.09.2024;LIDL KAROLKOWA         WARSZAWA;;'23124015321111001044176713;;*********3025639;-8,18;PLN;'C992426719405070;TRANSAKCJA KARTĄ PŁATNICZĄ;Artykuły spożywcze
23.09.2024;23.09.2024;ZABKA Z4410 K.1        WARSZAWA;;'23124015321111001044176713;;*********3025639;-7,98;PLN;'C992426708051831;TRANSAKCJA KARTĄ PŁATNICZĄ;Artykuły spożywcze
21.09.2024;21.09.2024;JMP S.A. BIEDRONKA 445 WARSZAWA;;'23124015321111001044176713;;*********3025639;-33,65;PLN;'C992426517666508;TRANSAKCJA KARTĄ PŁATNICZĄ;Artykuły spożywcze
21.09.2024;21.09.2024;JMP S.A. BIEDRONKA 445 WARSZAWA;;'23124015321111001044176713;;*********3025639;-13,65;PLN;'C992426510422661;TRANSAKCJA KARTĄ PŁATNICZĄ;Artykuły spożywcze
21.09.2024;21.09.2024;BANKOMAT EURONET       RCNN0F3Z;RCNN0F3Z 0170200011 PL  MIROWSKI 1,WARSZAWA;'23124015321111001044176713;;BLIK REF       83545990125;-50,00;PLN;'C992426509976540;WYPŁATA BLIK;Uroda, fryzjer, kosmetyczka
20.09.2024;20.09.2024;JMP S.A. BIEDRONKA 445 WARSZAWA;;'23124015321111001044176713;;*********3025639;-109,62;PLN;'C992426419233360;TRANSAKCJA KARTĄ PŁATNICZĄ;Artykuły spożywcze
20.09.2024;20.09.2024;BISTRO GRZYBOWSKA      WARSZAWA;;'23124015321111001044176713;;*********3025639;-41,62;PLN;'C992426412498131;TRANSAKCJA KARTĄ PŁATNICZĄ;Restauracje i kawiarnie
20.09.2024;20.09.2024;JMP S.A. BIEDRONKA 445 WARSZAWA;;'23124015321111001044176713;;*********3025639;-27,47;PLN;'C992426408339854;TRANSAKCJA KARTĄ PŁATNICZĄ;Artykuły spożywcze
20.09.2024;19.09.2024;JAROSŁAW JAKUB MILLER;RYNEK 65 26-025    ŁAGÓW               PL;'75124060031111001047891677;'23124015321111001044176713;Przelew na telefon 48502***789. Przelew na telefon;20,00;PLN;'503249J629809026;PRZELEW;Sprzedaż
20.09.2024;19.09.2024;CASHBILL ECOMM;POLSKIEPREMIUM. Sobieskiego 2,Katowice;'23124015321111001044176713;;BLIK REF       83514938046;-12,99;PLN;'C992426321256626;PŁATNOŚĆ BLIK;Zakupy przez internet
19.09.2024;19.09.2024;ZABKA Z8085 K.2        WARSZAWA;;'23124015321111001044176713;;*********3025639;-14,19;PLN;'C992426318183987;TRANSAKCJA KARTĄ PŁATNICZĄ;Artykuły spożywcze
19.09.2024;19.09.2024;UBER   * EATS PENDING  AMSTERDAM;;'23124015321111001044176713;;*********3025639;-50,00;PLN;'C992426315630680;TRANSAKCJA KARTĄ PŁATNICZĄ;Restauracje i kawiarnie
19.09.2024;19.09.2024;JMP S.A. BIEDRONKA 445 WARSZAWA;;'23124015321111001044176713;;*********3025639;-42,24;PLN;'C992426308781814;TRANSAKCJA KARTĄ PŁATNICZĄ;Artykuły spożywcze
19.09.2024;19.09.2024;APPLE.COM/BILL         APPLE.COM/BI;;'23124015321111001044176713;;*********3025639;-4,99;PLN;'C992426303345208;TRANSAKCJA KARTĄ PŁATNICZĄ;Bez kategorii
19.09.2024;18.09.2024;ALLEGRO                POZNAN;;'23124015321111001044176713;;*********3025639;-59,00;PLN;'C992426223340124;TRANSAKCJA KARTĄ PŁATNICZĄ;Zakupy przez internet
19.09.2024;18.09.2024;ZABKA Z8085 K.2        WARSZAWA;;'23124015321111001044176713;;*********3025639;-14,40;PLN;'C992426222701412;TRANSAKCJA KARTĄ PŁATNICZĄ;Artykuły spożywcze
18.09.2024;18.09.2024;JMP S.A. BIEDRONKA 445 WARSZAWA;;'23124015321111001044176713;;*********3025639;-6,29;PLN;'C992426218271321;TRANSAKCJA KARTĄ PŁATNICZĄ;Artykuły spożywcze
18.09.2024;18.09.2024;UBER   * EATS PENDING  AMSTERDAM;;'23124015321111001044176713;;*********3025639;-43,00;PLN;'C992426214436779;TRANSAKCJA KARTĄ PŁATNICZĄ;Restauracje i kawiarnie
18.09.2024;18.09.2024;UBR* PENDING.UBER.COM  AMSTERDAM;;'23124015321111001044176713;;*********3025639;-12,99;PLN;'C992426214134033;TRANSAKCJA KARTĄ PŁATNICZĄ;Bez kategorii
18.09.2024;17.09.2024;BLUSZCZ PRZEMYSŁAW;;'42116022020000000284906314;'23124015321111001044176713;Wsparcie ukrainek;65,00;PLN;'M042000129896113;PRZELEW BLIK PRZYCHODZĄCY;Inne
18.09.2024;17.09.2024;ALLEGRO                POZNAN;;'23124015321111001044176713;;*********3025639;-58,60;PLN;'C992426122898536;TRANSAKCJA KARTĄ PŁATNICZĄ;Zakupy przez internet
18.09.2024;17.09.2024;MARIUSZ ZIĘCINA;;'40249000050000400002969849;'23124015321111001044176713;Piwko;80,00;PLN;'M042000129888368;PRZELEW BLIK PRZYCHODZĄCY;Inne
18.09.2024;17.09.2024;LIPONOGA NINA;;'23116022020000000081891379;'23124015321111001044176713;Siostry;42,00;PLN;'M042000129887771;PRZELEW BLIK PRZYCHODZĄCY;Inne
17.09.2024;17.09.2024;U SIOSTR SP. Z O.O.    WARSZAWA;;'23124015321111001044176713;;*********3025639;-223,14;PLN;'C992426120869354;TRANSAKCJA KARTĄ PŁATNICZĄ;Restauracje i kawiarnie
17.09.2024;17.09.2024;LIPONOGA NINA;;'23116022020000000081891379;'23124015321111001044176713;Chinczyk;41,00;PLN;'M042000129798909;PRZELEW BLIK PRZYCHODZĄCY;Inne
17.09.2024;17.09.2024;BOGUSŁAW WRĄBEL;UL PADEREWSKIEGO 5 M. 4 98-220    ZDUŃSKA WOLA        PL;'84124030311111000034292501;'23124015321111001044176713;Przelew na telefon 48502***789. Przelew na telefon;26,00;PLN;'416249H626708258;PRZELEW;Sprzedaż
17.09.2024;17.09.2024;MARIUSZ ZIĘCINA;;'40249000050000400002969849;'23124015321111001044176713;Kaczka;41,00;PLN;'M042000129798508;PRZELEW BLIK PRZYCHODZĄCY;Inne
17.09.2024;17.09.2024;JAKUB MACIEJ WRÓBEL;;'87102033520000170200784652;'23124015321111001044176713;Przelew na telefonOd: 48790768858 Do: 485*****789;41,00;PLN;'M042000129797497;PRZELEW BLIK PRZYCHODZĄCY;Sprzedaż
17.09.2024;17.09.2024;KRZYSZTOF PIOTR KRYGIER UL. JANA BY;;'03109025900000000132707486;'23124015321111001044176713;telesajgon Krzysiek krygier kurczak;28,00;PLN;'M042000129795078;PRZELEW BLIK PRZYCHODZĄCY;Inne
17.09.2024;17.09.2024;MACHOP SP. Z O.O.      WARSZAWA;;'23124015321111001044176713;;*********3025639;-41,00;PLN;'C992426113640987;TRANSAKCJA KARTĄ PŁATNICZĄ;Restauracje i kawiarnie
17.09.2024;17.09.2024;MACHOP SP. Z O.O.      WARSZAWA;;'23124015321111001044176713;;*********3025639;-164,00;PLN;'C992426113804688;TRANSAKCJA KARTĄ PŁATNICZĄ;Restauracje i kawiarnie
17.09.2024;17.09.2024;ZABKA Z4370 K.1        WARSZAWA;;'23124015321111001044176713;;*********3025639;-11,80;PLN;'C992426108505729;TRANSAKCJA KARTĄ PŁATNICZĄ;Artykuły spożywcze
16.09.2024;16.09.2024;JMP S.A. BIEDRONKA 445 WARSZAWA;;'23124015321111001044176713;;*********3025639;-19,99;PLN;'C992426017341661;TRANSAKCJA KARTĄ PŁATNICZĄ;Artykuły spożywcze
16.09.2024;16.09.2024;BISTRO GRZYBOWSKA      WARSZAWA;;'23124015321111001044176713;;*********3025639;-54,62;PLN;'C992426011164601;TRANSAKCJA KARTĄ PŁATNICZĄ;Restauracje i kawiarnie
16.09.2024;16.09.2024;JMP S.A. BIEDRONKA 445 WARSZAWA;;'23124015321111001044176713;;*********3025639;-5,49;PLN;'C992426011130688;TRANSAKCJA KARTĄ PŁATNICZĄ;Artykuły spożywcze
16.09.2024;15.09.2024;ZABKA Z4410 K.1        WARSZAWA;;'23124015321111001044176713;;*********3025639;-2,99;PLN;'C992425918480540;TRANSAKCJA KARTĄ PŁATNICZĄ;Artykuły spożywcze
16.09.2024;15.09.2024;FRANGOS KAMIL PIANKO 0 LOMZA;;'23124015321111001044176713;;*********3025639;-66,00;PLN;'C992425914943572;TRANSAKCJA KARTĄ PŁATNICZĄ;Restauracje i kawiarnie
14.09.2024;14.09.2024;LODOLANDIA&KOLACZ      WARSZAWA;;'23124015321111001044176713;;*********3025639;-30,40;PLN;'C992425816096678;TRANSAKCJA KARTĄ PŁATNICZĄ;Restauracje i kawiarnie
14.09.2024;13.09.2024;JMP S.A. BIEDRONKA 674 NOWA WIES EL;;'23124015321111001044176713;;*********3025639;-2,99;PLN;'C992425721672610;TRANSAKCJA KARTĄ PŁATNICZĄ;Artykuły spożywcze
13.09.2024;13.09.2024;ASSECO POLAND SA PŁACE;UL. OLCHOWA 14 35-322 RZESZÓW;'42124059181111000049090675;'23124015321111001044176713;PREMIA STANDBY **202409P1** 23119;3 329,67;PLN;'4910913987470392;PRZELEW;Premia, nagroda
13.09.2024;13.09.2024;;;'23124015321111001044176713;'92124020921362991111000000;Opłata za obsługę kartyMasterCard Debit*43025639 za miesiąc 09.2024;-1,00;PLN;'M0150OIE00199645;PROWIZJE AUT.;Opłaty bankowe
13.09.2024;13.09.2024;BISTRO GRZYBOWSKA      WARSZAWA;;'23124015321111001044176713;;*********3025639;-29,81;PLN;'C992425712306943;TRANSAKCJA KARTĄ PŁATNICZĄ;Restauracje i kawiarnie
13.09.2024;13.09.2024;ZABKA Z3930 K.2        WARSZAWA;;'23124015321111001044176713;;*********3025639;-5,50;PLN;'C992425714380611;TRANSAKCJA KARTĄ PŁATNICZĄ;Artykuły spożywcze
13.09.2024;13.09.2024;JMP S.A. BIEDRONKA 445 WARSZAWA;;'23124015321111001044176713;;*********3025639;-21,54;PLN;'C992425710228769;TRANSAKCJA KARTĄ PŁATNICZĄ;Artykuły spożywcze
12.09.2024;11.09.2024;LIDL KAROLKOWA         WARSZAWA;;'23124015321111001044176713;;*********3025639;-35,13;PLN;'C992425521424284;TRANSAKCJA KARTĄ PŁATNICZĄ;Artykuły spożywcze
12.09.2024;12.09.2024;KUCHNIA WIETNAMSK83619 WARSZAWA;;'23124015321111001044176713;;*********3025639;-36,00;PLN;'C992425612719139;TRANSAKCJA KARTĄ PŁATNICZĄ;Restauracje i kawiarnie
12.09.2024;12.09.2024;LIDL KAROLKOWA         WARSZAWA;;'23124015321111001044176713;;*********3025639;-9,98;PLN;'C992425612721501;TRANSAKCJA KARTĄ PŁATNICZĄ;Artykuły spożywcze
11.09.2024;11.09.2024;GORACO POLECAM         WARSZAWA;;'23124015321111001044176713;;*********3025639;-14,90;PLN;'C992425508030706;TRANSAKCJA KARTĄ PŁATNICZĄ;Artykuły spożywcze
11.09.2024;11.09.2024;AUTOMATSPEC SPZOO      LISZKI;;'23124015321111001044176713;;*********3025639;-3,70;PLN;'C992425516291196;TRANSAKCJA KARTĄ PŁATNICZĄ;Restauracje i kawiarnie
10.09.2024;10.09.2024;AUCHAN POLSKA SP. Z  0 WARSZAWA;;'23124015321111001044176713;;*********3025639;-24,20;PLN;'C992425418778612;TRANSAKCJA KARTĄ PŁATNICZĄ;Artykuły spożywcze
10.09.2024;10.09.2024;SPICE HUB              WARSZAWA;;'23124015321111001044176713;;*********3025639;-34,00;PLN;'C992425417731605;TRANSAKCJA KARTĄ PŁATNICZĄ;Restauracje i kawiarnie
10.09.2024;10.09.2024;DOZ APTEKA DBAM O ZDRO WARSZAWA;;'23124015321111001044176713;;*********3025639;-86,96;PLN;'C992425417699145;TRANSAKCJA KARTĄ PŁATNICZĄ;Lekarstwa
10.09.2024;10.09.2024;ZABKA Z3000 K.2        WARSZAWA;;'23124015321111001044176713;;*********3025639;-4,20;PLN;'C992425416688141;TRANSAKCJA KARTĄ PŁATNICZĄ;Artykuły spożywcze
10.09.2024;10.09.2024;BUDZIŃSKA JULIA;;'15105015591000009267210426;'23124015321111001044176713;Przelew na telefon +48xxxxxx789Przelew na telefonDla Kamil SobierajOd BUDZIŃSKA JULIA;100,00;PLN;'M042000128591047;PRZELEW BLIK PRZYCHODZĄCY;Sprzedaż
10.09.2024;10.09.2024;SYSTEM.MYBENEFIT.PL    WARSZAWA;;'23124015321111001044176713;;*********3025639;-139,00;PLN;'C992425409352236;TRANSAKCJA KARTĄ PŁATNICZĄ;Lekarstwa
10.09.2024;10.09.2024;JMP S.A. BIEDRONKA 445 WARSZAWA;;'23124015321111001044176713;;*********3025639;-13,89;PLN;'C992425407538605;TRANSAKCJA KARTĄ PŁATNICZĄ;Artykuły spożywcze
10.09.2024;10.09.2024;IKE BOSSA;;'23124015321111001044176713;'83154011578129000000814183;IKE 814183;-500,00;PLN;'014249AA71008194;ZLECENIE STAŁE;Bez kategorii
09.09.2024;09.09.2024;ZABKA Z4410 K.1        WARSZAWA;;'23124015321111001044176713;;*********3025639;-9,98;PLN;'C992425316353047;TRANSAKCJA KARTĄ PŁATNICZĄ;Artykuły spożywcze
09.09.2024;09.09.2024;KACPER BANASIK;;'23124015321111001044176713;'69124060031111001048178711;Wrzesień splitwase;-1 787,50;PLN;'0142499627203495;REALIZACJA PŁATNOŚCI PEOPAY;Bez kategorii
09.09.2024;09.09.2024;JMP S.A. BIEDRONKA 445 WARSZAWA;;'23124015321111001044176713;;*********3025639;-2,79;PLN;'C992425315308511;TRANSAKCJA KARTĄ PŁATNICZĄ;Artykuły spożywcze
09.09.2024;09.09.2024;BISTRO GRZYBOWSKA      WARSZAWA;;'23124015321111001044176713;;*********3025639;-24,00;PLN;'C992425315301664;TRANSAKCJA KARTĄ PŁATNICZĄ;Restauracje i kawiarnie
09.09.2024;09.09.2024;MEDIAEXPERT PL         ZLOTOW;;'23124015321111001044176713;;*********3025639;-74,99;PLN;'C992425314951937;TRANSAKCJA KARTĄ PŁATNICZĄ;Sprzęt AGD i RTV
09.09.2024;09.09.2024;ASSECO POLAND SA PŁACE;UL. OLCHOWA 14 35-322 RZESZÓW;'42124059181111000049090675;'23124015321111001044176713;WYNAGRODZENIE 08/2024 **202408U6**23119;9 247,32;PLN;'4910909989773096;PRZELEW;Wynagrodzenie
09.09.2024;09.09.2024;JMP S.A. BIEDRONKA 445 WARSZAWA;;'23124015321111001044176713;;*********3025639;-8,89;PLN;'C992425308719221;TRANSAKCJA KARTĄ PŁATNICZĄ;Artykuły spożywcze
09.09.2024;08.09.2024;ZABKA Z4410 K.2        WARSZAWA;;'23124015321111001044176713;;*********3025639;-14,97;PLN;'C992425218583560;TRANSAKCJA KARTĄ PŁATNICZĄ;Artykuły spożywcze
09.09.2024;08.09.2024;PAYU S.A.;UL. GRUNWALDZKA 186 60-166 Poznań;'23124015321111001044176713;'71124010401111001086116852;/OPT/X///// PayU XX4027342785XX Japonski Fiszki Plus dla poczatkujacych Edgard Rok;-52,54;PLN;'0142498604200649;PRZELEW WEWNĘTRZNY - DOSTAWCA;Bez kategorii
09.09.2024;08.09.2024;ALLEGRO                POZNAN;;'23124015321111001044176713;;*********3025639;-33,71;PLN;'C992425217989210;TRANSAKCJA KARTĄ PŁATNICZĄ;Zakupy przez internet
09.09.2024;08.09.2024;REVOLUT**3619*         DUBLIN;;'23124015321111001044176713;;;-300,00;PLN;'C992425212439906;TRANSAKCJA KARTĄ PŁATNICZĄ;Bez kategorii
07.09.2024;07.09.2024;JULIA BUDZIŃSKA;;'23124015321111001044176713;'15105015591000009267210426;Przelew na telefon 48602***840. Przelew na telefon;-100,00;PLN;'M042100880135143;PRZELEW BLIK WYCHODZĄCY;Internet, TV, telefon
07.09.2024;07.09.2024;CARREFOUR HIPERMARKET  WARSZAWA;;'23124015321111001044176713;;*********3025639;-61,83;PLN;'C992425111941983;TRANSAKCJA KARTĄ PŁATNICZĄ;Artykuły spożywcze
07.09.2024;07.09.2024;CARREFOUR HIPERMARKET  WARSZAWA;;'23124015321111001044176713;;*********3025639;-7,00;PLN;'C992425110895130;TRANSAKCJA KARTĄ PŁATNICZĄ;Artykuły spożywcze
07.09.2024;07.09.2024;DECATHLON WARSZAWA RED WARSZAWA;;'23124015321111001044176713;;*********3025639;-29,99;PLN;'C992425110889174;TRANSAKCJA KARTĄ PŁATNICZĄ;Sport
07.09.2024;06.09.2024;CASHBILL ECOMM;POLSKIEPREMIUM. Sobieskiego 2,Katowice;'23124015321111001044176713;;BLIK REF       83250870522;-39,99;PLN;'C992425021733700;PŁATNOŚĆ BLIK;Zakupy przez internet
06.09.2024;06.09.2024;JMP S.A. BIEDRONKA 445 WARSZAWA;;'23124015321111001044176713;;*********3025639;-14,74;PLN;'C992425019663840;TRANSAKCJA KARTĄ PŁATNICZĄ;Artykuły spożywcze
06.09.2024;06.09.2024;UBER   * EATS PENDING  AMSTERDAM;;'23124015321111001044176713;;*********3025639;-189,98;PLN;'C992425013076435;TRANSAKCJA KARTĄ PŁATNICZĄ;Restauracje i kawiarnie
06.09.2024;06.09.2024;ADRIAN GOŁĘBIEWSKI;;'23124015321111001044176713;'46102010420000810203327582;Przelew na telefon 48513***371. Bilard;-25,00;PLN;'M042100879373392;PRZELEW BLIK WYCHODZĄCY;Internet, TV, telefon
06.09.2024;06.09.2024;PAYPAL *PATRONITE      35314369001;;'23124015321111001044176713;;*********3025639;-7,00;PLN;'C992425012361052;TRANSAKCJA KARTĄ PŁATNICZĄ;Kino i teatr
06.09.2024;06.09.2024;DOLADOWANIA.PLAY.PL    POZNAN;;'23124015321111001044176713;;*********3025639;-5,00;PLN;'C992425009447519;TRANSAKCJA KARTĄ PŁATNICZĄ;Internet, TV, telefon
06.09.2024;06.09.2024;JMP S.A. BIEDRONKA 445 WARSZAWA;;'23124015321111001044176713;;*********3025639;-40,86;PLN;'C992425008893935;TRANSAKCJA KARTĄ PŁATNICZĄ;Artykuły spożywcze
05.09.2024;05.09.2024;AUCHAN POLSKA SP. Z  0 WARSZAWA;;'23124015321111001044176713;;*********3025639;-39,45;PLN;'C992424917979955;TRANSAKCJA KARTĄ PŁATNICZĄ;Artykuły spożywcze
05.09.2024;05.09.2024;BISTRO GRZYBOWSKA      WARSZAWA;;'23124015321111001044176713;;*********3025639;-50,62;PLN;'C992424911520161;TRANSAKCJA KARTĄ PŁATNICZĄ;Restauracje i kawiarnie
05.09.2024;05.09.2024;JMP S.A. BIEDRONKA 445 WARSZAWA;;'23124015321111001044176713;;*********3025639;-5,49;PLN;'C992424911058333;TRANSAKCJA KARTĄ PŁATNICZĄ;Artykuły spożywcze
05.09.2024;04.09.2024;JAKDOJADE.PL           POZNAN;;'23124015321111001044176713;;*********3025639;-20,00;PLN;'C992424822531382;TRANSAKCJA KARTĄ PŁATNICZĄ;Transport publiczny
05.09.2024;04.09.2024;KREGIELNIA- TB         WARSZAWA;;'23124015321111001044176713;;*********3025639;-41,00;PLN;'C992424820354814;TRANSAKCJA KARTĄ PŁATNICZĄ;Kino i teatr
04.09.2024;04.09.2024;KREGIELNIA- TB         WARSZAWA;;'23124015321111001044176713;;*********3025639;-16,00;PLN;'C992424819335293;TRANSAKCJA KARTĄ PŁATNICZĄ;Kino i teatr
04.09.2024;04.09.2024;KREGIELNIA- TB         WARSZAWA;;'23124015321111001044176713;;*********3025639;-65,00;PLN;'C992424818279708;TRANSAKCJA KARTĄ PŁATNICZĄ;Kino i teatr
04.09.2024;04.09.2024;JMP S.A. BIEDRONKA 445 WARSZAWA;;'23124015321111001044176713;;*********3025639;-4,69;PLN;'C992424810103741;TRANSAKCJA KARTĄ PŁATNICZĄ;Artykuły spożywcze
04.09.2024;01.09.2024;BANK PEKAO S.A.;CENTRALA-OŚRODEK OPERACJI KART ul. Żubra 1 01-066 Warszawa;'53124000270999999999999999;'23124015321111001044176713;ANULOWANIE TRANSAKCJINA KARTĘ **** **** 4302 5639WYKONANEJ: ORLEN STACJA NR 4144\ul.Podlas 47\Rawa  DN. 01/09/2024;29,33;PLN;'0324090460033866;PRZELEW;Inne
04.09.2024;04.09.2024;JMP S.A. BIEDRONKA 445 WARSZAWA;;'23124015321111001044176713;;*********3025639;-17,48;PLN;'C992424808965522;TRANSAKCJA KARTĄ PŁATNICZĄ;Artykuły spożywcze
04.09.2024;03.09.2024;ZABKA Z4370 K.1        WARSZAWA;;'23124015321111001044176713;;*********3025639;-13,00;PLN;'C992424720927746;TRANSAKCJA KARTĄ PŁATNICZĄ;Artykuły spożywcze
03.09.2024;03.09.2024;LIPONOGA NINA;;'23116022020000000081891379;'23124015321111001044176713;Przelew BLIK na telefon;65,00;PLN;'M042000127369449;PRZELEW BLIK PRZYCHODZĄCY;Sprzedaż
03.09.2024;03.09.2024;U SIOSTR SP. Z O.O.    WARSZAWA;;'23124015321111001044176713;;*********3025639;-264,03;PLN;'C992424720913844;TRANSAKCJA KARTĄ PŁATNICZĄ;Restauracje i kawiarnie
02.09.2024;02.09.2024;SPRZEDAZ OWOCOW I WARZ ZYRARDOW;;'23124015321111001044176713;;*********3025639;-13,00;PLN;'C992424619401085;TRANSAKCJA KARTĄ PŁATNICZĄ;Artykuły spożywcze
02.09.2024;02.09.2024;AUCHAN POLSKA SP. Z  0 WARSZAWA;;'23124015321111001044176713;;*********3025639;-38,20;PLN;'C992424618276117;TRANSAKCJA KARTĄ PŁATNICZĄ;Artykuły spożywcze
02.09.2024;02.09.2024;TANTUNI KEBAB          WARSZAWA;;'23124015321111001044176713;;*********3025639;-27,00;PLN;'C992424617332862;TRANSAKCJA KARTĄ PŁATNICZĄ;Restauracje i kawiarnie
02.09.2024;02.09.2024;BAJSZCZAK ADAM MATEUSZ;;'30105010381000009241279729;'23124015321111001044176713;Przelew na telefon +48xxxxxx789Przelew na telefonDla KamilOd BAJSZCZAK ADAM MATEUSZ;11,00;PLN;'M042000127102526;PRZELEW BLIK PRZYCHODZĄCY;Sprzedaż
02.09.2024;02.09.2024;JMP S.A. BIEDRONKA 445 WARSZAWA;;'23124015321111001044176713;;*********3025639;-11,84;PLN;'C992424607798657;TRANSAKCJA KARTĄ PŁATNICZĄ;Artykuły spożywcze
02.09.2024;01.09.2024;ORLEN STACJA NR 4144   RAWA MAZOWIE;;'23124015321111001044176713;;*********3025639;-22,26;PLN;'C992424521966699;TRANSAKCJA KARTĄ PŁATNICZĄ;Paliwo
02.09.2024;01.09.2024;ORLEN STACJA NR 4144   RAWA MAZOWIE;;'23124015321111001044176713;;*********3025639;-29,33;PLN;'C992424521966435;TRANSAKCJA KARTĄ PŁATNICZĄ;Paliwo
02.09.2024;01.09.2024;LAVASH BISTRO OGR.     CIESZYN;;'23124015321111001044176713;;*********3025639;-54,00;PLN;'C992424515603062;TRANSAKCJA KARTĄ PŁATNICZĄ;Restauracje i kawiarnie
02.09.2024;01.09.2024;RESTAURACJA CORIENT S. GOLESZOW;;'23124015321111001044176713;;*********3025639;-10,00;PLN;'C992424512545805;TRANSAKCJA KARTĄ PŁATNICZĄ;Restauracje i kawiarnie
02.09.2024;31.08.2024;LIBURNIA HOTEL RECEPC  CIESZYN;;'23124015321111001044176713;;*********3025639;-35,00;PLN;'C992424423448776;TRANSAKCJA KARTĄ PŁATNICZĄ;Hotele
02.09.2024;31.08.2024;ZABKA Z7764 K.1        CIESZYN;;'23124015321111001044176713;;*********3025639;-5,59;PLN;'C992424422764262;TRANSAKCJA KARTĄ PŁATNICZĄ;Artykuły spożywcze
02.09.2024;31.08.2024;ZABKA Z9068 K.1        CIESZYN;;'23124015321111001044176713;;*********3025639;-5,00;PLN;'C992424420414111;TRANSAKCJA KARTĄ PŁATNICZĄ;Artykuły spożywcze
31.08.2024;31.08.2024;;;;'39124015321787001140533465;ODSETKI OD DEPOZYTU;0,01;USD;'014248V98E002223;ODSETKI OD DEPOZYTU;Odsetki, zwrot z inwestycji
31.08.2024;31.08.2024;;;;'23124015321111001044176713;ODSETKI OD DEPOZYTU;0,07;PLN;'014248V98C001016;ODSETKI OD DEPOZYTU;Odsetki, zwrot z inwestycji
31.08.2024;31.08.2024;;;'23124015321111001044176713;;PODATEK POBRANY;-0,02;PLN;'014248V98C001015;PODATEK POBRANY;Podatki
31.08.2024;31.08.2024;LIBURNIA RESTAURACJA   CIESZYN;;'23124015321111001044176713;;*********3025639;-11,00;PLN;'C992424419380297;TRANSAKCJA KARTĄ PŁATNICZĄ;Restauracje i kawiarnie
31.08.2024;31.08.2024;MOL SF816 K.SUBWAY     ZORY;;'23124015321111001044176713;;*********3025639;-43,19;PLN;'C992424410410163;TRANSAKCJA KARTĄ PŁATNICZĄ;Paliwo
30.08.2024;30.08.2024;ZABKA Z4410 K.1        WARSZAWA;;'23124015321111001044176713;;*********3025639;-5,00;PLN;'C992424319211542;TRANSAKCJA KARTĄ PŁATNICZĄ;Artykuły spożywcze
30.08.2024;30.08.2024;LIDL KAROLKOWA         WARSZAWA;;'23124015321111001044176713;;*********3025639;-56,68;PLN;'C992424319202004;TRANSAKCJA KARTĄ PŁATNICZĄ;Artykuły spożywcze
30.08.2024;30.08.2024;ASSECO POLAND SA PŁACE;UL. OLCHOWA 14 35-322 RZESZÓW;'42124059181111000049090675;'23124015321111001044176713;WYNAGRODZENIE ZA PRACE W NOCY I NADGODZINY **202408N2** 23119;276,06;PLN;'4910830987731896;PRZELEW;Wynagrodzenie
30.08.2024;30.08.2024;LIDL KAROLKOWA         WARSZAWA;;'23124015321111001044176713;;*********3025639;-21,87;PLN;'C992424308298812;TRANSAKCJA KARTĄ PŁATNICZĄ;Artykuły spożywcze
29.08.2024;29.08.2024;ŁUKASZ ADAMCZYK;;'23124015321111001044176713;'73102043170000560204407417;Kawalerski;-670,00;PLN;'014248T620207694;PRZELEW INTERNET M/B;Bez kategorii
29.08.2024;29.08.2024;DELIX                  WARSZAWA;;'23124015321111001044176713;;*********3025639;-5,49;PLN;'C992424218699728;TRANSAKCJA KARTĄ PŁATNICZĄ;Artykuły spożywcze
29.08.2024;29.08.2024;TGTG Y3M88FZ77MSQ0     COPENHAGEN S;;'23124015321111001044176713;;;-15,99;PLN;'C992424218111541;TRANSAKCJA KARTĄ PŁATNICZĄ;Restauracje i kawiarnie
29.08.2024;29.08.2024;JMP S.A. BIEDRONKA 445 WARSZAWA;;'23124015321111001044176713;;*********3025639;-14,38;PLN;'C992424209372112;TRANSAKCJA KARTĄ PŁATNICZĄ;Artykuły spożywcze
29.08.2024;29.08.2024;BOGDAN SOBIERAJ;UL KOŁŁĄTAJA 3/23 18-403    ŁOMŻA               PL;'92124015321111001070940584;'23124015321111001044176713;zasilenie konta;500,00;PLN;'014248T629005893;PRZELEW;Inne
28.08.2024;28.08.2024;TGTG D1QPAM5CNQ830     COPENHAGEN S;;'23124015321111001044176713;;;-33,00;PLN;'C992424116457905;TRANSAKCJA KARTĄ PŁATNICZĄ;Restauracje i kawiarnie
28.08.2024;28.08.2024;JMP S.A. BIEDRONKA 631 WARSZAWA;;'23124015321111001044176713;;*********3025639;-48,72;PLN;'C992424108160462;TRANSAKCJA KARTĄ PŁATNICZĄ;Artykuły spożywcze
28.08.2024;28.08.2024;LIDL KAROLKOWA         WARSZAWA;;'23124015321111001044176713;;*********3025639;-10,98;PLN;'C992424108149197;TRANSAKCJA KARTĄ PŁATNICZĄ;Artykuły spożywcze
27.08.2024;27.08.2024;MACHOP SP. Z O.O.      WARSZAWA;;'23124015321111001044176713;;*********3025639;-27,00;PLN;'C992424012732899;TRANSAKCJA KARTĄ PŁATNICZĄ;Restauracje i kawiarnie
26.08.2024;26.08.2024;CARREFOUR HIPERMARKET  WARSZAWA;;'23124015321111001044176713;;*********3025639;-33,66;PLN;'C992423919467123;TRANSAKCJA KARTĄ PŁATNICZĄ;Artykuły spożywcze
26.08.2024;25.08.2024;ZABKA Z3678 K.1        WARSZAWA;;'23124015321111001044176713;;*********3025639;-4,20;PLN;'C992423816123773;TRANSAKCJA KARTĄ PŁATNICZĄ;Artykuły spożywcze
26.08.2024;26.08.2024;JMP S.A. BIEDRONKA 445 WARSZAWA;;'23124015321111001044176713;;*********3025639;-18,37;PLN;'C992423908056022;TRANSAKCJA KARTĄ PŁATNICZĄ;Artykuły spożywcze
26.08.2024;26.08.2024;GOOD LOOD              KRAKOW;;'23124015321111001044176713;;*********3025639;-8,00;PLN;'C992423918350944;TRANSAKCJA KARTĄ PŁATNICZĄ;Restauracje i kawiarnie
26.08.2024;25.08.2024;PIEKARNIA ORMIANSKA ZE WARSZAWA;;'23124015321111001044176713;;*********3025639;-14,00;PLN;'C992423817413134;TRANSAKCJA KARTĄ PŁATNICZĄ;Artykuły spożywcze
26.08.2024;25.08.2024;JMP S.A. BIEDRONKA 445 WARSZAWA;;'23124015321111001044176713;;*********3025639;-10,98;PLN;'C992423821251775;TRANSAKCJA KARTĄ PŁATNICZĄ;Artykuły spożywcze
26.08.2024;26.08.2024;LEROY MERLIN WARSZAWA  WARSZAWA;;'23124015321111001044176713;;*********3025639;-5,99;PLN;'C992423918449289;TRANSAKCJA KARTĄ PŁATNICZĄ;Wyposażenie
26.08.2024;26.08.2024;TENDUR KEBAP&GRILL     WARSZAWA;;'23124015321111001044176713;;*********3025639;-33,00;PLN;'C992423917323575;TRANSAKCJA KARTĄ PŁATNICZĄ;Restauracje i kawiarnie
26.08.2024;25.08.2024;VIET MY                WARSZAWA;;'23124015321111001044176713;;*********3025639;-41,00;PLN;'C992423817692860;TRANSAKCJA KARTĄ PŁATNICZĄ;Restauracje i kawiarnie
26.08.2024;25.08.2024;BUDZIŃSKA JULIA;;'15105015591000009267210426;'23124015321111001044176713;Przelew na telefon +48xxxxxx789Przelew na telefonDla Kamil SobierajOd BUDZIŃSKA JULIA;139,00;PLN;'M042000125827527;PRZELEW BLIK PRZYCHODZĄCY;Sprzedaż
24.08.2024;24.08.2024;MAŁGORZATA UŁASIUK;;'23124015321111001044176713;'25114020040000310281874201;Przelew na telefon 48726***330. Prezent dla Kingi;-39,00;PLN;'M042100869440444;PRZELEW BLIK WYCHODZĄCY;Internet, TV, telefon
24.08.2024;24.08.2024;LIDL KAROLKOWA         WARSZAWA;;'23124015321111001044176713;;*********3025639;-55,29;PLN;'C992423709409984;TRANSAKCJA KARTĄ PŁATNICZĄ;Artykuły spożywcze
23.08.2024;23.08.2024;LIDL KAROLKOWA         WARSZAWA;;'23124015321111001044176713;;*********3025639;-58,06;PLN;'C992423618629748;TRANSAKCJA KARTĄ PŁATNICZĄ;Artykuły spożywcze
23.08.2024;23.08.2024;LIDL KAROLKOWA         WARSZAWA;;'23124015321111001044176713;;*********3025639;-99,61;PLN;'C992423608784181;TRANSAKCJA KARTĄ PŁATNICZĄ;Artykuły spożywcze
22.08.2024;22.08.2024;"""WARSZAWIANKA""         WARSZAWA";;'23124015321111001044176713;;*********3025639;-13,90;PLN;'C992423512364931;TRANSAKCJA KARTĄ PŁATNICZĄ;Artykuły spożywcze
22.08.2024;22.08.2024;SPICY KEBAB AND GRILL  WARSZAWA;;'23124015321111001044176713;;*********3025639;-35,99;PLN;'C992423512939373;TRANSAKCJA KARTĄ PŁATNICZĄ;Restauracje i kawiarnie
22.08.2024;22.08.2024;JMP S.A. BIEDRONKA 445 WARSZAWA;;'23124015321111001044176713;;*********3025639;-3,39;PLN;'C992423512955670;TRANSAKCJA KARTĄ PŁATNICZĄ;Artykuły spożywcze
21.08.2024;21.08.2024;BISTRO GRZYBOWSKA      WARSZAWA;;'23124015321111001044176713;;*********3025639;-28,81;PLN;'C992423415602592;TRANSAKCJA KARTĄ PŁATNICZĄ;Restauracje i kawiarnie
21.08.2024;21.08.2024;XTB SPOLKA AKCYJNA;;'39124015321787001140533465;'20124020929729000002871368;2871368;-900,00;USD;'014248L601500475;REALIZACJA PŁATNOŚCI PEOPAY;Bez kategorii
21.08.2024;21.08.2024;LIDL KAROLKOWA         WARSZAWA;;'23124015321111001044176713;;*********3025639;-32,76;PLN;'C992423407662629;TRANSAKCJA KARTĄ PŁATNICZĄ;Artykuły spożywcze
20.08.2024;20.08.2024;CURRENCY ONE SA;SZYPERSKA 14 61-754    POZNAŃ              PL;'30124066251787001024213427;'39124015321787001140533465;/OPF/X/////TAGWTPL07133310 26034413Kamil Sobieraj;2 329,65;USD;'5650820609900013;PRZELEW;Inne
20.08.2024;20.08.2024;MARIUSZ ZIĘCINA;;'40249000050000400002969849;'23124015321111001044176713;Deska i piwka;46,00;PLN;'M042000125105626;PRZELEW BLIK PRZYCHODZĄCY;Inne
20.08.2024;20.08.2024;LIPONOGA NINA;;'23116022020000000081891379;'23124015321111001044176713;Siostry;45,00;PLN;'M042000125092322;PRZELEW BLIK PRZYCHODZĄCY;Inne
20.08.2024;20.08.2024;U SIOSTR SP. Z O.O.    WARSZAWA;;'23124015321111001044176713;;*********3025639;-129,52;PLN;'C992423319529736;TRANSAKCJA KARTĄ PŁATNICZĄ;Restauracje i kawiarnie
20.08.2024;20.08.2024;FLORA CAFFE TAKA AWAY  WARSZAWA;;'23124015321111001044176713;;*********3025639;-33,00;PLN;'C992423314136420;TRANSAKCJA KARTĄ PŁATNICZĄ;Restauracje i kawiarnie
20.08.2024;20.08.2024;;;'23124015321111001044176713;'92124020921362991111000000;Prowizja za wypłatę z użyciemBLIK w dniu 2024-08-17;-5,00;PLN;'M0150OHL00026991;PROWIZJE AUT.;Opłaty bankowe
20.08.2024;20.08.2024;GORACO POLECAM         WARSZAWA;;'23124015321111001044176713;;*********3025639;-6,90;PLN;'C992423308942059;TRANSAKCJA KARTĄ PŁATNICZĄ;Artykuły spożywcze
19.08.2024;19.08.2024;PAYPRO S.A.;;'23124015321111001044176713;'72124062921111001129726875;/OPT/X/////P24-B8N-V4Y-C1M;-9 000,00;PLN;'014248J605707876;PRZELEW WEWNĘTRZNY - DOSTAWCA;Bez kategorii
19.08.2024;19.08.2024;KUCHNIA WIETNAMSK83619 WARSZAWA;;'23124015321111001044176713;;*********3025639;-36,00;PLN;'C992423217872141;TRANSAKCJA KARTĄ PŁATNICZĄ;Restauracje i kawiarnie
19.08.2024;19.08.2024;LIDL KAROLKOWA         WARSZAWA;;'23124015321111001044176713;;*********3025639;-16,82;PLN;'C992423217870953;TRANSAKCJA KARTĄ PŁATNICZĄ;Artykuły spożywcze
19.08.2024;19.08.2024;ZABKA Z4410 K.1        WARSZAWA;;'23124015321111001044176713;;*********3025639;-19,19;PLN;'C992423209506732;TRANSAKCJA KARTĄ PŁATNICZĄ;Artykuły spożywcze
19.08.2024;19.08.2024;APPLE.COM/BILL         CORK;;'23124015321111001044176713;;*********3025639;-4,99;PLN;'C992423203463913;TRANSAKCJA KARTĄ PŁATNICZĄ;Multimedia
19.08.2024;18.08.2024;ZABKA Z4410 K.2        WARSZAWA;;'23124015321111001044176713;;*********3025639;-13,00;PLN;'C992423119397369;TRANSAKCJA KARTĄ PŁATNICZĄ;Artykuły spożywcze
19.08.2024;18.08.2024;GOOD LOOD              KRAKOW;;'23124015321111001044176713;;*********3025639;-16,00;PLN;'C992423117362579;TRANSAKCJA KARTĄ PŁATNICZĄ;Restauracje i kawiarnie
17.08.2024;17.08.2024;CASHBILL ECOMM;POLSKIEPREMIUM. Sobieskiego 2,Katowice;'23124015321111001044176713;;BLIK REF       82850190301;-22,99;PLN;'C992423019058558;PŁATNOŚĆ BLIK;Zakupy przez internet
17.08.2024;17.08.2024;JMP S.A. BIEDRONKA 631 WARSZAWA;;'23124015321111001044176713;;*********3025639;-25,94;PLN;'C992423017020324;TRANSAKCJA KARTĄ PŁATNICZĄ;Artykuły spożywcze
17.08.2024;17.08.2024;JMP S.A. BIEDRONKA 445 WARSZAWA;;'23124015321111001044176713;;*********3025639;-4,74;PLN;'C992423011169241;TRANSAKCJA KARTĄ PŁATNICZĄ;Artykuły spożywcze
17.08.2024;17.08.2024;DROB-POL PAW 10        WARSZAWA;;'23124015321111001044176713;;*********3025639;-6,35;PLN;'C992423010138418;TRANSAKCJA KARTĄ PŁATNICZĄ;Artykuły spożywcze
17.08.2024;17.08.2024;DROB-POL PAW 10        WARSZAWA;;'23124015321111001044176713;;*********3025639;-5,51;PLN;'C992423010853438;TRANSAKCJA KARTĄ PŁATNICZĄ;Artykuły spożywcze
17.08.2024;17.08.2024;AGROTRANS ROMAN PACKA  WARSZAWA;;'23124015321111001044176713;;*********3025639;-20,50;PLN;'C992423010134219;TRANSAKCJA KARTĄ PŁATNICZĄ;Bez kategorii
17.08.2024;17.08.2024;BANKOMAT EURONET       RCNN0F3Z;RCNN0F3Z 0170200011 PL  MIROWSKI 1,WARSZAWA;'23124015321111001044176713;;BLIK REF       82845612877;-50,00;PLN;'C992423010694594;WYPŁATA BLIK;Uroda, fryzjer, kosmetyczka
16.08.2024;16.08.2024;SUMUP  *CIASTKO Z DZIU WARSZAWA;;'23124015321111001044176713;;*********3025639;-25,15;PLN;'C992422918651943;TRANSAKCJA KARTĄ PŁATNICZĄ;Restauracje i kawiarnie
16.08.2024;16.08.2024;NEXTBIKE BENEFIT MULTI WARSZAWA;;'23124015321111001044176713;;*********3025639;-1,00;PLN;'C992422918447969;TRANSAKCJA KARTĄ PŁATNICZĄ;Sport
16.08.2024;16.08.2024;BISTRO GRZYBOWSKA      WARSZAWA;;'23124015321111001044176713;;*********3025639;-28,00;PLN;'C992422914484214;TRANSAKCJA KARTĄ PŁATNICZĄ;Restauracje i kawiarnie
16.08.2024;16.08.2024;ZABKA Z4410 K.2        WARSZAWA;;'23124015321111001044176713;;*********3025639;-21,79;PLN;'C992422907253559;TRANSAKCJA KARTĄ PŁATNICZĄ;Artykuły spożywcze
16.08.2024;15.08.2024;ZABKA Z4410 K.2        WARSZAWA;;'23124015321111001044176713;;*********3025639;-5,50;PLN;'C992422822949247;TRANSAKCJA KARTĄ PŁATNICZĄ;Artykuły spożywcze
16.08.2024;15.08.2024;PAYU S.A.;GRUNWALDZKA 186 60-166 POZNAŃ;'23124015321111001044176713;'93124059181111001053653379;/OPT/X///// PayU XX3985595131XX bilety.mazowieckie.com.pl imoje bilety.mazowieckie.com.pl Zamowienie 8993369;-10,90;PLN;'014248F605206639;PRZELEW MOBILE;Zakupy przez internet
15.08.2024;15.08.2024;PAYU S.A.;GRUNWALDZKA 186 60-166 POZNAŃ;'23124015321111001044176713;'93124059181111001053653379;/OPT/X///// PayU XX3984894626XX bilety.mazowieckie.com.pl imoje bilety.mazowieckie.com.pl Zamowienie 8993365;-12,10;PLN;'014248F604904041;PRZELEW MOBILE;Zakupy przez internet
15.08.2024;15.08.2024;ZABKA Z4410 K.2        WARSZAWA;;'23124015321111001044176713;;*********3025639;-2,99;PLN;'C992422812756489;TRANSAKCJA KARTĄ PŁATNICZĄ;Artykuły spożywcze
15.08.2024;14.08.2024;JMP S.A. BIEDRONKA 445 WARSZAWA;;'23124015321111001044176713;;*********3025639;-45,14;PLN;'C992422721988551;TRANSAKCJA KARTĄ PŁATNICZĄ;Artykuły spożywcze
14.08.2024;14.08.2024;ZABKA Z4410 K.2        WARSZAWA;;'23124015321111001044176713;;*********3025639;-6,80;PLN;'C992422718888618;TRANSAKCJA KARTĄ PŁATNICZĄ;Artykuły spożywcze
14.08.2024;14.08.2024;"BEP-WIET"" HONG SINH NG WARSZAWA";;'23124015321111001044176713;;*********3025639;-26,00;PLN;'C992422718495566;TRANSAKCJA KARTĄ PŁATNICZĄ;Restauracje i kawiarnie
14.08.2024;14.08.2024;ASSECO POLAND SA PŁACE;UL. OLCHOWA 14 35-322 RZESZÓW;'42124059181111000049090675;'23124015321111001044176713;PREMIA STANDBY **202408P2** 23119;3 223,17;PLN;'4910814987511423;PRZELEW;Premia, nagroda
14.08.2024;14.08.2024;;;'23124015321111001044176713;'92124020921362991111000000;Opłata za obsługę kartyMasterCard Debit*43025639 za miesiąc 08.2024;-1,00;PLN;'M0150OHF00207059;PROWIZJE AUT.;Opłaty bankowe
14.08.2024;14.08.2024;JMP S.A. BIEDRONKA 445 WARSZAWA;;'23124015321111001044176713;;*********3025639;-1,35;PLN;'C992422707011546;TRANSAKCJA KARTĄ PŁATNICZĄ;Artykuły spożywcze
13.08.2024;13.08.2024;FLORA CAFFE TAKA AWAY  WARSZAWA;;'23124015321111001044176713;;*********3025639;-12,00;PLN;'C992422617299377;TRANSAKCJA KARTĄ PŁATNICZĄ;Restauracje i kawiarnie
13.08.2024;13.08.2024;FLORA CAFFE TAKA AWAY  WARSZAWA;;'23124015321111001044176713;;*********3025639;-33,00;PLN;'C992422613612634;TRANSAKCJA KARTĄ PŁATNICZĄ;Restauracje i kawiarnie
12.08.2024;12.08.2024;BISTRO GRZYBOWSKA      WARSZAWA;;'23124015321111001044176713;;*********3025639;-25,81;PLN;'C992422513979194;TRANSAKCJA KARTĄ PŁATNICZĄ;Restauracje i kawiarnie
12.08.2024;11.08.2024;GOOD LOOD              KRAKOW;;'23124015321111001044176713;;*********3025639;-16,00;PLN;'C992422414316735;TRANSAKCJA KARTĄ PŁATNICZĄ;Restauracje i kawiarnie
12.08.2024;12.08.2024;JMP S.A. BIEDRONKA 445 WARSZAWA;;'23124015321111001044176713;;*********3025639;-18,08;PLN;'C992422508792224;TRANSAKCJA KARTĄ PŁATNICZĄ;Artykuły spożywcze
12.08.2024;12.08.2024;NEXTBIKE BENEFIT MULTI WARSZAWA;;'23124015321111001044176713;;*********3025639;-1,00;PLN;'C992422519256417;TRANSAKCJA KARTĄ PŁATNICZĄ;Sport
12.08.2024;11.08.2024;SYSTEM.MYBENEFIT.PL    WARSZAWA;;'23124015321111001044176713;;*********3025639;-139,00;PLN;'C992422409244663;TRANSAKCJA KARTĄ PŁATNICZĄ;Lekarstwa
12.08.2024;12.08.2024;TOOGOODT 0RESXM1BREGE0 COPENHAGEN S;;'23124015321111001044176713;;;-29,99;PLN;'C992422519157391;TRANSAKCJA KARTĄ PŁATNICZĄ;Restauracje i kawiarnie
12.08.2024;12.08.2024;JMP S.A. BIEDRONKA 445 WARSZAWA;;'23124015321111001044176713;;*********3025639;-3,45;PLN;'C992422513932148;TRANSAKCJA KARTĄ PŁATNICZĄ;Artykuły spożywcze
12.08.2024;10.08.2024;LIDL KAROLKOWA         WARSZAWA;;'23124015321111001044176713;;*********3025639;-82,62;PLN;'C992422322212948;TRANSAKCJA KARTĄ PŁATNICZĄ;Artykuły spożywcze
12.08.2024;12.08.2024;LEROY MERLIN WARSZAWA  WARSZAWA;;'23124015321111001044176713;;*********3025639;-12,99;PLN;'C992422518229628;TRANSAKCJA KARTĄ PŁATNICZĄ;Wyposażenie
12.08.2024;12.08.2024;ZABKA Z4410 K.2        WARSZAWA;;'23124015321111001044176713;;*********3025639;-9,98;PLN;'C992422510821563;TRANSAKCJA KARTĄ PŁATNICZĄ;Artykuły spożywcze
12.08.2024;11.08.2024;ZABKA Z4410 K.2        WARSZAWA;;'23124015321111001044176713;;*********3025639;-9,98;PLN;'C992422418400073;TRANSAKCJA KARTĄ PŁATNICZĄ;Artykuły spożywcze
12.08.2024;12.08.2024;CARREFOUR HIPERMARKET  WARSZAWA;;'23124015321111001044176713;;*********3025639;-14,17;PLN;'C992422519156797;TRANSAKCJA KARTĄ PŁATNICZĄ;Artykuły spożywcze
10.08.2024;10.08.2024;WODNIK SZUWAREK        WARSZAWA;;'23124015321111001044176713;;*********3025639;-25,00;PLN;'C992422312216295;TRANSAKCJA KARTĄ PŁATNICZĄ;Puby i kluby
10.08.2024;10.08.2024;WODNIK SZUWAREK        WARSZAWA;;'23124015321111001044176713;;*********3025639;-19,00;PLN;'C992422316073346;TRANSAKCJA KARTĄ PŁATNICZĄ;Puby i kluby
10.08.2024;10.08.2024;ZABKA Z4410 K.1        WARSZAWA;;'23124015321111001044176713;;*********3025639;-13,60;PLN;'C992422309061187;TRANSAKCJA KARTĄ PŁATNICZĄ;Artykuły spożywcze
10.08.2024;10.08.2024;WODNIK SZUWAREK        WARSZAWA;;'23124015321111001044176713;;*********3025639;-61,00;PLN;'C992422313267138;TRANSAKCJA KARTĄ PŁATNICZĄ;Puby i kluby
10.08.2024;10.08.2024;IKE BOSSA;;'23124015321111001044176713;'83154011578129000000814183;IKE 814183;-500,00;PLN;'014248AA71005147;ZLECENIE STAŁE;Bez kategorii
09.08.2024;09.08.2024;LIDL KAROLKOWA         WARSZAWA;;'23124015321111001044176713;;*********3025639;-31,47;PLN;'C992422217585424;TRANSAKCJA KARTĄ PŁATNICZĄ;Artykuły spożywcze
09.08.2024;09.08.2024;JMP S.A. BIEDRONKA 445 WARSZAWA;;'23124015321111001044176713;;*********3025639;-8,89;PLN;'C992422208180561;TRANSAKCJA KARTĄ PŁATNICZĄ;Artykuły spożywcze
08.08.2024;08.08.2024;AK OTREBUSY 4017105976 OTREBUSY;;'23124015321111001044176713;;*********3025639;-15,00;PLN;'C992422116923528;TRANSAKCJA KARTĄ PŁATNICZĄ;Artykuły spożywcze
08.08.2024;08.08.2024;KACPER BANASIK;;'23124015321111001044176713;'69124060031111001048178711;Sierpień splitwase;-1 925,75;PLN;'0142488626402978;REALIZACJA PŁATNOŚCI PEOPAY;Bez kategorii
08.08.2024;08.08.2024;ASSECO POLAND SA PŁACE;UL. OLCHOWA 14 35-322 RZESZÓW;'42124059181111000049090675;'23124015321111001044176713;WYNAGRODZENIE 07/2024 **202407U7**23119;9 223,39;PLN;'4910808981162985;PRZELEW;Wynagrodzenie
08.08.2024;08.08.2024;BAR MLECZNY 02         WARSZAWA;;'23124015321111001044176713;;*********3025639;-29,00;PLN;'C992422113918105;TRANSAKCJA KARTĄ PŁATNICZĄ;Puby i kluby
08.08.2024;08.08.2024;ZABKA Z4370 K.1        WARSZAWA;;'23124015321111001044176713;;*********3025639;-9,98;PLN;'C992422108578709;TRANSAKCJA KARTĄ PŁATNICZĄ;Artykuły spożywcze
07.08.2024;07.08.2024;LIDL KAROLKOWA         WARSZAWA;;'23124015321111001044176713;;*********3025639;-30,71;PLN;'C992422018621718;TRANSAKCJA KARTĄ PŁATNICZĄ;Artykuły spożywcze
07.08.2024;07.08.2024;ZABKA Z4410 K.1        WARSZAWA;;'23124015321111001044176713;;*********3025639;-7,20;PLN;'C992422013183908;TRANSAKCJA KARTĄ PŁATNICZĄ;Artykuły spożywcze
07.08.2024;07.08.2024;PAYU;MYSTICTRAVEL.CO Grunwaldzka 186,Poznan;'23124015321111001044176713;;BLIK REF       82646799109;-589,00;PLN;'C992422011102326;PŁATNOŚĆ BLIK;Zakupy przez internet
07.08.2024;07.08.2024;JMP S.A. BIEDRONKA 445 WARSZAWA;;'23124015321111001044176713;;*********3025639;-5,71;PLN;'C992422010360697;TRANSAKCJA KARTĄ PŁATNICZĄ;Artykuły spożywcze
06.08.2024;06.08.2024;MARIUSZ ZIECINA;;'23124015321111001044176713;'26102011270000130202564748;Przelew na telefon 48514***978. Przelew na telefon;-36,00;PLN;'M042100856504638;PRZELEW BLIK WYCHODZĄCY;Restauracje i kawiarnie
06.08.2024;06.08.2024;PAYPAL *PATRONITE      35314369001;;'23124015321111001044176713;;*********3025639;-7,00;PLN;'C992421913639060;TRANSAKCJA KARTĄ PŁATNICZĄ;Kino i teatr
06.08.2024;06.08.2024;DOLADOWANIA.PLAY.PL    POZNAN;;'23124015321111001044176713;;*********3025639;-10,00;PLN;'C992421913004556;TRANSAKCJA KARTĄ PŁATNICZĄ;Internet, TV, telefon
06.08.2024;05.08.2024;JMP S.A. BIEDRONKA 445 WARSZAWA;;'23124015321111001044176713;;*********3025639;-10,97;PLN;'C992421822813620;TRANSAKCJA KARTĄ PŁATNICZĄ;Artykuły spożywcze
05.08.2024;05.08.2024;LIDL KAROLKOWA         WARSZAWA;;'23124015321111001044176713;;*********3025639;-47,55;PLN;'C992421818005551;TRANSAKCJA KARTĄ PŁATNICZĄ;Artykuły spożywcze
05.08.2024;05.08.2024;MAŁGORZATA UŁASIUK TRENER OSOBISTY;UL.ŁUCKA 20 M.62 00-845 WARSZAWA;'25114020040000310281874201;'23124015321111001044176713;SZPLIT 2;177,09;PLN;'M042000122572374;PRZELEW BLIK PRZYCHODZĄCY;Inne
05.08.2024;05.08.2024;MAŁGORZATA UŁASIUK TRENER OSOBISTY;UL.ŁUCKA 20 M.62 00-845 WARSZAWA;'25114020040000310281874201;'23124015321111001044176713;SZPLIT 1;900,00;PLN;'M042000122572099;PRZELEW BLIK PRZYCHODZĄCY;Inne
05.08.2024;05.08.2024;ZABKA Z4410 K.2        WARSZAWA;;'23124015321111001044176713;;*********3025639;-7,98;PLN;'C992421812023406;TRANSAKCJA KARTĄ PŁATNICZĄ;Artykuły spożywcze
05.08.2024;05.08.2024;JMP S.A. BIEDRONKA 445 WARSZAWA;;'23124015321111001044176713;;*********3025639;-12,83;PLN;'C992421808420668;TRANSAKCJA KARTĄ PŁATNICZĄ;Artykuły spożywcze
05.08.2024;04.08.2024;ORLEN STACJA NR 4671   CHOMENTOWO;;'23124015321111001044176713;;*********3025639;-11,98;PLN;'C992421719782071;TRANSAKCJA KARTĄ PŁATNICZĄ;Paliwo
05.08.2024;04.08.2024;NOWE GUTY 5      83501 ORZYSZ;;'23124015321111001044176713;;*********3025639;-20,00;PLN;'C992421716296721;TRANSAKCJA KARTĄ PŁATNICZĄ;Restauracje i kawiarnie
05.08.2024;04.08.2024;MARLENA KALENIK  36015 ORZYSZ;;'23124015321111001044176713;;*********3025639;-42,00;PLN;'C992421716701480;TRANSAKCJA KARTĄ PŁATNICZĄ;Restauracje i kawiarnie
05.08.2024;04.08.2024;PRZEDSIEBIORSTWO PRODU MIKOLAJKI;;'23124015321111001044176713;;*********3025639;-21,86;PLN;'C992421712228162;TRANSAKCJA KARTĄ PŁATNICZĄ;Artykuły spożywcze
03.08.2024;03.08.2024;GEO CAMP S GRABSKI     RUCIANE-NIDA;;'23124015321111001044176713;;*********3025639;-6,20;PLN;'C992421614956552;TRANSAKCJA KARTĄ PŁATNICZĄ;Artykuły spożywcze
03.08.2024;03.08.2024;ORLEN STACJA NR 1078   PISZ;;'23124015321111001044176713;;*********3025639;-7,99;PLN;'C992421609046706;TRANSAKCJA KARTĄ PŁATNICZĄ;Paliwo
03.08.2024;03.08.2024;MARINA NIEDZWIEDZI ROG RUCIANE NIDA;;'23124015321111001044176713;;*********3025639;-79,00;PLN;'C992421615319300;TRANSAKCJA KARTĄ PŁATNICZĄ;Hotele
03.08.2024;02.08.2024;ZABKA Z4410 K.1        WARSZAWA;;'23124015321111001044176713;;*********3025639;-17,96;PLN;'C992421521690150;TRANSAKCJA KARTĄ PŁATNICZĄ;Artykuły spożywcze
02.08.2024;02.08.2024;JMP S.A. BIEDRONKA 445 WARSZAWA;;'23124015321111001044176713;;*********3025639;-32,30;PLN;'C992421518825197;TRANSAKCJA KARTĄ PŁATNICZĄ;Artykuły spożywcze
02.08.2024;02.08.2024;PIEKARNIA ORMIANSKA ZE WARSZAWA;;'23124015321111001044176713;;*********3025639;-15,00;PLN;'C992421515718415;TRANSAKCJA KARTĄ PŁATNICZĄ;Artykuły spożywcze
02.08.2024;02.08.2024;MADO KEBAB GRILL       WARSZAWA;;'23124015321111001044176713;;*********3025639;-45,00;PLN;'C992421515703010;TRANSAKCJA KARTĄ PŁATNICZĄ;Restauracje i kawiarnie
02.08.2024;02.08.2024;BUDZIŃSKA JULIA;;'15105015591000009267210426;'23124015321111001044176713;Przelew na telefon +48xxxxxx789Przelew na telefonDla Kamil SobierajOd BUDZIŃSKA JULIA;200,00;PLN;'M042000122115633;PRZELEW BLIK PRZYCHODZĄCY;Sprzedaż
02.08.2024;02.08.2024;ZABKA Z4410 K.1        WARSZAWA;;'23124015321111001044176713;;*********3025639;-9,99;PLN;'C992421508538242;TRANSAKCJA KARTĄ PŁATNICZĄ;Artykuły spożywcze
02.08.2024;02.08.2024;LIDL KAROLKOWA         WARSZAWA;;'23124015321111001044176713;;*********3025639;-49,03;PLN;'C992421508246755;TRANSAKCJA KARTĄ PŁATNICZĄ;Artykuły spożywcze
01.08.2024;01.08.2024;PIEKARNIA CUKIERNIA GR WARSZAWA;;'23124015321111001044176713;;*********3025639;-14,10;PLN;'C992421414048515;TRANSAKCJA KARTĄ PŁATNICZĄ;Artykuły spożywcze
01.08.2024;01.08.2024;VINA EXPRESS           WARSZAWA;;'23124015321111001044176713;;*********3025639;-33,00;PLN;'C992421414041668;TRANSAKCJA KARTĄ PŁATNICZĄ;Puby i kluby
01.08.2024;01.08.2024;ZABKA Z4410 K.1        WARSZAWA;;'23124015321111001044176713;;*********3025639;-19,97;PLN;'C992421409856124;TRANSAKCJA KARTĄ PŁATNICZĄ;Artykuły spożywcze
31.07.2024;31.07.2024;;;;'23124015321111001044176713;ODSETKI OD DEPOZYTU;0,13;PLN;'014247V98C001093;ODSETKI OD DEPOZYTU;Odsetki, zwrot z inwestycji
31.07.2024;31.07.2024;;;'23124015321111001044176713;;PODATEK POBRANY;-0,03;PLN;'014247V98C001092;PODATEK POBRANY;Podatki
31.07.2024;31.07.2024;ASSECO POLAND SA PŁACE;UL. OLCHOWA 14 35-322 RZESZÓW;'42124059181111000049090675;'23124015321111001044176713;WYNAGRODZENIE ZA PRACE W NOCY I NADGODZINY **202407N3** 23119;238,09;PLN;'4910731981111642;PRZELEW;Wynagrodzenie
31.07.2024;31.07.2024;JMP S.A. BIEDRONKA 445 WARSZAWA;;'23124015321111001044176713;;*********3025639;-5,49;PLN;'C992421308248073;TRANSAKCJA KARTĄ PŁATNICZĄ;Artykuły spożywcze
30.07.2024;30.07.2024;LIDL KAROLKOWA         WARSZAWA;;'23124015321111001044176713;;*********3025639;-6,77;PLN;'C992421220247118;TRANSAKCJA KARTĄ PŁATNICZĄ;Artykuły spożywcze
30.07.2024;30.07.2024;MACHOP SP. Z O.O.      WARSZAWA;;'23124015321111001044176713;;*********3025639;-39,00;PLN;'C992421218076714;TRANSAKCJA KARTĄ PŁATNICZĄ;Restauracje i kawiarnie
30.07.2024;30.07.2024;MACHOP SP. Z O.O.      WARSZAWA;;'23124015321111001044176713;;*********3025639;-8,00;PLN;'C992421217152701;TRANSAKCJA KARTĄ PŁATNICZĄ;Restauracje i kawiarnie
30.07.2024;30.07.2024;BAR MLECZNY 02         WARSZAWA;;'23124015321111001044176713;;*********3025639;-27,00;PLN;'C992421212003435;TRANSAKCJA KARTĄ PŁATNICZĄ;Puby i kluby
30.07.2024;30.07.2024;JMP S.A. BIEDRONKA 445 WARSZAWA;;'23124015321111001044176713;;*********3025639;-4,79;PLN;'C992421207865154;TRANSAKCJA KARTĄ PŁATNICZĄ;Artykuły spożywcze
29.07.2024;29.07.2024;NEXTBIKE BENEFIT MULTI WARSZAWA;;'23124015321111001044176713;;*********3025639;-10,00;PLN;'C992421119551923;TRANSAKCJA KARTĄ PŁATNICZĄ;Sport
29.07.2024;29.07.2024;LIDL 2175              WARSZAWA;;'23124015321111001044176713;;*********3025639;-3,14;PLN;'C992421118530256;TRANSAKCJA KARTĄ PŁATNICZĄ;Artykuły spożywcze
29.07.2024;29.07.2024;MPSA - A 328           WARSZAWA;;'23124015321111001044176713;;*********3025639;-3,40;PLN;'C992421118502703;TRANSAKCJA KARTĄ PŁATNICZĄ;Transport publiczny
29.07.2024;29.07.2024;JMP S.A. BIEDRONKA 445 WARSZAWA;;'23124015321111001044176713;;*********3025639;-17,47;PLN;'C992421120806370;TRANSAKCJA KARTĄ PŁATNICZĄ;Artykuły spożywcze
29.07.2024;29.07.2024;BISTRO GRZYBOWSKA      WARSZAWA;;'23124015321111001044176713;;*********3025639;-26,81;PLN;'C992421114889475;TRANSAKCJA KARTĄ PŁATNICZĄ;Restauracje i kawiarnie
29.07.2024;29.07.2024;ALLEGRO                POZNAN;;'23124015321111001044176713;;*********3025639;-460,95;PLN;'C992421113575444;TRANSAKCJA KARTĄ PŁATNICZĄ;Zakupy przez internet
29.07.2024;29.07.2024;JULIA BUDZIŃSKA;;'23124015321111001044176713;'15105015591000009267210426;Przelew na telefon 48602***840. Przelew na telefon;-200,00;PLN;'M042100849590674;PRZELEW BLIK WYCHODZĄCY;Internet, TV, telefon
29.07.2024;29.07.2024;JMP S.A. BIEDRONKA 445 WARSZAWA;;'23124015321111001044176713;;*********3025639;-45,19;PLN;'C992421108426319;TRANSAKCJA KARTĄ PŁATNICZĄ;Artykuły spożywcze
29.07.2024;28.07.2024;ZABKA Z4410 K.2        WARSZAWA;;'23124015321111001044176713;;*********3025639;-3,99;PLN;'C992421018340046;TRANSAKCJA KARTĄ PŁATNICZĄ;Artykuły spożywcze
29.07.2024;28.07.2024;GOOD LOOD              KRAKOW;;'23124015321111001044176713;;*********3025639;-8,00;PLN;'C992421018336087;TRANSAKCJA KARTĄ PŁATNICZĄ;Restauracje i kawiarnie
29.07.2024;27.07.2024;JMP S.A. BIEDRONKA 445 WARSZAWA;;'23124015321111001044176713;;*********3025639;-4,99;PLN;'C992420921180959;TRANSAKCJA KARTĄ PŁATNICZĄ;Artykuły spożywcze
27.07.2024;27.07.2024;JMP S.A. BIEDRONKA 445 WARSZAWA;;'23124015321111001044176713;;*********3025639;-17,12;PLN;'C992420915031942;TRANSAKCJA KARTĄ PŁATNICZĄ;Artykuły spożywcze
27.07.2024;27.07.2024;JMP S.A. BIEDRONKA 445 WARSZAWA;;'23124015321111001044176713;;*********3025639;-48,53;PLN;'C992420911895686;TRANSAKCJA KARTĄ PŁATNICZĄ;Artykuły spożywcze
27.07.2024;26.07.2024;CARREFOUR HIPERMARKET  WARSZAWA;;'23124015321111001044176713;;*********3025639;-59,25;PLN;'C992420821213585;TRANSAKCJA KARTĄ PŁATNICZĄ;Artykuły spożywcze
27.07.2024;26.07.2024;CARREFOUR HIPERMARKET  WARSZAWA;;'23124015321111001044176713;;*********3025639;-11,90;PLN;'C992420821204458;TRANSAKCJA KARTĄ PŁATNICZĄ;Artykuły spożywcze
26.07.2024;26.07.2024;JMP S.A. BIEDRONKA 445 WARSZAWA;;'23124015321111001044176713;;*********3025639;-4,49;PLN;'C992420819149828;TRANSAKCJA KARTĄ PŁATNICZĄ;Artykuły spożywcze
26.07.2024;26.07.2024;VINA EXPRESS           WARSZAWA;;'23124015321111001044176713;;*********3025639;-25,00;PLN;'C992420814490258;TRANSAKCJA KARTĄ PŁATNICZĄ;Puby i kluby
26.07.2024;26.07.2024;JMP S.A. BIEDRONKA 445 WARSZAWA;;'23124015321111001044176713;;*********3025639;-11,37;PLN;'C992420811384781;TRANSAKCJA KARTĄ PŁATNICZĄ;Artykuły spożywcze
26.07.2024;26.07.2024;JMP S.A. BIEDRONKA 445 WARSZAWA;;'23124015321111001044176713;;*********3025639;-15,08;PLN;'C992420809578885;TRANSAKCJA KARTĄ PŁATNICZĄ;Artykuły spożywcze
26.07.2024;26.07.2024;BOGDAN SOBIERAJ;UL KOŁŁĄTAJA 3/23 18-403    ŁOMŻA               PL;'92124015321111001070940584;'23124015321111001044176713;zasilenie konta;500,00;PLN;'014247Q622309626;PRZELEW;Inne
25.07.2024;24.07.2024;LIDL KAROLKOWA         WARSZAWA;;'23124015321111001044176713;;*********3025639;-18,02;PLN;'C992420621033978;TRANSAKCJA KARTĄ PŁATNICZĄ;Artykuły spożywcze
25.07.2024;25.07.2024;ZABKA Z4410 K.1        WARSZAWA;;'23124015321111001044176713;;*********3025639;-11,80;PLN;'C992420708813708;TRANSAKCJA KARTĄ PŁATNICZĄ;Artykuły spożywcze
25.07.2024;25.07.2024;DOMINOSPIZZA.PL        WARSZAWA;;'23124015321111001044176713;;*********3025639;-6,28;PLN;'C992420712286684;TRANSAKCJA KARTĄ PŁATNICZĄ;Restauracje i kawiarnie
24.07.2024;24.07.2024;JMP S.A. BIEDRONKA 445 WARSZAWA;;'23124015321111001044176713;;*********3025639;-33,93;PLN;'C992420609580572;TRANSAKCJA KARTĄ PŁATNICZĄ;Artykuły spożywcze
23.07.2024;23.07.2024;JMP S.A. BIEDRONKA 445 WARSZAWA;;'23124015321111001044176713;;*********3025639;-2,99;PLN;'C992420517361522;TRANSAKCJA KARTĄ PŁATNICZĄ;Artykuły spożywcze
23.07.2024;23.07.2024;APTEKA 37              WARSZAWA;;'23124015321111001044176713;;*********3025639;-17,00;PLN;'C992420517357773;TRANSAKCJA KARTĄ PŁATNICZĄ;Lekarstwa
22.07.2024;21.07.2024;GOOD LOOD              KRAKOW;;'23124015321111001044176713;;*********3025639;-16,00;PLN;'C992420316242913;TRANSAKCJA KARTĄ PŁATNICZĄ;Restauracje i kawiarnie
22.07.2024;21.07.2024;ZABKA Z8085 K.2        WARSZAWA;;'23124015321111001044176713;;*********3025639;-6,50;PLN;'C992420316327882;TRANSAKCJA KARTĄ PŁATNICZĄ;Artykuły spożywcze
22.07.2024;22.07.2024;LIDL KAROLKOWA         WARSZAWA;;'23124015321111001044176713;;*********3025639;-55,38;PLN;'C992420419855033;TRANSAKCJA KARTĄ PŁATNICZĄ;Artykuły spożywcze
22.07.2024;22.07.2024;ZABKA Z4410 K.1        WARSZAWA;;'23124015321111001044176713;;*********3025639;-20,79;PLN;'C992420409464023;TRANSAKCJA KARTĄ PŁATNICZĄ;Artykuły spożywcze
20.07.2024;20.07.2024;CARREFOUR HIPERMARKET  WARSZAWA;;'23124015321111001044176713;;*********3025639;-157,65;PLN;'C992420216322507;TRANSAKCJA KARTĄ PŁATNICZĄ;Artykuły spożywcze
20.07.2024;20.07.2024;ZABKA Z4410 K.2        WARSZAWA;;'23124015321111001044176713;;*********3025639;-11,80;PLN;'C992420212927350;TRANSAKCJA KARTĄ PŁATNICZĄ;Artykuły spożywcze
19.07.2024;19.07.2024;JMP S.A. BIEDRONKA 445 WARSZAWA;;'23124015321111001044176713;;*********3025639;-17,67;PLN;'C992420118372070;TRANSAKCJA KARTĄ PŁATNICZĄ;Artykuły spożywcze
19.07.2024;19.07.2024;ZABKA Z4410 K.2        WARSZAWA;;'23124015321111001044176713;;*********3025639;-7,00;PLN;'C992420116263629;TRANSAKCJA KARTĄ PŁATNICZĄ;Artykuły spożywcze
19.07.2024;19.07.2024;LUX MED. SP. Z O.O.    WARSZAWA;;'23124015321111001044176713;;*********3025639;-454,50;PLN;'C992420115232219;TRANSAKCJA KARTĄ PŁATNICZĄ;Opieka medyczna
19.07.2024;19.07.2024;BISTRO GRZYBOWSKA      WARSZAWA;;'23124015321111001044176713;;*********3025639;-26,00;PLN;'C992420112094875;TRANSAKCJA KARTĄ PŁATNICZĄ;Restauracje i kawiarnie
19.07.2024;19.07.2024;ZABKA Z4410 K.2        WARSZAWA;;'23124015321111001044176713;;*********3025639;-12,99;PLN;'C992420111345786;TRANSAKCJA KARTĄ PŁATNICZĄ;Artykuły spożywcze
19.07.2024;19.07.2024;APTEKA 37              WARSZAWA;;'23124015321111001044176713;;*********3025639;-39,00;PLN;'C992420111627202;TRANSAKCJA KARTĄ PŁATNICZĄ;Lekarstwa
19.07.2024;19.07.2024;HA - MAR               WARSZAWA;;'23124015321111001044176713;;*********3025639;-7,00;PLN;'C992420109263925;TRANSAKCJA KARTĄ PŁATNICZĄ;Artykuły spożywcze
19.07.2024;19.07.2024;ZABKA Z9609 K.1        WARSZAWA;;'23124015321111001044176713;;*********3025639;-14,98;PLN;'C992420108254692;TRANSAKCJA KARTĄ PŁATNICZĄ;Artykuły spożywcze
19.07.2024;19.07.2024;APPLE.COM/BILL         APPLE.COM/BI;;'23124015321111001044176713;;*********3025639;-4,99;PLN;'C992420103889767;TRANSAKCJA KARTĄ PŁATNICZĄ;Bez kategorii
19.07.2024;18.07.2024;JMP S.A. BIEDRONKA 445 WARSZAWA;;'23124015321111001044176713;;*********3025639;-14,93;PLN;'C992420022865237;TRANSAKCJA KARTĄ PŁATNICZĄ;Artykuły spożywcze
18.07.2024;18.07.2024;PAYU;WWW.DOMINOSPIZZ Grunwaldzka 186,Poznan;'23124015321111001044176713;;BLIK REF       82241861434;-32,98;PLN;'C992420015627904;PŁATNOŚĆ BLIK;Zakupy przez internet
17.07.2024;17.07.2024;JMP S.A. BIEDRONKA 445 WARSZAWA;;'23124015321111001044176713;;*********3025639;-11,87;PLN;'C992419915058934;TRANSAKCJA KARTĄ PŁATNICZĄ;Artykuły spożywcze
17.07.2024;17.07.2024;BISTRO GRZYBOWSKA      WARSZAWA;;'23124015321111001044176713;;*********3025639;-26,81;PLN;'C992419913952243;TRANSAKCJA KARTĄ PŁATNICZĄ;Restauracje i kawiarnie
17.07.2024;17.07.2024;ZABKA Z4410 K.2        WARSZAWA;;'23124015321111001044176713;;*********3025639;-7,98;PLN;'C992419910846621;TRANSAKCJA KARTĄ PŁATNICZĄ;Artykuły spożywcze
17.07.2024;17.07.2024;JMP S.A. BIEDRONKA 445 WARSZAWA;;'23124015321111001044176713;;*********3025639;-8,89;PLN;'C992419910366666;TRANSAKCJA KARTĄ PŁATNICZĄ;Artykuły spożywcze
17.07.2024;17.07.2024;MARCIN PLEWA;;'23124015321111001044176713;'66291000062469800200022688;Knajpa;-100,00;PLN;'014247H620106546;REALIZACJA PŁATNOŚCI PEOPAY;Bez kategorii
17.07.2024;17.07.2024;;;'23124015321111001044176713;'92124020921362991111000000;Opłata za obsługę kartyMasterCard Debit*43025639 za miesiąc 07.2024;-1,00;PLN;'M0150OGI00168043;PROWIZJE AUT.;Opłaty bankowe
16.07.2024;16.07.2024;AUTOMATSPEC SPZOO      LISZKI;;'23124015321111001044176713;;*********3025639;-4,20;PLN;'C992419813015009;TRANSAKCJA KARTĄ PŁATNICZĄ;Restauracje i kawiarnie
16.07.2024;16.07.2024;MACHOP SP. Z O.O.      WARSZAWA;;'23124015321111001044176713;;*********3025639;-24,50;PLN;'C992419812361446;TRANSAKCJA KARTĄ PŁATNICZĄ;Restauracje i kawiarnie
15.07.2024;15.07.2024;"BEP-WIET"" HONG SINH NG WARSZAWA";;'23124015321111001044176713;;*********3025639;-26,00;PLN;'C992419718997244;TRANSAKCJA KARTĄ PŁATNICZĄ;Restauracje i kawiarnie
15.07.2024;15.07.2024;ASSECO POLAND SA PŁACE;UL. OLCHOWA 14 35-322 RZESZÓW;'42124059181111000049090675;'23124015321111001044176713;PREMIA STANDBY **202407P5** 23119;1 796,45;PLN;'4910715986862017;PRZELEW;Premia, nagroda
15.07.2024;15.07.2024;ZABKA Z4410 K.2        WARSZAWA;;'23124015321111001044176713;;*********3025639;-9,98;PLN;'C992419709398429;TRANSAKCJA KARTĄ PŁATNICZĄ;Artykuły spożywcze
15.07.2024;15.07.2024;JMP S.A. BIEDRONKA 445 WARSZAWA;;'23124015321111001044176713;;*********3025639;-55,23;PLN;'C992419709396114;TRANSAKCJA KARTĄ PŁATNICZĄ;Artykuły spożywcze
15.07.2024;14.07.2024;ZABKA Z8085 K.2        WARSZAWA;;'23124015321111001044176713;;*********3025639;-15,00;PLN;'C992419620300408;TRANSAKCJA KARTĄ PŁATNICZĄ;Artykuły spożywcze
15.07.2024;14.07.2024;GOOD LOOD              KRAKOW;;'23124015321111001044176713;;*********3025639;-8,00;PLN;'C992419616376199;TRANSAKCJA KARTĄ PŁATNICZĄ;Restauracje i kawiarnie
15.07.2024;14.07.2024;SHERUR SP Z OO         WARSZAWA;;'23124015321111001044176713;;*********3025639;-30,00;PLN;'C992419614349422;TRANSAKCJA KARTĄ PŁATNICZĄ;Restauracje i kawiarnie
15.07.2024;14.07.2024;ZABKA Z4410 K.1        WARSZAWA;;'23124015321111001044176713;;*********3025639;-5,99;PLN;'C992419612170845;TRANSAKCJA KARTĄ PŁATNICZĄ;Artykuły spożywcze
13.07.2024;13.07.2024;ZABKA Z4410 K.1        WARSZAWA;;'23124015321111001044176713;;*********3025639;-9,98;PLN;'C992419514945116;TRANSAKCJA KARTĄ PŁATNICZĄ;Artykuły spożywcze
13.07.2024;13.07.2024;BISTRO GRZYBOWSKA      WARSZAWA;;'23124015321111001044176713;;*********3025639;-29,81;PLN;'C992419512863202;TRANSAKCJA KARTĄ PŁATNICZĄ;Restauracje i kawiarnie
13.07.2024;13.07.2024;JMP S.A. BIEDRONKA 445 WARSZAWA;;'23124015321111001044176713;;*********3025639;-10,96;PLN;'C992419512818860;TRANSAKCJA KARTĄ PŁATNICZĄ;Artykuły spożywcze
13.07.2024;12.07.2024;HOPITO I               WARSZAWA;;'23124015321111001044176713;;*********3025639;-22,00;PLN;'C992419422590427;TRANSAKCJA KARTĄ PŁATNICZĄ;Restauracje i kawiarnie
13.07.2024;12.07.2024;HOPITO                 WARSZAWA;;'23124015321111001044176713;;*********3025639;-26,00;PLN;'C992419420562286;TRANSAKCJA KARTĄ PŁATNICZĄ;Restauracje i kawiarnie
12.07.2024;12.07.2024;HOPITO I               WARSZAWA;;'23124015321111001044176713;;*********3025639;-47,00;PLN;'C992419419522241;TRANSAKCJA KARTĄ PŁATNICZĄ;Restauracje i kawiarnie
12.07.2024;12.07.2024;GRZEGORZ;;'23124015321111001044176713;'71114020040000300272554147;Przelew na telefon 48695***809. Przelew na telefon;-20,00;PLN;'M042100839093554;PRZELEW BLIK WYCHODZĄCY;Internet, TV, telefon
12.07.2024;12.07.2024;HOPITO                 WARSZAWA;;'23124015321111001044176713;;*********3025639;-22,00;PLN;'C992419418478350;TRANSAKCJA KARTĄ PŁATNICZĄ;Restauracje i kawiarnie
12.07.2024;12.07.2024;JMP S.A. BIEDRONKA 445 WARSZAWA;;'23124015321111001044176713;;*********3025639;-28,88;PLN;'C992419414320451;TRANSAKCJA KARTĄ PŁATNICZĄ;Artykuły spożywcze
11.07.2024;11.07.2024;12 EAT POLSKA          WARSZAWA;;'23124015321111001044176713;;*********3025639;-11,40;PLN;'C992419319019480;TRANSAKCJA KARTĄ PŁATNICZĄ;Artykuły spożywcze
11.07.2024;11.07.2024;SHERUR SP Z OO         WARSZAWA;;'23124015321111001044176713;;*********3025639;-22,00;PLN;'C992419319869812;TRANSAKCJA KARTĄ PŁATNICZĄ;Restauracje i kawiarnie
11.07.2024;11.07.2024;ZABKA Z2933 K.2        WARSZAWA;;'23124015321111001044176713;;*********3025639;-5,50;PLN;'C992419317807908;TRANSAKCJA KARTĄ PŁATNICZĄ;Artykuły spożywcze
11.07.2024;11.07.2024;NEXTBIKE POLSKA SPOLKA;NEXTBIKE.PL Przasnyska 6 B,Warszawa;'23124015321111001044176713;;BLIK REF       82115025625;-20,00;PLN;'C992419317780694;PŁATNOŚĆ BLIK;Bez kategorii
11.07.2024;11.07.2024;ZABKA Z4410 K.2        WARSZAWA;;'23124015321111001044176713;;*********3025639;-9,98;PLN;'C992419312751157;TRANSAKCJA KARTĄ PŁATNICZĄ;Artykuły spożywcze
11.07.2024;11.07.2024;VINA EXPRESS           WARSZAWA;;'23124015321111001044176713;;*********3025639;-33,00;PLN;'C992419311737446;TRANSAKCJA KARTĄ PŁATNICZĄ;Puby i kluby
10.07.2024;10.07.2024;ZABKA Z4410 K.2        WARSZAWA;;'23124015321111001044176713;;*********3025639;-9,99;PLN;'C992419218207160;TRANSAKCJA KARTĄ PŁATNICZĄ;Artykuły spożywcze
10.07.2024;10.07.2024;PAYU;WWW.DOMINOSPIZZ Grunwaldzka 186,Poznan;'23124015321111001044176713;;BLIK REF       82093862764;-44,27;PLN;'C992419217169188;PŁATNOŚĆ BLIK;Zakupy przez internet
10.07.2024;10.07.2024;JMP S.A. BIEDRONKA 445 WARSZAWA;;'23124015321111001044176713;;*********3025639;-4,69;PLN;'C992419213306848;TRANSAKCJA KARTĄ PŁATNICZĄ;Artykuły spożywcze
10.07.2024;10.07.2024;XTB SPOLKA AKCYJNA;;'39124015321787001140533465;'20124020929729000002871368;2871368;-10 000,00;USD;'014247A627803914;PRZELEW INTERNET;Bez kategorii
10.07.2024;10.07.2024;JMP S.A. BIEDRONKA 445 WARSZAWA;;'23124015321111001044176713;;*********3025639;-17,74;PLN;'C992419210188654;TRANSAKCJA KARTĄ PŁATNICZĄ;Artykuły spożywcze
10.07.2024;10.07.2024;CURRENCY ONE SA;SZYPERSKA 14 61-754    POZNAŃ              PL;'30124066251787001024213427;'39124015321787001140533465;TAGWTPL44639846 WT26034413 Kamil Sobieraj;10 133,22;USD;'5650710615900761;PRZELEW;Inne
10.07.2024;10.07.2024;IKE BOSSA;;'23124015321111001044176713;'83154011578129000000814183;IKE 814183;-500,00;PLN;'014247AA71008217;ZLECENIE STAŁE;Bez kategorii
10.07.2024;10.07.2024;PAYPRO S.A.;;'23124015321111001044176713;'72124062921111001129726875;/OPT/X/////P24-G8N-F7N-T1D;-40 000,00;PLN;'014247A628202662;PRZELEW WEWNĘTRZNY - DOSTAWCA;Bez kategorii
09.07.2024;09.07.2024;MARIUSZ ZIECINA;;'23124015321111001044176713;'26102011270000130202564748;Przelew na telefon 48514***978. Przelew na telefon;-140,00;PLN;'M042100836178306;PRZELEW BLIK WYCHODZĄCY;Restauracje i kawiarnie
09.07.2024;09.07.2024;AUTOMATSPEC SPZOO      LISZKI;;'23124015321111001044176713;;*********3025639;-4,00;PLN;'C992419114373844;TRANSAKCJA KARTĄ PŁATNICZĄ;Restauracje i kawiarnie
09.07.2024;09.07.2024;ASSECO POLAND SA PŁACE;UL. OLCHOWA 14 35-322 RZESZÓW;'42124059181111000049090675;'23124015321111001044176713;WYNAGRODZENIE 06/2024 **202406U4**23119;9 287,84;PLN;'4910709987062668;PRZELEW;Wynagrodzenie
09.07.2024;09.07.2024;FLORA CAFFE TAKA AWAY  WARSZAWA;;'23124015321111001044176713;;*********3025639;-33,00;PLN;'C992419113803360;TRANSAKCJA KARTĄ PŁATNICZĄ;Restauracje i kawiarnie
09.07.2024;09.07.2024;ZABKA Z4410 K.2        WARSZAWA;;'23124015321111001044176713;;*********3025639;-9,98;PLN;'C992419108661227;TRANSAKCJA KARTĄ PŁATNICZĄ;Artykuły spożywcze
09.07.2024;08.07.2024;JMP S.A. BIEDRONKA 445 WARSZAWA;;'23124015321111001044176713;;*********3025639;-37,86;PLN;'C992419020032483;TRANSAKCJA KARTĄ PŁATNICZĄ;Artykuły spożywcze
08.07.2024;08.07.2024;ŁUCJA KARASEK;;'23124015321111001044176713;'09124015321111001041567374;Przelew na telefon 48508***350. Przelew na telefon;-200,00;PLN;'0142478605604763;REALIZACJA PŁATNOŚCI PEOPAY;Podróże
08.07.2024;08.07.2024;BISTRO GRZYBOWSKA      WARSZAWA;;'23124015321111001044176713;;*********3025639;-24,81;PLN;'C992419014384757;TRANSAKCJA KARTĄ PŁATNICZĄ;Restauracje i kawiarnie
08.07.2024;08.07.2024;JMP S.A. BIEDRONKA 445 WARSZAWA;;'23124015321111001044176713;;*********3025639;-17,27;PLN;'C992419009578548;TRANSAKCJA KARTĄ PŁATNICZĄ;Artykuły spożywcze
08.07.2024;08.07.2024;PAYPRO S.A.;HTTPS://OSTROVI Pastelowa 8,Poznan;'23124015321111001044176713;;BLIK REF       82043548790;-192,24;PLN;'C992419000489304;PŁATNOŚĆ BLIK;Zakupy przez internet
08.07.2024;07.07.2024;CASHBILL ECOMM;POLSKIEPREMIUM. Sobieskiego 2,Katowice;'23124015321111001044176713;;BLIK REF       82037221704;-23,99;PLN;'C992418921473732;PŁATNOŚĆ BLIK;Zakupy przez internet
08.07.2024;07.07.2024;BISTRO GRZYBOWSKA      WARSZAWA;;'23124015321111001044176713;;*********3025639;-21,81;PLN;'C992418914334323;TRANSAKCJA KARTĄ PŁATNICZĄ;Restauracje i kawiarnie
08.07.2024;07.07.2024;ZABKA Z8085 K.1        WARSZAWA;;'23124015321111001044176713;;*********3025639;-21,79;PLN;'C992418911261077;TRANSAKCJA KARTĄ PŁATNICZĄ;Artykuły spożywcze
06.07.2024;06.07.2024;BISTRO GRZYBOWSKA      WARSZAWA;;'23124015321111001044176713;;*********3025639;-28,81;PLN;'C992418815786669;TRANSAKCJA KARTĄ PŁATNICZĄ;Restauracje i kawiarnie
06.07.2024;06.07.2024;JMP S.A. BIEDRONKA 445 WARSZAWA;;'23124015321111001044176713;;*********3025639;-19,98;PLN;'C992418814733798;TRANSAKCJA KARTĄ PŁATNICZĄ;Artykuły spożywcze
06.07.2024;06.07.2024;JMP S.A. BIEDRONKA 445 WARSZAWA;;'23124015321111001044176713;;*********3025639;-12,73;PLN;'C992418809566483;TRANSAKCJA KARTĄ PŁATNICZĄ;Artykuły spożywcze
06.07.2024;05.07.2024;REVOLUT**3619*         DUBLIN;;'23124015321111001044176713;;;-300,00;PLN;'C992418723468363;TRANSAKCJA KARTĄ PŁATNICZĄ;Bez kategorii
05.07.2024;05.07.2024;"""WARSZAWIANKA""         WARSZAWA";;'23124015321111001044176713;;*********3025639;-13,90;PLN;'C992418718515213;TRANSAKCJA KARTĄ PŁATNICZĄ;Artykuły spożywcze
05.07.2024;05.07.2024;"RESTAURACJA ""KURA""     WARSZAWA";;'23124015321111001044176713;;*********3025639;-62,00;PLN;'C992418717466244;TRANSAKCJA KARTĄ PŁATNICZĄ;Restauracje i kawiarnie
05.07.2024;05.07.2024;ZABKA Z4410 K.2        WARSZAWA;;'23124015321111001044176713;;*********3025639;-9,98;PLN;'C992418708087808;TRANSAKCJA KARTĄ PŁATNICZĄ;Artykuły spożywcze
04.07.2024;04.07.2024;PIEKARNIA ORMIANSKA ZE WARSZAWA;;'23124015321111001044176713;;*********3025639;-14,00;PLN;'C992418618901190;TRANSAKCJA KARTĄ PŁATNICZĄ;Artykuły spożywcze
04.07.2024;04.07.2024;LUCA BAKERY            WARSZAWA;;'23124015321111001044176713;;*********3025639;-9,50;PLN;'C992418618910482;TRANSAKCJA KARTĄ PŁATNICZĄ;Artykuły spożywcze
04.07.2024;04.07.2024;JAKDOJADE.PL           POZNAN;;'23124015321111001044176713;;*********3025639;-20,00;PLN;'C992418618891565;TRANSAKCJA KARTĄ PŁATNICZĄ;Transport publiczny
04.07.2024;04.07.2024;JAKDOJADE.PL           POZNAN;;'23124015321111001044176713;;*********3025639;-20,00;PLN;'C992418618881064;TRANSAKCJA KARTĄ PŁATNICZĄ;Transport publiczny
04.07.2024;04.07.2024;BISTRO GRZYBOWSKA      WARSZAWA;;'23124015321111001044176713;;*********3025639;-26,81;PLN;'C992418613728732;TRANSAKCJA KARTĄ PŁATNICZĄ;Restauracje i kawiarnie
03.07.2024;03.07.2024;JMP S.A. BIEDRONKA 445 WARSZAWA;;'23124015321111001044176713;;*********3025639;-8,89;PLN;'C992418508125464;TRANSAKCJA KARTĄ PŁATNICZĄ;Artykuły spożywcze
03.07.2024;03.07.2024;ZABKA Z4410 K.2        WARSZAWA;;'23124015321111001044176713;;*********3025639;-11,80;PLN;'C992418508950486;TRANSAKCJA KARTĄ PŁATNICZĄ;Artykuły spożywcze
03.07.2024;03.07.2024;LIDL KAROLKOWA         WARSZAWA;;'23124015321111001044176713;;*********3025639;-22,07;PLN;'C992418518420691;TRANSAKCJA KARTĄ PŁATNICZĄ;Artykuły spożywcze
02.07.2024;02.07.2024;XTB SPOLKA AKCYJNA;;'39124015321787001140533465;'20124020929729000002871368;2871368;-1 400,00;USD;'0142472601608169;PRZELEW INTERNET;Bez kategorii
02.07.2024;02.07.2024;CINKCIARZ. PL SP. Z O O.;WROCŁAWSKA 17B 65-427    ZIELONA GÓRA        PL;'42124020181787001036924739;'39124015321787001140533465;WW CB774875955405CB Kamil Sobieraj;1 234,08;USD;'0750702615900247;PRZELEW;Inne
02.07.2024;02.07.2024;BUDZIŃSKA JULIA;;'15105015591000009267210426;'23124015321111001044176713;Przelew na telefon +48xxxxxx789MS sierpieńDla Kamil SobierajOd BUDZIŃSKA JULIA;139,00;PLN;'M042000117173640;PRZELEW BLIK PRZYCHODZĄCY;Sprzedaż
02.07.2024;02.07.2024;SYSTEM.MYBENEFIT.PL    WARSZAWA;;'23124015321111001044176713;;*********3025639;-139,00;PLN;'C992418417974681;TRANSAKCJA KARTĄ PŁATNICZĄ;Lekarstwa
02.07.2024;01.07.2024;JMP S.A. BIEDRONKA 445 WARSZAWA;;'23124015321111001044176713;;*********3025639;-16,79;PLN;'C992418322628833;TRANSAKCJA KARTĄ PŁATNICZĄ;Artykuły spożywcze
02.07.2024;01.07.2024;BUDZIŃSKA JULIA;;'15105015591000009267210426;'23124015321111001044176713;Przelew na telefon +48xxxxxx789Przelew na telefonDla Kamil SobierajOd BUDZIŃSKA JULIA;59,00;PLN;'M042000117036226;PRZELEW BLIK PRZYCHODZĄCY;Sprzedaż
01.07.2024;01.07.2024;JMP S.A. BIEDRONKA 445 WARSZAWA;;'23124015321111001044176713;;*********3025639;-15,38;PLN;'C992418310864621;TRANSAKCJA KARTĄ PŁATNICZĄ;Artykuły spożywcze
01.07.2024;01.07.2024;KACPER BANASIK;;'23124015321111001044176713;'69124060031111001048178711;Split czerwiec/lipiec;-3 585,61;PLN;'0142471621506167;REALIZACJA PŁATNOŚCI PEOPAY;Bez kategorii
01.07.2024;30.06.2024;ZABKA Z4410 K.2        WARSZAWA;;'23124015321111001044176713;;*********3025639;-26,50;PLN;'C992418220170293;TRANSAKCJA KARTĄ PŁATNICZĄ;Artykuły spożywcze
01.07.2024;30.06.2024;ZABKA Z4410 K.2        WARSZAWA;;'23124015321111001044176713;;*********3025639;-11,80;PLN;'C992418218654446;TRANSAKCJA KARTĄ PŁATNICZĄ;Artykuły spożywcze
01.07.2024;30.06.2024;JMP S.A. BIEDRONKA 445 WARSZAWA;;'23124015321111001044176713;;*********3025639;-5,48;PLN;'C992418218653037;TRANSAKCJA KARTĄ PŁATNICZĄ;Artykuły spożywcze
01.07.2024;30.06.2024;JMP S.A. BIEDRONKA 445 WARSZAWA;;'23124015321111001044176713;;*********3025639;-55,61;PLN;'C992418216082634;TRANSAKCJA KARTĄ PŁATNICZĄ;Artykuły spożywcze
29.06.2024;29.06.2024;;;;'23124015321111001044176713;ODSETKI OD DEPOZYTU;0,38;PLN;'014246T98C001046;ODSETKI OD DEPOZYTU;Odsetki, zwrot z inwestycji
29.06.2024;29.06.2024;;;'23124015321111001044176713;;PODATEK POBRANY;-0,08;PLN;'014246T98C001045;PODATEK POBRANY;Podatki
29.06.2024;29.06.2024;TS O/WARSZAWA 81       WARSZAWA;;'23124015321111001044176713;;*********3025639;-19,00;PLN;'C992418118264233;TRANSAKCJA KARTĄ PŁATNICZĄ;Bez kategorii
29.06.2024;29.06.2024;WARSZAWA ALEJE JEROZOL WARSZAWA;;'23124015321111001044176713;;*********3025639;-49,32;PLN;'C992418118262690;TRANSAKCJA KARTĄ PŁATNICZĄ;Artykuły spożywcze
29.06.2024;29.06.2024;MASTER BURGER          WARSZAWA;;'23124015321111001044176713;;*********3025639;-58,97;PLN;'C992418118240468;TRANSAKCJA KARTĄ PŁATNICZĄ;Restauracje i kawiarnie
29.06.2024;29.06.2024;JMIDF SP.Z.O.O.HEBE R5 WARSZAWA;;'23124015321111001044176713;;*********3025639;-90,87;PLN;'C992418117797963;TRANSAKCJA KARTĄ PŁATNICZĄ;Kosmetyki
29.06.2024;29.06.2024;JMP S.A. BIEDRONKA 445 WARSZAWA;;'23124015321111001044176713;;*********3025639;-23,78;PLN;'C992418113054696;TRANSAKCJA KARTĄ PŁATNICZĄ;Artykuły spożywcze
29.06.2024;28.06.2024;CINKCIARZ.PL;;'23124015321111001044176713;'35124020181111001036671545;CB774875955405CB;-5 000,00;PLN;'014246S620708121;REALIZACJA PŁATNOŚCI PEOPAY;Bez kategorii
29.06.2024;28.06.2024;KAMIL SOBIERAJ;UL. H. KOŁŁĄTAJA 3/23 18-400    ŁOMŻA               PL;'23124015321111001044176713;'39124015321787001140533465;Przelew środków;239,05;USD;'014246S602809646;PRZELEW;Przelew wewnętrzny
29.06.2024;28.06.2024;KAMIL SOBIERAJ;UL. H. KOŁŁĄTAJA 3/23 ŁOMŻA 18-400;'23124015321111001044176713;'39124015321787001140533465;Przelew środków;-1 000,00;PLN;'014246S602809646;PRZEKAZ EURO-KRAJOWY;Przelew wewnętrzny
28.06.2024;28.06.2024;PAYU;WWW.DOMINOSPIZZ Grunwaldzka 186,Poznan;'23124015321111001044176713;;BLIK REF       81858174127;-59,96;PLN;'C992418017629119;PŁATNOŚĆ BLIK;Zakupy przez internet
28.06.2024;28.06.2024;JMP S.A. BIEDRONKA 445 WARSZAWA;;'23124015321111001044176713;;*********3025639;-5,24;PLN;'C992418014162877;TRANSAKCJA KARTĄ PŁATNICZĄ;Artykuły spożywcze
28.06.2024;28.06.2024;ASSECO POLAND SA PŁACE;UL. OLCHOWA 14 35-322 RZESZÓW;'42124059181111000049090675;'23124015321111001044176713;WYNAGRODZENIE ZA PRACE W NOCY I NADGODZINY **202406N2** 23119;79,03;PLN;'4910628989852387;PRZELEW;Wynagrodzenie
28.06.2024;28.06.2024;ZABKA Z4410 K.2        WARSZAWA;;'23124015321111001044176713;;*********3025639;-11,80;PLN;'C992418009996617;TRANSAKCJA KARTĄ PŁATNICZĄ;Artykuły spożywcze
28.06.2024;28.06.2024;JMP S.A. BIEDRONKA 445 WARSZAWA;;'23124015321111001044176713;;*********3025639;-22,18;PLN;'C992418009994749;TRANSAKCJA KARTĄ PŁATNICZĄ;Artykuły spożywcze
27.06.2024;27.06.2024;BISTRO GRZYBOWSKA      WARSZAWA;;'23124015321111001044176713;;*********3025639;-27,81;PLN;'C992417913656375;TRANSAKCJA KARTĄ PŁATNICZĄ;Restauracje i kawiarnie
27.06.2024;27.06.2024;JMP S.A. BIEDRONKA 445 WARSZAWA;;'23124015321111001044176713;;*********3025639;-3,49;PLN;'C992417908653966;TRANSAKCJA KARTĄ PŁATNICZĄ;Artykuły spożywcze
26.06.2024;26.06.2024;JMP S.A. BIEDRONKA 445 WARSZAWA;;'23124015321111001044176713;;*********3025639;-8,89;PLN;'C992417820522878;TRANSAKCJA KARTĄ PŁATNICZĄ;Artykuły spożywcze
26.06.2024;26.06.2024;JMP S.A. BIEDRONKA 445 WARSZAWA;;'23124015321111001044176713;;*********3025639;-6,08;PLN;'C992417814295240;TRANSAKCJA KARTĄ PŁATNICZĄ;Artykuły spożywcze
26.06.2024;26.06.2024;ZABKA Z4410 K.2        WARSZAWA;;'23124015321111001044176713;;*********3025639;-11,80;PLN;'C992417814204415;TRANSAKCJA KARTĄ PŁATNICZĄ;Artykuły spożywcze
26.06.2024;26.06.2024;BISTRO GRZYBOWSKA      WARSZAWA;;'23124015321111001044176713;;*********3025639;-27,81;PLN;'C992417814201559;TRANSAKCJA KARTĄ PŁATNICZĄ;Restauracje i kawiarnie
26.06.2024;26.06.2024;JAKDOJADE.PL           POZNAN;;'23124015321111001044176713;;*********3025639;-20,00;PLN;'C992417813242573;TRANSAKCJA KARTĄ PŁATNICZĄ;Transport publiczny
25.06.2024;25.06.2024;ANTALYA KUNDU KEMERAGZ ANTALYA;;'23124015321111001044176713;;*********3025639;-18,78;PLN;'C992417719935194;TRANSAKCJA KARTĄ PŁATNICZĄ;Artykuły spożywcze
24.06.2024;23.06.2024;ANTALYA KUNDU KEMERAGZ ANTALYA;;'23124015321111001044176713;;*********3025639;-14,43;PLN;'C992417520064910;TRANSAKCJA KARTĄ PŁATNICZĄ;Artykuły spożywcze
19.06.2024;19.06.2024;APPLE.COM/BILL         APPLE.COM/BI;;'23124015321111001044176713;;*********3025639;-4,99;PLN;'C992417103204966;TRANSAKCJA KARTĄ PŁATNICZĄ;Bez kategorii
19.06.2024;18.06.2024;MARIUSZ ZIECINA;;'23124015321111001044176713;'26102011270000130202564748;Przelew na telefon 48514***978. Przelew na telefon;-24,00;PLN;'M042100820158191;PRZELEW BLIK WYCHODZĄCY;Internet, TV, telefon
18.06.2024;18.06.2024;PYSZNE.PL FAVTEN       WROCLAW;;'23124015321111001044176713;;;-58,49;PLN;'C992417020142904;TRANSAKCJA KARTĄ PŁATNICZĄ;Restauracje i kawiarnie
18.06.2024;18.06.2024;AUTOMATSPEC SPZOO      LISZKI;;'23124015321111001044176713;;*********3025639;-4,20;PLN;'C992417011623276;TRANSAKCJA KARTĄ PŁATNICZĄ;Restauracje i kawiarnie
17.06.2024;17.06.2024;EUROSPAR               WARSZAWA;;'23124015321111001044176713;;*********3025639;-24,81;PLN;'C992416919518745;TRANSAKCJA KARTĄ PŁATNICZĄ;Artykuły spożywcze
17.06.2024;17.06.2024;ACTION A338 WARSZAWA   WARSZAWA;;'23124015321111001044176713;;*********3025639;-4,49;PLN;'C992416918497104;TRANSAKCJA KARTĄ PŁATNICZĄ;Bez kategorii
17.06.2024;17.06.2024;HM                     WARSZAWA;;'23124015321111001044176713;;*********3025639;-19,99;PLN;'C992416918389401;TRANSAKCJA KARTĄ PŁATNICZĄ;Ubrania
17.06.2024;17.06.2024;DECATHLON WARSZAWA RED WARSZAWA;;'23124015321111001044176713;;*********3025639;-49,93;PLN;'C992416918382505;TRANSAKCJA KARTĄ PŁATNICZĄ;Sport
17.06.2024;17.06.2024;ALLEGRO                POZNAN;;'23124015321111001044176713;;*********3025639;-59,90;PLN;'C992416911183599;TRANSAKCJA KARTĄ PŁATNICZĄ;Zakupy przez internet
17.06.2024;16.06.2024;ZABKA Z4410 K.1        WARSZAWA;;'23124015321111001044176713;;*********3025639;-12,97;PLN;'C992416812514893;TRANSAKCJA KARTĄ PŁATNICZĄ;Artykuły spożywcze
15.06.2024;15.06.2024;JMP S.A. BIEDRONKA 445 WARSZAWA;;'23124015321111001044176713;;*********3025639;-52,91;PLN;'C992416718234020;TRANSAKCJA KARTĄ PŁATNICZĄ;Artykuły spożywcze
15.06.2024;15.06.2024;LIDL KAROLKOWA         WARSZAWA;;'23124015321111001044176713;;*********3025639;-79,46;PLN;'C992416710291622;TRANSAKCJA KARTĄ PŁATNICZĄ;Artykuły spożywcze
14.06.2024;14.06.2024;BISTRO GRZYBOWSKA      WARSZAWA;;'23124015321111001044176713;;*********3025639;-43,62;PLN;'C992416612747886;TRANSAKCJA KARTĄ PŁATNICZĄ;Restauracje i kawiarnie
14.06.2024;14.06.2024;JMP S.A. BIEDRONKA 445 WARSZAWA;;'23124015321111001044176713;;*********3025639;-13,59;PLN;'C992416618016953;TRANSAKCJA KARTĄ PŁATNICZĄ;Artykuły spożywcze
14.06.2024;14.06.2024;ASSECO POLAND SA PŁACE;UL. OLCHOWA 14 35-322 RZESZÓW;'42124059181111000049090675;'23124015321111001044176713;PREMIA STANDBY **202406P2** 23119;1 056,97;PLN;'4910614989771813;PRZELEW;Premia, nagroda
13.06.2024;13.06.2024;ZABKA Z4410 K.2        WARSZAWA;;'23124015321111001044176713;;*********3025639;-9,98;PLN;'C992416511066412;TRANSAKCJA KARTĄ PŁATNICZĄ;Artykuły spożywcze
13.06.2024;12.06.2024;LIDL KAROLKOWA         WARSZAWA;;'23124015321111001044176713;;*********3025639;-34,24;PLN;'C992416420423009;TRANSAKCJA KARTĄ PŁATNICZĄ;Artykuły spożywcze
13.06.2024;13.06.2024;BISTRO GRZYBOWSKA 61   WARSZAWA;;'23124015321111001044176713;;*********3025639;-36,81;PLN;'C992416514929821;TRANSAKCJA KARTĄ PŁATNICZĄ;Restauracje i kawiarnie
13.06.2024;13.06.2024;JMP S.A. BIEDRONKA 445 WARSZAWA;;'23124015321111001044176713;;*********3025639;-11,99;PLN;'C992416515256961;TRANSAKCJA KARTĄ PŁATNICZĄ;Artykuły spożywcze
13.06.2024;13.06.2024;;;'23124015321111001044176713;'92124020921362991111000000;Opłata za obsługę kartyMasterCard Debit*43025639 za miesiąc 06.2024;-1,00;PLN;'M0150OFE00247626;PROWIZJE AUT.;Opłaty bankowe
12.06.2024;12.06.2024;PIEKARNIA ORMIANSKA ZE WARSZAWA;;'23124015321111001044176713;;*********3025639;-14,00;PLN;'C992416420841530;TRANSAKCJA KARTĄ PŁATNICZĄ;Artykuły spożywcze
12.06.2024;12.06.2024;JMP S.A. BIEDRONKA 445 WARSZAWA;;'23124015321111001044176713;;*********3025639;-14,46;PLN;'C992416416135683;TRANSAKCJA KARTĄ PŁATNICZĄ;Artykuły spożywcze
12.06.2024;12.06.2024;BISTRO GRZYBOWSKA 61   WARSZAWA;;'23124015321111001044176713;;*********3025639;-28,81;PLN;'C992416413537746;TRANSAKCJA KARTĄ PŁATNICZĄ;Restauracje i kawiarnie
12.06.2024;12.06.2024;JMP S.A. BIEDRONKA 445 WARSZAWA;;'23124015321111001044176713;;*********3025639;-19,19;PLN;'C992416410737889;TRANSAKCJA KARTĄ PŁATNICZĄ;Artykuły spożywcze
12.06.2024;11.06.2024;MARIUSZ GRZEGORZ ZIĘCINA;;'26102011270000130202564748;'23124015321111001044176713;FloraOd: 48514655978 Do: 485*****789;65,00;PLN;'M042000113756148;PRZELEW BLIK PRZYCHODZĄCY;Inne
12.06.2024;11.06.2024;ZABKA Z4370 K.1        WARSZAWA;;'23124015321111001044176713;;*********3025639;-5,99;PLN;'C992416320252551;TRANSAKCJA KARTĄ PŁATNICZĄ;Artykuły spożywcze
12.06.2024;11.06.2024;FLORA CAFFE TAKA AWAY  WARSZAWA;;'23124015321111001044176713;;*********3025639;-187,00;PLN;'C992416320501435;TRANSAKCJA KARTĄ PŁATNICZĄ;Restauracje i kawiarnie
11.06.2024;11.06.2024;LIPONOGA NINA;;'23116022020000000081891379;'23124015321111001044176713;Flora;45,00;PLN;'M042000113737359;PRZELEW BLIK PRZYCHODZĄCY;Inne
11.06.2024;11.06.2024;ALLEGRO                POZNAN;;'23124015321111001044176713;;*********3025639;-66,99;PLN;'C992416319459521;TRANSAKCJA KARTĄ PŁATNICZĄ;Zakupy przez internet
11.06.2024;11.06.2024;JAKUB MACIEJ WRÓBEL;;'87102033520000170200784652;'23124015321111001044176713;Przelew na telefonOd: 48790768858 Do: 485*****789;41,00;PLN;'M042000113664279;PRZELEW BLIK PRZYCHODZĄCY;Sprzedaż
11.06.2024;11.06.2024;MACHOP SP. Z O.O.      WARSZAWA;;'23124015321111001044176713;;*********3025639;-82,00;PLN;'C992416313953296;TRANSAKCJA KARTĄ PŁATNICZĄ;Restauracje i kawiarnie
10.06.2024;10.06.2024;IKE BOSSA;;'23124015321111001044176713;'83154011578129000000814183;IKE 814183;-500,00;PLN;'014246AA71009062;ZLECENIE STAŁE;Bez kategorii
10.06.2024;09.06.2024;ZABKA Z8193 K.1        WARSZAWA;;'23124015321111001044176713;;*********3025639;-7,98;PLN;'C992416117505641;TRANSAKCJA KARTĄ PŁATNICZĄ;Artykuły spożywcze
10.06.2024;09.06.2024;ZABKA Z8085 K.2        WARSZAWA;;'23124015321111001044176713;;*********3025639;-7,40;PLN;'C992416120586208;TRANSAKCJA KARTĄ PŁATNICZĄ;Artykuły spożywcze
10.06.2024;10.06.2024;JMP S.A. BIEDRONKA 445 WARSZAWA;;'23124015321111001044176713;;*********3025639;-3,45;PLN;'C992416217504202;TRANSAKCJA KARTĄ PŁATNICZĄ;Artykuły spożywcze
10.06.2024;09.06.2024;ZABKA Z8085 K.2        WARSZAWA;;'23124015321111001044176713;;*********3025639;-5,30;PLN;'C992416111224806;TRANSAKCJA KARTĄ PŁATNICZĄ;Artykuły spożywcze
10.06.2024;08.06.2024;JMP S.A. BIEDRONKA 445 WARSZAWA;;'23124015321111001044176713;;*********3025639;-11,95;PLN;'C992416020020450;TRANSAKCJA KARTĄ PŁATNICZĄ;Artykuły spożywcze
10.06.2024;10.06.2024;BISTRO GRZYBOWSKA 61   WARSZAWA;;'23124015321111001044176713;;*********3025639;-27,00;PLN;'C992416217495819;TRANSAKCJA KARTĄ PŁATNICZĄ;Restauracje i kawiarnie
10.06.2024;10.06.2024;ZABKA Z4410 K.2        WARSZAWA;;'23124015321111001044176713;;*********3025639;-19,97;PLN;'C992416209146869;TRANSAKCJA KARTĄ PŁATNICZĄ;Artykuły spożywcze
08.06.2024;08.06.2024;MARIUSZ GRZEGORZ ZIĘCINA;;'26102011270000130202564748;'23124015321111001044176713;SzuwarekOd: 48514655978 Do: 485*****789;45,00;PLN;'M042000113155204;PRZELEW BLIK PRZYCHODZĄCY;Inne
08.06.2024;08.06.2024;WODNIK SZUWAREK        WARSZAWA;;'23124015321111001044176713;;*********3025639;-106,00;PLN;'C992416016725746;TRANSAKCJA KARTĄ PŁATNICZĄ;Puby i kluby
08.06.2024;08.06.2024;WODNIK SZUWAREK        WARSZAWA;;'23124015321111001044176713;;*********3025639;-16,00;PLN;'C992416013396404;TRANSAKCJA KARTĄ PŁATNICZĄ;Puby i kluby
08.06.2024;08.06.2024;WODNIK SZUWAREK        WARSZAWA;;'23124015321111001044176713;;*********3025639;-15,00;PLN;'C992416012261456;TRANSAKCJA KARTĄ PŁATNICZĄ;Puby i kluby
08.06.2024;08.06.2024;WODNIK SZUWAREK        WARSZAWA;;'23124015321111001044176713;;*********3025639;-13,00;PLN;'C992416012347031;TRANSAKCJA KARTĄ PŁATNICZĄ;Puby i kluby
08.06.2024;08.06.2024;WODNIK SZUWAREK        WARSZAWA;;'23124015321111001044176713;;*********3025639;-27,00;PLN;'C992416012315250;TRANSAKCJA KARTĄ PŁATNICZĄ;Puby i kluby
08.06.2024;08.06.2024;ZABKA Z4410 K.2        WARSZAWA;;'23124015321111001044176713;;*********3025639;-18,97;PLN;'C992416019970037;TRANSAKCJA KARTĄ PŁATNICZĄ;Artykuły spożywcze
08.06.2024;08.06.2024;WODNIK SZUWAREK        WARSZAWA;;'23124015321111001044176713;;*********3025639;-25,00;PLN;'C992416013461981;TRANSAKCJA KARTĄ PŁATNICZĄ;Puby i kluby
07.06.2024;07.06.2024;HAIRCUT EXPRESS        WARSZAWA;;'23124015321111001044176713;;*********3025639;-70,00;PLN;'C992415918472405;TRANSAKCJA KARTĄ PŁATNICZĄ;Uroda, fryzjer, kosmetyczka
07.06.2024;07.06.2024;JMP S.A. BIEDRONKA 445 WARSZAWA;;'23124015321111001044176713;;*********3025639;-11,89;PLN;'C992415916276578;TRANSAKCJA KARTĄ PŁATNICZĄ;Artykuły spożywcze
07.06.2024;07.06.2024;JMP S.A. BIEDRONKA 445 WARSZAWA;;'23124015321111001044176713;;*********3025639;-3,45;PLN;'C992415913934859;TRANSAKCJA KARTĄ PŁATNICZĄ;Artykuły spożywcze
07.06.2024;07.06.2024;BISTRO GRZYBOWSKA 61   WARSZAWA;;'23124015321111001044176713;;*********3025639;-34,00;PLN;'C992415912916816;TRANSAKCJA KARTĄ PŁATNICZĄ;Restauracje i kawiarnie
07.06.2024;07.06.2024;ALLEGRO                POZNAN;;'23124015321111001044176713;;*********3025639;-320,93;PLN;'C992415912844271;TRANSAKCJA KARTĄ PŁATNICZĄ;Zakupy przez internet
07.06.2024;07.06.2024;ASSECO POLAND SA PŁACE;UL. OLCHOWA 14 35-322 RZESZÓW;'42124059181111000049090675;'23124015321111001044176713;WYNAGRODZENIE 05/2024 **202405U3**23119;9 242,38;PLN;'4910607987451746;PRZELEW;Wynagrodzenie
07.06.2024;07.06.2024;ZABKA Z4410 K.2        WARSZAWA;;'23124015321111001044176713;;*********3025639;-9,98;PLN;'C992415908547318;TRANSAKCJA KARTĄ PŁATNICZĄ;Artykuły spożywcze
06.06.2024;06.06.2024;ZABKA Z4410 K.2        WARSZAWA;;'23124015321111001044176713;;*********3025639;-5,98;PLN;'C992415813661946;TRANSAKCJA KARTĄ PŁATNICZĄ;Artykuły spożywcze
06.06.2024;06.06.2024;BISTRO GRZYBOWSKA 61   WARSZAWA;;'23124015321111001044176713;;*********3025639;-51,62;PLN;'C992415812653451;TRANSAKCJA KARTĄ PŁATNICZĄ;Restauracje i kawiarnie
06.06.2024;06.06.2024;PAYU;MYSTICTRAVEL.CO Grunwaldzka 186,Poznan;'23124015321111001044176713;;BLIK REF       81405150203;-538,00;PLN;'C992415810625413;PŁATNOŚĆ BLIK;Zakupy przez internet
06.06.2024;06.06.2024;JMP S.A. BIEDRONKA 445 WARSZAWA;;'23124015321111001044176713;;*********3025639;-4,35;PLN;'C992415809370275;TRANSAKCJA KARTĄ PŁATNICZĄ;Artykuły spożywcze
06.06.2024;05.06.2024;PAYU S.A.;UL. GRUNWALDZKA 186 60-166 Poznań;'23124015321111001044176713;'71124010401111001086116852;/OPT/X///// PayU XX3855915958XX Klucz sprzetowy Yubico Yubikey 5 NFC;-100,70;PLN;'0142465600505332;PRZELEW WEWNĘTRZNY - DOSTAWCA;Bez kategorii
05.06.2024;05.06.2024;JMP S.A. BIEDRONKA 445 WARSZAWA;;'23124015321111001044176713;;*********3025639;-5,85;PLN;'C992415713445817;TRANSAKCJA KARTĄ PŁATNICZĄ;Artykuły spożywcze
05.06.2024;05.06.2024;JMP S.A. BIEDRONKA 445 WARSZAWA;;'23124015321111001044176713;;*********3025639;-17,52;PLN;'C992415708082098;TRANSAKCJA KARTĄ PŁATNICZĄ;Artykuły spożywcze
05.06.2024;05.06.2024;ZABKA Z4410 K.1        WARSZAWA;;'23124015321111001044176713;;*********3025639;-9,98;PLN;'C992415710246244;TRANSAKCJA KARTĄ PŁATNICZĄ;Artykuły spożywcze
04.06.2024;04.06.2024;GORACO POLECAM         WARSZAWA;;'23124015321111001044176713;;*********3025639;-14,90;PLN;'C992415608921425;TRANSAKCJA KARTĄ PŁATNICZĄ;Artykuły spożywcze
04.06.2024;04.06.2024;BAR MLECZNY 02         WARSZAWA;;'23124015321111001044176713;;*********3025639;-29,00;PLN;'C992415617668111;TRANSAKCJA KARTĄ PŁATNICZĄ;Puby i kluby
03.06.2024;03.06.2024;PIEKARNIA ORMIANSKA ZE WARSZAWA;;'23124015321111001044176713;;*********3025639;-24,00;PLN;'C992415518584093;TRANSAKCJA KARTĄ PŁATNICZĄ;Artykuły spożywcze
03.06.2024;02.06.2024;ZABKA Z4410 K.2        WARSZAWA;;'23124015321111001044176713;;*********3025639;-9,99;PLN;'C992415420573572;TRANSAKCJA KARTĄ PŁATNICZĄ;Artykuły spożywcze
03.06.2024;02.06.2024;JAROSŁAW JAKUB MILLER;RYNEK 65 26-025    ŁAGÓW               PL;'75124060031111001047891677;'23124015321111001044176713;Przelew na telefon 48502***789. splitwise;79,58;PLN;'5032462624208493;PRZELEW;Sprzedaż
03.06.2024;02.06.2024;ZABKA Z4410 K.1        WARSZAWA;;'23124015321111001044176713;;*********3025639;-18,80;PLN;'C992415411236392;TRANSAKCJA KARTĄ PŁATNICZĄ;Artykuły spożywcze
03.06.2024;03.06.2024;JMP S.A. BIEDRONKA 445 WARSZAWA;;'23124015321111001044176713;;*********3025639;-17,78;PLN;'C992415510911729;TRANSAKCJA KARTĄ PŁATNICZĄ;Artykuły spożywcze
03.06.2024;03.06.2024;MADO KEBAB GRILL       WARSZAWA;;'23124015321111001044176713;;*********3025639;-32,00;PLN;'C992415517548195;TRANSAKCJA KARTĄ PŁATNICZĄ;Restauracje i kawiarnie
01.06.2024;01.06.2024;JMP S.A. BIEDRONKA 445 WARSZAWA;;'23124015321111001044176713;;*********3025639;-37,76;PLN;'C992415313545773;TRANSAKCJA KARTĄ PŁATNICZĄ;Artykuły spożywcze
01.06.2024;01.06.2024;ZABKA Z4410 K.1        WARSZAWA;;'23124015321111001044176713;;*********3025639;-20,80;PLN;'C992415318893543;TRANSAKCJA KARTĄ PŁATNICZĄ;Artykuły spożywcze
31.05.2024;31.05.2024;;;;'23124015321111001044176713;ODSETKI OD DEPOZYTU;0,35;PLN;'014245V98C001050;ODSETKI OD DEPOZYTU;Odsetki, zwrot z inwestycji
31.05.2024;31.05.2024;JMP S.A. BIEDRONKA 445 WARSZAWA;;'23124015321111001044176713;;*********3025639;-4,35;PLN;'C992415209719686;TRANSAKCJA KARTĄ PŁATNICZĄ;Artykuły spożywcze
31.05.2024;31.05.2024;JMP S.A. BIEDRONKA 445 WARSZAWA;;'23124015321111001044176713;;*********3025639;-23,23;PLN;'C992415214234775;TRANSAKCJA KARTĄ PŁATNICZĄ;Artykuły spożywcze
31.05.2024;30.05.2024;ZABKA Z4410 K.1        WARSZAWA;;'23124015321111001044176713;;*********3025639;-9,80;PLN;'C992415120464690;TRANSAKCJA KARTĄ PŁATNICZĄ;Artykuły spożywcze
31.05.2024;31.05.2024;ZABKA Z4410 K.1        WARSZAWA;;'23124015321111001044176713;;*********3025639;-14,79;PLN;'C992415209725611;TRANSAKCJA KARTĄ PŁATNICZĄ;Artykuły spożywcze
31.05.2024;31.05.2024;LIDL KAROLKOWA         32215321;32215321 000000000187642 LIDL KAROLKOWA,Warszawa;'23124015321111001044176713;;BLIK REF       81299996990;-31,72;PLN;'C992415219902122;PŁATNOŚĆ BLIK;Artykuły spożywcze
31.05.2024;31.05.2024;;;'23124015321111001044176713;;PODATEK POBRANY;-0,07;PLN;'014245V98C001049;PODATEK POBRANY;Podatki
30.05.2024;30.05.2024;UBER   * EATS PENDING  AMSTERDAM;;'23124015321111001044176713;;*********3025639;-53,98;PLN;'C992415113214936;TRANSAKCJA KARTĄ PŁATNICZĄ;Restauracje i kawiarnie
30.05.2024;30.05.2024;ZABKA Z4410 K.2        WARSZAWA;;'23124015321111001044176713;;*********3025639;-11,80;PLN;'C992415112174734;TRANSAKCJA KARTĄ PŁATNICZĄ;Artykuły spożywcze
30.05.2024;29.05.2024;JMP S.A. BIEDRONKA 445 WARSZAWA;;'23124015321111001044176713;;*********3025639;-29,13;PLN;'C992415021978813;TRANSAKCJA KARTĄ PŁATNICZĄ;Artykuły spożywcze
29.05.2024;29.05.2024;KACPER BANASIK;;'23124015321111001044176713;'69124060031111001048178711;Maj splitwase;-1 717,75;PLN;'014245T626506651;REALIZACJA PŁATNOŚCI PEOPAY;Bez kategorii
29.05.2024;29.05.2024;ASSECO POLAND SA PŁACE;UL. OLCHOWA 14 35-322 RZESZÓW;'42124059181111000049090675;'23124015321111001044176713;WYNAGRODZENIE ZA PRACE W NOCY I NADGODZINY **202405N2** 23119;151,28;PLN;'4910529987842228;PRZELEW;Wynagrodzenie
29.05.2024;29.05.2024;BISTRO GRZYBOWSKA 61   WARSZAWA;;'23124015321111001044176713;;*********3025639;-24,81;PLN;'C992415013257990;TRANSAKCJA KARTĄ PŁATNICZĄ;Restauracje i kawiarnie
29.05.2024;28.05.2024;ZABKA Z4410 K.1        WARSZAWA;;'23124015321111001044176713;;*********3025639;-14,79;PLN;'C992414922553111;TRANSAKCJA KARTĄ PŁATNICZĄ;Artykuły spożywcze
29.05.2024;28.05.2024;MARIUSZ ZIECINA;;'23124015321111001044176713;'26102011270000130202564748;Przelew na telefon 48514***978. Pizza;-17,00;PLN;'M042100802936202;PRZELEW BLIK WYCHODZĄCY;Internet, TV, telefon
29.05.2024;28.05.2024;SKLEP OGOLNOSPOZYWCZ 4 WARSZAWA;;'23124015321111001044176713;;*********3025639;-26,40;PLN;'C992414920496821;TRANSAKCJA KARTĄ PŁATNICZĄ;Artykuły spożywcze
28.05.2024;28.05.2024;MONIKA ADAMOWICZ-BALCERCZYK UL.LEGI;;'21191010482205037537810001;'23124015321111001044176713;BLIK transfer to a mobile phone;25,50;PLN;'M042000111267023;PRZELEW BLIK PRZYCHODZĄCY;Inne
28.05.2024;28.05.2024;DRUGIE DNO OCHOTA      WARSZAWA;;'23124015321111001044176713;;*********3025639;-23,00;PLN;'C992414919402500;TRANSAKCJA KARTĄ PŁATNICZĄ;Restauracje i kawiarnie
28.05.2024;28.05.2024;DRUGIE DNO OCHOTA      WARSZAWA;;'23124015321111001044176713;;*********3025639;-24,00;PLN;'C992414917286246;TRANSAKCJA KARTĄ PŁATNICZĄ;Restauracje i kawiarnie
28.05.2024;28.05.2024;MACHOP SP. Z O.O.      WARSZAWA;;'23124015321111001044176713;;*********3025639;-56,50;PLN;'C992414912813859;TRANSAKCJA KARTĄ PŁATNICZĄ;Restauracje i kawiarnie
28.05.2024;27.05.2024;JMP S.A. BIEDRONKA 445 WARSZAWA;;'23124015321111001044176713;;*********3025639;-8,68;PLN;'C992414821291171;TRANSAKCJA KARTĄ PŁATNICZĄ;Artykuły spożywcze
27.05.2024;27.05.2024;BISTRO GRZYBOWSKA 61   WARSZAWA;;'23124015321111001044176713;;*********3025639;-21,00;PLN;'C992414811517190;TRANSAKCJA KARTĄ PŁATNICZĄ;Restauracje i kawiarnie
27.05.2024;27.05.2024;JMP S.A. BIEDRONKA 445 WARSZAWA;;'23124015321111001044176713;;*********3025639;-3,45;PLN;'C992414811513574;TRANSAKCJA KARTĄ PŁATNICZĄ;Artykuły spożywcze
27.05.2024;27.05.2024;ZABKA Z4410 K.1        WARSZAWA;;'23124015321111001044176713;;*********3025639;-11,80;PLN;'C992414808234385;TRANSAKCJA KARTĄ PŁATNICZĄ;Artykuły spożywcze
27.05.2024;26.05.2024;SALAM KEBAB            WARSZAWA;;'23124015321111001044176713;;*********3025639;-23,00;PLN;'C992414722102884;TRANSAKCJA KARTĄ PŁATNICZĄ;Restauracje i kawiarnie
27.05.2024;26.05.2024;ZABKA Z2933 K.2        WARSZAWA;;'23124015321111001044176713;;*********3025639;-7,00;PLN;'C992414714835186;TRANSAKCJA KARTĄ PŁATNICZĄ;Artykuły spożywcze
27.05.2024;26.05.2024;ZABKA Z2933 K.1        WARSZAWA;;'23124015321111001044176713;;*********3025639;-12,29;PLN;'C992414714833317;TRANSAKCJA KARTĄ PŁATNICZĄ;Artykuły spożywcze
27.05.2024;26.05.2024;ANNA AGNIESZKA WODZYŃSKA;;'98102034400000790201514421;'23124015321111001044176713;Pizza UatronaliaOd: 48607230065 Do: 485*****789;42,00;PLN;'M042000110846915;PRZELEW BLIK PRZYCHODZĄCY;Inne
27.05.2024;26.05.2024;PIOTR WINIARSKI;AL.WYŚCIGOWA 14 M.431 02-681 WARSZA WA;'58114020040000360284761634;'23124015321111001044176713;PRZELEW ŚRODKÓW;40,00;PLN;'M042000110846702;PRZELEW BLIK PRZYCHODZĄCY;Inne
27.05.2024;25.05.2024;WIKTOR KRAGIEL;;'52102036390000880201639046;'23124015321111001044176713;PizzaOd: 48794969190 Do: 485*****789;20,00;PLN;'M042000110822240;PRZELEW BLIK PRZYCHODZĄCY;Inne
25.05.2024;25.05.2024;ZABKA Z2933 K.1        WARSZAWA;;'23124015321111001044176713;;*********3025639;-6,80;PLN;'C992414617293087;TRANSAKCJA KARTĄ PŁATNICZĄ;Artykuły spożywcze
25.05.2024;25.05.2024;CHICAGOS PIZZA 04      WARSZAWA;;'23124015321111001044176713;;*********3025639;-158,96;PLN;'C992414614044041;TRANSAKCJA KARTĄ PŁATNICZĄ;Restauracje i kawiarnie
25.05.2024;25.05.2024;UNITED VENDING POLSKA  STARE BABICE;;'23124015321111001044176713;;*********3025639;-5,00;PLN;'C992414617246078;TRANSAKCJA KARTĄ PŁATNICZĄ;Artykuły spożywcze
25.05.2024;25.05.2024;ZABKA Z4410 K.1        WARSZAWA;;'23124015321111001044176713;;*********3025639;-11,80;PLN;'C992414609452994;TRANSAKCJA KARTĄ PŁATNICZĄ;Artykuły spożywcze
25.05.2024;25.05.2024;ZABKA Z9154 K.2        WARSZAWA;;'23124015321111001044176713;;*********3025639;-24,00;PLN;'C992414612835802;TRANSAKCJA KARTĄ PŁATNICZĄ;Artykuły spożywcze
25.05.2024;25.05.2024;AUT. 2730 MERA-OPERATO WARSZAWA;;'23124015321111001044176713;;*********3025639;-3,40;PLN;'C992414620486171;TRANSAKCJA KARTĄ PŁATNICZĄ;Transport publiczny
24.05.2024;24.05.2024;JMP S.A. BIEDRONKA 445 WARSZAWA;;'23124015321111001044176713;;*********3025639;-29,37;PLN;'C992414509132644;TRANSAKCJA KARTĄ PŁATNICZĄ;Artykuły spożywcze
24.05.2024;24.05.2024;KUCHNIA WIETNAMSK83619 WARSZAWA;;'23124015321111001044176713;;*********3025639;-36,00;PLN;'C992414519095350;TRANSAKCJA KARTĄ PŁATNICZĄ;Restauracje i kawiarnie
24.05.2024;23.05.2024;MARIUSZ GRZEGORZ ZIĘCINA;;'26102011270000130202564748;'23124015321111001044176713;Ceska po paletkachOd: 48514655978 Do: 485*****789;55,00;PLN;'M042000110499190;PRZELEW BLIK PRZYCHODZĄCY;Inne
24.05.2024;24.05.2024;LIDL KAROLKOWA         WARSZAWA;;'23124015321111001044176713;;*********3025639;-9,48;PLN;'C992414519092618;TRANSAKCJA KARTĄ PŁATNICZĄ;Artykuły spożywcze
24.05.2024;23.05.2024;PIEKARNIA ORMIANSKA ZE WARSZAWA;;'23124015321111001044176713;;*********3025639;-24,00;PLN;'C992414420817775;TRANSAKCJA KARTĄ PŁATNICZĄ;Artykuły spożywcze
23.05.2024;23.05.2024;LIPONOGA NINA;;'23116022020000000081891379;'23124015321111001044176713;Czeska;80,00;PLN;'M042000110478197;PRZELEW BLIK PRZYCHODZĄCY;Inne
23.05.2024;23.05.2024;FLORA CAFFE TAKA AWAY  WARSZAWA;;'23124015321111001044176713;;*********3025639;-38,00;PLN;'C992414412106649;TRANSAKCJA KARTĄ PŁATNICZĄ;Restauracje i kawiarnie
23.05.2024;23.05.2024;RESTAURACJA CESKA WARS WARSZAWA;;'23124015321111001044176713;;*********3025639;-213,00;PLN;'C992414420784812;TRANSAKCJA KARTĄ PŁATNICZĄ;Restauracje i kawiarnie
23.05.2024;23.05.2024;ZABKA Z4370 K.2        WARSZAWA;;'23124015321111001044176713;;*********3025639;-9,99;PLN;'C992414409854006;TRANSAKCJA KARTĄ PŁATNICZĄ;Artykuły spożywcze
23.05.2024;22.05.2024;JMP S.A. BIEDRONKA 445 WARSZAWA;;'23124015321111001044176713;;*********3025639;-16,17;PLN;'C992414321626241;TRANSAKCJA KARTĄ PŁATNICZĄ;Artykuły spożywcze
23.05.2024;23.05.2024;STOKROTKA NR 1159      WARSZAWA;;'23124015321111001044176713;;*********3025639;-3,49;PLN;'C992414417608456;TRANSAKCJA KARTĄ PŁATNICZĄ;Artykuły spożywcze
22.05.2024;22.05.2024;JMP S.A. BIEDRONKA 445 WARSZAWA;;'23124015321111001044176713;;*********3025639;-15,99;PLN;'C992414310747094;TRANSAKCJA KARTĄ PŁATNICZĄ;Artykuły spożywcze
21.05.2024;21.05.2024;JAKUB MACIEJ WRÓBEL;;'87102033520000170200784652;'23124015321111001044176713;Przelew na telefonOd: 48790768858 Do: 485*****789;40,00;PLN;'M042000110084656;PRZELEW BLIK PRZYCHODZĄCY;Sprzedaż
21.05.2024;21.05.2024;LIDL KAROLKOWA         WARSZAWA;;'23124015321111001044176713;;*********3025639;-46,40;PLN;'C992414218247826;TRANSAKCJA KARTĄ PŁATNICZĄ;Artykuły spożywcze
21.05.2024;21.05.2024;MACHOP SP. Z O.O.      WARSZAWA;;'23124015321111001044176713;;*********3025639;-76,50;PLN;'C992414213829113;TRANSAKCJA KARTĄ PŁATNICZĄ;Restauracje i kawiarnie
20.05.2024;20.05.2024;JMP S.A. BIEDRONKA 445 WARSZAWA;;'23124015321111001044176713;;*********3025639;-21,76;PLN;'C992414115813387;TRANSAKCJA KARTĄ PŁATNICZĄ;Artykuły spożywcze
20.05.2024;20.05.2024;JMP S.A. BIEDRONKA 445 WARSZAWA;;'23124015321111001044176713;;*********3025639;-8,89;PLN;'C992414110321183;TRANSAKCJA KARTĄ PŁATNICZĄ;Artykuły spożywcze
20.05.2024;19.05.2024;ZABKA Z8085 K.2        WARSZAWA;;'23124015321111001044176713;;*********3025639;-4,99;PLN;'C992414018953597;TRANSAKCJA KARTĄ PŁATNICZĄ;Artykuły spożywcze
20.05.2024;19.05.2024;ZABKA Z4410 K.1        WARSZAWA;;'23124015321111001044176713;;*********3025639;-16,48;PLN;'C992414011675155;TRANSAKCJA KARTĄ PŁATNICZĄ;Artykuły spożywcze
20.05.2024;19.05.2024;APPLE.COM/BILL         APPLE.COM/BI;;'23124015321111001044176713;;*********3025639;-4,99;PLN;'C992414003591566;TRANSAKCJA KARTĄ PŁATNICZĄ;Bez kategorii
18.05.2024;18.05.2024;PIEKARNIA ORMIANSKA ZE WARSZAWA;;'23124015321111001044176713;;*********3025639;-39,00;PLN;'C992413917219107;TRANSAKCJA KARTĄ PŁATNICZĄ;Artykuły spożywcze
18.05.2024;18.05.2024;MADO KEBAB GRILL       WARSZAWA;;'23124015321111001044176713;;*********3025639;-35,00;PLN;'C992413916197978;TRANSAKCJA KARTĄ PŁATNICZĄ;Restauracje i kawiarnie
18.05.2024;18.05.2024;JAKDOJADE.PL           POZNAN;;'23124015321111001044176713;;*********3025639;-20,00;PLN;'C992413913888354;TRANSAKCJA KARTĄ PŁATNICZĄ;Transport publiczny
18.05.2024;18.05.2024;OWOCE                  WARSZAWA;;'23124015321111001044176713;;*********3025639;-26,50;PLN;'C992413913887200;TRANSAKCJA KARTĄ PŁATNICZĄ;Artykuły spożywcze
18.05.2024;17.05.2024;NATURA MAZUR           WARCHALY;;'23124015321111001044176713;;*********3025639;-39,00;PLN;'C992413822239413;TRANSAKCJA KARTĄ PŁATNICZĄ;Restauracje i kawiarnie
17.05.2024;17.05.2024;SKLEP M. MROZINSKA     JEDWABNO;;'23124015321111001044176713;;*********3025639;-21,60;PLN;'C992413810209321;TRANSAKCJA KARTĄ PŁATNICZĄ;Artykuły spożywcze
16.05.2024;16.05.2024;ZABKA Z4410 K.1        WARSZAWA;;'23124015321111001044176713;;*********3025639;-9,98;PLN;'C992413712022893;TRANSAKCJA KARTĄ PŁATNICZĄ;Artykuły spożywcze
16.05.2024;16.05.2024;BISTRO GRZYBOWSKA 61   WARSZAWA;;'23124015321111001044176713;;*********3025639;-29,81;PLN;'C992413711016615;TRANSAKCJA KARTĄ PŁATNICZĄ;Restauracje i kawiarnie
16.05.2024;16.05.2024;SKLEP M. MROZINSKA     JEDWABNO;;'23124015321111001044176713;;*********3025639;-16,00;PLN;'C992413718680437;TRANSAKCJA KARTĄ PŁATNICZĄ;Artykuły spożywcze
15.05.2024;15.05.2024;BISTRO GRZYBOWSKA 61   WARSZAWA;;'23124015321111001044176713;;*********3025639;-26,81;PLN;'C992413614025510;TRANSAKCJA KARTĄ PŁATNICZĄ;Restauracje i kawiarnie
15.05.2024;15.05.2024;ASSECO POLAND SA PŁACE;UL. OLCHOWA 14 35-322 RZESZÓW;'42124059181111000049090675;'23124015321111001044176713;PREMIA STANDBY **202405P3** 23119;2 589,18;PLN;'4910515987640947;PRZELEW;Premia, nagroda
15.05.2024;15.05.2024;JMP S.A. BIEDRONKA 445 WARSZAWA;;'23124015321111001044176713;;*********3025639;-8,89;PLN;'C992413609573091;TRANSAKCJA KARTĄ PŁATNICZĄ;Artykuły spożywcze
14.05.2024;14.05.2024;AUCHAN POLSKA SP. Z  0 WARSZAWA;;'23124015321111001044176713;;*********3025639;-62,78;PLN;'C992413519210756;TRANSAKCJA KARTĄ PŁATNICZĄ;Artykuły spożywcze
14.05.2024;14.05.2024;JAKUB MACIEJ WRÓBEL;;'87102033520000170200784652;'23124015321111001044176713;Przelew na telefonOd: 48790768858 Do: 485*****789;41,00;PLN;'M042000109004239;PRZELEW BLIK PRZYCHODZĄCY;Sprzedaż
14.05.2024;14.05.2024;SKLEP EOBUWIE CH WOLA  WARSZAWA;;'23124015321111001044176713;;*********3025639;-259,99;PLN;'C992413519168927;TRANSAKCJA KARTĄ PŁATNICZĄ;Obuwie
14.05.2024;14.05.2024;ŁUCJA;;'23124015321111001044176713;'09124015321111001041567374;Przelew na telefon 48508***350. Wycieczka;-3 390,00;PLN;'014245E606402265;REALIZACJA PŁATNOŚCI PEOPAY;Internet, TV, telefon
14.05.2024;14.05.2024;BOGUSŁAW WRĄBEL;UL PADEREWSKIEGO 5 M. 4 98-220    ZDUŃSKA WOLA        PL;'84124030311111000034292501;'23124015321111001044176713;Przelew na telefon 48502***789. Przelew na telefon;26,00;PLN;'416245E629904105;PRZELEW;Sprzedaż
14.05.2024;14.05.2024;MACHOP SP. Z O.O.      WARSZAWA;;'23124015321111001044176713;;*********3025639;-95,00;PLN;'C992413512584614;TRANSAKCJA KARTĄ PŁATNICZĄ;Restauracje i kawiarnie
14.05.2024;14.05.2024;;;'23124015321111001044176713;'92124020921362991111000000;Opłata za obsługę kartyMasterCard Debit*43025639 za miesiąc 05.2024;-1,00;PLN;'M0150OEF00228129;PROWIZJE AUT.;Opłaty bankowe
14.05.2024;14.05.2024;ZABKA Z4370 K.1        WARSZAWA;;'23124015321111001044176713;;*********3025639;-9,98;PLN;'C992413508236828;TRANSAKCJA KARTĄ PŁATNICZĄ;Artykuły spożywcze
13.05.2024;13.05.2024;BISTRO GRZYBOWSKA 61   WARSZAWA;;'23124015321111001044176713;;*********3025639;-25,81;PLN;'C992413413430346;TRANSAKCJA KARTĄ PŁATNICZĄ;Restauracje i kawiarnie
13.05.2024;13.05.2024;JMP S.A. BIEDRONKA 445 WARSZAWA;;'23124015321111001044176713;;*********3025639;-21,17;PLN;'C992413409053812;TRANSAKCJA KARTĄ PŁATNICZĄ;Artykuły spożywcze
13.05.2024;12.05.2024;ZABKA Z8085 K.2        WARSZAWA;;'23124015321111001044176713;;*********3025639;-9,98;PLN;'C992413311412601;TRANSAKCJA KARTĄ PŁATNICZĄ;Artykuły spożywcze
11.05.2024;11.05.2024;JMP S.A. BIEDRONKA 445 WARSZAWA;;'23124015321111001044176713;;*********3025639;-48,14;PLN;'C992413212563359;TRANSAKCJA KARTĄ PŁATNICZĄ;Artykuły spożywcze
11.05.2024;11.05.2024;LIDL KAROLKOWA         WARSZAWA;;'23124015321111001044176713;;*********3025639;-45,76;PLN;'C992413214764196;TRANSAKCJA KARTĄ PŁATNICZĄ;Artykuły spożywcze
11.05.2024;11.05.2024;KUCHNIA WIETNAMSK83619 WARSZAWA;;'23124015321111001044176713;;*********3025639;-36,00;PLN;'C992413214767475;TRANSAKCJA KARTĄ PŁATNICZĄ;Restauracje i kawiarnie
10.05.2024;10.05.2024;JMP S.A. BIEDRONKA 445 WARSZAWA;;'23124015321111001044176713;;*********3025639;-27,87;PLN;'C992413109766586;TRANSAKCJA KARTĄ PŁATNICZĄ;Artykuły spożywcze
10.05.2024;10.05.2024;IKE BOSSA;;'23124015321111001044176713;'83154011578129000000814183;IKE 814183;-500,00;PLN;'014245AA71008854;ZLECENIE STAŁE;Bez kategorii
09.05.2024;09.05.2024;BISTRO GRZYBOWSKA 61   WARSZAWA;;'23124015321111001044176713;;*********3025639;-37,12;PLN;'C992413013801785;TRANSAKCJA KARTĄ PŁATNICZĄ;Restauracje i kawiarnie
09.05.2024;09.05.2024;ASSECO POLAND SA PŁACE;UL. OLCHOWA 14 35-322 RZESZÓW;'42124059181111000049090675;'23124015321111001044176713;WYNAGRODZENIE 04/2024 **202404U4**23119;9 222,68;PLN;'4910509987752398;PRZELEW;Wynagrodzenie
09.05.2024;09.05.2024;JMP S.A. BIEDRONKA 445 WARSZAWA;;'23124015321111001044176713;;*********3025639;-5,69;PLN;'C992413009427623;TRANSAKCJA KARTĄ PŁATNICZĄ;Artykuły spożywcze
08.05.2024;08.05.2024;JAKDOJADE.PL           POZNAN;;'23124015321111001044176713;;*********3025639;-20,00;PLN;'C992412918060413;TRANSAKCJA KARTĄ PŁATNICZĄ;Transport publiczny
08.05.2024;08.05.2024;JMP S.A. BIEDRONKA 445 WARSZAWA;;'23124015321111001044176713;;*********3025639;-29,75;PLN;'C992412918041635;TRANSAKCJA KARTĄ PŁATNICZĄ;Artykuły spożywcze
08.05.2024;08.05.2024;ZABKA Z4410 K.1        WARSZAWA;;'23124015321111001044176713;;*********3025639;-12,97;PLN;'C992412912521458;TRANSAKCJA KARTĄ PŁATNICZĄ;Artykuły spożywcze
08.05.2024;08.05.2024;BISTRO GRZYBOWSKA 61   WARSZAWA;;'23124015321111001044176713;;*********3025639;-34,00;PLN;'C992412912495893;TRANSAKCJA KARTĄ PŁATNICZĄ;Restauracje i kawiarnie
08.05.2024;08.05.2024;JMP S.A. BIEDRONKA 445 WARSZAWA;;'23124015321111001044176713;;*********3025639;-13,24;PLN;'C992412908204701;TRANSAKCJA KARTĄ PŁATNICZĄ;Artykuły spożywcze
07.05.2024;07.05.2024;JMP S.A. BIEDRONKA 445 WARSZAWA;;'23124015321111001044176713;;*********3025639;-12,49;PLN;'C992412817806664;TRANSAKCJA KARTĄ PŁATNICZĄ;Artykuły spożywcze
07.05.2024;07.05.2024;MACHOP SP. Z O.O.      WARSZAWA;;'23124015321111001044176713;;*********3025639;-29,00;PLN;'C992412812290835;TRANSAKCJA KARTĄ PŁATNICZĄ;Restauracje i kawiarnie
07.05.2024;07.05.2024;ZABKA Z4370 K.2        WARSZAWA;;'23124015321111001044176713;;*********3025639;-5,80;PLN;'C992412808024294;TRANSAKCJA KARTĄ PŁATNICZĄ;Artykuły spożywcze
06.05.2024;04.05.2024;CARREFOUR EXPRESS D06  WARSZAWA;;'23124015321111001044176713;;*********3025639;-4,99;PLN;'C992412520087182;TRANSAKCJA KARTĄ PŁATNICZĄ;Artykuły spożywcze
06.05.2024;06.05.2024;ALLEGRO                POZNAN;;'23124015321111001044176713;;*********3025639;-149,90;PLN;'C992412700635412;TRANSAKCJA KARTĄ PŁATNICZĄ;Zakupy przez internet
06.05.2024;06.05.2024;BISTRO GRZYBOWSKA 61   WARSZAWA;;'23124015321111001044176713;;*********3025639;-27,81;PLN;'C992412713173673;TRANSAKCJA KARTĄ PŁATNICZĄ;Restauracje i kawiarnie
06.05.2024;04.05.2024;POLSKIE PIEROGARNIE    WARSZAWA;;'23124015321111001044176713;;*********3025639;-132,81;PLN;'C992412520066034;TRANSAKCJA KARTĄ PŁATNICZĄ;Restauracje i kawiarnie
06.05.2024;04.05.2024;ZABKA Z4410 K.1        WARSZAWA;;'23124015321111001044176713;;*********3025639;-14,97;PLN;'C992412522136262;TRANSAKCJA KARTĄ PŁATNICZĄ;Artykuły spożywcze
04.05.2024;04.05.2024;JMP S.A. BIEDRONKA 445 WARSZAWA;;'23124015321111001044176713;;*********3025639;-51,19;PLN;'C992412512386876;TRANSAKCJA KARTĄ PŁATNICZĄ;Artykuły spożywcze
04.05.2024;04.05.2024;AUGUSTYN SZYMON;;'62116022020000000356556944;'23124015321111001044176713;Przelew BLIK na telefon;58,00;PLN;'M042000107309908;PRZELEW BLIK PRZYCHODZĄCY;Sprzedaż
02.05.2024;02.05.2024;;;'23124015321111001044176713;'92124020921362991111000000;Prowizja za wypłatę z użyciemBLIK w dniu 2024-04-29;-5,00;PLN;'M0150OE300387930;PROWIZJE AUT.;Opłaty bankowe
02.05.2024;02.05.2024;LEROY MERLIN WARSZAWA  WARSZAWA;;'23124015321111001044176713;;*********3025639;-16,18;PLN;'C992412315717656;TRANSAKCJA KARTĄ PŁATNICZĄ;Wyposażenie
02.05.2024;02.05.2024;CARREFOUR HIPERMARKET  WARSZAWA;;'23124015321111001044176713;;*********3025639;-126,63;PLN;'C992412315790746;TRANSAKCJA KARTĄ PŁATNICZĄ;Artykuły spożywcze
02.05.2024;02.05.2024;ZABKA Z4410 K.1        WARSZAWA;;'23124015321111001044176713;;*********3025639;-21,79;PLN;'C992412309052710;TRANSAKCJA KARTĄ PŁATNICZĄ;Artykuły spożywcze
01.05.2024;01.05.2024;ZABKA Z4410 K.1        WARSZAWA;;'23124015321111001044176713;;*********3025639;-3,20;PLN;'C992412219755895;TRANSAKCJA KARTĄ PŁATNICZĄ;Artykuły spożywcze
01.05.2024;01.05.2024;BAR PIZZERIA SC        WARSZAWA;;'23124015321111001044176713;;*********3025639;-50,00;PLN;'C992412218719646;TRANSAKCJA KARTĄ PŁATNICZĄ;Puby i kluby
01.05.2024;01.05.2024;ZABKA Z8115 K.3        WARSZAWA;;'23124015321111001044176713;;*********3025639;-5,99;PLN;'C992412215579264;TRANSAKCJA KARTĄ PŁATNICZĄ;Artykuły spożywcze
01.05.2024;30.04.2024;JMP S.A. BIEDRONKA 445 WARSZAWA;;'23124015321111001044176713;;*********3025639;-9,98;PLN;'C992412121236710;TRANSAKCJA KARTĄ PŁATNICZĄ;Artykuły spożywcze
30.04.2024;30.04.2024;;;;'23124015321111001044176713;ODSETKI OD DEPOZYTU;0,28;PLN;'014244U98C001103;ODSETKI OD DEPOZYTU;Odsetki, zwrot z inwestycji
30.04.2024;30.04.2024;;;'23124015321111001044176713;;PODATEK POBRANY;-0,06;PLN;'014244U98C001102;PODATEK POBRANY;Podatki
30.04.2024;30.04.2024;JMP S.A. BIEDRONKA 445 WARSZAWA;;'23124015321111001044176713;;*********3025639;-25,77;PLN;'C992412119073867;TRANSAKCJA KARTĄ PŁATNICZĄ;Artykuły spożywcze
30.04.2024;30.04.2024;AUCHAN POLSKA SP. Z  0 WARSZAWA;;'23124015321111001044176713;;*********3025639;-44,13;PLN;'C992412113462896;TRANSAKCJA KARTĄ PŁATNICZĄ;Artykuły spożywcze
30.04.2024;30.04.2024;ASSECO POLAND SA PŁACE;UL. OLCHOWA 14 35-322 RZESZÓW;'42124059181111000049090675;'23124015321111001044176713;PREMIA STANDBY **202404P8** 23119;2 826,80;PLN;'4910430987591703;PRZELEW;Premia, nagroda
30.04.2024;30.04.2024;ASSECO POLAND SA PŁACE;UL. OLCHOWA 14 35-322 RZESZÓW;'42124059181111000049090675;'23124015321111001044176713;WYNAGRODZENIE ZA PRACE W NOCY I NADGODZINY **202404N2** 23119;571,56;PLN;'4910430987731700;PRZELEW;Wynagrodzenie
29.04.2024;29.04.2024;BANKOMAT EURONET       PLNM1466;PLNM1466 0170200011 UL WOLSKA 50,WARSZAWA;'23124015321111001044176713;;BLIK REF       80659590193;-80,00;PLN;'C992412018093920;WYPŁATA BLIK;Uroda, fryzjer, kosmetyczka
29.04.2024;29.04.2024;TANTUNI KEBAB          WARSZAWA;;'23124015321111001044176713;;*********3025639;-35,00;PLN;'C992412018502904;TRANSAKCJA KARTĄ PŁATNICZĄ;Restauracje i kawiarnie
29.04.2024;29.04.2024;JMP S.A. BIEDRONKA 445 WARSZAWA;;'23124015321111001044176713;;*********3025639;-20,53;PLN;'C992412011883846;TRANSAKCJA KARTĄ PŁATNICZĄ;Artykuły spożywcze
29.04.2024;29.04.2024;;;'23124015321111001044176713;'92124020921362991111000000;Opłata za obsługę kartyMasterCard Debit*43025639 za miesiąc 04.2024;-1,00;PLN;'M0150ODU00264980;PROWIZJE AUT.;Opłaty bankowe
29.04.2024;28.04.2024;ALLEGRO                POZNAN;;'23124015321111001044176713;;*********3025639;-64,00;PLN;'C992411922485095;TRANSAKCJA KARTĄ PŁATNICZĄ;Zakupy przez internet
29.04.2024;28.04.2024;JMP S.A. BIEDRONKA 445 WARSZAWA;;'23124015321111001044176713;;*********3025639;-23,45;PLN;'C992411917294810;TRANSAKCJA KARTĄ PŁATNICZĄ;Artykuły spożywcze
29.04.2024;28.04.2024;SALAM KEBAB            WARSZAWA;;'23124015321111001044176713;;*********3025639;-28,00;PLN;'C992411916232680;TRANSAKCJA KARTĄ PŁATNICZĄ;Restauracje i kawiarnie
27.04.2024;27.04.2024;JMP S.A. BIEDRONKA 445 WARSZAWA;;'23124015321111001044176713;;*********3025639;-10,46;PLN;'C992411811930851;TRANSAKCJA KARTĄ PŁATNICZĄ;Artykuły spożywcze
26.04.2024;26.04.2024;AUCHAN POLSKA SP. Z  0 WARSZAWA;;'23124015321111001044176713;;*********3025639;-166,95;PLN;'C992411719367378;TRANSAKCJA KARTĄ PŁATNICZĄ;Artykuły spożywcze
26.04.2024;26.04.2024;JAKDOJADE.PL           POZNAN;;'23124015321111001044176713;;*********3025639;-25,00;PLN;'C992411718257570;TRANSAKCJA KARTĄ PŁATNICZĄ;Transport publiczny
26.04.2024;26.04.2024;KACPER BANASIK;;'23124015321111001044176713;'69124060031111001048178711;Splitwase Kwiecień;-1 722,50;PLN;'014244Q628205181;REALIZACJA PŁATNOŚCI PEOPAY;Bez kategorii
26.04.2024;26.04.2024;ZABKA Z4410 K.2        WARSZAWA;;'23124015321111001044176713;;*********3025639;-5,80;PLN;'C992411710424561;TRANSAKCJA KARTĄ PŁATNICZĄ;Artykuły spożywcze
25.04.2024;25.04.2024;JMP S.A. BIEDRONKA 445 WARSZAWA;;'23124015321111001044176713;;*********3025639;-11,32;PLN;'C992411614600001;TRANSAKCJA KARTĄ PŁATNICZĄ;Artykuły spożywcze
25.04.2024;25.04.2024;ZABKA Z4410 K.1        WARSZAWA;;'23124015321111001044176713;;*********3025639;-11,80;PLN;'C992411609171130;TRANSAKCJA KARTĄ PŁATNICZĄ;Artykuły spożywcze
25.04.2024;25.04.2024;JMP S.A. BIEDRONKA 445 WARSZAWA;;'23124015321111001044176713;;*********3025639;-6,29;PLN;'C992411609167366;TRANSAKCJA KARTĄ PŁATNICZĄ;Artykuły spożywcze
25.04.2024;25.04.2024;LUX MED. SP. Z O.O. 11 WARSZAWA;;'23124015321111001044176713;;*********3025639;-135,20;PLN;'C992411608117615;TRANSAKCJA KARTĄ PŁATNICZĄ;Opieka medyczna
24.04.2024;24.04.2024;ZABKA Z8085 K.2        WARSZAWA;;'23124015321111001044176713;;*********3025639;-9,49;PLN;'C992411518175713;TRANSAKCJA KARTĄ PŁATNICZĄ;Artykuły spożywcze
24.04.2024;23.04.2024;LIDL KAROLKOWA         WARSZAWA;;'23124015321111001044176713;;*********3025639;-32,72;PLN;'C992411420160202;TRANSAKCJA KARTĄ PŁATNICZĄ;Artykuły spożywcze
23.04.2024;23.04.2024;JMP S.A. BIEDRONKA 445 WARSZAWA;;'23124015321111001044176713;;*********3025639;-5,79;PLN;'C992411417951732;TRANSAKCJA KARTĄ PŁATNICZĄ;Artykuły spożywcze
23.04.2024;23.04.2024;ZABKA Z4410 K.1        WARSZAWA;;'23124015321111001044176713;;*********3025639;-18,97;PLN;'C992411409311814;TRANSAKCJA KARTĄ PŁATNICZĄ;Artykuły spożywcze
22.04.2024;22.04.2024;CASHBILL ECOMM;POLSKIEPREMIUM. Sobieskiego 2,Katowice;'23124015321111001044176713;;BLIK REF       80516188697;-23,99;PLN;'C992411319402255;PŁATNOŚĆ BLIK;Zakupy przez internet
22.04.2024;22.04.2024;JMP S.A. BIEDRONKA 445 WARSZAWA;;'23124015321111001044176713;;*********3025639;-7,38;PLN;'C992411308127399;TRANSAKCJA KARTĄ PŁATNICZĄ;Artykuły spożywcze
22.04.2024;21.04.2024;ZABKA Z4410 K.1        WARSZAWA;;'23124015321111001044176713;;*********3025639;-24,47;PLN;'C992411212147863;TRANSAKCJA KARTĄ PŁATNICZĄ;Artykuły spożywcze
22.04.2024;20.04.2024;JMP S.A. BIEDRONKA 445 WARSZAWA;;'23124015321111001044176713;;*********3025639;-18,25;PLN;'C992411122990080;TRANSAKCJA KARTĄ PŁATNICZĄ;Artykuły spożywcze
20.04.2024;20.04.2024;TS O/WARSZAWA 70       WARSZAWA;;'23124015321111001044176713;;*********3025639;-20,00;PLN;'C992411116641994;TRANSAKCJA KARTĄ PŁATNICZĄ;Bez kategorii
20.04.2024;20.04.2024;AUCHAN POLSKA SP. Z  0 WARSZAWA;;'23124015321111001044176713;;*********3025639;-108,94;PLN;'C992411115625200;TRANSAKCJA KARTĄ PŁATNICZĄ;Artykuły spożywcze
20.04.2024;20.04.2024;RESTAURACJA TAVOLO     WARSZAWA;;'23124015321111001044176713;;*********3025639;-32,15;PLN;'C992411115558948;TRANSAKCJA KARTĄ PŁATNICZĄ;Restauracje i kawiarnie
19.04.2024;19.04.2024;JMP S.A. BIEDRONKA 445 WARSZAWA;;'23124015321111001044176713;;*********3025639;-5,99;PLN;'C992411017510038;TRANSAKCJA KARTĄ PŁATNICZĄ;Artykuły spożywcze
19.04.2024;19.04.2024;ZABKA Z4410 K.1        WARSZAWA;;'23124015321111001044176713;;*********3025639;-9,98;PLN;'C992411010776284;TRANSAKCJA KARTĄ PŁATNICZĄ;Artykuły spożywcze
19.04.2024;19.04.2024;JMP S.A. BIEDRONKA 445 WARSZAWA;;'23124015321111001044176713;;*********3025639;-11,50;PLN;'C992411010770233;TRANSAKCJA KARTĄ PŁATNICZĄ;Artykuły spożywcze
19.04.2024;19.04.2024;APPLE.COM/BILL         CORK;;'23124015321111001044176713;;*********3025639;-4,99;PLN;'C992411003534401;TRANSAKCJA KARTĄ PŁATNICZĄ;Multimedia
19.04.2024;18.04.2024;PAYU;MOJAAPTEKA.PL Grunwaldzka 186,Poznan;'23124015321111001044176713;;BLIK REF       80439645255;-70,04;PLN;'C992410921553288;PŁATNOŚĆ BLIK;Zakupy przez internet
18.04.2024;18.04.2024;BISTRO GRZYBOWSKA 61   WARSZAWA;;'23124015321111001044176713;;*********3025639;-23,00;PLN;'C992410914940586;TRANSAKCJA KARTĄ PŁATNICZĄ;Restauracje i kawiarnie
18.04.2024;18.04.2024;JMP S.A. BIEDRONKA 445 WARSZAWA;;'23124015321111001044176713;;*********3025639;-27,11;PLN;'C992410910594333;TRANSAKCJA KARTĄ PŁATNICZĄ;Artykuły spożywcze
17.04.2024;17.04.2024;LIDL KAROLKOWA         WARSZAWA;;'23124015321111001044176713;;*********3025639;-20,04;PLN;'C992410818168550;TRANSAKCJA KARTĄ PŁATNICZĄ;Artykuły spożywcze
17.04.2024;17.04.2024;BAR MLECZNY 02         WARSZAWA;;'23124015321111001044176713;;*********3025639;-23,00;PLN;'C992410813689117;TRANSAKCJA KARTĄ PŁATNICZĄ;Puby i kluby
17.04.2024;17.04.2024;ZABKA Z8085 K.2        WARSZAWA;;'23124015321111001044176713;;*********3025639;-9,98;PLN;'C992410808353425;TRANSAKCJA KARTĄ PŁATNICZĄ;Artykuły spożywcze
16.04.2024;16.04.2024;MACHOP SP. Z O.O.      WARSZAWA;;'23124015321111001044176713;;*********3025639;-22,00;PLN;'C992410713579347;TRANSAKCJA KARTĄ PŁATNICZĄ;Restauracje i kawiarnie
16.04.2024;16.04.2024;ZABKA Z4410 K.2        WARSZAWA;;'23124015321111001044176713;;*********3025639;-9,99;PLN;'C992410708198248;TRANSAKCJA KARTĄ PŁATNICZĄ;Artykuły spożywcze
16.04.2024;15.04.2024;FUNDACJA UNIWERSYTET DZ;WWW.UNIWERSYTET Tyniecka 35,Krakow;'23124015321111001044176713;;BLIK REF       80372821239;-1,00;PLN;'C992410623028185;PŁATNOŚĆ BLIK;Darowizny
15.04.2024;15.04.2024;JMP S.A. BIEDRONKA 445 WARSZAWA;;'23124015321111001044176713;;*********3025639;-12,88;PLN;'C992410610211137;TRANSAKCJA KARTĄ PŁATNICZĄ;Artykuły spożywcze
15.04.2024;13.04.2024;BANK PEKAO S.A.;CENTRALA-OŚRODEK OPERACJI KART ul. Żubra 1 01-066 Warszawa;'53124000270999999999999999;'23124015321111001044176713;ZWROT TRANSAKCJI PEOPAYWYKONANEJ: /74a High Street, WansteZ DNIA 11/04/202447281514 006;88,63;PLN;'0324041460012494;ZWROT PŁATNOŚCI PEOPAY;Inne
15.04.2024;14.04.2024;UBR* PENDING.UBER.COM  AMSTERDAM;;'23124015321111001044176713;;*********3025639;-3,90;PLN;'C992410519846559;TRANSAKCJA KARTĄ PŁATNICZĄ;Bez kategorii
15.04.2024;14.04.2024;ZABKA Z4410 K.1        WARSZAWA;;'23124015321111001044176713;;*********3025639;-5,99;PLN;'C992410513619227;TRANSAKCJA KARTĄ PŁATNICZĄ;Artykuły spożywcze
15.04.2024;13.04.2024;JMP S.A. BIEDRONKA 445 WARSZAWA;;'23124015321111001044176713;;*********3025639;-45,48;PLN;'C992410421349543;TRANSAKCJA KARTĄ PŁATNICZĄ;Artykuły spożywcze
13.04.2024;13.04.2024;AUCHAN POLSKA SP. Z  0 WARSZAWA;;'23124015321111001044176713;;*********3025639;-109,91;PLN;'C992410417061633;TRANSAKCJA KARTĄ PŁATNICZĄ;Artykuły spożywcze
12.04.2024;12.04.2024;NGA SULKOWSKA-DO       WARSZAWA;;'23124015321111001044176713;;*********3025639;-45,00;PLN;'C992410315493246;TRANSAKCJA KARTĄ PŁATNICZĄ;Restauracje i kawiarnie
12.04.2024;12.04.2024;JMP S.A. BIEDRONKA 445 WARSZAWA;;'23124015321111001044176713;;*********3025639;-20,87;PLN;'C992410309874202;TRANSAKCJA KARTĄ PŁATNICZĄ;Artykuły spożywcze
12.04.2024;11.04.2024;MARIUSZ ZIĘCINA;;'40249000050000400002969849;'23124015321111001044176713;Piwko i do piwka;90,00;PLN;'M042000103864873;PRZELEW BLIK PRZYCHODZĄCY;Inne
12.04.2024;11.04.2024;ZABKA Z2050 K.2        WARSZAWA;;'23124015321111001044176713;;*********3025639;-26,39;PLN;'C992410221669870;TRANSAKCJA KARTĄ PŁATNICZĄ;Artykuły spożywcze
12.04.2024;11.04.2024;KAROLINA MONIKA SADA;;'55102039160000070202300325;'23124015321111001044176713;U siostrOd: 48725371375 Do: 485*****789;82,30;PLN;'M042000103854343;PRZELEW BLIK PRZYCHODZĄCY;Inne
12.04.2024;11.04.2024;LIPONOGA NINA;;'23116022020000000081891379;'23124015321111001044176713;Siostry;60,00;PLN;'M042000103853772;PRZELEW BLIK PRZYCHODZĄCY;Inne
12.04.2024;11.04.2024;U SIOSTR SP. Z O.O.    WARSZAWA;;'23124015321111001044176713;;*********3025639;-320,73;PLN;'C992410221661946;TRANSAKCJA KARTĄ PŁATNICZĄ;Restauracje i kawiarnie
11.04.2024;11.04.2024;JAKDOJADE.PL           POZNAN;;'23124015321111001044176713;;*********3025639;-20,00;PLN;'C992410217393317;TRANSAKCJA KARTĄ PŁATNICZĄ;Transport publiczny
11.04.2024;11.04.2024;CARREFOUR EXPRESS H82  WARSZAWA;;'23124015321111001044176713;;*********3025639;-6,48;PLN;'C992410214066714;TRANSAKCJA KARTĄ PŁATNICZĄ;Artykuły spożywcze
11.04.2024;11.04.2024;ZABKA Z4410 K.1        WARSZAWA;;'23124015321111001044176713;;*********3025639;-8,80;PLN;'C992410208574526;TRANSAKCJA KARTĄ PŁATNICZĄ;Artykuły spożywcze
10.04.2024;10.04.2024;KINGUIN.NET;WWW.KINGUIN.NET On Hing Terrace On Hing Bldg 8/F,Ce;'23124015321111001044176713;;BLIK REF       80279437960;-184,61;PLN;'C992410118284745;PŁATNOŚĆ BLIK;Bez kategorii
10.04.2024;10.04.2024;REVOLUT**7390*         DUBLIN;;'23124015321111001044176713;;;-300,00;PLN;'C992410118208505;TRANSAKCJA KARTĄ PŁATNICZĄ;Bez kategorii
10.04.2024;10.04.2024;PPRO;HTTPS://DRIFFLE Balderton Street  20,London;'23124015321111001044176713;;BLIK REF       80272260100;-88,63;PLN;'C992410118272631;PŁATNOŚĆ BLIK;Zakupy przez internet
10.04.2024;10.04.2024;TOOGOODT 717CPAHVC7070 COPENHAGEN S;;'23124015321111001044176713;;;-15,99;PLN;'C992410117108918;TRANSAKCJA KARTĄ PŁATNICZĄ;Restauracje i kawiarnie
10.04.2024;10.04.2024;RESTAURACJA ADANA      WARSZAWA;;'23124015321111001044176713;;*********3025639;-25,00;PLN;'C992410116023184;TRANSAKCJA KARTĄ PŁATNICZĄ;Restauracje i kawiarnie
10.04.2024;10.04.2024;CENTRUM MEDYCYNY ZAPOB WARSZAWA;;'23124015321111001044176713;;*********3025639;-270,00;PLN;'C992410116997273;TRANSAKCJA KARTĄ PŁATNICZĄ;Opieka medyczna
10.04.2024;10.04.2024;JAKDOJADE.PL           POZNAN;;'23124015321111001044176713;;*********3025639;-10,00;PLN;'C992410115904137;TRANSAKCJA KARTĄ PŁATNICZĄ;Transport publiczny
10.04.2024;10.04.2024;IKE BOSSA;;'23124015321111001044176713;'83154011578129000000814183;IKE 814183;-500,00;PLN;'014244AA71008061;ZLECENIE STAŁE;Bez kategorii
10.04.2024;09.04.2024;OSTROVIT.COM           ZAMBROW;;'23124015321111001044176713;;*********3025639;-154,71;PLN;'C992410022135589;TRANSAKCJA KARTĄ PŁATNICZĄ;Artykuły spożywcze
10.04.2024;09.04.2024;ALLEGRO                POZNAN;;'23124015321111001044176713;;*********3025639;-89,99;PLN;'C992410021101299;TRANSAKCJA KARTĄ PŁATNICZĄ;Zakupy przez internet
09.04.2024;09.04.2024;ASSECO POLAND SA PŁACE;UL. OLCHOWA 14 35-322 RZESZÓW;'42124059181111000049090675;'23124015321111001044176713;WYNAGRODZENIE  03/2024 **202403U3**23119;7 729,18;PLN;'4910409987612501;PRZELEW;Wynagrodzenie
09.04.2024;09.04.2024;BISTRO GRZYBOWSKA 61   WARSZAWA;;'23124015321111001044176713;;*********3025639;-24,00;PLN;'C992410012341725;TRANSAKCJA KARTĄ PŁATNICZĄ;Restauracje i kawiarnie
08.04.2024;08.04.2024;LIDL KAROLKOWA         WARSZAWA;;'23124015321111001044176713;;*********3025639;-39,26;PLN;'C992409918715704;TRANSAKCJA KARTĄ PŁATNICZĄ;Artykuły spożywcze
08.04.2024;08.04.2024;"BEP-WIET"" HONG SINH NG WARSZAWA";;'23124015321111001044176713;;*********3025639;-24,00;PLN;'C992409917605034;TRANSAKCJA KARTĄ PŁATNICZĄ;Restauracje i kawiarnie
08.04.2024;08.04.2024;JMP S.A. BIEDRONKA 445 WARSZAWA;;'23124015321111001044176713;;*********3025639;-28,91;PLN;'C992409908872112;TRANSAKCJA KARTĄ PŁATNICZĄ;Artykuły spożywcze
08.04.2024;07.04.2024;MARIUSZ ZIĘCINA;;'40249000050000400002969849;'23124015321111001044176713;Piwko;17,00;PLN;'M042000103070062;PRZELEW BLIK PRZYCHODZĄCY;Inne
08.04.2024;07.04.2024;LIPONOGA NINA;;'23116022020000000081891379;'23124015321111001044176713;Przelew BLIK na telefon;36,00;PLN;'M042000103052524;PRZELEW BLIK PRZYCHODZĄCY;Sprzedaż
08.04.2024;07.04.2024;KOSZARY ARCHE HOTEL    GORA KALWARI;;'23124015321111001044176713;;*********3025639;-115,00;PLN;'C992409815473559;TRANSAKCJA KARTĄ PŁATNICZĄ;Hotele
08.04.2024;07.04.2024;APPLE.COM/BILL         APPLE.COM/BI;;'23124015321111001044176713;;*********3025639;-19,99;PLN;'C992409808253730;TRANSAKCJA KARTĄ PŁATNICZĄ;Bez kategorii
06.04.2024;06.04.2024;ZABKA Z4410 K.1        WARSZAWA;;'23124015321111001044176713;;*********3025639;-2,99;PLN;'C992409720099297;TRANSAKCJA KARTĄ PŁATNICZĄ;Artykuły spożywcze
06.04.2024;06.04.2024;TRANSFERUJ.PL;PLAC ANDERSA 3 61-894 POZNAN;'23124015321111001044176713;'06124059181111001052283171;TR-7YY-C1FGGZXdla iExpert.pl SA;-165,00;PLN;'0142446624208010;PRZELEW MOBILE;Bez kategorii
06.04.2024;06.04.2024;UBER   * EATS PENDING  AMSTERDAM;;'23124015321111001044176713;;*********3025639;-76,00;PLN;'C992409718990604;TRANSAKCJA KARTĄ PŁATNICZĄ;Restauracje i kawiarnie
06.04.2024;05.04.2024;AUTOPAY SA;UL. POWSTAŃCÓW WARSZAWY 6 81-718 Sopot;'23124015321111001044176713;'34124062921111001093236062;/OPT/X///// BPID:AQNPAYZ9UV;-89,00;PLN;'0142445624607633;PRZELEW WEWNĘTRZNY - DOSTAWCA;Bez kategorii
05.04.2024;05.04.2024;AUCHAN POLSKA SP. Z  0 WARSZAWA;;'23124015321111001044176713;;*********3025639;-152,65;PLN;'C992409616579522;TRANSAKCJA KARTĄ PŁATNICZĄ;Artykuły spożywcze
05.04.2024;05.04.2024;JMP S.A. BIEDRONKA 445 WARSZAWA;;'23124015321111001044176713;;*********3025639;-34,94;PLN;'C992409610001935;TRANSAKCJA KARTĄ PŁATNICZĄ;Artykuły spożywcze
05.04.2024;05.04.2024;ALLEGRO                POZNAN;;'23124015321111001044176713;;*********3025639;-139,98;PLN;'C992409619827000;TRANSAKCJA KARTĄ PŁATNICZĄ;Zakupy przez internet
05.04.2024;05.04.2024;TANTUNI KEBAB          WARSZAWA;;'23124015321111001044176713;;*********3025639;-25,00;PLN;'C992409614353806;TRANSAKCJA KARTĄ PŁATNICZĄ;Restauracje i kawiarnie
04.04.2024;04.04.2024;ZABKA Z4410 K.2        WARSZAWA;;'23124015321111001044176713;;*********3025639;-15,00;PLN;'C992409511900088;TRANSAKCJA KARTĄ PŁATNICZĄ;Artykuły spożywcze
04.04.2024;04.04.2024;TEMU.COM               INTERNET;;'23124015321111001044176713;;;-56,39;PLN;'C992409500610804;TRANSAKCJA KARTĄ PŁATNICZĄ;Internet, TV, telefon
04.04.2024;04.04.2024;JMP S.A. BIEDRONKA 445 WARSZAWA;;'23124015321111001044176713;;*********3025639;-9,67;PLN;'C992409510849728;TRANSAKCJA KARTĄ PŁATNICZĄ;Artykuły spożywcze
04.04.2024;04.04.2024;BISTRO GRZYBOWSKA 61   WARSZAWA;;'23124015321111001044176713;;*********3025639;-26,81;PLN;'C992409514187571;TRANSAKCJA KARTĄ PŁATNICZĄ;Restauracje i kawiarnie
04.04.2024;04.04.2024;TEMU.COM               INTERNET;;'23124015321111001044176713;;;-100,82;PLN;'C992409518503621;TRANSAKCJA KARTĄ PŁATNICZĄ;Internet, TV, telefon
03.04.2024;03.04.2024;BILETOMAT TW 31721     WARSZAWA;;'23124015321111001044176713;;*********3025639;-4,40;PLN;'C992409413054931;TRANSAKCJA KARTĄ PŁATNICZĄ;Transport publiczny
02.04.2024;02.04.2024;KUCHNIA WIETNAMSK83619 WARSZAWA;;'23124015321111001044176713;;*********3025639;-34,00;PLN;'C992409313041825;TRANSAKCJA KARTĄ PŁATNICZĄ;Restauracje i kawiarnie
02.04.2024;02.04.2024;LIDL KAROLKOWA         WARSZAWA;;'23124015321111001044176713;;*********3025639;-52,82;PLN;'C992409313038971;TRANSAKCJA KARTĄ PŁATNICZĄ;Artykuły spożywcze
02.04.2024;02.04.2024;JAKDOJADE.PL           POZNAN;;'23124015321111001044176713;;*********3025639;-10,00;PLN;'C992409312919461;TRANSAKCJA KARTĄ PŁATNICZĄ;Transport publiczny
01.04.2024;01.04.2024;"""RAFI"" SPOZ.-PRZEM.    LOMZA";;'23124015321111001044176713;;*********3025639;-7,50;PLN;'C992409217522561;TRANSAKCJA KARTĄ PŁATNICZĄ;Artykuły spożywcze
01.04.2024;01.04.2024;SAWA SKLEP Z ALKOHOLAM LOMZA;;'23124015321111001044176713;;*********3025639;-1,60;PLN;'C992409216488341;TRANSAKCJA KARTĄ PŁATNICZĄ;Alkohol
30.03.2024;30.03.2024;;;;'23124015321111001044176713;ODSETKI OD DEPOZYTU;0,26;PLN;'014243U98C001041;ODSETKI OD DEPOZYTU;Odsetki, zwrot z inwestycji
30.03.2024;30.03.2024;;;'23124015321111001044176713;;PODATEK POBRANY;-0,05;PLN;'014243U98C001040;PODATEK POBRANY;Podatki
29.03.2024;29.03.2024;JMP S.A. BIEDRONKA 445 WARSZAWA;;'23124015321111001044176713;;*********3025639;-10,96;PLN;'C992408910088337;TRANSAKCJA KARTĄ PŁATNICZĄ;Artykuły spożywcze
29.03.2024;29.03.2024;ASSECO POLAND SA PŁACE;UL. OLCHOWA 14 35-322 RZESZÓW;'42124059181111000049090675;'23124015321111001044176713;WYNAGRODZENIE ZA PRACE W NOCY I NADGODZINY **202403N2** 23119;1 002,27;PLN;'4910329981160905;PRZELEW;Wynagrodzenie
29.03.2024;28.03.2024;ZABKA Z4410 K.2        WARSZAWA;;'23124015321111001044176713;;*********3025639;-11,30;PLN;'C992408822700070;TRANSAKCJA KARTĄ PŁATNICZĄ;Artykuły spożywcze
28.03.2024;28.03.2024;ZABKA Z4410 K.2        WARSZAWA;;'23124015321111001044176713;;*********3025639;-9,98;PLN;'C992408816353735;TRANSAKCJA KARTĄ PŁATNICZĄ;Artykuły spożywcze
28.03.2024;28.03.2024;STACJA SMAKU           WARSZAWA;;'23124015321111001044176713;;*********3025639;-0,50;PLN;'C992408816279861;TRANSAKCJA KARTĄ PŁATNICZĄ;Restauracje i kawiarnie
28.03.2024;28.03.2024;STACJA SMAKU           WARSZAWA;;'23124015321111001044176713;;*********3025639;-59,10;PLN;'C992408816278936;TRANSAKCJA KARTĄ PŁATNICZĄ;Restauracje i kawiarnie
28.03.2024;28.03.2024;JAKDOJADE.PL           POZNAN;;'23124015321111001044176713;;*********3025639;-10,00;PLN;'C992408814130413;TRANSAKCJA KARTĄ PŁATNICZĄ;Transport publiczny
28.03.2024;28.03.2024;TS O/WARSZAWA 40       WARSZAWA;;'23124015321111001044176713;;*********3025639;-20,00;PLN;'C992408814099733;TRANSAKCJA KARTĄ PŁATNICZĄ;Bez kategorii
28.03.2024;28.03.2024;JMP S.A. BIEDRONKA 445 WARSZAWA;;'23124015321111001044176713;;*********3025639;-25,28;PLN;'C992408811776291;TRANSAKCJA KARTĄ PŁATNICZĄ;Artykuły spożywcze
28.03.2024;28.03.2024;ALLEGRO                POZNAN;;'23124015321111001044176713;;*********3025639;-50,00;PLN;'C992408810668630;TRANSAKCJA KARTĄ PŁATNICZĄ;Zakupy przez internet
27.03.2024;27.03.2024;ZABKA Z4410 K.1        WARSZAWA;;'23124015321111001044176713;;*********3025639;-19,30;PLN;'C992408710435891;TRANSAKCJA KARTĄ PŁATNICZĄ;Artykuły spożywcze
27.03.2024;27.03.2024;KFCDOSTAWA.PL          WROCLAW;;'23124015321111001044176713;;*********3025639;-49,98;PLN;'C992408715874152;TRANSAKCJA KARTĄ PŁATNICZĄ;Restauracje i kawiarnie
27.03.2024;27.03.2024;JMP S.A. BIEDRONKA 445 WARSZAWA;;'23124015321111001044176713;;*********3025639;-8,47;PLN;'C992408710428890;TRANSAKCJA KARTĄ PŁATNICZĄ;Artykuły spożywcze
26.03.2024;26.03.2024;KACPER BANASIK;;'23124015321111001044176713;'69124060031111001048178711;Splitwase marzec;-1 771,98;PLN;'014243Q622208058;REALIZACJA PŁATNOŚCI PEOPAY;Bez kategorii
26.03.2024;26.03.2024;LIDL KAROLKOWA         WARSZAWA;;'23124015321111001044176713;;*********3025639;-10,88;PLN;'C992408617895165;TRANSAKCJA KARTĄ PŁATNICZĄ;Artykuły spożywcze
26.03.2024;26.03.2024;CHILII KEBAB AND GRILL WARSZAWA;;'23124015321111001044176713;;*********3025639;-30,00;PLN;'C992408617863998;TRANSAKCJA KARTĄ PŁATNICZĄ;Restauracje i kawiarnie
26.03.2024;26.03.2024;TEMU.COM               INTERNET;;'23124015321111001044176713;;;-73,86;PLN;'C992408612429121;TRANSAKCJA KARTĄ PŁATNICZĄ;Internet, TV, telefon
26.03.2024;25.03.2024;KIP;HTTP://POMADZIA plac Andersa 3 73,Poznan;'23124015321111001044176713;;BLIK REF       79954864971;-165,94;PLN;'C992408521896073;PŁATNOŚĆ BLIK;Zakupy przez internet
25.03.2024;25.03.2024;JAKDOJADE.PL           POZNAN;;'23124015321111001044176713;;*********3025639;-10,00;PLN;'C992408509983397;TRANSAKCJA KARTĄ PŁATNICZĄ;Transport publiczny
25.03.2024;25.03.2024;ZABKA Z4410 K.1        WARSZAWA;;'23124015321111001044176713;;*********3025639;-15,88;PLN;'C992408508966753;TRANSAKCJA KARTĄ PŁATNICZĄ;Artykuły spożywcze
25.03.2024;24.03.2024;JMP S.A. BIEDRONKA 445 WARSZAWA;;'23124015321111001044176713;;*********3025639;-48,75;PLN;'C992408419770858;TRANSAKCJA KARTĄ PŁATNICZĄ;Artykuły spożywcze
25.03.2024;24.03.2024;TEMU.COM               INTERNET;;'23124015321111001044176713;;;-54,54;PLN;'C992408411265159;TRANSAKCJA KARTĄ PŁATNICZĄ;Internet, TV, telefon
25.03.2024;24.03.2024;ZABKA Z4410 K.2        WARSZAWA;;'23124015321111001044176713;;*********3025639;-11,80;PLN;'C992408409185446;TRANSAKCJA KARTĄ PŁATNICZĄ;Artykuły spożywcze
23.03.2024;23.03.2024;CARREFOUR HIPERMARKET  WARSZAWA;;'23124015321111001044176713;;*********3025639;-135,12;PLN;'C992408317881141;TRANSAKCJA KARTĄ PŁATNICZĄ;Artykuły spożywcze
23.03.2024;23.03.2024;LEROY MERLIN WARSZAWA  WARSZAWA;;'23124015321111001044176713;;*********3025639;-30,17;PLN;'C992408316815479;TRANSAKCJA KARTĄ PŁATNICZĄ;Wyposażenie
23.03.2024;23.03.2024;PAYU;ZAKEXPRESS.COM. Grunwaldzka 186,Poznan;'23124015321111001044176713;;BLIK REF       79900267699;-92,18;PLN;'C992408312723643;PŁATNOŚĆ BLIK;Zakupy przez internet
22.03.2024;22.03.2024;PIEKARNIA ORMIANSKA ZE WARSZAWA;;'23124015321111001044176713;;*********3025639;-14,00;PLN;'C992408216599338;TRANSAKCJA KARTĄ PŁATNICZĄ;Artykuły spożywcze
22.03.2024;22.03.2024;JMP S.A. BIEDRONKA 445 WARSZAWA;;'23124015321111001044176713;;*********3025639;-8,98;PLN;'C992408217620172;TRANSAKCJA KARTĄ PŁATNICZĄ;Artykuły spożywcze
22.03.2024;22.03.2024;JMP S.A. BIEDRONKA 445 WARSZAWA;;'23124015321111001044176713;;*********3025639;-10,31;PLN;'C992408211029077;TRANSAKCJA KARTĄ PŁATNICZĄ;Artykuły spożywcze
22.03.2024;22.03.2024;LIDL KAROLKOWA         WARSZAWA;;'23124015321111001044176713;;*********3025639;-95,35;PLN;'C992408219784938;TRANSAKCJA KARTĄ PŁATNICZĄ;Artykuły spożywcze
21.03.2024;21.03.2024;JMP S.A. BIEDRONKA 445 WARSZAWA;;'23124015321111001044176713;;*********3025639;-15,29;PLN;'C992408108662751;TRANSAKCJA KARTĄ PŁATNICZĄ;Artykuły spożywcze
21.03.2024;21.03.2024;JMP S.A. BIEDRONKA 445 WARSZAWA;;'23124015321111001044176713;;*********3025639;-24,01;PLN;'C992408118525337;TRANSAKCJA KARTĄ PŁATNICZĄ;Artykuły spożywcze
21.03.2024;21.03.2024;SZAUR MAFIA            WARSZAWA;;'23124015321111001044176713;;*********3025639;-35,25;PLN;'C992408114096845;TRANSAKCJA KARTĄ PŁATNICZĄ;Restauracje i kawiarnie
20.03.2024;20.03.2024;ZABKA Z4410 K.2        WARSZAWA;;'23124015321111001044176713;;*********3025639;-4,50;PLN;'C992408015078874;TRANSAKCJA KARTĄ PŁATNICZĄ;Artykuły spożywcze
20.03.2024;20.03.2024;VINA EXPRESS           WARSZAWA;;'23124015321111001044176713;;*********3025639;-33,00;PLN;'C992408015050361;TRANSAKCJA KARTĄ PŁATNICZĄ;Puby i kluby
20.03.2024;20.03.2024;JMP S.A. BIEDRONKA 445 WARSZAWA;;'23124015321111001044176713;;*********3025639;-8,47;PLN;'C992408009558142;TRANSAKCJA KARTĄ PŁATNICZĄ;Artykuły spożywcze
19.03.2024;19.03.2024;JAKDOJADE.PL           POZNAN;;'23124015321111001044176713;;*********3025639;-10,00;PLN;'C992407917176616;TRANSAKCJA KARTĄ PŁATNICZĄ;Transport publiczny
19.03.2024;19.03.2024;GORACO POLECAM         WARSZAWA;;'23124015321111001044176713;;*********3025639;-14,90;PLN;'C992407908386842;TRANSAKCJA KARTĄ PŁATNICZĄ;Artykuły spożywcze
19.03.2024;19.03.2024;APPLE.COM/BILL         APPLE.COM/BI;;'23124015321111001044176713;;*********3025639;-4,99;PLN;'C992407902280388;TRANSAKCJA KARTĄ PŁATNICZĄ;Bez kategorii
18.03.2024;17.03.2024;ALLEGRO                POZNAN;;'23124015321111001044176713;;*********3025639;-179,00;PLN;'C992407721149190;TRANSAKCJA KARTĄ PŁATNICZĄ;Zakupy przez internet
18.03.2024;18.03.2024;;;'23124015321111001044176713;'92124020921362991111000000;Opłata za obsługę kartyMasterCard Debit*43025639 za miesiąc 03.2024;-1,00;PLN;'M0150OCJ00214945;PROWIZJE AUT.;Opłaty bankowe
18.03.2024;18.03.2024;ZABKA Z4410 K.2        WARSZAWA;;'23124015321111001044176713;;*********3025639;-11,80;PLN;'C992407810391957;TRANSAKCJA KARTĄ PŁATNICZĄ;Artykuły spożywcze
18.03.2024;18.03.2024;BISTRO GRZYBOWSKA 61   WARSZAWA;;'23124015321111001044176713;;*********3025639;-25,81;PLN;'C992407813660268;TRANSAKCJA KARTĄ PŁATNICZĄ;Restauracje i kawiarnie
18.03.2024;18.03.2024;ZABKA Z4410 K.1        WARSZAWA;;'23124015321111001044176713;;*********3025639;-2,99;PLN;'C992407819197897;TRANSAKCJA KARTĄ PŁATNICZĄ;Artykuły spożywcze
18.03.2024;17.03.2024;DODOPIZZA.PL           WARSZAWA;;'23124015321111001044176713;;*********3025639;-108,96;PLN;'C992407715999818;TRANSAKCJA KARTĄ PŁATNICZĄ;Restauracje i kawiarnie
16.03.2024;16.03.2024;ZABKA Z4410 K.2        WARSZAWA;;'23124015321111001044176713;;*********3025639;-2,99;PLN;'C992407617431139;TRANSAKCJA KARTĄ PŁATNICZĄ;Artykuły spożywcze
16.03.2024;16.03.2024;FADI KEBAB             WARSZAWA;;'23124015321111001044176713;;*********3025639;-28,00;PLN;'C992407616407144;TRANSAKCJA KARTĄ PŁATNICZĄ;Restauracje i kawiarnie
16.03.2024;16.03.2024;TEMU.COM               INTERNET;;'23124015321111001044176713;;;-23,46;PLN;'C992407616360240;TRANSAKCJA KARTĄ PŁATNICZĄ;Internet, TV, telefon
16.03.2024;16.03.2024;JMP S.A. BIEDRONKA 445 WARSZAWA;;'23124015321111001044176713;;*********3025639;-27,57;PLN;'C992407608611124;TRANSAKCJA KARTĄ PŁATNICZĄ;Artykuły spożywcze
15.03.2024;15.03.2024;JMP S.A. BIEDRONKA 445 WARSZAWA;;'23124015321111001044176713;;*********3025639;-18,74;PLN;'C992407518290977;TRANSAKCJA KARTĄ PŁATNICZĄ;Artykuły spożywcze
15.03.2024;15.03.2024;BISTRO GRZYBOWSKA 61   WARSZAWA;;'23124015321111001044176713;;*********3025639;-27,81;PLN;'C992407512676500;TRANSAKCJA KARTĄ PŁATNICZĄ;Restauracje i kawiarnie
15.03.2024;15.03.2024;ASSECO POLAND SA PŁACE;UL. OLCHOWA 14 35-322 RZESZÓW;'42124059181111000049090675;'23124015321111001044176713;PREMIA STANDBY **202403P3** 23119;2 747,93;PLN;'4910315987891043;PRZELEW;Premia, nagroda
15.03.2024;15.03.2024;JMP S.A. BIEDRONKA 445 WARSZAWA;;'23124015321111001044176713;;*********3025639;-11,41;PLN;'C992407507312284;TRANSAKCJA KARTĄ PŁATNICZĄ;Artykuły spożywcze
14.03.2024;14.03.2024;UBR* PENDING.UBER.COM  AMSTERDAM;;'23124015321111001044176713;;*********3025639;-1,30;PLN;'C992407418036860;TRANSAKCJA KARTĄ PŁATNICZĄ;Bez kategorii
14.03.2024;14.03.2024;UBER   * EATS PENDING  AMSTERDAM;;'23124015321111001044176713;;*********3025639;-35,00;PLN;'C992407414608928;TRANSAKCJA KARTĄ PŁATNICZĄ;Restauracje i kawiarnie
14.03.2024;14.03.2024;ZABKA Z4410 K.2        WARSZAWA;;'23124015321111001044176713;;*********3025639;-15,88;PLN;'C992407408141488;TRANSAKCJA KARTĄ PŁATNICZĄ;Artykuły spożywcze
13.03.2024;13.03.2024;JMP S.A. BIEDRONKA 445 WARSZAWA;;'23124015321111001044176713;;*********3025639;-28,21;PLN;'C992407309083085;TRANSAKCJA KARTĄ PŁATNICZĄ;Artykuły spożywcze
13.03.2024;13.03.2024;UBER   * EATS PENDING  AMSTERDAM;;'23124015321111001044176713;;*********3025639;-37,10;PLN;'C992407313402979;TRANSAKCJA KARTĄ PŁATNICZĄ;Restauracje i kawiarnie
12.03.2024;12.03.2024;DARWINA.PL             WARSZAWA;;'23124015321111001044176713;;*********3025639;-27,98;PLN;'C992407216604199;TRANSAKCJA KARTĄ PŁATNICZĄ;Alkohol
12.03.2024;11.03.2024;EMPIK S.A.             WARSZAWA;;'23124015321111001044176713;;*********3025639;-74,99;PLN;'C992407121764749;TRANSAKCJA KARTĄ PŁATNICZĄ;Książki
12.03.2024;12.03.2024;"""IDEAS4""               WARSZAWA";;'23124015321111001044176713;;*********3025639;-25,00;PLN;'C992407220847722;TRANSAKCJA KARTĄ PŁATNICZĄ;Puby i kluby
12.03.2024;12.03.2024;PAN PRECEL             WARSZAWA;;'23124015321111001044176713;;*********3025639;-23,50;PLN;'C992407218714751;TRANSAKCJA KARTĄ PŁATNICZĄ;Restauracje i kawiarnie
12.03.2024;12.03.2024;"""IDEAS4""               WARSZAWA";;'23124015321111001044176713;;*********3025639;-26,00;PLN;'C992407217651365;TRANSAKCJA KARTĄ PŁATNICZĄ;Puby i kluby
12.03.2024;12.03.2024;"""IDEAS4""               WARSZAWA";;'23124015321111001044176713;;*********3025639;-26,00;PLN;'C992407218730694;TRANSAKCJA KARTĄ PŁATNICZĄ;Puby i kluby
12.03.2024;11.03.2024;AUCHAN POLSKA SP. Z  0 WARSZAWA;;'23124015321111001044176713;;*********3025639;-9,19;PLN;'C992407120747010;TRANSAKCJA KARTĄ PŁATNICZĄ;Artykuły spożywcze
11.03.2024;10.03.2024;IKE BOSSA;;'23124015321111001044176713;'83154011578129000000814183;IKE 814183;-500,00;PLN;'014243AA71005046;ZLECENIE STAŁE;Bez kategorii
11.03.2024;11.03.2024;ZABKA Z4410 K.2        WARSZAWA;;'23124015321111001044176713;;*********3025639;-11,80;PLN;'C992407108813864;TRANSAKCJA KARTĄ PŁATNICZĄ;Artykuły spożywcze
09.03.2024;09.03.2024;WOLSKIE RURKI          WARSZAWA;;'23124015321111001044176713;;*********3025639;-22,00;PLN;'C992406912480711;TRANSAKCJA KARTĄ PŁATNICZĄ;Artykuły spożywcze
09.03.2024;09.03.2024;NO CODE PLATFORM;RGOLAB.COM os. Wzgorze 45/31,Ozarow;'23124015321111001044176713;;BLIK REF       79628267575;-69,00;PLN;'C992406913895950;PŁATNOŚĆ BLIK;Bez kategorii
09.03.2024;09.03.2024;LIDL KAROLKOWA         WARSZAWA;;'23124015321111001044176713;;*********3025639;-45,99;PLN;'C992406918971812;TRANSAKCJA KARTĄ PŁATNICZĄ;Artykuły spożywcze
09.03.2024;09.03.2024;KUCHNIA WIETNAMSK83619 WARSZAWA;;'23124015321111001044176713;;*********3025639;-36,00;PLN;'C992406918974397;TRANSAKCJA KARTĄ PŁATNICZĄ;Restauracje i kawiarnie
09.03.2024;09.03.2024;TANTUNI KEBAB          WARSZAWA;;'23124015321111001044176713;;*********3025639;-25,00;PLN;'C992406912436889;TRANSAKCJA KARTĄ PŁATNICZĄ;Restauracje i kawiarnie
08.03.2024;08.03.2024;UBER   * EATS PENDING  AMSTERDAM;;'23124015321111001044176713;;*********3025639;-62,00;PLN;'C992406815345463;TRANSAKCJA KARTĄ PŁATNICZĄ;Restauracje i kawiarnie
08.03.2024;08.03.2024;JMP S.A. BIEDRONKA 445 WARSZAWA;;'23124015321111001044176713;;*********3025639;-20,45;PLN;'C992406810830431;TRANSAKCJA KARTĄ PŁATNICZĄ;Artykuły spożywcze
08.03.2024;08.03.2024;UBER   * EATS PENDING  AMSTERDAM;;'23124015321111001044176713;;*********3025639;-35,70;PLN;'C992406815347724;TRANSAKCJA KARTĄ PŁATNICZĄ;Restauracje i kawiarnie
07.03.2024;07.03.2024;GORACO POLECAM         WARSZAWA;;'23124015321111001044176713;;*********3025639;-14,90;PLN;'C992406714853153;TRANSAKCJA KARTĄ PŁATNICZĄ;Artykuły spożywcze
07.03.2024;07.03.2024;ASSECO POLAND SA PŁACE;UL. OLCHOWA 14 35-322 RZESZÓW;'42124059181111000049090675;'23124015321111001044176713;WYNAGRODZENIE 02/2024 **202402U5**23119;7 828,84;PLN;'4910307986872045;PRZELEW;Wynagrodzenie
07.03.2024;07.03.2024;GORACO POLECAM         WARSZAWA;;'23124015321111001044176713;;*********3025639;-14,90;PLN;'C992406707367912;TRANSAKCJA KARTĄ PŁATNICZĄ;Artykuły spożywcze
06.03.2024;06.03.2024;UBER   * EATS PENDING  AMSTERDAM;;'23124015321111001044176713;;*********3025639;-106,00;PLN;'C992406614782731;TRANSAKCJA KARTĄ PŁATNICZĄ;Restauracje i kawiarnie
06.03.2024;06.03.2024;PAYPAL *PATRONITE      35314369001;;'23124015321111001044176713;;*********3025639;-7,00;PLN;'C992406612608178;TRANSAKCJA KARTĄ PŁATNICZĄ;Kino i teatr
06.03.2024;06.03.2024;ZABKA Z4410 K.1        WARSZAWA;;'23124015321111001044176713;;*********3025639;-20,79;PLN;'C992406609338733;TRANSAKCJA KARTĄ PŁATNICZĄ;Artykuły spożywcze
06.03.2024;05.03.2024;ZABKA Z2050 K.2        WARSZAWA;;'23124015321111001044176713;;*********3025639;-17,98;PLN;'C992406521160315;TRANSAKCJA KARTĄ PŁATNICZĄ;Artykuły spożywcze
06.03.2024;05.03.2024;U SIOSTR SP. Z O.O.    WARSZAWA;;'23124015321111001044176713;;*********3025639;-254,02;PLN;'C992406520146665;TRANSAKCJA KARTĄ PŁATNICZĄ;Restauracje i kawiarnie
05.03.2024;05.03.2024;MICHAŁ KALUGA;;'02102033780000180204018016;'23124015321111001044176713;Przelew na telefonOd: 48607318840 Do: 485*****789;29,00;PLN;'M042000097981416;PRZELEW BLIK PRZYCHODZĄCY;Sprzedaż
05.03.2024;05.03.2024;JAKUB MACIEJ WRÓBEL;;'87102033520000170200784652;'23124015321111001044176713;Przelew na telefon -obiadOd: 48790768858 Do: 485*****789;30,00;PLN;'M042000097979420;PRZELEW BLIK PRZYCHODZĄCY;Sprzedaż
05.03.2024;05.03.2024;MACHOP SP. Z O.O.      WARSZAWA;;'23124015321111001044176713;;*********3025639;-88,00;PLN;'C992406513560039;TRANSAKCJA KARTĄ PŁATNICZĄ;Restauracje i kawiarnie
05.03.2024;05.03.2024;GORACO POLECAM         WARSZAWA;;'23124015321111001044176713;;*********3025639;-14,90;PLN;'C992406508204740;TRANSAKCJA KARTĄ PŁATNICZĄ;Artykuły spożywcze
05.03.2024;05.03.2024;LIPONOGA NINA;;'23116022020000000081891379;'23124015321111001044176713;Przelew BLIK na telefon;80,00;PLN;'M042000098031471;PRZELEW BLIK PRZYCHODZĄCY;Sprzedaż
04.03.2024;04.03.2024;ZABKA Z4410 K.1        WARSZAWA;;'23124015321111001044176713;;*********3025639;-7,98;PLN;'C992406408124835;TRANSAKCJA KARTĄ PŁATNICZĄ;Artykuły spożywcze
04.03.2024;04.03.2024;BISTRO GRZYBOWSKA 61   WARSZAWA;;'23124015321111001044176713;;*********3025639;-24,00;PLN;'C992406416754999;TRANSAKCJA KARTĄ PŁATNICZĄ;Restauracje i kawiarnie
04.03.2024;04.03.2024;JMP S.A. BIEDRONKA 445 WARSZAWA;;'23124015321111001044176713;;*********3025639;-4,47;PLN;'C992406416771326;TRANSAKCJA KARTĄ PŁATNICZĄ;Artykuły spożywcze
04.03.2024;03.03.2024;KIP;HTTP://UW-TEAM. plac Andersa 3 73,Poznan;'23124015321111001044176713;;BLIK REF       79516059646;-110,00;PLN;'C992406321661685;PŁATNOŚĆ BLIK;Zakupy przez internet
01.03.2024;01.03.2024;JMP S.A. BIEDRONKA 445 WARSZAWA;;'23124015321111001044176713;;*********3025639;-12,98;PLN;'C992406117465574;TRANSAKCJA KARTĄ PŁATNICZĄ;Artykuły spożywcze
01.03.2024;01.03.2024;UBER   * EATS PENDING  AMSTERDAM;;'23124015321111001044176713;;*********3025639;-29,00;PLN;'C992406117436657;TRANSAKCJA KARTĄ PŁATNICZĄ;Restauracje i kawiarnie
01.03.2024;01.03.2024;ZABKA Z4410 K.2        WARSZAWA;;'23124015321111001044176713;;*********3025639;-7,98;PLN;'C992406108607270;TRANSAKCJA KARTĄ PŁATNICZĄ;Artykuły spożywcze
01.03.2024;01.03.2024;JMP S.A. BIEDRONKA 445 WARSZAWA;;'23124015321111001044176713;;*********3025639;-14,26;PLN;'C992406108602692;TRANSAKCJA KARTĄ PŁATNICZĄ;Artykuły spożywcze
01.03.2024;29.02.2024;KARINA;;'23124015321111001044176713;'95102010680000120203278223;Prezent;-25,00;PLN;'014242T627804948;REALIZACJA PŁATNOŚCI PEOPAY;Prezenty, upominki
29.02.2024;29.02.2024;;;'23124015321111001044176713;;PODATEK POBRANY;-0,04;PLN;'014242T98C001036;PODATEK POBRANY;Podatki
29.02.2024;29.02.2024;;;;'23124015321111001044176713;ODSETKI OD DEPOZYTU;0,21;PLN;'014242T98C001037;ODSETKI OD DEPOZYTU;Odsetki, zwrot z inwestycji
29.02.2024;29.02.2024;DA GERO RISTORANTE     WARSZAWA;;'23124015321111001044176713;;*********3025639;-29,00;PLN;'C992406014899468;TRANSAKCJA KARTĄ PŁATNICZĄ;Restauracje i kawiarnie
29.02.2024;29.02.2024;ASSECO POLAND SA PŁACE;UL. OLCHOWA 14 35-322 RZESZÓW;'42124059181111000049090675;'23124015321111001044176713;WYNAGRODZENIE ZA PRACE W NOCY I NADGODZINY **202402N2** 23119;254,46;PLN;'4910229986921926;PRZELEW;Wynagrodzenie
29.02.2024;29.02.2024;JMP S.A. BIEDRONKA 445 WARSZAWA;;'23124015321111001044176713;;*********3025639;-9,27;PLN;'C992406009521616;TRANSAKCJA KARTĄ PŁATNICZĄ;Artykuły spożywcze
28.02.2024;28.02.2024;CUKIERNIA PAWLOWICZ    WARSZAWA;;'23124015321111001044176713;;*********3025639;-12,00;PLN;'C992405916968943;TRANSAKCJA KARTĄ PŁATNICZĄ;Artykuły spożywcze
28.02.2024;28.02.2024;VINA EXPRESS           WARSZAWA;;'23124015321111001044176713;;*********3025639;-26,00;PLN;'C992405916943419;TRANSAKCJA KARTĄ PŁATNICZĄ;Puby i kluby
28.02.2024;28.02.2024;U JAKUBA               WARSZAWA;;'23124015321111001044176713;;*********3025639;-40,00;PLN;'C992405908349272;TRANSAKCJA KARTĄ PŁATNICZĄ;Restauracje i kawiarnie
27.02.2024;27.02.2024;APTEKA 37              WARSZAWA;;'23124015321111001044176713;;*********3025639;-1,50;PLN;'C992405818108618;TRANSAKCJA KARTĄ PŁATNICZĄ;Lekarstwa
27.02.2024;27.02.2024;JAKUB MACIEJ WRÓBEL;;'87102033520000170200784652;'23124015321111001044176713;Przelew na telefonOd: 48790768858 Do: 485*****789;54,00;PLN;'M042000096842503;PRZELEW BLIK PRZYCHODZĄCY;Sprzedaż
27.02.2024;27.02.2024;MACHOP SP. Z O.O.      WARSZAWA;;'23124015321111001044176713;;*********3025639;-53,00;PLN;'C992405813627732;TRANSAKCJA KARTĄ PŁATNICZĄ;Restauracje i kawiarnie
27.02.2024;27.02.2024;JMP S.A. BIEDRONKA 445 WARSZAWA;;'23124015321111001044176713;;*********3025639;-4,99;PLN;'C992405808288534;TRANSAKCJA KARTĄ PŁATNICZĄ;Artykuły spożywcze
26.02.2024;25.02.2024;ADEN                   WARSZAWA;;'23124015321111001044176713;;*********3025639;-20,00;PLN;'C992405619079974;TRANSAKCJA KARTĄ PŁATNICZĄ;Restauracje i kawiarnie
26.02.2024;26.02.2024;JMP S.A. BIEDRONKA 445 WARSZAWA;;'23124015321111001044176713;;*********3025639;-16,18;PLN;'C992405715829584;TRANSAKCJA KARTĄ PŁATNICZĄ;Artykuły spożywcze
26.02.2024;26.02.2024;URZĄD SKARBOWY W ŁOMŻY;18-400 ŁOMŻA POLOWA 47;'38101000712221910905012560;'23124015321111001044176713;Zwrot z podatku PIT za rok 2023??/KL/03;2,00;PLN;'YBZ0001898282041;PRZELEW KRAJOWY MIĘDZYBANKOWY;Inne
26.02.2024;26.02.2024;ZABKA Z4410 K.2        WARSZAWA;;'23124015321111001044176713;;*********3025639;-18,00;PLN;'C992405710354938;TRANSAKCJA KARTĄ PŁATNICZĄ;Artykuły spożywcze
24.02.2024;23.02.2024;LIDL KAROLKOWA         WARSZAWA;;'23124015321111001044176713;;*********3025639;-132,49;PLN;'C992405420504834;TRANSAKCJA KARTĄ PŁATNICZĄ;Artykuły spożywcze
24.02.2024;24.02.2024;ZABKA Z4410 K.1        WARSZAWA;;'23124015321111001044176713;;*********3025639;-12,50;PLN;'C992405515265868;TRANSAKCJA KARTĄ PŁATNICZĄ;Artykuły spożywcze
24.02.2024;24.02.2024;5594560 BILETOMAT ARRI GRODZISK MAZ;;'23124015321111001044176713;;*********3025639;-4,40;PLN;'C992405517474878;TRANSAKCJA KARTĄ PŁATNICZĄ;Transport publiczny
23.02.2024;22.02.2024;JMP S.A. BIEDRONKA 445 WARSZAWA;;'23124015321111001044176713;;*********3025639;-6,68;PLN;'C992405321365303;TRANSAKCJA KARTĄ PŁATNICZĄ;Artykuły spożywcze
23.02.2024;23.02.2024;JMP S.A. BIEDRONKA 445 WARSZAWA;;'23124015321111001044176713;;*********3025639;-26,42;PLN;'C992405412827219;TRANSAKCJA KARTĄ PŁATNICZĄ;Artykuły spożywcze
22.02.2024;22.02.2024;ŁUCJA;;'23124015321111001044176713;'09124015321111001041567374;Przelew na telefon 48508***350. Przelew na telefon;-840,00;PLN;'014242M621908213;REALIZACJA PŁATNOŚCI PEOPAY;Internet, TV, telefon
22.02.2024;22.02.2024;UBER   * EATS PENDING  AMSTERDAM;;'23124015321111001044176713;;*********3025639;-56,00;PLN;'C992405314917129;TRANSAKCJA KARTĄ PŁATNICZĄ;Restauracje i kawiarnie
22.02.2024;22.02.2024;ZABKA Z4410 K.2        WARSZAWA;;'23124015321111001044176713;;*********3025639;-9,00;PLN;'C992405310554098;TRANSAKCJA KARTĄ PŁATNICZĄ;Artykuły spożywcze
22.02.2024;22.02.2024;JMP S.A. BIEDRONKA 445 WARSZAWA;;'23124015321111001044176713;;*********3025639;-10,73;PLN;'C992405310550597;TRANSAKCJA KARTĄ PŁATNICZĄ;Artykuły spożywcze
21.02.2024;21.02.2024;BOLT.EU/D/2402211817;FOOD.BOLT.EU Vana-Louna tn,Tallinn;'23124015321111001044176713;;BLIK REF       79290129009;-81,98;PLN;'C992405219756795;PŁATNOŚĆ BLIK;Restauracje i kawiarnie
21.02.2024;21.02.2024;BISTRO GRZYBOWSKA 61   WARSZAWA;;'23124015321111001044176713;;*********3025639;-25,81;PLN;'C992405214856331;TRANSAKCJA KARTĄ PŁATNICZĄ;Restauracje i kawiarnie
21.02.2024;21.02.2024;JMP S.A. BIEDRONKA 445 WARSZAWA;;'23124015321111001044176713;;*********3025639;-8,47;PLN;'C992405210512946;TRANSAKCJA KARTĄ PŁATNICZĄ;Artykuły spożywcze
21.02.2024;20.02.2024;MARIUSZ ZIĘCINA;;'40249000050000400002969849;'23124015321111001044176713;Piwko deski i nalewki;102,00;PLN;'M042000095961019;PRZELEW BLIK PRZYCHODZĄCY;Inne
21.02.2024;20.02.2024;LIPONOGA NINA;;'23116022020000000081891379;'23124015321111001044176713;Siostry;85,00;PLN;'M042000095956705;PRZELEW BLIK PRZYCHODZĄCY;Inne
20.02.2024;20.02.2024;U SIOSTR SP. Z O.O.    WARSZAWA;;'23124015321111001044176713;;*********3025639;-286,00;PLN;'C992405120226967;TRANSAKCJA KARTĄ PŁATNICZĄ;Restauracje i kawiarnie
20.02.2024;20.02.2024;PAWLICZEK DAWID;;'64105013441000009703826470;'23124015321111001044176713;Przelew na telefon +48xxxxxx789Obiad - Dawid PDla Kamil SobierajOd PAWLICZEK DAWID;23,50;PLN;'M042000095884229;PRZELEW BLIK PRZYCHODZĄCY;Sprzedaż
20.02.2024;20.02.2024;KAMIL TOMASZ BIEŃ UL. SPÓŁDZIELCZA;;'37109028350000000119676224;'23124015321111001044176713;Przelew na telefon BLIK;21,50;PLN;'M042000095880217;PRZELEW BLIK PRZYCHODZĄCY;Sprzedaż
20.02.2024;20.02.2024;FADI KEBAB             WARSZAWA;;'23124015321111001044176713;;*********3025639;-26,50;PLN;'C992405113693292;TRANSAKCJA KARTĄ PŁATNICZĄ;Restauracje i kawiarnie
20.02.2024;20.02.2024;MACHOP SP. Z O.O.      WARSZAWA;;'23124015321111001044176713;;*********3025639;-73,00;PLN;'C992405113691919;TRANSAKCJA KARTĄ PŁATNICZĄ;Restauracje i kawiarnie
20.02.2024;20.02.2024;ZABKA Z4410 K.1        WARSZAWA;;'23124015321111001044176713;;*********3025639;-23,97;PLN;'C992405108351292;TRANSAKCJA KARTĄ PŁATNICZĄ;Artykuły spożywcze
19.02.2024;19.02.2024;APPLE.COM/BILL         APPLE.COM/BI;;'23124015321111001044176713;;*********3025639;-4,99;PLN;'C992405003237140;TRANSAKCJA KARTĄ PŁATNICZĄ;Bez kategorii
19.02.2024;18.02.2024;NORBERT FABIAN ADAMCZYK;AL NIEPODLEGŁOŚCI 5C/5 78-449    BORNE SULINOWO      PL;'09124036791111001078715337;'23124015321111001044176713;Przelew na telefon 48502***789. Przelew na telefon;13,80;PLN;'232242I628804627;PRZELEW;Sprzedaż
19.02.2024;18.02.2024;ZABKA Z4410 K.2        WARSZAWA;;'23124015321111001044176713;;*********3025639;-9,00;PLN;'C992404912954629;TRANSAKCJA KARTĄ PŁATNICZĄ;Artykuły spożywcze
17.02.2024;17.02.2024;JMP S.A. BIEDRONKA 445 WARSZAWA;;'23124015321111001044176713;;*********3025639;-5,99;PLN;'C992404818644821;TRANSAKCJA KARTĄ PŁATNICZĄ;Artykuły spożywcze
17.02.2024;17.02.2024;"BEP-WIET"" HONG SINH NG WARSZAWA";;'23124015321111001044176713;;*********3025639;-26,00;PLN;'C992404818624934;TRANSAKCJA KARTĄ PŁATNICZĄ;Restauracje i kawiarnie
17.02.2024;17.02.2024;LIDL KAROLKOWA         WARSZAWA;;'23124015321111001044176713;;*********3025639;-78,72;PLN;'C992404818617174;TRANSAKCJA KARTĄ PŁATNICZĄ;Artykuły spożywcze
17.02.2024;17.02.2024;MINISTERSTWO FINANSOW;MF/TEP PIT-38/2 Swietokrzyska 12,Warszawa;'23124015321111001044176713;;BLIK REF       79205673894;-3 514,12;PLN;'C992404813857979;PŁATNOŚĆ BLIK;Bez kategorii
17.02.2024;17.02.2024;CASHBILL;KALKULATORGIELD Sobieskiego 2,Katowice;'23124015321111001044176713;;BLIK REF       79203570339;-150,00;PLN;'C992404811803236;PŁATNOŚĆ BLIK;Zakupy przez internet
16.02.2024;16.02.2024;UBER   * EATS PENDING  AMSTERDAM;;'23124015321111001044176713;;*********3025639;-62,00;PLN;'C992404714149992;TRANSAKCJA KARTĄ PŁATNICZĄ;Restauracje i kawiarnie
16.02.2024;16.02.2024;ZABKA Z4410 K.1        WARSZAWA;;'23124015321111001044176713;;*********3025639;-9,00;PLN;'C992404709628678;TRANSAKCJA KARTĄ PŁATNICZĄ;Artykuły spożywcze
16.02.2024;16.02.2024;JMP S.A. BIEDRONKA 445 WARSZAWA;;'23124015321111001044176713;;*********3025639;-16,45;PLN;'C992404709625542;TRANSAKCJA KARTĄ PŁATNICZĄ;Artykuły spożywcze
15.02.2024;15.02.2024;TANTUNI KEBAB          WARSZAWA;;'23124015321111001044176713;;*********3025639;-24,00;PLN;'C992404617234744;TRANSAKCJA KARTĄ PŁATNICZĄ;Restauracje i kawiarnie
15.02.2024;15.02.2024;ASSECO POLAND SA PŁACE;UL. OLCHOWA 14 35-322 RZESZÓW;'42124059181111000049090675;'23124015321111001044176713;PREMIA STANDBY **202402P3** 23119;739,48;PLN;'4910215981131477;PRZELEW;Premia, nagroda
14.02.2024;14.02.2024;LIDL KAROLKOWA         WARSZAWA;;'23124015321111001044176713;;*********3025639;-21,58;PLN;'C992404519298917;TRANSAKCJA KARTĄ PŁATNICZĄ;Artykuły spożywcze
14.02.2024;14.02.2024;JMP S.A. BIEDRONKA 445 WARSZAWA;;'23124015321111001044176713;;*********3025639;-14,26;PLN;'C992404509406300;TRANSAKCJA KARTĄ PŁATNICZĄ;Artykuły spożywcze
14.02.2024;14.02.2024;UBR* PENDING.UBER.COM  AMSTERDAM;;'23124015321111001044176713;;*********3025639;-12,99;PLN;'C992404518224178;TRANSAKCJA KARTĄ PŁATNICZĄ;Bez kategorii
14.02.2024;14.02.2024;ZABKA Z4410 K.2        WARSZAWA;;'23124015321111001044176713;;*********3025639;-9,00;PLN;'C992404509409200;TRANSAKCJA KARTĄ PŁATNICZĄ;Artykuły spożywcze
14.02.2024;10.02.2024;BANK PEKAO S.A.;CENTRALA-OŚRODEK OPERACJI KART ul. Żubra 1 01-066 Warszawa;'53124000270999999999999999;'23124015321111001044176713;ANULOWANIE TRANSAKCJINA KARTĘ **** **** 4302 5639WYKONANEJ: UBER EATS             \Mr Treublaan 7   DN. 10/02/2024;7,20;PLN;'0324021460027696;PRZELEW;Inne
14.02.2024;14.02.2024;BISTRO GRZYBOWSKA 61   WARSZAWA;;'23124015321111001044176713;;*********3025639;-30,12;PLN;'C992404513769805;TRANSAKCJA KARTĄ PŁATNICZĄ;Restauracje i kawiarnie
13.02.2024;13.02.2024;MACHOP SP. Z O.O.      WARSZAWA;;'23124015321111001044176713;;*********3025639;-77,00;PLN;'C992404412552881;TRANSAKCJA KARTĄ PŁATNICZĄ;Restauracje i kawiarnie
13.02.2024;13.02.2024;PIOTR TOMSZYS;UL.GRZYMALITÓW 1D M.21 03-141 WARSZ AWA;'45114020170000490205722303;'23124015321111001044176713;PRZELEW ŚRODKÓW;22,00;PLN;'M042000094892757;PRZELEW BLIK PRZYCHODZĄCY;Inne
13.02.2024;13.02.2024;EURO-DOM 01            WARSZAWA;;'23124015321111001044176713;;*********3025639;-16,70;PLN;'C992404412560327;TRANSAKCJA KARTĄ PŁATNICZĄ;Artykuły spożywcze
13.02.2024;13.02.2024;;;'23124015321111001044176713;'92124020921362991111000000;Opłata za obsługę kartyMasterCard Debit*43025639 za miesiąc 02.2024;-1,00;PLN;'M0150OBE00277198;PROWIZJE AUT.;Opłaty bankowe
13.02.2024;13.02.2024;BOGUSŁAW WRĄBEL;UL PADEREWSKIEGO 5 M. 4 98-220    ZDUŃSKA WOLA        PL;'84124030311111000034292501;'23124015321111001044176713;Przelew na telefon 48502***789. zupa;26,00;PLN;'416242D627700550;PRZELEW;Sprzedaż
13.02.2024;12.02.2024;FANATICAL 65CA98DA5ABA RUGELEY;;'23124015321111001044176713;;;-4,38;PLN;'C992404323120743;TRANSAKCJA KARTĄ PŁATNICZĄ;Multimedia
13.02.2024;12.02.2024;PYTONTYGRYSI;;'23124015321111001044176713;'83114020040000320234712193;Przelew na telefon 48509***941. 692873;-3,00;PLN;'M042100722082096;PRZELEW BLIK WYCHODZĄCY;Internet, TV, telefon
13.02.2024;12.02.2024;PAYPAL *KRYSTIAN.VICTO 35314369001;;'23124015321111001044176713;;*********3025639;-3,22;PLN;'C992404322115754;TRANSAKCJA KARTĄ PŁATNICZĄ;Bez kategorii
13.02.2024;12.02.2024;PAYPAL *PMARCO961      35314369001;;'23124015321111001044176713;;*********3025639;-3,00;PLN;'C992404322115530;TRANSAKCJA KARTĄ PŁATNICZĄ;Bez kategorii
13.02.2024;12.02.2024;PAYPAL *MAHON          35314369001;;'23124015321111001044176713;;*********3025639;-2,95;PLN;'C992404322115208;TRANSAKCJA KARTĄ PŁATNICZĄ;Bez kategorii
13.02.2024;12.02.2024;PAYPAL *SEBA.ZDEB      35314369001;;'23124015321111001044176713;;*********3025639;-2,90;PLN;'C992404322114966;TRANSAKCJA KARTĄ PŁATNICZĄ;Bez kategorii
13.02.2024;12.02.2024;PAYPAL *REJU405        35314369001;;'23124015321111001044176713;;*********3025639;-2,00;PLN;'C992404322114615;TRANSAKCJA KARTĄ PŁATNICZĄ;Bez kategorii
13.02.2024;12.02.2024;MICHAL;;'23124015321111001044176713;'41116022020000000462713443;Przelew na telefon 48889***879. Łowcy gier bazar mortalis;-1,50;PLN;'M042100722076884;PRZELEW BLIK WYCHODZĄCY;Internet, TV, telefon
12.02.2024;12.02.2024;SPICY KEBAB AND GRILL  WARSZAWA;;'23124015321111001044176713;;*********3025639;-36,49;PLN;'C992404316744205;TRANSAKCJA KARTĄ PŁATNICZĄ;Restauracje i kawiarnie
12.02.2024;11.02.2024;CASHBILL;POLSKIEPREMIUM. Sobieskiego 2,Katowice;'23124015321111001044176713;;BLIK REF       79095260919;-86,32;PLN;'C992404218115103;PŁATNOŚĆ BLIK;Zakupy przez internet
12.02.2024;11.02.2024;ZABKA Z4410 K.1        WARSZAWA;;'23124015321111001044176713;;*********3025639;-4,99;PLN;'C992404212743578;TRANSAKCJA KARTĄ PŁATNICZĄ;Artykuły spożywcze
12.02.2024;11.02.2024;FHG MANEKIN RADOSLAW K WARSZAWA;;'23124015321111001044176713;;*********3025639;-60,50;PLN;'C992404211721961;TRANSAKCJA KARTĄ PŁATNICZĄ;Restauracje i kawiarnie
12.02.2024;11.02.2024;BUDZIŃSKA JULIA;;'15105015591000009267210426;'23124015321111001044176713;Przelew na telefon +48xxxxxx789Przelew na telefonDla Kamil SobierajOd BUDZIŃSKA JULIA;26,00;PLN;'M042000094574301;PRZELEW BLIK PRZYCHODZĄCY;Sprzedaż
10.02.2024;10.02.2024;LIDL KAROLKOWA         WARSZAWA;;'23124015321111001044176713;;*********3025639;-55,58;PLN;'C992404119526164;TRANSAKCJA KARTĄ PŁATNICZĄ;Artykuły spożywcze
10.02.2024;10.02.2024;IKE BOSSA;;'23124015321111001044176713;'83154011578129000000814183;IKE 814183;-500,00;PLN;'014242AA71005088;ZLECENIE STAŁE;Bez kategorii
10.02.2024;09.02.2024;JMP S.A. BIEDRONKA 445 WARSZAWA;;'23124015321111001044176713;;*********3025639;-29,75;PLN;'C992404020341326;TRANSAKCJA KARTĄ PŁATNICZĄ;Artykuły spożywcze
09.02.2024;09.02.2024;UBER   * EATS PENDING  AMSTERDAM;;'23124015321111001044176713;;*********3025639;-46,49;PLN;'C992404018212320;TRANSAKCJA KARTĄ PŁATNICZĄ;Restauracje i kawiarnie
09.02.2024;09.02.2024;SEBASTIAN KURYŁO;;'20194010764625325400000000;'23124015321111001044176713;Przelew na telefon BLIK;16,00;PLN;'M042000094355952;PRZELEW BLIK PRZYCHODZĄCY;Sprzedaż
09.02.2024;09.02.2024;ZABKA Z4410 K.1        WARSZAWA;;'23124015321111001044176713;;*********3025639;-11,80;PLN;'C992404008326156;TRANSAKCJA KARTĄ PŁATNICZĄ;Artykuły spożywcze
08.02.2024;08.02.2024;ASSECO POLAND SA PŁACE;UL. OLCHOWA 14 35-322 RZESZÓW;'42124059181111000049090675;'23124015321111001044176713;WYNAGRODZENIE 01/2024 **202401U7**23119;7 807,84;PLN;'4910208981122847;PRZELEW;Wynagrodzenie
08.02.2024;08.02.2024;BISTRO GRZYBOWSKA 61   WARSZAWA;;'23124015321111001044176713;;*********3025639;-25,81;PLN;'C992403913593957;TRANSAKCJA KARTĄ PŁATNICZĄ;Restauracje i kawiarnie
08.02.2024;08.02.2024;JMP S.A. BIEDRONKA 445 WARSZAWA;;'23124015321111001044176713;;*********3025639;-10,19;PLN;'C992403908241835;TRANSAKCJA KARTĄ PŁATNICZĄ;Artykuły spożywcze
07.02.2024;07.02.2024;BISTRO GRZYBOWSKA 61   WARSZAWA;;'23124015321111001044176713;;*********3025639;-30,30;PLN;'C992403815708271;TRANSAKCJA KARTĄ PŁATNICZĄ;Restauracje i kawiarnie
07.02.2024;07.02.2024;JMP S.A. BIEDRONKA 445 WARSZAWA;;'23124015321111001044176713;;*********3025639;-3,49;PLN;'C992403815704509;TRANSAKCJA KARTĄ PŁATNICZĄ;Artykuły spożywcze
07.02.2024;07.02.2024;ZABKA Z4410 K.2        WARSZAWA;;'23124015321111001044176713;;*********3025639;-21,79;PLN;'C992403808229957;TRANSAKCJA KARTĄ PŁATNICZĄ;Artykuły spożywcze
06.02.2024;06.02.2024;PAYPAL *PATRONITE      35314369001;;'23124015321111001044176713;;*********3025639;-7,00;PLN;'C992403711424463;TRANSAKCJA KARTĄ PŁATNICZĄ;Kino i teatr
06.02.2024;06.02.2024;GOCHU - KOREAN STREET  WARSZAWA;;'23124015321111001044176713;;*********3025639;-37,00;PLN;'C992403717919846;TRANSAKCJA KARTĄ PŁATNICZĄ;Restauracje i kawiarnie
06.02.2024;06.02.2024;AUTOMATSPEC SPZOO      LISZKI;;'23124015321111001044176713;;*********3025639;-3,50;PLN;'C992403710318792;TRANSAKCJA KARTĄ PŁATNICZĄ;Restauracje i kawiarnie
05.02.2024;05.02.2024;ESNAF LOKANTASI        WARSZAWA;;'23124015321111001044176713;;*********3025639;-35,00;PLN;'C992403617918209;TRANSAKCJA KARTĄ PŁATNICZĄ;Restauracje i kawiarnie
05.02.2024;04.02.2024;ZABKA Z4410 K.2        WARSZAWA;;'23124015321111001044176713;;*********3025639;-11,80;PLN;'C992403511826565;TRANSAKCJA KARTĄ PŁATNICZĄ;Artykuły spożywcze
03.02.2024;03.02.2024;AUCHAN POLSKA SP. Z  0 WARSZAWA;;'23124015321111001044176713;;*********3025639;-163,95;PLN;'C992403414304551;TRANSAKCJA KARTĄ PŁATNICZĄ;Alkohol
03.02.2024;03.02.2024;BERLIN DONER KEBAP C.H WARSZAWA;;'23124015321111001044176713;;*********3025639;-39,85;PLN;'C992403413176013;TRANSAKCJA KARTĄ PŁATNICZĄ;Restauracje i kawiarnie
02.02.2024;02.02.2024;BISTRO GRZYBOWSKA 61   WARSZAWA;;'23124015321111001044176713;;*********3025639;-45,12;PLN;'C992403312868530;TRANSAKCJA KARTĄ PŁATNICZĄ;Restauracje i kawiarnie
01.02.2024;01.02.2024;ZABKA Z4410 K.1        WARSZAWA;;'23124015321111001044176713;;*********3025639;-11,80;PLN;'C992403215062823;TRANSAKCJA KARTĄ PŁATNICZĄ;Artykuły spożywcze
01.02.2024;01.02.2024;"""GANESH""-PLATINUM TOWE WARSZAWA";;'23124015321111001044176713;;*********3025639;-28,00;PLN;'C992403215031122;TRANSAKCJA KARTĄ PŁATNICZĄ;Restauracje i kawiarnie
31.01.2024;31.01.2024;;;'23124015321111001044176713;;PODATEK POBRANY;-0,05;PLN;'014241V98C001109;PODATEK POBRANY;Podatki
31.01.2024;31.01.2024;JMP S.A. BIEDRONKA 445 WARSZAWA;;'23124015321111001044176713;;*********3025639;-33,32;PLN;'C992403110649528;TRANSAKCJA KARTĄ PŁATNICZĄ;Artykuły spożywcze
31.01.2024;31.01.2024;;;;'23124015321111001044176713;ODSETKI OD DEPOZYTU;0,22;PLN;'014241V98C001110;ODSETKI OD DEPOZYTU;Odsetki, zwrot z inwestycji
31.01.2024;31.01.2024;KACPER BANASIK;;'23124015321111001044176713;'69124060031111001048178711;Splitwase;-1 953,26;PLN;'014241V622600836;REALIZACJA PŁATNOŚCI PEOPAY;Bez kategorii
30.01.2024;30.01.2024;NINA LIPONOGA;;'23124015321111001044176713;'23116022020000000081891379;Przelew na telefon 48693***870. Przelew na telefon;-71,00;PLN;'M042100711005298;PRZELEW BLIK WYCHODZĄCY;Internet, TV, telefon
30.01.2024;30.01.2024;BUDZIŃSKA JULIA;;'15105015591000009267210426;'23124015321111001044176713;Przelew na telefon +48xxxxxx789XDDla Kamil SobierajOd BUDZIŃSKA JULIA;108,00;PLN;'M042000092816305;PRZELEW BLIK PRZYCHODZĄCY;Sprzedaż
30.01.2024;30.01.2024;AUTOMATSPEC SPZOO      LISZKI;;'23124015321111001044176713;;*********3025639;-3,80;PLN;'C992403014937945;TRANSAKCJA KARTĄ PŁATNICZĄ;Restauracje i kawiarnie
30.01.2024;30.01.2024;JAROSŁAW JAKUB MILLER;RYNEK 65 26-025    ŁAGÓW               PL;'75124060031111001047891677;'23124015321111001044176713;Przelew na telefon 48502***789. splitwise;128,45;PLN;'503241U600006935;PRZELEW;Sprzedaż
30.01.2024;30.01.2024;CARREFOUR EXPRESS H82  WARSZAWA;;'23124015321111001044176713;;*********3025639;-1,99;PLN;'C992403008550837;TRANSAKCJA KARTĄ PŁATNICZĄ;Artykuły spożywcze
29.01.2024;29.01.2024;ALLEGRO                POZNAN;;'23124015321111001044176713;;*********3025639;-67,99;PLN;'C992402918319665;TRANSAKCJA KARTĄ PŁATNICZĄ;Zakupy przez internet
29.01.2024;29.01.2024;ALLEGRO                POZNAN;;'23124015321111001044176713;;*********3025639;-89,42;PLN;'C992402917244504;TRANSAKCJA KARTĄ PŁATNICZĄ;Zakupy przez internet
29.01.2024;29.01.2024;ZABKA Z4410 K.2        WARSZAWA;;'23124015321111001044176713;;*********3025639;-11,00;PLN;'C992402910675458;TRANSAKCJA KARTĄ PŁATNICZĄ;Artykuły spożywcze
29.01.2024;29.01.2024;JMP S.A. BIEDRONKA 445 WARSZAWA;;'23124015321111001044176713;;*********3025639;-9,99;PLN;'C992402910670947;TRANSAKCJA KARTĄ PŁATNICZĄ;Artykuły spożywcze
29.01.2024;28.01.2024;ZABKA Z8085 K.2        WARSZAWA;;'23124015321111001044176713;;*********3025639;-15,40;PLN;'C992402821455678;TRANSAKCJA KARTĄ PŁATNICZĄ;Artykuły spożywcze
29.01.2024;28.01.2024;UBER   * EATS PENDING  AMSTERDAM;;'23124015321111001044176713;;*********3025639;-80,00;PLN;'C992402813123557;TRANSAKCJA KARTĄ PŁATNICZĄ;Restauracje i kawiarnie
27.01.2024;26.01.2024;SEBASTIAN KURYŁO;;'20194010764625325400000000;'23124015321111001044176713;Przelew na telefon BLIK;42,00;PLN;'M042000092346053;PRZELEW BLIK PRZYCHODZĄCY;Sprzedaż
27.01.2024;27.01.2024;LIDL FORT SLUZEW       WARSZAWA;;'23124015321111001044176713;;*********3025639;-13,78;PLN;'C992402720831745;TRANSAKCJA KARTĄ PŁATNICZĄ;Artykuły spożywcze
27.01.2024;27.01.2024;KINGA MAGDALENA NACHYŁA;KUNEGUNDÓW 18 27-310    KUNEGUNDÓW          PL;'96124060031111001076103943;'23124015321111001044176713;Przelew na telefon 48502***789. Meksykanskie jadło;45,00;PLN;'503241R623601524;PRZELEW;Sprzedaż
27.01.2024;27.01.2024;LIDL KAROLKOWA         WARSZAWA;;'23124015321111001044176713;;*********3025639;-278,85;PLN;'C992402712258792;TRANSAKCJA KARTĄ PŁATNICZĄ;Artykuły spożywcze
26.01.2024;26.01.2024;UBER   * EATS PENDING  AMSTERDAM;;'23124015321111001044176713;;*********3025639;-206,00;PLN;'C992402620806266;TRANSAKCJA KARTĄ PŁATNICZĄ;Restauracje i kawiarnie
26.01.2024;26.01.2024;KACPER BANASIK;;'23124015321111001044176713;'69124060031111001048178711;Splitwase luty;-1 800,00;PLN;'014241Q602400261;REALIZACJA PŁATNOŚCI PEOPAY;Bez kategorii
26.01.2024;26.01.2024;BISTRO GRZYBOWSKA 61   WARSZAWA;;'23124015321111001044176713;;*********3025639;-46,93;PLN;'C992402612188329;TRANSAKCJA KARTĄ PŁATNICZĄ;Restauracje i kawiarnie
26.01.2024;25.01.2024;JMP S.A. BIEDRONKA 445 WARSZAWA;;'23124015321111001044176713;;*********3025639;-20,11;PLN;'C992402521716283;TRANSAKCJA KARTĄ PŁATNICZĄ;Artykuły spożywcze
25.01.2024;25.01.2024;"""WARSZAWIANKA""         WARSZAWA";;'23124015321111001044176713;;*********3025639;-13,40;PLN;'C992402514285555;TRANSAKCJA KARTĄ PŁATNICZĄ;Artykuły spożywcze
25.01.2024;25.01.2024;QUOC DUC PHAM HARU SUS WARSZAWA;;'23124015321111001044176713;;*********3025639;-25,00;PLN;'C992402514258563;TRANSAKCJA KARTĄ PŁATNICZĄ;Restauracje i kawiarnie
25.01.2024;25.01.2024;ZABKA Z4410 K.2        WARSZAWA;;'23124015321111001044176713;;*********3025639;-20,99;PLN;'C992402510957443;TRANSAKCJA KARTĄ PŁATNICZĄ;Artykuły spożywcze
24.01.2024;23.01.2024;CARREFOUR EXPRESS H82  WARSZAWA;;'23124015321111001044176713;;*********3025639;-15,48;PLN;'C992402320757560;TRANSAKCJA KARTĄ PŁATNICZĄ;Artykuły spożywcze
23.01.2024;23.01.2024;NINA LIPONOGA;;'23124015321111001044176713;'23116022020000000081891379;Przelew na telefon 48693***870. Przelew na telefon;-30,00;PLN;'M042100706734251;PRZELEW BLIK WYCHODZĄCY;Internet, TV, telefon
23.01.2024;23.01.2024;FLORA CAFFE TAKA AWAY  WARSZAWA;;'23124015321111001044176713;;*********3025639;-29,00;PLN;'C992402312224300;TRANSAKCJA KARTĄ PŁATNICZĄ;Restauracje i kawiarnie
23.01.2024;23.01.2024;ZABKA Z4370 K.1        WARSZAWA;;'23124015321111001044176713;;*********3025639;-8,80;PLN;'C992402309952945;TRANSAKCJA KARTĄ PŁATNICZĄ;Artykuły spożywcze
23.01.2024;22.01.2024;CARREFOUR HIPERMARKET  WARSZAWA;;'23124015321111001044176713;;*********3025639;-79,46;PLN;'C992402220796955;TRANSAKCJA KARTĄ PŁATNICZĄ;Artykuły spożywcze
22.01.2024;22.01.2024;EMPIK S.A. SCO         WARSZAWA;;'23124015321111001044176713;;*********3025639;-89,99;PLN;'C992402220782819;TRANSAKCJA KARTĄ PŁATNICZĄ;Książki
22.01.2024;22.01.2024;KFCDOSTAWA.PL          WROCLAW;;'23124015321111001044176713;;*********3025639;-42,24;PLN;'C992402218708129;TRANSAKCJA KARTĄ PŁATNICZĄ;Restauracje i kawiarnie
22.01.2024;22.01.2024;JMP S.A. BIEDRONKA 445 WARSZAWA;;'23124015321111001044176713;;*********3025639;-14,26;PLN;'C992402210089939;TRANSAKCJA KARTĄ PŁATNICZĄ;Artykuły spożywcze
22.01.2024;15.01.2024;BANK PEKAO S.A.;CENTRALA-OŚRODEK OPERACJI KART ul. Żubra 1 01-066 Warszawa;'53124000270999999999999999;'23124015321111001044176713;ZWROT NIEROZLICZONEJ TRANSAKCJINA KARTĘ **** **** 4302 5639WYKONANEJ DN. 15/01/2024;1,53;PLN;'0324012160036742;PRZELEW;Inne
22.01.2024;21.01.2024;ZABKA Z8085 K.1        WARSZAWA;;'23124015321111001044176713;;*********3025639;-13,80;PLN;'C992402111546942;TRANSAKCJA KARTĄ PŁATNICZĄ;Artykuły spożywcze
20.01.2024;20.01.2024;KUCHNIA WIETNAMSK83619 WARSZAWA;;'23124015321111001044176713;;*********3025639;-36,00;PLN;'C992402017234075;TRANSAKCJA KARTĄ PŁATNICZĄ;Restauracje i kawiarnie
20.01.2024;20.01.2024;JMP S.A. BIEDRONKA 445 WARSZAWA;;'23124015321111001044176713;;*********3025639;-27,73;PLN;'C992402009502919;TRANSAKCJA KARTĄ PŁATNICZĄ;Artykuły spożywcze
20.01.2024;19.01.2024;JMP S.A. BIEDRONKA 445 WARSZAWA;;'23124015321111001044176713;;*********3025639;-7,93;PLN;'C992401921337544;TRANSAKCJA KARTĄ PŁATNICZĄ;Artykuły spożywcze
19.01.2024;19.01.2024;AFZAL RAHIMI           WARSZAWA;;'23124015321111001044176713;;*********3025639;-30,00;PLN;'C992401916997091;TRANSAKCJA KARTĄ PŁATNICZĄ;Restauracje i kawiarnie
19.01.2024;19.01.2024;PRACOWNIA CUKIERNICZA  WARSZAWA;;'23124015321111001044176713;;*********3025639;-8,50;PLN;'C992401916978087;TRANSAKCJA KARTĄ PŁATNICZĄ;Artykuły spożywcze
19.01.2024;19.01.2024;ZABKA Z4410 K.2        WARSZAWA;;'23124015321111001044176713;;*********3025639;-20,99;PLN;'C992401909384561;TRANSAKCJA KARTĄ PŁATNICZĄ;Artykuły spożywcze
19.01.2024;19.01.2024;ADRIAN GOŁĘBIEWSKI;;'23124015321111001044176713;'46102010420000810203327582;Przelew na telefon 48513***371. Bilard;-30,00;PLN;'M042100704019686;PRZELEW BLIK WYCHODZĄCY;Internet, TV, telefon
19.01.2024;19.01.2024;APPLE.COM/BILL         APPLE.COM/BI;;'23124015321111001044176713;;*********3025639;-4,99;PLN;'C992401903228284;TRANSAKCJA KARTĄ PŁATNICZĄ;Bez kategorii
18.01.2024;18.01.2024;SPICY KEBAB AND GRILL  WARSZAWA;;'23124015321111001044176713;;*********3025639;-31,49;PLN;'C992401819126066;TRANSAKCJA KARTĄ PŁATNICZĄ;Restauracje i kawiarnie
18.01.2024;18.01.2024;JMP S.A. BIEDRONKA 445 WARSZAWA;;'23124015321111001044176713;;*********3025639;-13,46;PLN;'C992401810390527;TRANSAKCJA KARTĄ PŁATNICZĄ;Artykuły spożywcze
18.01.2024;17.01.2024;ALLEGRO                POZNAN;;'23124015321111001044176713;;*********3025639;-79,99;PLN;'C992401723178743;TRANSAKCJA KARTĄ PŁATNICZĄ;Zakupy przez internet
17.01.2024;17.01.2024;BISTRO GRZYBOWSKA 61   WARSZAWA;;'23124015321111001044176713;;*********3025639;-25,81;PLN;'C992401715771012;TRANSAKCJA KARTĄ PŁATNICZĄ;Restauracje i kawiarnie
16.01.2024;16.01.2024;FLORA CAFFE TAKA AWAY  WARSZAWA;;'23124015321111001044176713;;*********3025639;-158,00;PLN;'C992401620108380;TRANSAKCJA KARTĄ PŁATNICZĄ;Restauracje i kawiarnie
16.01.2024;16.01.2024;AUTOMATSPEC SPZOO      LISZKI;;'23124015321111001044176713;;*********3025639;-3,80;PLN;'C992401615749615;TRANSAKCJA KARTĄ PŁATNICZĄ;Restauracje i kawiarnie
16.01.2024;16.01.2024;FLORA CAFFE TAKA AWAY  WARSZAWA;;'23124015321111001044176713;;*********3025639;-31,00;PLN;'C992401613646271;TRANSAKCJA KARTĄ PŁATNICZĄ;Restauracje i kawiarnie
16.01.2024;16.01.2024;KAMIL SOBIERAJ;UL. H. KOŁŁĄTAJA 3/23 18-400 ŁOMŻA;'98124015321111001117994594;'23124015321111001044176713;ŚRODKI Z RACHUNKU ZAMKNIĘTEGO;33,97;PLN;'011241G850490431;PRZELEW;Przelew wewnętrzny
16.01.2024;15.01.2024;JMP S.A. BIEDRONKA 445 WARSZAWA;;'23124015321111001044176713;;*********3025639;-58,04;PLN;'C992401521153091;TRANSAKCJA KARTĄ PŁATNICZĄ;Artykuły spożywcze
15.01.2024;15.01.2024;UBER   * EATS PENDING  AMSTERDAM;;'23124015321111001044176713;;*********3025639;-87,50;PLN;'C992401518040264;TRANSAKCJA KARTĄ PŁATNICZĄ;Restauracje i kawiarnie
15.01.2024;15.01.2024;UBR* PENDING.UBER.COM  AMSTERDAM;;'23124015321111001044176713;;*********3025639;-1,53;PLN;'C992401518039594;TRANSAKCJA KARTĄ PŁATNICZĄ;Taxi
15.01.2024;15.01.2024;ZABKA Z4410 K.2        WARSZAWA;;'23124015321111001044176713;;*********3025639;-11,80;PLN;'C992401510397486;TRANSAKCJA KARTĄ PŁATNICZĄ;Artykuły spożywcze
15.01.2024;15.01.2024;JMP S.A. BIEDRONKA 445 WARSZAWA;;'23124015321111001044176713;;*********3025639;-8,47;PLN;'C992401510393555;TRANSAKCJA KARTĄ PŁATNICZĄ;Artykuły spożywcze
15.01.2024;15.01.2024;;;'23124015321111001044176713;'92124020921362991111000000;Opłata za obsługę kartyMasterCard Debit*43025639 za miesiąc 01.2024;-1,00;PLN;'M0150OAG00249338;PROWIZJE AUT.;Opłaty bankowe
15.01.2024;14.01.2024;PYSZNE.PL 5VQ97J       WROCLAW;;'23124015321111001044176713;;;-145,80;PLN;'C992401416037738;TRANSAKCJA KARTĄ PŁATNICZĄ;Restauracje i kawiarnie
13.01.2024;13.01.2024;ZABKA Z9602 K.2        WARSZAWA;;'23124015321111001044176713;;*********3025639;-12,40;PLN;'C992401314303134;TRANSAKCJA KARTĄ PŁATNICZĄ;Artykuły spożywcze
13.01.2024;13.01.2024;ZABKA Z4410 K.2        WARSZAWA;;'23124015321111001044176713;;*********3025639;-11,80;PLN;'C992401311975115;TRANSAKCJA KARTĄ PŁATNICZĄ;Artykuły spożywcze
13.01.2024;13.01.2024;JMP S.A. BIEDRONKA 445 WARSZAWA;;'23124015321111001044176713;;*********3025639;-8,47;PLN;'C992401311967598;TRANSAKCJA KARTĄ PŁATNICZĄ;Artykuły spożywcze
12.01.2024;11.01.2024;JAKDOJADE.PL           POZNAN;;'23124015321111001044176713;;*********3025639;-10,00;PLN;'C992401121475481;TRANSAKCJA KARTĄ PŁATNICZĄ;Transport publiczny
12.01.2024;11.01.2024;SEBASTIAN PIOTR ŚWIOSTEK;PIEŚNI 1 M 27 26-600    RADOM               PL;'38124032591111001065518882;'23124015321111001044176713;Przelew na telefon 48502***789. lemoniada;8,00;PLN;'439241B626603288;PRZELEW;Sprzedaż
12.01.2024;11.01.2024;JAKDOJADE.PL           POZNAN;;'23124015321111001044176713;;*********3025639;-25,00;PLN;'C992401121475568;TRANSAKCJA KARTĄ PŁATNICZĄ;Transport publiczny
12.01.2024;12.01.2024;HAIRCUT EXPRESS        WARSZAWA;;'23124015321111001044176713;;*********3025639;-60,00;PLN;'C992401218457514;TRANSAKCJA KARTĄ PŁATNICZĄ;Uroda, fryzjer, kosmetyczka
12.01.2024;11.01.2024;ADRIAN ROBERT GOŁĘBIEWSKI;;'46102010420000810203327582;'23124015321111001044176713;lemoniadaOd: 48513448371 Do: 485*****789;7,00;PLN;'M042000090329638;PRZELEW BLIK PRZYCHODZĄCY;Inne
12.01.2024;12.01.2024;VINA EXPRESS           WARSZAWA;;'23124015321111001044176713;;*********3025639;-33,00;PLN;'C992401218469113;TRANSAKCJA KARTĄ PŁATNICZĄ;Puby i kluby
12.01.2024;11.01.2024;BARETTO                WARSZAWA;;'23124015321111001044176713;;*********3025639;-64,00;PLN;'C992401121472859;TRANSAKCJA KARTĄ PŁATNICZĄ;Restauracje i kawiarnie
11.01.2024;11.01.2024;JEDAL SP.Z O.O.        WARSZAWA;;'23124015321111001044176713;;*********3025639;-21,00;PLN;'C992401118328208;TRANSAKCJA KARTĄ PŁATNICZĄ;Kino i teatr
11.01.2024;11.01.2024;JMP S.A. BIEDRONKA 445 WARSZAWA;;'23124015321111001044176713;;*********3025639;-18,42;PLN;'C992401110656324;TRANSAKCJA KARTĄ PŁATNICZĄ;Artykuły spożywcze
11.01.2024;11.01.2024;ZABKA Z4410 K.2        WARSZAWA;;'23124015321111001044176713;;*********3025639;-11,80;PLN;'C992401110660889;TRANSAKCJA KARTĄ PŁATNICZĄ;Artykuły spożywcze
10.01.2024;10.01.2024;BISTRO GRZYBOWSKA 61   WARSZAWA;;'23124015321111001044176713;;*********3025639;-50,00;PLN;'C992401012771008;TRANSAKCJA KARTĄ PŁATNICZĄ;Restauracje i kawiarnie
10.01.2024;10.01.2024;IKE BOSSA;;'23124015321111001044176713;'83154011578129000000814183;IKE 814183;-500,00;PLN;'014241AA71008162;ZLECENIE STAŁE;Bez kategorii
09.01.2024;09.01.2024;BISTRO GRZYBOWSKA 61   WARSZAWA;;'23124015321111001044176713;;*********3025639;-22,95;PLN;'C992400913826457;TRANSAKCJA KARTĄ PŁATNICZĄ;Restauracje i kawiarnie
09.01.2024;09.01.2024;ASSECO POLAND SA PŁACE;UL. OLCHOWA 14 35-322 RZESZÓW;'42124059181111000049090675;'23124015321111001044176713;WYNAGRODZENIE 12/2023 **202312U3**23119;7 861,53;PLN;'4910109986992244;PRZELEW;Wynagrodzenie
09.01.2024;09.01.2024;JMP S.A. BIEDRONKA 445 WARSZAWA;;'23124015321111001044176713;;*********3025639;-33,09;PLN;'C992400910578377;TRANSAKCJA KARTĄ PŁATNICZĄ;Artykuły spożywcze
08.01.2024;08.01.2024;JMP S.A. BIEDRONKA 445 WARSZAWA;;'23124015321111001044176713;;*********3025639;-3,69;PLN;'C992400816004664;TRANSAKCJA KARTĄ PŁATNICZĄ;Artykuły spożywcze
08.01.2024;08.01.2024;BISTRO GRZYBOWSKA 61   WARSZAWA;;'23124015321111001044176713;;*********3025639;-27,50;PLN;'C992400815998736;TRANSAKCJA KARTĄ PŁATNICZĄ;Restauracje i kawiarnie
08.01.2024;08.01.2024;JMP S.A. BIEDRONKA 445 WARSZAWA;;'23124015321111001044176713;;*********3025639;-22,78;PLN;'C992400811614381;TRANSAKCJA KARTĄ PŁATNICZĄ;Artykuły spożywcze
08.01.2024;05.01.2024;BANK PEKAO S.A.;CENTRALA-OŚRODEK OPERACJI KART ul. Żubra 1 01-066 Warszawa;'53124000270999999999999999;'23124015321111001044176713;ANULOWANIE TRANSAKCJINA KARTĘ **** **** 4302 5639WYKONANEJ: Allegro\Allegro Poznan\Poznan       \60 DN. 05/01/2024;439,99;PLN;'0324010860015989;PRZELEW;Inne
08.01.2024;07.01.2024;ZABKA Z8085 K.1        WARSZAWA;;'23124015321111001044176713;;*********3025639;-5,50;PLN;'C992400717208972;TRANSAKCJA KARTĄ PŁATNICZĄ;Artykuły spożywcze
08.01.2024;07.01.2024;TANTUNI KEBAB          WARSZAWA;;'23124015321111001044176713;;*********3025639;-9,00;PLN;'C992400716193115;TRANSAKCJA KARTĄ PŁATNICZĄ;Restauracje i kawiarnie
08.01.2024;07.01.2024;TANTUNI KEBAB          WARSZAWA;;'23124015321111001044176713;;*********3025639;-19,00;PLN;'C992400716182445;TRANSAKCJA KARTĄ PŁATNICZĄ;Restauracje i kawiarnie
08.01.2024;07.01.2024;ALLEGRO                POZNAN;;'23124015321111001044176713;;*********3025639;-45,80;PLN;'C992400714127470;TRANSAKCJA KARTĄ PŁATNICZĄ;Zakupy przez internet
08.01.2024;07.01.2024;ZABKA Z4410 K.1        WARSZAWA;;'23124015321111001044176713;;*********3025639;-9,50;PLN;'C992400711045736;TRANSAKCJA KARTĄ PŁATNICZĄ;Artykuły spożywcze
08.01.2024;07.01.2024;ALLEGRO                POZNAN;;'23124015321111001044176713;;*********3025639;-580,00;PLN;'C992400711035851;TRANSAKCJA KARTĄ PŁATNICZĄ;Zakupy przez internet
06.01.2024;06.01.2024;UBER   * EATS PENDING  AMSTERDAM;;'23124015321111001044176713;;*********3025639;-125,60;PLN;'C992400617857979;TRANSAKCJA KARTĄ PŁATNICZĄ;Restauracje i kawiarnie
06.01.2024;06.01.2024;ZABKA Z4410 K.2        WARSZAWA;;'23124015321111001044176713;;*********3025639;-5,50;PLN;'C992400617849340;TRANSAKCJA KARTĄ PŁATNICZĄ;Artykuły spożywcze
06.01.2024;06.01.2024;SEBASTIAN PIOTR ŚWIOSTEK;PIEŚNI 1 M 27 26-600    RADOM               PL;'38124032591111001065518882;'23124015321111001044176713;Przelew na telefon 48502***789. dymek;20,00;PLN;'4392416606009886;PRZELEW;Sprzedaż
06.01.2024;06.01.2024;PAYU;OLX.PL Grunwaldzka 186,Poznan;'23124015321111001044176713;;BLIK REF       78368804782;-49,20;PLN;'C992400612004639;PŁATNOŚĆ BLIK;Zakupy przez internet
06.01.2024;06.01.2024;ZABKA Z8085 K.2        WARSZAWA;;'23124015321111001044176713;;*********3025639;-21,79;PLN;'C992400611705104;TRANSAKCJA KARTĄ PŁATNICZĄ;Artykuły spożywcze
06.01.2024;06.01.2024;PAYPAL *PATRONITE      35314369001;;'23124015321111001044176713;;*********3025639;-7,00;PLN;'C992400611703513;TRANSAKCJA KARTĄ PŁATNICZĄ;Kino i teatr
06.01.2024;06.01.2024;ADRIAN GOŁĘBIEWSKI;;'23124015321111001044176713;'46102010420000810203327582;Przelew na telefon 48513***371. Przelew na telefon;-50,00;PLN;'M042100694178319;PRZELEW BLIK WYCHODZĄCY;Internet, TV, telefon
05.01.2024;05.01.2024;RESTAURACJA ADANA      WARSZAWA;;'23124015321111001044176713;;*********3025639;-118,00;PLN;'C992400519491558;TRANSAKCJA KARTĄ PŁATNICZĄ;Restauracje i kawiarnie
05.01.2024;05.01.2024;BISTRO GRZYBOWSKA 61   WARSZAWA;;'23124015321111001044176713;;*********3025639;-21,60;PLN;'C992400513886202;TRANSAKCJA KARTĄ PŁATNICZĄ;Restauracje i kawiarnie
05.01.2024;04.01.2024;ALLEGRO                POZNAN;;'23124015321111001044176713;;*********3025639;-439,99;PLN;'C992400422275972;TRANSAKCJA KARTĄ PŁATNICZĄ;Zakupy przez internet
04.01.2024;04.01.2024;JMP S.A. BIEDRONKA 445 WARSZAWA;;'23124015321111001044176713;;*********3025639;-2,94;PLN;'C992400415851171;TRANSAKCJA KARTĄ PŁATNICZĄ;Artykuły spożywcze
04.01.2024;04.01.2024;BISTRO GRZYBOWSKA 61   WARSZAWA;;'23124015321111001044176713;;*********3025639;-24,75;PLN;'C992400414843135;TRANSAKCJA KARTĄ PŁATNICZĄ;Restauracje i kawiarnie
04.01.2024;04.01.2024;ZABKA Z4410 K.2        WARSZAWA;;'23124015321111001044176713;;*********3025639;-11,80;PLN;'C992400410466002;TRANSAKCJA KARTĄ PŁATNICZĄ;Artykuły spożywcze
03.01.2024;03.01.2024;MISS KIMCHI 01         WARSZAWA;;'23124015321111001044176713;;*********3025639;-34,00;PLN;'C992400317080284;TRANSAKCJA KARTĄ PŁATNICZĄ;Restauracje i kawiarnie
03.01.2024;03.01.2024;TOOGOODTOG BDO0RCHMKU1 COPENHAGEN S;;'23124015321111001044176713;;;-12,99;PLN;'C992400317051366;TRANSAKCJA KARTĄ PŁATNICZĄ;Restauracje i kawiarnie
03.01.2024;03.01.2024;BUDZIŃSKA JULIA;;'15105015591000009267210426;'23124015321111001044176713;Przelew na telefon +48xxxxxx789Przelew na telefonDla Kamil SobierajOd BUDZIŃSKA JULIA;95,00;PLN;'M042000089086869;PRZELEW BLIK PRZYCHODZĄCY;Sprzedaż
02.01.2024;02.01.2024;JMP S.A. BIEDRONKA 445 WARSZAWA;;'23124015321111001044176713;;*********3025639;-18,26;PLN;'C992400211601179;TRANSAKCJA KARTĄ PŁATNICZĄ;Artykuły spożywcze
01.01.2024;01.01.2024;ZABKA Z4410 K.1        WARSZAWA;;'23124015321111001044176713;;*********3025639;-16,99;PLN;'C992400113230382;TRANSAKCJA KARTĄ PŁATNICZĄ;Artykuły spożywcze
01.01.2024;30.12.2023;JMP S.A. BIEDRONKA 445 WARSZAWA;;'23124015321111001044176713;;*********3025639;-37,86;PLN;'C992336421749800;TRANSAKCJA KARTĄ PŁATNICZĄ;Artykuły spożywcze
